subject,party,bucket
E100000000005,E100000189189,build-out
E100000000005,E100002014004,build-out
E100000000008,E100001015587,build-out
E100000000011,E100000123261,build-out
E100000000015,E100001015587,build-out
E100000000019,E100001010595,build-out
E100000000019,E100001010596,build-out
E100000000019,E100001016377,build-out
E100000000021,E100000000032,build-out
E100000000021,E100001015587,build-out
E100000000021,E100002021929,build-out
E100000000026,E100002017159,build-out
E100000000031,E100001015587,build-out
E100000000032,E100002021926,build-out
E100000000033,E100002017091,build-out
E100000000050,E100001010234,build-out
E100000000050,E100001015587,build-out
E100000000050,E100002022282,build-out
E100000000050,E100002022283,build-out
E100000000054,E100001015587,build-out
E100000000054,E100002023011,build-out
E100000000062,E100002003001,build-out
E100000000067,E100002021660,build-out
E100000000077,E100002025148,build-out
E100000000077,E100002025149,build-out
E100000000079,E100000123261,build-out
E100000000091,E100000123261,build-out
E100000000091,E100001015587,build-out
E100000000091,E100002016226,build-out
E100000000103,E100001000348,build-out
E100000000103,E100001010706,build-out
E100000000103,E100001015587,build-out
E100000000104,E100001015587,build-out
E100000000104,E100002001399,build-out
E100000000106,E100000000053,build-out
E100000000106,E100001000165,build-out
E100000000107,E100001015587,build-out
E100000000111,E100001014314,build-out
E100000000111,E100001015587,build-out
E100000000112,E100001014312,build-out
E100000000112,E100001015587,build-out
E100000000114,E100001015587,build-out
E100000000114,E100001015800,build-out
E100000000132,E100001015587,build-out
E100000000132,E100002022224,build-out
E100000000132,E100002022236,build-out
E100000000132,E100002022237,build-out
E100000000135,E100001014312,build-out
E100000000135,E100001015587,build-out
E100000000136,E100001015587,build-out
E100000000136,E100002021864,build-out
E100000000140,E100002015217,build-out
E100000000172,E100000179968,build-out
E100000000172,E100001000086,build-out
E100000000174,E100001000829,build-out
E100000000245,E100000180733,build-out
E100000000245,E100001000328,build-out
E100000000245,E100001015587,build-out
E100000000319,E100001015587,build-out
E100000000324,E100001011382,build-out
E100000000324,E100001011383,build-out
E100000000324,E100001015587,build-out
E100000000324,E100002016282,build-out
E100000000335,E100000123261,build-out
E100000000340,E100002015140,build-out
E100000000347,E100001015587,build-out
E100000000360,E100001015587,build-out
E100000000369,E100001015587,build-out
E100000000369,E100001016231,build-out
E100000000369,E100002016530,build-out
E100000000372,E100001015587,build-out
E100000000375,E100001015587,build-out
E100000000376,E100001000079,build-out
E100000000383,E100002016501,build-out
E100000000387,E100001000348,build-out
E100000000388,E100001016749,build-out
E100000000388,E100002001974,build-out
E100000000388,E100002021876,build-out
E100000000390,E100000123261,build-out
E100000000407,E100001015587,build-out
E100000000408,E100000000438,build-out
E100000000408,E100002024653,build-out
E100000000408,E100002024654,build-out
E100000000409,E100001000155,build-out
E100000000414,E100001015587,build-out
E100000000415,E100000000545,build-out
E100000000426,E100000152856,build-out
E100000000426,E100001015587,build-out
E100000000426,E100002016992,build-out
E100000000428,E100001015587,build-out
E100000000436,E100001000348,build-out
E100000000436,E100001015587,build-out
E100000000439,E100002009160,build-out
E100000000443,E100002003263,build-out
E100000000450,E100002021934,build-out
E100000000453,E100002016721,build-out
E100000000453,E100002016724,build-out
E100000000455,E100001015587,build-out
E100000000455,E100002023013,build-out
E100000000458,E100002016719,build-out
E100000000458,E100002016720,build-out
E100000000464,E100001012491,build-out
E100000000465,E100000123261,build-out
E100000000472,E100001015587,build-out
E100000000472,E100002023014,build-out
E100000000473,E100001015587,build-out
E100000000476,E100001015587,build-out
E100000000476,E100002017076,build-out
E100000000476,E100002017077,build-out
E100000000479,E100002022268,build-out
E100000000481,E100001015587,build-out
E100000000481,E100002022215,build-out
E100000000481,E100002022216,build-out
E100000000483,E100000001422,build-out
E100000000490,E100000000245,build-out
E100000000501,E100000120767,build-out
E100000000505,E100001015587,build-out
E100000000509,E100001000520,build-out
E100000000513,E100001015587,build-out
E100000000528,E100000123261,build-out
E100000000543,E100002022358,build-out
E100000000554,E100001015587,build-out
E100000000557,E100001015106,build-out
E100000000560,E100002017619,build-out
E100000000561,E100001015587,build-out
E100000000561,E100002011718,build-out
E100000000561,E100002022015,build-out
E100000000563,E100001015720,build-out
E100000000565,E100000000557,build-out
E100000000565,E100001015587,build-out
E100000000565,E100002011231,build-out
E100000000565,E100002011251,build-out
E100000000565,E100002013914,build-out
E100000000565,E100002017099,build-out
E100000000565,E100002017100,build-out
E100000000571,E100001000278,build-out
E100000000573,E100002001974,build-out
E100000000587,E100001000284,build-out
E100000000591,E100001011133,build-out
E100000000591,E100001015587,build-out
E100000000591,E100002005105,build-out
E100000000591,E100002005106,build-out
E100000000591,E100002017454,build-out
E100000000591,E100002017455,build-out
E100000000598,E100002005106,build-out
E100000000598,E100002015896,build-out
E100000000601,E100000123261,build-out
E100000000604,E100001015587,build-out
E100000000606,E100001015587,build-out
E100000000619,E100001015587,build-out
E100000000619,E100002016899,build-out
E100000000619,E100002016900,build-out
E100000000619,E100002016901,build-out
E100000000635,E100001015587,build-out
E100000000636,E100002017620,build-out
E100000000641,E100001000179,build-out
E100000000645,E100001015587,build-out
E100000000646,E100001015587,build-out
E100000000647,E100001000178,build-out
E100000000648,E100001015587,build-out
E100000000651,E100000136108,build-out
E100000000654,E100001000178,build-out
E100000000654,E100001000179,build-out
E100000000655,E100001000178,build-out
E100000000655,E100001015587,build-out
E100000000657,E100000136108,build-out
E100000000660,E100001015587,build-out
E100000000669,E100001010042,build-out
E100000000669,E100001015587,build-out
E100000000683,E100000123261,build-out
E100000000691,E100002015806,build-out
E100000000694,E100002001974,build-out
E100000000700,E100001015587,build-out
E100000000700,E100002022008,build-out
E100000000700,E100002022009,build-out
E100000000706,E100001015587,build-out
E100000000707,E100001015587,build-out
E100000000708,E100000000705,build-out
E100000000712,E100000123261,build-out
E100000000712,E100001015587,build-out
E100000000715,E100000123261,build-out
E100000000730,E100001000258,build-out
E100000000735,E100001015587,build-out
E100000000735,E100001015644,build-out
E100000000740,E100001014679,build-out
E100000000740,E100001015587,build-out
E100000000743,E100001000010,build-out
E100000000746,E100001000348,build-out
E100000000747,E100001015412,build-out
E100000000747,E100001015587,build-out
E100000000747,E100002016497,build-out
E100000000747,E100002016498,build-out
E100000000750,E100000123261,build-out
E100000000756,E100001015587,build-out
E100000000756,E100002010548,build-out
E100000000756,E100002022559,build-out
E100000000759,E100001015587,build-out
E100000000764,E100000123261,build-out
E100000000764,E100001015587,build-out
E100000000764,E100002022264,build-out
E100000000764,E100002022265,build-out
E100000000770,E100001011660,build-out
E100000000770,E100001011661,build-out
E100000000770,E100001011662,build-out
E100000000770,E100001015587,build-out
E100000000773,E100001015587,build-out
E100000000773,E100002020093,build-out
E100000000774,E100001015587,build-out
E100000000786,E100002017466,build-out
E100000000806,E100002008182,build-out
E100000000809,E100000000805,build-out
E100000000809,E100001015587,build-out
E100000000810,E100001015587,build-out
E100000000810,E100002008182,build-out
E100000000810,E100002008183,build-out
E100000000813,E100001000103,build-out
E100000000817,E100001015587,build-out
E100000000817,E100002008182,build-out
E100000000817,E100002017456,build-out
E100000000817,E100002017457,build-out
E100000000822,E100001015587,build-out
E100000000824,E100001015587,build-out
E100000000825,E100002022056,build-out
E100000000826,E100001015587,build-out
E100000000828,E100001015587,build-out
E100000000832,E100000000825,build-out
E100000000832,E100001015587,build-out
E100000000834,E100001015587,build-out
E100000000840,E100001015587,build-out
E100000000842,E100001000331,build-out
E100000000842,E100001015587,build-out
E100000000846,E100000000839,build-out
E100000000856,E100000001471,build-out
E100000000857,E100002017574,build-out
E100000000858,E100001015587,build-out
E100000000858,E100002015693,build-out
E100000000859,E100002016223,build-out
E100000000860,E100000123261,build-out
E100000000860,E100001015587,build-out
E100000000862,E100002015951,build-out
E100000000863,E100001011056,build-out
E100000000864,E100001015587,build-out
E100000000865,E100000000879,build-out
E100000000870,E100000000336,build-out
E100000000870,E100001015587,build-out
E100000000870,E100002016446,build-out
E100000000875,E100001000094,build-out
E100000000876,E100002016069,build-out
E100000000878,E100000123261,build-out
E100000000879,E100000123261,build-out
E100000000885,E100000123261,build-out
E100000000888,E100001015587,build-out
E100000000890,E100001015587,build-out
E100000000893,E100002021869,build-out
E100000000893,E100002021870,build-out
E100000000901,E100000001418,build-out
E100000000903,E100002022075,build-out
E100000000905,E100000123261,build-out
E100000000922,E100001010403,build-out
E100000000922,E100002015221,build-out
E100000000927,E100002000200,build-out
E100000000931,E100000123261,build-out
E100000000931,E100001015587,build-out
E100000000934,E100000000935,build-out
E100000000935,E100000123261,build-out
E100000000935,E100001015587,build-out
E100000000936,E100000123261,build-out
E100000000936,E100001000730,build-out
E100000000936,E100001015587,build-out
E100000000936,E100002017597,build-out
E100000000940,E100000123261,build-out
E100000000943,E100002025200,build-out
E100000000947,E100001015587,build-out
E100000000953,E100001000348,build-out
E100000000955,E100001015587,build-out
E100000000958,E100000123261,build-out
E100000000958,E100001015587,build-out
E100000000960,E100000123261,build-out
E100000000960,E100001000730,build-out
E100000000960,E100001015587,build-out
E100000000960,E100002004828,build-out
E100000000975,E100001015587,build-out
E100000000978,E100000001226,build-out
E100000000978,E100001015587,build-out
E100000000978,E100001016252,build-out
E100000000978,E100002021876,build-out
E100000000978,E100002021948,build-out
E100000000978,E100002021949,build-out
E100000000980,E100002003009,build-out
E100000000981,E100002017821,build-out
E100000000989,E100000123261,build-out
E100000000990,E100001015587,build-out
E100000000991,E100000186491,build-out
E100000000991,E100001015587,build-out
E100000000991,E100002016372,build-out
E100000001001,E100000123261,build-out
E100000001001,E100001000348,build-out
E100000001001,E100001015587,build-out
E100000001001,E100002006770,build-out
E100000001003,E100001015587,build-out
E100000001010,E100001011774,build-out
E100000001013,E100000001012,build-out
E100000001013,E100000001015,build-out
E100000001013,E100000001016,build-out
E100000001013,E100001010778,build-out
E100000001013,E100001015587,build-out
E100000001016,E100001015587,build-out
E100000001017,E100001015587,build-out
E100000001021,E100000123261,build-out
E100000001021,E100001015587,build-out
E100000001023,E100001015587,build-out
E100000001026,E100001015587,build-out
E100000001026,E100002011714,build-out
E100000001026,E100002011715,build-out
E100000001030,E100002021923,build-out
E100000001035,E100002016070,build-out
E100000001043,E100001015587,build-out
E100000001043,E100002017480,build-out
E100000001043,E100002017481,build-out
E100000001052,E100000123261,build-out
E100000001061,E100000123261,build-out
E100000001073,E100000123261,build-out
E100000001078,E100001015587,build-out
E100000001080,E100001011044,build-out
E100000001085,E100000001086,build-out
E100000001091,E100002020933,build-out
E100000001093,E100002022286,build-out
E100000001095,E100001015587,build-out
E100000001096,E100001015587,build-out
E100000001103,E100002015642,build-out
E100000001114,E100001000348,build-out
E100000001114,E100001010403,build-out
E100000001114,E100001015587,build-out
E100000001114,E100002000200,build-out
E100000001114,E100002017536,build-out
E100000001123,E100001015587,build-out
E100000001123,E100002023035,build-out
E100000001128,E100000123261,build-out
E100000001129,E100002001974,build-out
E100000001133,E100002022063,build-out
E100000001133,E100002022295,build-out
E100000001135,E100001000348,build-out
E100000001135,E100001010595,build-out
E100000001135,E100001010596,build-out
E100000001135,E100001015587,build-out
E100000001137,E100001000348,build-out
E100000001137,E100001015587,build-out
E100000001139,E100001000348,build-out
E100000001139,E100001010595,build-out
E100000001139,E100001010596,build-out
E100000001139,E100001014434,build-out
E100000001139,E100001015587,build-out
E100000001143,E100000123261,build-out
E100000001148,E100000123261,build-out
E100000001157,E100001000348,build-out
E100000001157,E100001010595,build-out
E100000001157,E100001010596,build-out
E100000001157,E100001015587,build-out
E100000001158,E100001015587,build-out
E100000001163,E100002022493,build-out
E100000001164,E100001015587,build-out
E100000001165,E100000001143,build-out
E100000001169,E100001000348,build-out
E100000001169,E100001010595,build-out
E100000001169,E100001015587,build-out
E100000001169,E100001015853,build-out
E100000001169,E100002016340,build-out
E100000001170,E100001000208,build-out
E100000001173,E100001015587,build-out
E100000001177,E100001000348,build-out
E100000001177,E100001010595,build-out
E100000001177,E100001010706,build-out
E100000001177,E100001014434,build-out
E100000001177,E100001014543,build-out
E100000001177,E100001015587,build-out
E100000001179,E100001015587,build-out
E100000001183,E100000001305,build-out
E100000001183,E100002016566,build-out
E100000001183,E100002016567,build-out
E100000001183,E100002016568,build-out
E100000001184,E100000000387,build-out
E100000001184,E100000001226,build-out
E100000001186,E100001000348,build-out
E100000001186,E100001010595,build-out
E100000001186,E100001010596,build-out
E100000001186,E100001015587,build-out
E100000001189,E100000123261,build-out
E100000001193,E100001015587,build-out
E100000001197,E100002005039,build-out
E100000001205,E100000123261,build-out
E100000001205,E100002016383,build-out
E100000001209,E100001000348,build-out
E100000001209,E100001010595,build-out
E100000001209,E100001010596,build-out
E100000001209,E100001015587,build-out
E100000001210,E100001000348,build-out
E100000001210,E100001010596,build-out
E100000001210,E100001015587,build-out
E100000001210,E100001015832,build-out
E100000001222,E100002003623,build-out
E100000001225,E100000123261,build-out
E100000001226,E100002015950,build-out
E100000001231,E100000123261,build-out
E100000001235,E100001000348,build-out
E100000001235,E100001010595,build-out
E100000001235,E100001014141,build-out
E100000001235,E100001015587,build-out
E100000001241,E100001010706,build-out
E100000001241,E100001014543,build-out
E100000001242,E100000001158,build-out
E100000001242,E100000123261,build-out
E100000001242,E100001000379,build-out
E100000001245,E100001000348,build-out
E100000001245,E100001015587,build-out
E100000001247,E100000123261,build-out
E100000001247,E100001000348,build-out
E100000001247,E100001010595,build-out
E100000001247,E100001015587,build-out
E100000001250,E100001015587,build-out
E100000001250,E100002017617,build-out
E100000001251,E100001000348,build-out
E100000001251,E100001010595,build-out
E100000001251,E100001015587,build-out
E100000001253,E100000152192,build-out
E100000001260,E100001000348,build-out
E100000001262,E100001000348,build-out
E100000001262,E100001010595,build-out
E100000001262,E100001010596,build-out
E100000001262,E100001015587,build-out
E100000001262,E100002016336,build-out
E100000001262,E100002021776,build-out
E100000001265,E100001000348,build-out
E100000001265,E100001014861,build-out
E100000001265,E100001015587,build-out
E100000001265,E100002019719,build-out
E100000001265,E100002022243,build-out
E100000001267,E100001015587,build-out
E100000001269,E100001000348,build-out
E100000001269,E100001010595,build-out
E100000001269,E100001015587,build-out
E100000001272,E100002017731,build-out
E100000001275,E100001010234,build-out
E100000001276,E100000001534,build-out
E100000001276,E100001000348,build-out
E100000001276,E100001010595,build-out
E100000001276,E100001010596,build-out
E100000001276,E100001011510,build-out
E100000001276,E100001014849,build-out
E100000001276,E100001015587,build-out
E100000001278,E100001000348,build-out
E100000001278,E100001010595,build-out
E100000001278,E100001010596,build-out
E100000001278,E100001015587,build-out
E100000001283,E100001000348,build-out
E100000001283,E100001010595,build-out
E100000001283,E100001010596,build-out
E100000001283,E100001014543,build-out
E100000001283,E100001015587,build-out
E100000001283,E100002017617,build-out
E100000001284,E100002023077,build-out
E100000001289,E100002001974,build-out
E100000001293,E100001000348,build-out
E100000001293,E100001010595,build-out
E100000001293,E100001010596,build-out
E100000001293,E100001010706,build-out
E100000001293,E100001014141,build-out
E100000001293,E100001015587,build-out
E100000001296,E100002017729,build-out
E100000001299,E100000123261,build-out
E100000001305,E100001015587,build-out
E100000001309,E100000001534,build-out
E100000001309,E100001000348,build-out
E100000001309,E100001010595,build-out
E100000001309,E100001010596,build-out
E100000001309,E100001015587,build-out
E100000001315,E100001014849,build-out
E100000001315,E100001015587,build-out
E100000001319,E100002016276,build-out
E100000001321,E100001015587,build-out
E100000001322,E100001000348,build-out
E100000001322,E100001010595,build-out
E100000001322,E100001014849,build-out
E100000001322,E100001015587,build-out
E100000001323,E100000123261,build-out
E100000001324,E100001000348,build-out
E100000001324,E100001010595,build-out
E100000001324,E100001010596,build-out
E100000001324,E100001015587,build-out
E100000001329,E100001015587,build-out
E100000001361,E100000123261,build-out
E100000001370,E100000001830,build-out
E100000001371,E100001015587,build-out
E100000001371,E100002008182,build-out
E100000001375,E100000000476,build-out
E100000001375,E100001014516,build-out
E100000001384,E100000123261,build-out
E100000001384,E100001015587,build-out
E100000001422,E100000000273,build-out
E100000001429,E100000130346,build-out
E100000001438,E100000152039,build-out
E100000001450,E100001015587,build-out
E100000001452,E100002023080,build-out
E100000001454,E100001000348,build-out
E100000001454,E100001015587,build-out
E100000001470,E100002017814,build-out
E100000001481,E100002022035,build-out
E100000001481,E100002022036,build-out
E100000001481,E100002022037,build-out
E100000001492,E100001015587,build-out
E100000001496,E100000001407,build-out
E100000001523,E100000000111,build-out
E100000001533,E100000192529,build-out
E100000001534,E100000123261,build-out
E100000001552,E100000000960,build-out
E100000001552,E100000191206,build-out
E100000001552,E100001010708,build-out
E100000001553,E100002023088,build-out
E100000001554,E100002023089,build-out
E100000001579,E100000123261,build-out
E100000001586,E100001015587,build-out
E100000001598,E100002004751,build-out
E100000001607,E100000000766,build-out
E100000001616,E100000000671,build-out
E100000001624,E100000000563,build-out
E100000001636,E100001015587,build-out
E100000001641,E100000001565,build-out
E100000001641,E100001011259,build-out
E100000001641,E100002023094,build-out
E100000001642,E100002016524,build-out
E100000001647,E100000123261,build-out
E100000001647,E100001015587,build-out
E100000001651,E100001015587,build-out
E100000001672,E100002018718,build-out
E100000001672,E100002018719,build-out
E100000001688,E100001000178,build-out
E100000001688,E100001000179,build-out
E100000001688,E100001015587,build-out
E100000001689,E100001011087,build-out
E100000001690,E100000000912,build-out
E100000001691,E100000001690,build-out
E100000001691,E100001015587,build-out
E100000001700,E100002017781,build-out
E100000001705,E100000001302,build-out
E100000001712,E100000120046,build-out
E100000001713,E100001015587,build-out
E100000001716,E100002016311,build-out
E100000001732,E100002021938,build-out
E100000001734,E100001015587,build-out
E100000001734,E100002017590,build-out
E100000001758,E100000123261,build-out
E100000001758,E100001011471,build-out
E100000001758,E100002021950,build-out
E100000001759,E100001011410,build-out
E100000001759,E100001015587,build-out
E100000001768,E100001010427,build-out
E100000001768,E100001010428,build-out
E100000001768,E100001010429,build-out
E100000001768,E100002021776,build-out
E100000001773,E100001015897,build-out
E100000001789,E100000001797,build-out
E100000001789,E100000003108,build-out
E100000001790,E100001015587,build-out
E100000001794,E100000123261,build-out
E100000001803,E100000004289,build-out
E100000001803,E100000188767,build-out
E100000001803,E100002018772,build-out
E100000001809,E100002019788,build-out
E100000001809,E100002019789,build-out
E100000001812,E100001014413,build-out
E100000001813,E100000123261,build-out
E100000001813,E100001015805,build-out
E100000001825,E100002023105,build-out
E100000001826,E100002021584,build-out
E100000001830,E100001014064,build-out
E100000001830,E100001014861,build-out
E100000001857,E100001010999,build-out
E100000001871,E100002010849,build-out
E100000001876,E100001000203,build-out
E100000001876,E100002023106,build-out
E100000001895,E100001000348,build-out
E100000001895,E100001015587,build-out
E100000001902,E100001015587,build-out
E100000001902,E100002000696,build-out
E100000001902,E100002000698,build-out
E100000001917,E100001015587,build-out
E100000001937,E100002007599,build-out
E100000001941,E100001015587,build-out
E100000001943,E100000189056,build-out
E100000001943,E100001015587,build-out
E100000001966,E100001000257,build-out
E100000001976,E100002017473,build-out
E100000001976,E100002017474,build-out
E100000001982,E100001015587,build-out
E100000001996,E100002001212,build-out
E100000001996,E100002001214,build-out
E100000002009,E100002001194,build-out
E100000002023,E100000123261,build-out
E100000002051,E100002012036,build-out
E100000002051,E100002012040,build-out
E100000002051,E100002012041,build-out
E100000002081,E100001015587,build-out
E100000002083,E100002015897,build-out
E100000002085,E100000000864,build-out
E100000002086,E100001015587,build-out
E100000002087,E100001015587,build-out
E100000002087,E100002022089,build-out
E100000002089,E100000123261,build-out
E100000002090,E100002000664,build-out
E100000002114,E100000150921,build-out
E100000002114,E100002017826,build-out
E100000002114,E100002017827,build-out
E100000002128,E100001015587,build-out
E100000002130,E100001015587,build-out
E100000002134,E100001010887,build-out
E100000002134,E100001015587,build-out
E100000002135,E100001015587,build-out
E100000002141,E100001015587,build-out
E100000002162,E100002015805,build-out
E100000002169,E100000001226,build-out
E100000002169,E100001000089,build-out
E100000002183,E100002001974,build-out
E100000002185,E100000001247,build-out
E100000002233,E100002000780,build-out
E100000002236,E100002001974,build-out
E100000002252,E100002018501,build-out
E100000002263,E100002016367,build-out
E100000002273,E100002001974,build-out
E100000002293,E100002001974,build-out
E100000002295,E100002000552,build-out
E100000002297,E100002001974,build-out
E100000002301,E100000132845,build-out
E100000002328,E100001000348,build-out
E100000002328,E100001010595,build-out
E100000002328,E100001014861,build-out
E100000002328,E100001015587,build-out
E100000002328,E100002015172,build-out
E100000002328,E100002015175,build-out
E100000002330,E100000150238,build-out
E100000002364,E100001015587,build-out
E100000002366,E100000001169,build-out
E100000002383,E100000150423,build-out
E100000002383,E100002023178,build-out
E100000002396,E100000001691,build-out
E100000002402,E100000000758,build-out
E100000002402,E100000001180,build-out
E100000002409,E100001015587,build-out
E100000002411,E100001015587,build-out
E100000002420,E100000120043,build-out
E100000002425,E100002023651,build-out
E100000002428,E100001016662,build-out
E100000002429,E100001016662,build-out
E100000002432,E100002018471,build-out
E100000002437,E100001000296,build-out
E100000002441,E100000000650,build-out
E100000002441,E100000000773,build-out
E100000002442,E100002015279,build-out
E100000002448,E100001015587,build-out
E100000002450,E100002008788,build-out
E100000002464,E100002000048,build-out
E100000002464,E100002017492,build-out
E100000002465,E100000001262,build-out
E100000002466,E100000000245,build-out
E100000002466,E100000000746,build-out
E100000002468,E100000123261,build-out
E100000002472,E100002023187,build-out
E100000002473,E100002023193,build-out
E100000002475,E100000002874,build-out
E100000002476,E100001000233,build-out
E100000002476,E100001015700,build-out
E100000002476,E100002017623,build-out
E100000002477,E100002005144,build-out
E100000002486,E100001011189,build-out
E100000002486,E100002016197,build-out
E100000002487,E100001015587,build-out
E100000002497,E100002004300,build-out
E100000002498,E100002024592,build-out
E100000002498,E100002024593,build-out
E100000002498,E100002024594,build-out
E100000002504,E100001015587,build-out
E100000002511,E100001011106,build-out
E100000002511,E100001011111,build-out
E100000002511,E100002024620,build-out
E100000002513,E100002024296,build-out
E100000002514,E100000002200,build-out
E100000002515,E100001010585,build-out
E100000002533,E100002024298,build-out
E100000002535,E100001015587,build-out
E100000002535,E100002015979,build-out
E100000002535,E100002015980,build-out
E100000002537,E100002024890,build-out
E100000002542,E100002024302,build-out
E100000002543,E100000001130,build-out
E100000002543,E100000001157,build-out
E100000002548,E100000002320,build-out
E100000002557,E100002017764,build-out
E100000002559,E100002015962,build-out
E100000002561,E100002024314,build-out
E100000002576,E100001010043,build-out
E100000002577,E100000001170,build-out
E100000002588,E100002024464,build-out
E100000002588,E100002024465,build-out
E100000002589,E100002018615,build-out
E100000002598,E100000180733,build-out
E100000002606,E100002024335,build-out
E100000002606,E100002024336,build-out
E100000002606,E100002024337,build-out
E100000002606,E100002024338,build-out
E100000002606,E100002024339,build-out
E100000002608,E100002024340,build-out
E100000002610,E100002024341,build-out
E100000002612,E100002024345,build-out
E100000002639,E100002024372,build-out
E100000002640,E100002016163,build-out
E100000002648,E100000002718,build-out
E100000002649,E100002017678,build-out
E100000002650,E100002024370,build-out
E100000002651,E100002024361,build-out
E100000002653,E100002024360,build-out
E100000002654,E100000135183,build-out
E100000002654,E100000150340,build-out
E100000002654,E100002016164,build-out
E100000002661,E100000000465,build-out
E100000002661,E100000000657,build-out
E100000002661,E100000133893,build-out
E100000002661,E100000133932,build-out
E100000002661,E100001015587,build-out
E100000002663,E100001015587,build-out
E100000002664,E100001015587,build-out
E100000002667,E100001015587,build-out
E100000002667,E100002016505,build-out
E100000002667,E100002016506,build-out
E100000002674,E100000123261,build-out
E100000002675,E100002024619,build-out
E100000002682,E100000001294,build-out
E100000002729,E100000002874,build-out
E100000002735,E100000001422,build-out
E100000002740,E100000004234,build-out
E100000002745,E100001010043,build-out
E100000002746,E100001010043,build-out
E100000002751,E100000150321,build-out
E100000002760,E100000001445,build-out
E100000002761,E100002024615,build-out
E100000002763,E100002024614,build-out
E100000002764,E100002024607,build-out
E100000002764,E100002024610,build-out
E100000002766,E100001015587,build-out
E100000002769,E100002001974,build-out
E100000002770,E100002011797,build-out
E100000002772,E100000000565,build-out
E100000002772,E100001011817,build-out
E100000002772,E100001015587,build-out
E100000002772,E100002011238,build-out
E100000002774,E100000000946,build-out
E100000002774,E100002017010,build-out
E100000002777,E100002024389,build-out
E100000002793,E100002015403,build-out
E100000002798,E100002016182,build-out
E100000002800,E100001015587,build-out
E100000002800,E100002016031,build-out
E100000002800,E100002016032,build-out
E100000002800,E100002016033,build-out
E100000002804,E100000003959,build-out
E100000002805,E100000123261,build-out
E100000002807,E100001015587,build-out
E100000002810,E100002015256,build-out
E100000002811,E100002016274,build-out
E100000002812,E100002024411,build-out
E100000002819,E100000000934,build-out
E100000002819,E100000000949,build-out
E100000002832,E100002016184,build-out
E100000002832,E100002016185,build-out
E100000002833,E100002015623,build-out
E100000002836,E100002017952,build-out
E100000002840,E100000001194,build-out
E100000002840,E100001010928,build-out
E100000002841,E100001001274,build-out
E100000002844,E100002024416,build-out
E100000002846,E100002024418,build-out
E100000002853,E100001000899,build-out
E100000002859,E100002018550,build-out
E100000002867,E100001015587,build-out
E100000002867,E100002019434,build-out
E100000002874,E100000188948,build-out
E100000002891,E100002024890,build-out
E100000002892,E100001015587,build-out
E100000002905,E100001014613,build-out
E100000002905,E100001015587,build-out
E100000002905,E100002007315,build-out
E100000002905,E100002007320,build-out
E100000002905,E100002008793,build-out
E100000002905,E100002011308,build-out
E100000002907,E100002024419,build-out
E100000002918,E100001000090,build-out
E100000002918,E100001015587,build-out
E100000002925,E100001010206,build-out
E100000002932,E100002024421,build-out
E100000002934,E100001015587,build-out
E100000002934,E100002017461,build-out
E100000002934,E100002017462,build-out
E100000002950,E100000121543,build-out
E100000002952,E100000002763,build-out
E100000002954,E100002024422,build-out
E100000002959,E100001015587,build-out
E100000002959,E100002017785,build-out
E100000002983,E100002024423,build-out
E100000002986,E100002013989,build-out
E100000002989,E100002024424,build-out
E100000002990,E100002024424,build-out
E100000002998,E100002015962,build-out
E100000003003,E100000003002,build-out
E100000003007,E100002017022,build-out
E100000003009,E100002024649,build-out
E100000003018,E100001011107,build-out
E100000003020,E100002015351,build-out
E100000003027,E100002024682,build-out
E100000003032,E100002016430,build-out
E100000003037,E100000001175,build-out
E100000003042,E100002017780,build-out
E100000003046,E100002024681,build-out
E100000003049,E100000000645,build-out
E100000003049,E100000000651,build-out
E100000003049,E100000000654,build-out
E100000003049,E100000001985,build-out
E100000003049,E100002018157,build-out
E100000003056,E100000001223,build-out
E100000003061,E100001010673,build-out
E100000003061,E100002017765,build-out
E100000003062,E100002017765,build-out
E100000003065,E100000000934,build-out
E100000003065,E100000000943,build-out
E100000003067,E100002024467,build-out
E100000003069,E100000000706,build-out
E100000003069,E100000001056,build-out
E100000003069,E100000133660,build-out
E100000003069,E100002017581,build-out
E100000003076,E100000121263,build-out
E100000003076,E100001011056,build-out
E100000003082,E100000003523,build-out
E100000003082,E100000133003,build-out
E100000003082,E100001015587,build-out
E100000003082,E100002024680,build-out
E100000003084,E100000002718,build-out
E100000003084,E100000140036,build-out
E100000003085,E100000140036,build-out
E100000003086,E100002024426,build-out
E100000003088,E100002017809,build-out
E100000003095,E100000000067,build-out
E100000003097,E100000002442,build-out
E100000003097,E100001015587,build-out
E100000003097,E100002009168,build-out
E100000003102,E100002024428,build-out
E100000003104,E100000000817,build-out
E100000003105,E100001015587,build-out
E100000003105,E100002021196,build-out
E100000003106,E100002024429,build-out
E100000003106,E100002024430,build-out
E100000003107,E100002015662,build-out
E100000003112,E100001001434,build-out
E100000003115,E100000001322,build-out
E100000003120,E100000000947,build-out
E100000003149,E100002024467,build-out
E100000003153,E100000001030,build-out
E100000003165,E100002024437,build-out
E100000003167,E100001010556,build-out
E100000003171,E100002012060,build-out
E100000003180,E100002024882,build-out
E100000003181,E100002024794,build-out
E100000003182,E100001010043,build-out
E100000003189,E100002017778,build-out
E100000003195,E100000001322,build-out
E100000003203,E100001000203,build-out
E100000003205,E100002024440,build-out
E100000003206,E100002015623,build-out
E100000003208,E100002000916,build-out
E100000003208,E100002011718,build-out
E100000003208,E100002017498,build-out
E100000003208,E100002017499,build-out
E100000003218,E100000002265,build-out
E100000003218,E100000002341,build-out
E100000003267,E100000000107,build-out
E100000003276,E100001015587,build-out
E100000003279,E100002024444,build-out
E100000003293,E100001015587,build-out
E100000003299,E100002024446,build-out
E100000003299,E100002024447,build-out
E100000003301,E100002024448,build-out
E100000003301,E100002024449,build-out
E100000003302,E100002024450,build-out
E100000003302,E100002024451,build-out
E100000003303,E100002024453,build-out
E100000003303,E100002024454,build-out
E100000003305,E100002018481,build-out
E100000003305,E100002018482,build-out
E100000003307,E100002024678,build-out
E100000003307,E100002024679,build-out
E100000003308,E100002024677,build-out
E100000003309,E100001011247,build-out
E100000003312,E100002024898,build-out
E100000003313,E100002015217,build-out
E100000003322,E100000188634,build-out
E100000003326,E100000003838,build-out
E100000003329,E100000123261,build-out
E100000003337,E100002017574,build-out
E100000003339,E100002015316,build-out
E100000003345,E100002017633,build-out
E100000003356,E100002024455,build-out
E100000003356,E100002024456,build-out
E100000003357,E100000000553,build-out
E100000003357,E100000001954,build-out
E100000003357,E100002016502,build-out
E100000003358,E100000001267,build-out
E100000003360,E100000186635,build-out
E100000003387,E100002018481,build-out
E100000003388,E100002024458,build-out
E100000003389,E100000000947,build-out
E100000003402,E100002018775,build-out
E100000003403,E100000000652,build-out
E100000003403,E100000001533,build-out
E100000003404,E100000003343,build-out
E100000003404,E100001015587,build-out
E100000003405,E100002016192,build-out
E100000003406,E100000000660,build-out
E100000003406,E100000003355,build-out
E100000003410,E100002016517,build-out
E100000003412,E100001001434,build-out
E100000003415,E100001016964,build-out
E100000003415,E100002018874,build-out
E100000003415,E100002024832,build-out
E100000003416,E100002018873,build-out
E100000003416,E100002018874,build-out
E100000003422,E100001015587,build-out
E100000003440,E100001015587,build-out
E100000003444,E100002024676,build-out
E100000003450,E100002015847,build-out
E100000003452,E100002016186,build-out
E100000003452,E100002016187,build-out
E100000003460,E100000123261,build-out
E100000003461,E100002015961,build-out
E100000003462,E100002015961,build-out
E100000003466,E100002024460,build-out
E100000003472,E100002016079,build-out
E100000003473,E100000001322,build-out
E100000003474,E100000001322,build-out
E100000003479,E100002024934,build-out
E100000003481,E100000001247,build-out
E100000003485,E100000001205,build-out
E100000003487,E100000003431,build-out
E100000003489,E100002024938,build-out
E100000003490,E100002024413,build-out
E100000003493,E100002019610,build-out
E100000003508,E100000002328,build-out
E100000003512,E100000001860,build-out
E100000003512,E100000001862,build-out
E100000003512,E100001015827,build-out
E100000003514,E100002024942,build-out
E100000003515,E100000001585,build-out
E100000003515,E100002016021,build-out
E100000003516,E100002024944,build-out
E100000003521,E100001015587,build-out
E100000003524,E100002017783,build-out
E100000003527,E100001015587,build-out
E100000003528,E100000001322,build-out
E100000003531,E100001011143,build-out
E100000003537,E100000000114,build-out
E100000003538,E100002024673,build-out
E100000003541,E100002024946,build-out
E100000003543,E100002007455,build-out
E100000003545,E100000001322,build-out
E100000003550,E100002015649,build-out
E100000003552,E100001010449,build-out
E100000003559,E100002024951,build-out
E100000003564,E100000152192,build-out
E100000003566,E100002024954,build-out
E100000003572,E100002016079,build-out
E100000003575,E100002024957,build-out
E100000003583,E100001000177,build-out
E100000003587,E100000000565,build-out
E100000003587,E100001015587,build-out
E100000003588,E100002024671,build-out
E100000003598,E100002024958,build-out
E100000003599,E100000000606,build-out
E100000003606,E100000002444,build-out
E100000003609,E100000001270,build-out
E100000003609,E100000123261,build-out
E100000003632,E100002011715,build-out
E100000003632,E100002015266,build-out
E100000003634,E100001011068,build-out
E100000003640,E100002024957,build-out
E100000003644,E100002024691,build-out
E100000003644,E100002024692,build-out
E100000003646,E100002021625,build-out
E100000003648,E100000000907,build-out
E100000003651,E100000001671,build-out
E100000003651,E100000001688,build-out
E100000003651,E100000001689,build-out
E100000003655,E100001015587,build-out
E100000003656,E100001015587,build-out
E100000003656,E100002000642,build-out
E100000003664,E100001000370,build-out
E100000003665,E100001001371,build-out
E100000003666,E100000001329,build-out
E100000003676,E100001015587,build-out
E100000003676,E100002024625,build-out
E100000003690,E100000000639,build-out
E100000003690,E100000000660,build-out
E100000003694,E100001015587,build-out
E100000003694,E100002001974,build-out
E100000003705,E100002018948,build-out
E100000003711,E100001001371,build-out
E100000003714,E100001000623,build-out
E100000003723,E100000002254,build-out
E100000003738,E100002024901,build-out
E100000003742,E100001015587,build-out
E100000003742,E100001015991,build-out
E100000003743,E100002016227,build-out
E100000003743,E100002016228,build-out
E100000003743,E100002016236,build-out
E100000003743,E100002016239,build-out
E100000003743,E100002016240,build-out
E100000003743,E100002016241,build-out
E100000003743,E100002016242,build-out
E100000003746,E100001000307,build-out
E100000003746,E100001015587,build-out
E100000003746,E100002018956,build-out
E100000003750,E100002017479,build-out
E100000003761,E100000186000,build-out
E100000003770,E100002016708,build-out
E100000003771,E100002016417,build-out
E100000003772,E100001015587,build-out
E100000003772,E100002016366,build-out
E100000003773,E100000133192,build-out
E100000003773,E100001015587,build-out
E100000003789,E100000000553,build-out
E100000003789,E100000003357,build-out
E100000003789,E100002017209,build-out
E100000003790,E100000136232,build-out
E100000003790,E100002016542,build-out
E100000003791,E100001011707,build-out
E100000003791,E100001011768,build-out
E100000003791,E100001015587,build-out
E100000003791,E100002018693,build-out
E100000003791,E100002018694,build-out
E100000003791,E100002018695,build-out
E100000003791,E100002018696,build-out
E100000003807,E100001015127,build-out
E100000003809,E100001015587,build-out
E100000003820,E100002017222,build-out
E100000003821,E100001014413,build-out
E100000003826,E100002012101,build-out
E100000003828,E100001000322,build-out
E100000003828,E100002024825,build-out
E100000003831,E100000000888,build-out
E100000003831,E100000000889,build-out
E100000003831,E100000001358,build-out
E100000003831,E100000001359,build-out
E100000003831,E100001015587,build-out
E100000003832,E100002015196,build-out
E100000003832,E100002015197,build-out
E100000003834,E100000000697,build-out
E100000003835,E100002024470,build-out
E100000003841,E100000001205,build-out
E100000003856,E100000003098,build-out
E100000003858,E100002016208,build-out
E100000003859,E100000000758,build-out
E100000003859,E100000001158,build-out
E100000003865,E100002005199,build-out
E100000003877,E100000000649,build-out
E100000003877,E100000001355,build-out
E100000003879,E100002024472,build-out
E100000003883,E100000001305,build-out
E100000003884,E100000002411,build-out
E100000003893,E100000120470,build-out
E100000003893,E100002000971,build-out
E100000003906,E100000000107,build-out
E100000003911,E100001015587,build-out
E100000003911,E100002000048,build-out
E100000003926,E100002024976,build-out
E100000003939,E100000001023,build-out
E100000003941,E100000004211,build-out
E100000003941,E100001000203,build-out
E100000003947,E100002024979,build-out
E100000003952,E100000123261,build-out
E100000003952,E100001015587,build-out
E100000003952,E100002017803,build-out
E100000003952,E100002017804,build-out
E100000003971,E100000004019,build-out
E100000003985,E100000000911,build-out
E100000003985,E100002024841,build-out
E100000003988,E100000002318,build-out
E100000003991,E100002015261,build-out
E100000004019,E100002007956,build-out
E100000004022,E100002024657,build-out
E100000004034,E100000000934,build-out
E100000004034,E100000000949,build-out
E100000004034,E100002018577,build-out
E100000004038,E100001015587,build-out
E100000004038,E100002017720,build-out
E100000004039,E100002016362,build-out
E100000004048,E100001010560,build-out
E100000004053,E100000152877,build-out
E100000004060,E100000000847,build-out
E100000004060,E100000188802,build-out
E100000004062,E100002017670,build-out
E100000004062,E100002017671,build-out
E100000004063,E100000001137,build-out
E100000004063,E100000001161,build-out
E100000004063,E100000001262,build-out
E100000004064,E100000001137,build-out
E100000004064,E100000001161,build-out
E100000004064,E100000001262,build-out
E100000004065,E100000001137,build-out
E100000004065,E100000001161,build-out
E100000004065,E100000001262,build-out
E100000004067,E100001012015,build-out
E100000004083,E100000004143,build-out
E100000004083,E100002016206,build-out
E100000004089,E100002016053,build-out
E100000004090,E100002024473,build-out
E100000004091,E100002016955,build-out
E100000004092,E100000002265,build-out
E100000004092,E100000002341,build-out
E100000004095,E100002024650,build-out
E100000004105,E100000001533,build-out
E100000004115,E100001000649,build-out
E100000004126,E100001000900,build-out
E100000004126,E100002016085,build-out
E100000004134,E100002015631,build-out
E100000004135,E100000000135,build-out
E100000004135,E100000000172,build-out
E100000004135,E100000000173,build-out
E100000004135,E100002000740,build-out
E100000004140,E100000001169,build-out
E100000004141,E100000123261,build-out
E100000004141,E100001015587,build-out
E100000004141,E100002016280,build-out
E100000004141,E100002016281,build-out
E100000004144,E100000004143,build-out
E100000004149,E100001015587,build-out
E100000004157,E100001011250,build-out
E100000004161,E100001016147,build-out
E100000004166,E100001000255,build-out
E100000004173,E100002016474,build-out
E100000004174,E100001011189,build-out
E100000004177,E100002012104,build-out
E100000004193,E100000133835,build-out
E100000004193,E100001014737,build-out
E100000004202,E100002016528,build-out
E100000004225,E100001011665,build-out
E100000004239,E100000121395,build-out
E100000004239,E100002017352,build-out
E100000004243,E100001015587,build-out
E100000004243,E100002015194,build-out
E100000004243,E100002015195,build-out
E100000004244,E100002001974,build-out
E100000004247,E100001015587,build-out
E100000004250,E100002024854,build-out
E100000004252,E100000131702,build-out
E100000004252,E100002016473,build-out
E100000004259,E100001011672,build-out
E100000004259,E100002016723,build-out
E100000004273,E100000004278,build-out
E100000004274,E100000004278,build-out
E100000004278,E100000004276,build-out
E100000004278,E100001015587,build-out
E100000004280,E100000123261,build-out
E100000004283,E100000001265,build-out
E100000004289,E100000123261,build-out
E100000004289,E100000188767,build-out
E100000004290,E100002017726,build-out
E100000004298,E100002022430,build-out
E100000004311,E100000000652,build-out
E100000004315,E100002007956,build-out
E100000004318,E100000001324,build-out
E100000004332,E100000004333,build-out
E100000004333,E100002016237,build-out
E100000004335,E100002020947,build-out
E100000004343,E100002015649,build-out
E100000004347,E100002015659,build-out
E100000004351,E100001010832,build-out
E100000004351,E100001015587,build-out
E100000004351,E100002016089,build-out
E100000004352,E100000004351,build-out
E100000004359,E100000000604,build-out
E100000004359,E100000000748,build-out
E100000120012,E100001010410,build-out
E100000120012,E100002021131,build-out
E100000120026,E100000123261,build-out
E100000120031,E100000123261,build-out
E100000120035,E100001000178,build-out
E100000120035,E100001000179,build-out
E100000120035,E100001015587,build-out
E100000120044,E100000123261,build-out
E100000120070,E100001015587,build-out
E100000120071,E100000000336,build-out
E100000120071,E100000121108,build-out
E100000120080,E100001015587,build-out
E100000120080,E100002016147,build-out
E100000120080,E100002016148,build-out
E100000120080,E100002016149,build-out
E100000120102,E100001000520,build-out
E100000120102,E100001015587,build-out
E100000120102,E100002024476,build-out
E100000120102,E100002024477,build-out
E100000120116,E100002016556,build-out
E100000120117,E100002017822,build-out
E100000120124,E100000123261,build-out
E100000120130,E100001015587,build-out
E100000120130,E100002017176,build-out
E100000120136,E100001015587,build-out
E100000120137,E100000002078,build-out
E100000120144,E100002020526,build-out
E100000120147,E100001015587,build-out
E100000120147,E100002015943,build-out
E100000120156,E100000003335,build-out
E100000120156,E100001000516,build-out
E100000120182,E100001015587,build-out
E100000120182,E100002005458,build-out
E100000120182,E100002009441,build-out
E100000120182,E100002009442,build-out
E100000120192,E100002019170,build-out
E100000120200,E100000120766,build-out
E100000120201,E100000120766,build-out
E100000120210,E100002024530,build-out
E100000120214,E100000001371,build-out
E100000120214,E100001015587,build-out
E100000120218,E100002025293,build-out
E100000120224,E100000153024,build-out
E100000120243,E100001015587,build-out
E100000120243,E100002022920,build-out
E100000120243,E100002022921,build-out
E100000120290,E100000123261,build-out
E100000120294,E100001000558,build-out
E100000120312,E100002017756,build-out
E100000120337,E100000001647,build-out
E100000120340,E100000123261,build-out
E100000120343,E100002007723,build-out
E100000120355,E100001000596,build-out
E100000120378,E100001015587,build-out
E100000120378,E100002009674,build-out
E100000120378,E100002009681,build-out
E100000120378,E100002009685,build-out
E100000120378,E100002009686,build-out
E100000120401,E100000002762,build-out
E100000120419,E100001015587,build-out
E100000120430,E100000123261,build-out
E100000120442,E100002016041,build-out
E100000120448,E100000120454,build-out
E100000120448,E100002015973,build-out
E100000120451,E100002025174,build-out
E100000120451,E100002025175,build-out
E100000120451,E100002025176,build-out
E100000120451,E100002025177,build-out
E100000120454,E100001015587,build-out
E100000120454,E100002008182,build-out
E100000120454,E100002016696,build-out
E100000120474,E100000003063,build-out
E100000120488,E100002016294,build-out
E100000120503,E100002015281,build-out
E100000120506,E100000123261,build-out
E100000120506,E100001015587,build-out
E100000120506,E100002017141,build-out
E100000120508,E100002020991,build-out
E100000120509,E100000001647,build-out
E100000120523,E100000131638,build-out
E100000120551,E100002013843,build-out
E100000120551,E100002015968,build-out
E100000120556,E100000186569,build-out
E100000120561,E100001015587,build-out
E100000120563,E100000123261,build-out
E100000120577,E100000001418,build-out
E100000120577,E100000120199,build-out
E100000120586,E100002016037,build-out
E100000120586,E100002016038,build-out
E100000120586,E100002016039,build-out
E100000120586,E100002016040,build-out
E100000120614,E100000127960,build-out
E100000120614,E100000127961,build-out
E100000120614,E100000127962,build-out
E100000120614,E100000131049,build-out
E100000120614,E100001016250,build-out
E100000120614,E100002024533,build-out
E100000120615,E100002018828,build-out
E100000120618,E100000128088,build-out
E100000120618,E100000128118,build-out
E100000120618,E100000131049,build-out
E100000120618,E100001016250,build-out
E100000120618,E100002024551,build-out
E100000120634,E100002008189,build-out
E100000120635,E100002008189,build-out
E100000120636,E100002008189,build-out
E100000120637,E100002008189,build-out
E100000120645,E100001015587,build-out
E100000120648,E100001015587,build-out
E100000120648,E100002024498,build-out
E100000120652,E100002016057,build-out
E100000120688,E100001015587,build-out
E100000120698,E100000188562,build-out
E100000120702,E100000120029,build-out
E100000120702,E100002018990,build-out
E100000120704,E100000123261,build-out
E100000120706,E100000120823,build-out
E100000120706,E100002009190,build-out
E100000120718,E100001015587,build-out
E100000120720,E100000002078,build-out
E100000120726,E100000123261,build-out
E100000120736,E100002017630,build-out
E100000120746,E100000123261,build-out
E100000120747,E100000123261,build-out
E100000120749,E100001015587,build-out
E100000120754,E100000123261,build-out
E100000120754,E100001015587,build-out
E100000120754,E100002024434,build-out
E100000120754,E100002024435,build-out
E100000120766,E100002016115,build-out
E100000120772,E100000123261,build-out
E100000120776,E100001000730,build-out
E100000120776,E100002024870,build-out
E100000120776,E100002024871,build-out
E100000120776,E100002024872,build-out
E100000120779,E100000123261,build-out
E100000120779,E100001015587,build-out
E100000120779,E100002015726,build-out
E100000120819,E100000120818,build-out
E100000120821,E100000002151,build-out
E100000120826,E100000001648,build-out
E100000120829,E100001010428,build-out
E100000120829,E100001010429,build-out
E100000120829,E100001015587,build-out
E100000120829,E100002024060,build-out
E100000120829,E100002024063,build-out
E100000120831,E100000131500,build-out
E100000120838,E100002009039,build-out
E100000120887,E100001015587,build-out
E100000120887,E100002002847,build-out
E100000120893,E100000001941,build-out
E100000120912,E100001014871,build-out
E100000120925,E100002009039,build-out
E100000120943,E100000002078,build-out
E100000120951,E100002024791,build-out
E100000120959,E100000121347,build-out
E100000120959,E100000132515,build-out
E100000120960,E100000121347,build-out
E100000120960,E100000132515,build-out
E100000120963,E100002009162,build-out
E100000120972,E100001000178,build-out
E100000120972,E100001000179,build-out
E100000120972,E100001015587,build-out
E100000120996,E100000000646,build-out
E100000120996,E100000000657,build-out
E100000120996,E100001000710,build-out
E100000120999,E100001015587,build-out
E100000120999,E100002015282,build-out
E100000121004,E100002017179,build-out
E100000121011,E100002024541,build-out
E100000121017,E100002007801,build-out
E100000121020,E100000121080,build-out
E100000121020,E100002024548,build-out
E100000121022,E100001015587,build-out
E100000121022,E100002016297,build-out
E100000121028,E100000120621,build-out
E100000121035,E100000001645,build-out
E100000121035,E100002017194,build-out
E100000121035,E100002017195,build-out
E100000121037,E100002015824,build-out
E100000121041,E100000000170,build-out
E100000121043,E100001015587,build-out
E100000121044,E100002007801,build-out
E100000121046,E100000121051,build-out
E100000121046,E100002015824,build-out
E100000121047,E100000121080,build-out
E100000121047,E100002024547,build-out
E100000121051,E100001015587,build-out
E100000121051,E100002016297,build-out
E100000121053,E100001015587,build-out
E100000121064,E100001015587,build-out
E100000121077,E100000003763,build-out
E100000121082,E100000121535,build-out
E100000121085,E100000120243,build-out
E100000121085,E100002018990,build-out
E100000121091,E100002021189,build-out
E100000121116,E100000187293,build-out
E100000121116,E100002012053,build-out
E100000121117,E100002006329,build-out
E100000121118,E100000123261,build-out
E100000121129,E100000123261,build-out
E100000121131,E100000132055,build-out
E100000121154,E100000120373,build-out
E100000121154,E100000121116,build-out
E100000121154,E100001012497,build-out
E100000121154,E100001015587,build-out
E100000121155,E100002025194,build-out
E100000121156,E100000123261,build-out
E100000121168,E100001015587,build-out
E100000121175,E100001000520,build-out
E100000121176,E100001015587,build-out
E100000121179,E100002012063,build-out
E100000121182,E100001015587,build-out
E100000121182,E100002010218,build-out
E100000121182,E100002010219,build-out
E100000121206,E100001015587,build-out
E100000121235,E100002015956,build-out
E100000121245,E100000000662,build-out
E100000121254,E100002020939,build-out
E100000121263,E100001015587,build-out
E100000121294,E100002007805,build-out
E100000121304,E100000123261,build-out
E100000121304,E100001015587,build-out
E100000121304,E100002017459,build-out
E100000121331,E100000001615,build-out
E100000121347,E100001015587,build-out
E100000121380,E100000002078,build-out
E100000121381,E100000002078,build-out
E100000121391,E100001015587,build-out
E100000121395,E100001015587,build-out
E100000121428,E100000120273,build-out
E100000121430,E100000121429,build-out
E100000121454,E100000001716,build-out
E100000121521,E100001000558,build-out
E100000121533,E100000000960,build-out
E100000121552,E100001015587,build-out
E100000121562,E100002017801,build-out
E100000121567,E100000001704,build-out
E100000121583,E100001000178,build-out
E100000121583,E100001015587,build-out
E100000121583,E100002017201,build-out
E100000121583,E100002017203,build-out
E100000121583,E100002017204,build-out
E100000121595,E100000121593,build-out
E100000121601,E100002009162,build-out
E100000121841,E100000122821,build-out
E100000122622,E100000123691,build-out
E100000122704,E100000122784,build-out
E100000122704,E100000123748,build-out
E100000122704,E100000123749,build-out
E100000122704,E100000123750,build-out
E100000123699,E100000000641,build-out
E100000124944,E100000121680,build-out
E100000124944,E100000124276,build-out
E100000124944,E100000125227,build-out
E100000124944,E100000125228,build-out
E100000125227,E100000001427,build-out
E100000125227,E100000125234,build-out
E100000125228,E100000124275,build-out
E100000125228,E100000125323,build-out
E100000125228,E100000125324,build-out
E100000125234,E100000000307,build-out
E100000125234,E100000001427,build-out
E100000125234,E100000125330,build-out
E100000125234,E100000125331,build-out
E100000125234,E100000125332,build-out
E100000125234,E100000158306,build-out
E100000125323,E100000124275,build-out
E100000125323,E100000125368,build-out
E100000125323,E100000125369,build-out
E100000125323,E100000125370,build-out
E100000125323,E100000125371,build-out
E100000125324,E100000125345,build-out
E100000125325,E100000129137,build-out
E100000125325,E100001000328,build-out
E100000125325,E100001015587,build-out
E100000125330,E100000158306,build-out
E100000125331,E100000158306,build-out
E100000125345,E100000125383,build-out
E100000125368,E100000123261,build-out
E100000125369,E100000125388,build-out
E100000125370,E100000125389,build-out
E100000125371,E100000123261,build-out
E100000125383,E100000125135,build-out
E100000125383,E100000125400,build-out
E100000125388,E100000121720,build-out
E100000125389,E100000125805,build-out
E100000125810,E100000123261,build-out
E100000125903,E100002022845,build-out
E100000125906,E100000120243,build-out
E100000125967,E100000000947,build-out
E100000125967,E100001000730,build-out
E100000126073,E100000125246,build-out
E100000126073,E100001000245,build-out
E100000126073,E100001014866,build-out
E100000126073,E100001015587,build-out
E100000126073,E100002022274,build-out
E100000126073,E100002022275,build-out
E100000126073,E100002022276,build-out
E100000126096,E100000127558,build-out
E100000126135,E100000123666,build-out
E100000126135,E100000124223,build-out
E100000126135,E100000128136,build-out
E100000126135,E100000128137,build-out
E100000126152,E100000123261,build-out
E100000126216,E100000123261,build-out
E100000126244,E100000121891,build-out
E100000126244,E100000123583,build-out
E100000126244,E100000123615,build-out
E100000126244,E100000130260,build-out
E100000126257,E100000124362,build-out
E100000126279,E100000123261,build-out
E100000126279,E100000128164,build-out
E100000126316,E100000123583,build-out
E100000126364,E100000123278,build-out
E100000126364,E100000123583,build-out
E100000126402,E100000123261,build-out
E100000126440,E100000123278,build-out
E100000126467,E100000124223,build-out
E100000126467,E100000128140,build-out
E100000126529,E100000125036,build-out
E100000126529,E100000127985,build-out
E100000126542,E100000124984,build-out
E100000126548,E100000123629,build-out
E100000126548,E100000123697,build-out
E100000126617,E100000125512,build-out
E100000126617,E100000130259,build-out
E100000126690,E100000121890,build-out
E100000126690,E100000123615,build-out
E100000126690,E100000128137,build-out
E100000126744,E100000123056,build-out
E100000126776,E100000124253,build-out
E100000126837,E100000121676,build-out
E100000126837,E100000128156,build-out
E100000126837,E100000128157,build-out
E100000126842,E100000123561,build-out
E100000126851,E100000000252,build-out
E100000126852,E100000123261,build-out
E100000126857,E100000128138,build-out
E100000126880,E100000127409,build-out
E100000126880,E100000127411,build-out
E100000126880,E100000127412,build-out
E100000126992,E100000123329,build-out
E100000126992,E100000123485,build-out
E100000126992,E100000124748,build-out
E100000126992,E100000124749,build-out
E100000126992,E100000124750,build-out
E100000127016,E100000123261,build-out
E100000127031,E100000123373,build-out
E100000127031,E100000127454,build-out
E100000127037,E100000130258,build-out
E100000127037,E100000130607,build-out
E100000127042,E100000123261,build-out
E100000127075,E100000123261,build-out
E100000127081,E100000128144,build-out
E100000127088,E100000123322,build-out
E100000127088,E100000127433,build-out
E100000127088,E100000127434,build-out
E100000127101,E100000127371,build-out
E100000127256,E100000130593,build-out
E100000127327,E100000127798,build-out
E100000127327,E100000127809,build-out
E100000127327,E100000130249,build-out
E100000127411,E100000128421,build-out
E100000127412,E100000123261,build-out
E100000127412,E100000128609,build-out
E100000127431,E100000122320,build-out
E100000127431,E100000123697,build-out
E100000127431,E100000124988,build-out
E100000127431,E100000126851,build-out
E100000127431,E100000128124,build-out
E100000127433,E100000123261,build-out
E100000127434,E100000127433,build-out
E100000127454,E100000128318,build-out
E100000127461,E100000128153,build-out
E100000127463,E100001000472,build-out
E100000127467,E100000123382,build-out
E100000127540,E100000130265,build-out
E100000127558,E100000127561,build-out
E100000127558,E100000128374,build-out
E100000127558,E100000128375,build-out
E100000127561,E100000124530,build-out
E100000127691,E100000130538,build-out
E100000127697,E100000123261,build-out
E100000127708,E100000127691,build-out
E100000127726,E100000128356,build-out
E100000127798,E100000127809,build-out
E100000127798,E100000128647,build-out
E100000127798,E100000130246,build-out
E100000127809,E100000130300,build-out
E100000127866,E100000123261,build-out
E100000127950,E100000126096,build-out
E100000127985,E100000130627,build-out
E100000128112,E100000123261,build-out
E100000128124,E100000000252,build-out
E100000128136,E100000121880,build-out
E100000128138,E100000128620,build-out
E100000128140,E100000123647,build-out
E100000128140,E100000124309,build-out
E100000128144,E100000123583,build-out
E100000128153,E100000123329,build-out
E100000128153,E100000123427,build-out
E100000128153,E100000123583,build-out
E100000128153,E100000123940,build-out
E100000128156,E100000128302,build-out
E100000128157,E100000001427,build-out
E100000128157,E100000124276,build-out
E100000128157,E100000124944,build-out
E100000128157,E100000128638,build-out
E100000128157,E100000128639,build-out
E100000128164,E100000123261,build-out
E100000128302,E100000123318,build-out
E100000128356,E100000123261,build-out
E100000128374,E100000130323,build-out
E100000128375,E100000000270,build-out
E100000128455,E100000123261,build-out
E100000128609,E100000123261,build-out
E100000128620,E100000123424,build-out
E100000128620,E100000130317,build-out
E100000128638,E100000001429,build-out
E100000128638,E100000123424,build-out
E100000128639,E100000123424,build-out
E100000128639,E100000128868,build-out
E100000128639,E100000130327,build-out
E100000128647,E100000126312,build-out
E100000129153,E100000123261,build-out
E100000129153,E100000129181,build-out
E100000129181,E100000123261,build-out
E100000129317,E100000123261,build-out
E100000129654,E100000130643,build-out
E100000129767,E100000130016,build-out
E100000129814,E100000000221,build-out
E100000129941,E100000130349,build-out
E100000129971,E100000123748,build-out
E100000129971,E100000125082,build-out
E100000129982,E100000123877,build-out
E100000130016,E100000130394,build-out
E100000130614,E100000123261,build-out
E100000130675,E100002022266,build-out
E100000130676,E100002022267,build-out
E100000130690,E100002024754,build-out
E100000130693,E100001015587,build-out
E100000130708,E100001015587,build-out
E100000130708,E100002016411,build-out
E100000130714,E100001010147,build-out
E100000130718,E100001015587,build-out
E100000130720,E100001015587,build-out
E100000130720,E100002015328,build-out
E100000130720,E100002015329,build-out
E100000130720,E100002015331,build-out
E100000130735,E100002024634,build-out
E100000130738,E100002016553,build-out
E100000130752,E100001015587,build-out
E100000130756,E100000136525,build-out
E100000130785,E100001010777,build-out
E100000130792,E100002024542,build-out
E100000130793,E100000123261,build-out
E100000130793,E100000130896,build-out
E100000130802,E100000000657,build-out
E100000130816,E100001000605,build-out
E100000130816,E100002017625,build-out
E100000130816,E100002017626,build-out
E100000130816,E100002017628,build-out
E100000130841,E100002002825,build-out
E100000130849,E100001015587,build-out
E100000130851,E100001015587,build-out
E100000130876,E100001015587,build-out
E100000130881,E100000123261,build-out
E100000130925,E100001015587,build-out
E100000130927,E100000130717,build-out
E100000130929,E100002017635,build-out
E100000130963,E100000123261,build-out
E100000130977,E100002018778,build-out
E100000130981,E100001015587,build-out
E100000130981,E100002017715,build-out
E100000130995,E100000130693,build-out
E100000131009,E100000123261,build-out
E100000131010,E100002006462,build-out
E100000131026,E100000123261,build-out
E100000131027,E100000123261,build-out
E100000131028,E100002016170,build-out
E100000131028,E100002016172,build-out
E100000131029,E100000123261,build-out
E100000131049,E100000120164,build-out
E100000131049,E100001016335,build-out
E100000131072,E100002006462,build-out
E100000131085,E100000123261,build-out
E100000131130,E100001015587,build-out
E100000131142,E100001015587,build-out
E100000131142,E100001015719,build-out
E100000131142,E100001015720,build-out
E100000131142,E100002020859,build-out
E100000131142,E100002020860,build-out
E100000131142,E100002020861,build-out
E100000131158,E100000123261,build-out
E100000131180,E100001011682,build-out
E100000131188,E100000123261,build-out
E100000131207,E100000123261,build-out
E100000131227,E100001015725,build-out
E100000131228,E100001010577,build-out
E100000131228,E100001015587,build-out
E100000131228,E100002015345,build-out
E100000131228,E100002015346,build-out
E100000131235,E100001000255,build-out
E100000131237,E100001013609,build-out
E100000131241,E100001013279,build-out
E100000131251,E100001010438,build-out
E100000131251,E100001015587,build-out
E100000131251,E100002010765,build-out
E100000131251,E100002010766,build-out
E100000131251,E100002010767,build-out
E100000131271,E100002022523,build-out
E100000131279,E100000127463,build-out
E100000131279,E100002002924,build-out
E100000131285,E100002009252,build-out
E100000131286,E100002009256,build-out
E100000131287,E100002009259,build-out
E100000131289,E100001010066,build-out
E100000131296,E100002009260,build-out
E100000131301,E100001015587,build-out
E100000131344,E100002009374,build-out
E100000131353,E100002022581,build-out
E100000131357,E100002022586,build-out
E100000131383,E100001013619,build-out
E100000131392,E100000123261,build-out
E100000131392,E100001015587,build-out
E100000131392,E100002009411,build-out
E100000131392,E100002009413,build-out
E100000131399,E100001015587,build-out
E100000131447,E100002017439,build-out
E100000131455,E100001016407,build-out
E100000131455,E100002009447,build-out
E100000131455,E100002009448,build-out
E100000131458,E100001015587,build-out
E100000131472,E100001000638,build-out
E100000131472,E100001015587,build-out
E100000131481,E100000123261,build-out
E100000131502,E100002022565,build-out
E100000131502,E100002022566,build-out
E100000131502,E100002022567,build-out
E100000131504,E100001015587,build-out
E100000131509,E100002017643,build-out
E100000131534,E100002009618,build-out
E100000131542,E100000121139,build-out
E100000131546,E100001015587,build-out
E100000131547,E100000123261,build-out
E100000131550,E100002009651,build-out
E100000131563,E100001015587,build-out
E100000131571,E100002009669,build-out
E100000131594,E100001015587,build-out
E100000131594,E100002016209,build-out
E100000131598,E100000123261,build-out
E100000131604,E100001015587,build-out
E100000131604,E100002009710,build-out
E100000131604,E100002009718,build-out
E100000131604,E100002009719,build-out
E100000131615,E100002009814,build-out
E100000131625,E100000123261,build-out
E100000131625,E100001015587,build-out
E100000131625,E100002010773,build-out
E100000131625,E100002010774,build-out
E100000131645,E100002010176,build-out
E100000131645,E100002010178,build-out
E100000131652,E100001016406,build-out
E100000131660,E100000123261,build-out
E100000131663,E100000123261,build-out
E100000131678,E100001015587,build-out
E100000131678,E100002017524,build-out
E100000131678,E100002017525,build-out
E100000131678,E100002017526,build-out
E100000131685,E100000136992,build-out
E100000131692,E100002010303,build-out
E100000131692,E100002010304,build-out
E100000131692,E100002010305,build-out
E100000131702,E100000130895,build-out
E100000131716,E100000001237,build-out
E100000131717,E100000123261,build-out
E100000131741,E100001010053,build-out
E100000131748,E100000123261,build-out
E100000131752,E100000123261,build-out
E100000131753,E100000123261,build-out
E100000131755,E100000123261,build-out
E100000131761,E100000123261,build-out
E100000131771,E100000123261,build-out
E100000131780,E100001000569,build-out
E100000131785,E100000000947,build-out
E100000131787,E100002009256,build-out
E100000131791,E100000123261,build-out
E100000131794,E100000123261,build-out
E100000131815,E100002010539,build-out
E100000131817,E100000123261,build-out
E100000131821,E100000123261,build-out
E100000131821,E100002017582,build-out
E100000131824,E100002012059,build-out
E100000131834,E100000123261,build-out
E100000131835,E100002010552,build-out
E100000131842,E100002010558,build-out
E100000131842,E100002010559,build-out
E100000131858,E100002009177,build-out
E100000131883,E100002010579,build-out
E100000131887,E100000000649,build-out
E100000131888,E100000123261,build-out
E100000131888,E100000131716,build-out
E100000131895,E100002010584,build-out
E100000131903,E100001013067,build-out
E100000131904,E100000001558,build-out
E100000131907,E100002017444,build-out
E100000131908,E100000120034,build-out
E100000131913,E100000123261,build-out
E100000131915,E100001012205,build-out
E100000131916,E100001000583,build-out
E100000131925,E100000123261,build-out
E100000131934,E100000123261,build-out
E100000131934,E100001015587,build-out
E100000131940,E100000123261,build-out
E100000131955,E100002016429,build-out
E100000131960,E100000131983,build-out
E100000131963,E100000123261,build-out
E100000131991,E100000123261,build-out
E100000131992,E100000123261,build-out
E100000131994,E100000123261,build-out
E100000131996,E100001015587,build-out
E100000131996,E100002010644,build-out
E100000132007,E100000123261,build-out
E100000132016,E100001015587,build-out
E100000132016,E100001016446,build-out
E100000132016,E100001016447,build-out
E100000132022,E100002022643,build-out
E100000132026,E100000132021,build-out
E100000132037,E100002010732,build-out
E100000132051,E100000123261,build-out
E100000132054,E100002010667,build-out
E100000132057,E100000123261,build-out
E100000132061,E100001015587,build-out
E100000132061,E100002010531,build-out
E100000132061,E100002010538,build-out
E100000132062,E100002010462,build-out
E100000132064,E100000123261,build-out
E100000132065,E100000000917,build-out
E100000132066,E100000123261,build-out
E100000132080,E100000123261,build-out
E100000132094,E100002010425,build-out
E100000132095,E100000123261,build-out
E100000132098,E100000123261,build-out
E100000132107,E100001000348,build-out
E100000132107,E100001015587,build-out
E100000132107,E100002004709,build-out
E100000132107,E100002022228,build-out
E100000132107,E100002022229,build-out
E100000132110,E100000123261,build-out
E100000132111,E100000123261,build-out
E100000132128,E100000123261,build-out
E100000132135,E100001000959,build-out
E100000132138,E100000123261,build-out
E100000132142,E100000123261,build-out
E100000132149,E100002015891,build-out
E100000132149,E100002015892,build-out
E100000132150,E100000123261,build-out
E100000132151,E100000123261,build-out
E100000132160,E100000123261,build-out
E100000132160,E100001015587,build-out
E100000132160,E100002010287,build-out
E100000132162,E100000123261,build-out
E100000132166,E100001011057,build-out
E100000132169,E100001000569,build-out
E100000132177,E100002009575,build-out
E100000132180,E100000123261,build-out
E100000132184,E100000123261,build-out
E100000132190,E100000123261,build-out
E100000132195,E100001010919,build-out
E100000132196,E100001015587,build-out
E100000132196,E100002018571,build-out
E100000132196,E100002018572,build-out
E100000132196,E100002018573,build-out
E100000132196,E100002018574,build-out
E100000132196,E100002018575,build-out
E100000132196,E100002018576,build-out
E100000132201,E100000123261,build-out
E100000132207,E100000123261,build-out
E100000132208,E100000121434,build-out
E100000132208,E100001015587,build-out
E100000132208,E100002003293,build-out
E100000132209,E100000123261,build-out
E100000132213,E100002009637,build-out
E100000132218,E100000123261,build-out
E100000132220,E100000123261,build-out
E100000132238,E100001013582,build-out
E100000132240,E100000123261,build-out
E100000132243,E100000123261,build-out
E100000132245,E100000123261,build-out
E100000132247,E100002007924,build-out
E100000132249,E100002009594,build-out
E100000132252,E100000123261,build-out
E100000132252,E100000131697,build-out
E100000132253,E100001010084,build-out
E100000132257,E100000123261,build-out
E100000132259,E100000123261,build-out
E100000132265,E100000123261,build-out
E100000132266,E100000132377,build-out
E100000132276,E100001013673,build-out
E100000132283,E100002009535,build-out
E100000132284,E100002024702,build-out
E100000132287,E100000123261,build-out
E100000132294,E100002009522,build-out
E100000132294,E100002009523,build-out
E100000132298,E100000123261,build-out
E100000132308,E100001013557,build-out
E100000132313,E100000123261,build-out
E100000132321,E100002009465,build-out
E100000132326,E100002009460,build-out
E100000132328,E100000123261,build-out
E100000132330,E100000123261,build-out
E100000132334,E100000123261,build-out
E100000132334,E100002009449,build-out
E100000132334,E100002009450,build-out
E100000132340,E100001015587,build-out
E100000132352,E100000004244,build-out
E100000132355,E100002009423,build-out
E100000132359,E100000123261,build-out
E100000132361,E100000123261,build-out
E100000132362,E100002009412,build-out
E100000132363,E100000130785,build-out
E100000132373,E100002009300,build-out
E100000132377,E100001015587,build-out
E100000132382,E100000123261,build-out
E100000132384,E100002017572,build-out
E100000132409,E100000132845,build-out
E100000132412,E100000132845,build-out
E100000132496,E100002017078,build-out
E100000132496,E100002017079,build-out
E100000132496,E100002017080,build-out
E100000132496,E100002017081,build-out
E100000132496,E100002017082,build-out
E100000132498,E100002009160,build-out
E100000132524,E100002016526,build-out
E100000132530,E100001015587,build-out
E100000132551,E100001016802,build-out
E100000132554,E100001000065,build-out
E100000132560,E100001000139,build-out
E100000132567,E100002024751,build-out
E100000132600,E100001000901,build-out
E100000132600,E100001010596,build-out
E100000132600,E100001015587,build-out
E100000132600,E100002016818,build-out
E100000132600,E100002016819,build-out
E100000132609,E100001014506,build-out
E100000132609,E100002018470,build-out
E100000132614,E100000132969,build-out
E100000132625,E100002016546,build-out
E100000132644,E100001011044,build-out
E100000132653,E100001014809,build-out
E100000132677,E100001000065,build-out
E100000132700,E100002016861,build-out
E100000132722,E100001011026,build-out
E100000132767,E100000132631,build-out
E100000132768,E100001015587,build-out
E100000132774,E100000001563,build-out
E100000132774,E100000121126,build-out
E100000132777,E100000188387,build-out
E100000132790,E100002002712,build-out
E100000132846,E100000132567,build-out
E100000132856,E100002017072,build-out
E100000132861,E100000121126,build-out
E100000132861,E100002017013,build-out
E100000132869,E100000132845,build-out
E100000132877,E100000134944,build-out
E100000132878,E100000001226,build-out
E100000132878,E100000133904,build-out
E100000132878,E100001015587,build-out
E100000132878,E100002017062,build-out
E100000132887,E100001015702,build-out
E100000132887,E100002018953,build-out
E100000132908,E100002016512,build-out
E100000132919,E100002003416,build-out
E100000132925,E100002003562,build-out
E100000132934,E100002003019,build-out
E100000132947,E100002024746,build-out
E100000133036,E100000001305,build-out
E100000133063,E100000001237,build-out
E100000133096,E100000000388,build-out
E100000133116,E100000000724,build-out
E100000133123,E100001000178,build-out
E100000133123,E100001000179,build-out
E100000133123,E100001015587,build-out
E100000133187,E100000000777,build-out
E100000133192,E100000000799,build-out
E100000133196,E100002016355,build-out
E100000133209,E100001015587,build-out
E100000133209,E100002016957,build-out
E100000133209,E100002016958,build-out
E100000133214,E100002000444,build-out
E100000133522,E100001000085,build-out
E100000133542,E100002022203,build-out
E100000133586,E100001015587,build-out
E100000133586,E100002016700,build-out
E100000133592,E100000000781,build-out
E100000133592,E100001015587,build-out
E100000133645,E100000000407,build-out
E100000133645,E100002022136,build-out
E100000133660,E100002023156,build-out
E100000133798,E100000123261,build-out
E100000133798,E100001015587,build-out
E100000133835,E100000001078,build-out
E100000133835,E100000001079,build-out
E100000133835,E100000001085,build-out
E100000133904,E100000123261,build-out
E100000133904,E100002016924,build-out
E100000133932,E100000000018,build-out
E100000133932,E100002016371,build-out
E100000133959,E100000123261,build-out
E100000134057,E100001010403,build-out
E100000134057,E100001015587,build-out
E100000134057,E100002007336,build-out
E100000134057,E100002007337,build-out
E100000134057,E100002007338,build-out
E100000134070,E100000187841,build-out
E100000134070,E100002019159,build-out
E100000134070,E100002019160,build-out
E100000134070,E100002019161,build-out
E100000134222,E100000123261,build-out
E100000134222,E100001000178,build-out
E100000134222,E100001000179,build-out
E100000134222,E100001015587,build-out
E100000134338,E100000151586,build-out
E100000134468,E100000123261,build-out
E100000134468,E100001015587,build-out
E100000134468,E100002017207,build-out
E100000134468,E100002017208,build-out
E100000134522,E100001015587,build-out
E100000134522,E100002005724,build-out
E100000134583,E100002016830,build-out
E100000134634,E100002016655,build-out
E100000134685,E100000123261,build-out
E100000134685,E100001000730,build-out
E100000134685,E100001015587,build-out
E100000134685,E100002003407,build-out
E100000134707,E100000123261,build-out
E100000134707,E100001015587,build-out
E100000134707,E100002016813,build-out
E100000134737,E100002017180,build-out
E100000134742,E100000001086,build-out
E100000134810,E100000123261,build-out
E100000134810,E100001015587,build-out
E100000134907,E100000001790,build-out
E100000134914,E100000001179,build-out
E100000134944,E100000000062,build-out
E100000134944,E100002003001,build-out
E100000135312,E100001010923,build-out
E100000135427,E100001000262,build-out
E100000135427,E100001015587,build-out
E100000135429,E100002016361,build-out
E100000135814,E100000123261,build-out
E100000135814,E100001000348,build-out
E100000135814,E100001010595,build-out
E100000135814,E100001015587,build-out
E100000135814,E100002016795,build-out
E100000135814,E100002016796,build-out
E100000135826,E100001000348,build-out
E100000135826,E100001010595,build-out
E100000135873,E100002017730,build-out
E100000135881,E100002001974,build-out
E100000136108,E100001010596,build-out
E100000136293,E100001014317,build-out
E100000136961,E100001015587,build-out
E100000136961,E100002012070,build-out
E100000136966,E100002016863,build-out
E100000137681,E100000002141,build-out
E100000137831,E100002017140,build-out
E100000137849,E100002017182,build-out
E100000138127,E100002016294,build-out
E100000139464,E100002001974,build-out
E100000139525,E100001000208,build-out
E100000139852,E100000001534,build-out
E100000140036,E100000001149,build-out
E100000148900,E100001000148,build-out
E100000149031,E100000000962,build-out
E100000149628,E100000000476,build-out
E100000149638,E100001012407,build-out
E100000149649,E100000123261,build-out
E100000149780,E100000123261,build-out
E100000149997,E100001010930,build-out
E100000149997,E100002017088,build-out
E100000150007,E100002022220,build-out
E100000150163,E100002016619,build-out
E100000150163,E100002016620,build-out
E100000150171,E100000135552,build-out
E100000150238,E100001015873,build-out
E100000150310,E100001015587,build-out
E100000150321,E100001011064,build-out
E100000150340,E100002016166,build-out
E100000150540,E100000136151,build-out
E100000150540,E100000136152,build-out
E100000150540,E100001015587,build-out
E100000150540,E100002022240,build-out
E100000150598,E100001014053,build-out
E100000150598,E100001014054,build-out
E100000150862,E100000134685,build-out
E100000150862,E100001000730,build-out
E100000150862,E100001015587,build-out
E100000150921,E100001015587,build-out
E100000151051,E100002017135,build-out
E100000151245,E100000123261,build-out
E100000151245,E100001015587,build-out
E100000151245,E100002017239,build-out
E100000151245,E100002017240,build-out
E100000151411,E100001015587,build-out
E100000151411,E100002016993,build-out
E100000151456,E100002017055,build-out
E100000151463,E100002022238,build-out
E100000151550,E100002017044,build-out
E100000151577,E100000000361,build-out
E100000151577,E100000000364,build-out
E100000151577,E100000000373,build-out
E100000151577,E100001011534,build-out
E100000151577,E100001015587,build-out
E100000151577,E100002017130,build-out
E100000151577,E100002017132,build-out
E100000151586,E100000123261,build-out
E100000151586,E100001000348,build-out
E100000151586,E100001010595,build-out
E100000151586,E100001015587,build-out
E100000151666,E100002011717,build-out
E100000151854,E100002016739,build-out
E100000152013,E100002001974,build-out
E100000152139,E100000132878,build-out
E100000152139,E100001015587,build-out
E100000152139,E100002017061,build-out
E100000152186,E100001015587,build-out
E100000152186,E100002017106,build-out
E100000152192,E100000123261,build-out
E100000152192,E100001000348,build-out
E100000152192,E100002001974,build-out
E100000152192,E100002006770,build-out
E100000152388,E100002007681,build-out
E100000152388,E100002007856,build-out
E100000152466,E100000001492,build-out
E100000152466,E100002016408,build-out
E100000152466,E100002016409,build-out
E100000152472,E100000000387,build-out
E100000152472,E100000001492,build-out
E100000152472,E100000123261,build-out
E100000152472,E100001015587,build-out
E100000152574,E100000123261,build-out
E100000152662,E100002016388,build-out
E100000152695,E100002022326,build-out
E100000152698,E100001014213,build-out
E100000152701,E100000186491,build-out
E100000152701,E100001015587,build-out
E100000152701,E100002012072,build-out
E100000152756,E100000155371,build-out
E100000152756,E100001015587,build-out
E100000152756,E100002005458,build-out
E100000152756,E100002011915,build-out
E100000152756,E100002011916,build-out
E100000152756,E100002011917,build-out
E100000152778,E100001011055,build-out
E100000152856,E100001016498,build-out
E100000152877,E100002017669,build-out
E100000152934,E100001015587,build-out
E100000152934,E100002022200,build-out
E100000153006,E100000001077,build-out
E100000153006,E100000120972,build-out
E100000153006,E100001015587,build-out
E100000153006,E100002016591,build-out
E100000153024,E100001000520,build-out
E100000153024,E100001015587,build-out
E100000153024,E100002017216,build-out
E100000153024,E100002017217,build-out
E100000153045,E100000120031,build-out
E100000153072,E100000123261,build-out
E100000153072,E100001015587,build-out
E100000153651,E100001015587,build-out
E100000153651,E100001016782,build-out
E100000153651,E100002004060,build-out
E100000153651,E100002022297,build-out
E100000153651,E100002022298,build-out
E100000153651,E100002022299,build-out
E100000155371,E100000120972,build-out
E100000155371,E100002011892,build-out
E100000155483,E100001010706,build-out
E100000155483,E100001015587,build-out
E100000158181,E100000123366,build-out
E100000179968,E100001014866,build-out
E100000181249,E100000135826,build-out
E100000185988,E100001010582,build-out
E100000186635,E100001000370,build-out
E100000186670,E100000000030,build-out
E100000186749,E100002021888,build-out
E100000187293,E100001001129,build-out
E100000187294,E100002012052,build-out
E100000187501,E100001015587,build-out
E100000187501,E100002016587,build-out
E100000187709,E100000186749,build-out
E100000187841,E100001013528,build-out
E100000188387,E100002000443,build-out
E100000188387,E100002000445,build-out
E100000188387,E100002000447,build-out
E100000188387,E100002000448,build-out
E100000188387,E100002000450,build-out
E100000188456,E100000000953,build-out
E100000188471,E100000001213,build-out
E100000188562,E100001011617,build-out
E100000188562,E100002003529,build-out
E100000188634,E100000000555,build-out
E100000188723,E100001015587,build-out
E100000188723,E100002018693,build-out
E100000188723,E100002022464,build-out
E100000188731,E100000123261,build-out
E100000188761,E100000123261,build-out
E100000188761,E100001015587,build-out
E100000188761,E100002022373,build-out
E100000188771,E100000189021,build-out
E100000188771,E100001015485,build-out
E100000188802,E100000000610,build-out
E100000188807,E100000133647,build-out
E100000188824,E100000000660,build-out
E100000188824,E100000003449,build-out
E100000188824,E100000189040,build-out
E100000188879,E100000189062,build-out
E100000188879,E100001014348,build-out
E100000188879,E100001015587,build-out
E100000188960,E100000123261,build-out
E100000188975,E100001014821,build-out
E100000189013,E100000000387,build-out
E100000189013,E100002021514,build-out
E100000189056,E100000123261,build-out
E100000189062,E100001011471,build-out
E100000189064,E100000001179,build-out
E100000189153,E100000189181,build-out
E100000189189,E100001014354,build-out
E100000189208,E100000000387,build-out
E100000189361,E100000000746,build-out
E100000189563,E100000001086,build-out
E100000189601,E100000190061,build-out
E100000189676,E100000192593,build-out
E100000189677,E100000192593,build-out
E100000190073,E100001000654,build-out
E100000190073,E100002024862,build-out
E100000190075,E100002025120,build-out
E100000190077,E100002024301,build-out
E100000190081,E100000123261,build-out
E100000190086,E100000123261,build-out
E100000190087,E100000123261,build-out
E100000190090,E100000123261,build-out
E100000190092,E100002024731,build-out
E100000190095,E100000123261,build-out
E100000190097,E100000152086,build-out
E100000190098,E100002025097,build-out
E100000190100,E100002024697,build-out
E100000190101,E100000123261,build-out
E100000190103,E100000132530,build-out
E100000190112,E100000123261,build-out
E100000190115,E100002024831,build-out
E100000190117,E100002025112,build-out
E100000190118,E100000123261,build-out
E100000190119,E100000123261,build-out
E100000190120,E100002025115,build-out
E100000190120,E100002025116,build-out
E100000190122,E100000123261,build-out
E100000190126,E100000123261,build-out
E100000190127,E100001011531,build-out
E100000190127,E100001015587,build-out
E100000190127,E100002024433,build-out
E100000190129,E100002024726,build-out
E100000190131,E100001015587,build-out
E100000190131,E100002024385,build-out
E100000190131,E100002024386,build-out
E100000190132,E100002024656,build-out
E100000190138,E100002024980,build-out
E100000190139,E100002025096,build-out
E100000190144,E100000123261,build-out
E100000190146,E100000123261,build-out
E100000190148,E100001000110,build-out
E100000190149,E100002024496,build-out
E100000190150,E100002024646,build-out
E100000190152,E100002025109,build-out
E100000190153,E100000123261,build-out
E100000190159,E100002025108,build-out
E100000190161,E100002024878,build-out
E100000190162,E100000123261,build-out
E100000190163,E100000123261,build-out
E100000190166,E100002024993,build-out
E100000190168,E100001000161,build-out
E100000190172,E100000123261,build-out
E100000190173,E100002024998,build-out
E100000190174,E100000123261,build-out
E100000190176,E100002001974,build-out
E100000190179,E100000123261,build-out
E100000190185,E100002001974,build-out
E100000190186,E100002001974,build-out
E100000190187,E100002001974,build-out
E100000190190,E100000123261,build-out
E100000190190,E100001015587,build-out
E100000190190,E100002024471,build-out
E100000190191,E100002001974,build-out
E100000190192,E100002024375,build-out
E100000190195,E100001000060,build-out
E100000190196,E100000123261,build-out
E100000190197,E100000123261,build-out
E100000190201,E100002025030,build-out
E100000190201,E100002025031,build-out
E100000190202,E100002024821,build-out
E100000190203,E100002024820,build-out
E100000190204,E100000123261,build-out
E100000190207,E100002024998,build-out
E100000190210,E100000120754,build-out
E100000190212,E100002024858,build-out
E100000190214,E100000123261,build-out
E100000190217,E100000123261,build-out
E100000190221,E100000123261,build-out
E100000190222,E100000123261,build-out
E100000190223,E100000123261,build-out
E100000190226,E100000123261,build-out
E100000190228,E100000186749,build-out
E100000190228,E100002022338,build-out
E100000190228,E100002024382,build-out
E100000190230,E100000123261,build-out
E100000190230,E100002024591,build-out
E100000190232,E100002007351,build-out
E100000190234,E100002025122,build-out
E100000190236,E100002024474,build-out
E100000190238,E100000190190,build-out
E100000190239,E100000123261,build-out
E100000190240,E100000123261,build-out
E100000190241,E100000001096,build-out
E100000190242,E100002024845,build-out
E100000190242,E100002024846,build-out
E100000190243,E100002025113,build-out
E100000190247,E100000123261,build-out
E100000190248,E100000152086,build-out
E100000190251,E100000123261,build-out
E100000190253,E100002024383,build-out
E100000190255,E100002025098,build-out
E100000190255,E100002025099,build-out
E100000190256,E100000123261,build-out
E100000190258,E100002025102,build-out
E100000190258,E100002025103,build-out
E100000190258,E100002025104,build-out
E100000190258,E100002025105,build-out
E100000190258,E100002025106,build-out
E100000190258,E100002025107,build-out
E100000190259,E100000123261,build-out
E100000190260,E100002024816,build-out
E100000190261,E100000123261,build-out
E100000190262,E100000123261,build-out
E100000190263,E100000123261,build-out
E100000190264,E100001000641,build-out
E100000190266,E100002001974,build-out
E100000190267,E100000123261,build-out
E100000190268,E100000123261,build-out
E100000190270,E100000123261,build-out
E100000190271,E100002025111,build-out
E100000190273,E100000123261,build-out
E100000190275,E100002025034,build-out
E100000190276,E100000123261,build-out
E100000190277,E100002024683,build-out
E100000190281,E100000123261,build-out
E100000190282,E100000123261,build-out
E100000190283,E100002024481,build-out
E100000190284,E100000000774,build-out
E100000190285,E100002001689,build-out
E100000190286,E100002024873,build-out
E100000190287,E100002024873,build-out
E100000190288,E100002024873,build-out
E100000190289,E100002025112,build-out
E100000190290,E100001000074,build-out
E100000190291,E100000123261,build-out
E100000190293,E100002024332,build-out
E100000190295,E100000001096,build-out
E100000190296,E100000001096,build-out
E100000190299,E100002001974,build-out
E100000190300,E100000123261,build-out
E100000190301,E100002024328,build-out
E100000190305,E100002001974,build-out
E100000190306,E100002025017,build-out
E100000190307,E100000123261,build-out
E100000190312,E100002025094,build-out
E100000190312,E100002025095,build-out
E100000190313,E100000123261,build-out
E100000190314,E100000123261,build-out
E100000190315,E100000123261,build-out
E100000190316,E100001000060,build-out
E100000190317,E100002024578,build-out
E100000190318,E100001000150,build-out
E100000190319,E100000123261,build-out
E100000190322,E100000001096,build-out
E100000190323,E100001000060,build-out
E100000190324,E100000123261,build-out
E100000190325,E100000123261,build-out
E100000190326,E100002025036,build-out
E100000190327,E100002024816,build-out
E100000190328,E100002025101,build-out
E100000190330,E100000123261,build-out
E100000190332,E100002024862,build-out
E100000190333,E100002025114,build-out
E100000190336,E100000190131,build-out
E100000190336,E100002025064,build-out
E100000190337,E100000123261,build-out
E100000190339,E100000123261,build-out
E100000190340,E100000123261,build-out
E100000190341,E100002002694,build-out
E100000190344,E100001000060,build-out
E100000190346,E100002001974,build-out
E100000190348,E100000123261,build-out
E100000190349,E100000123261,build-out
E100000190350,E100000123261,build-out
E100000190353,E100002001372,build-out
E100000190354,E100002024858,build-out
E100000190355,E100001000132,build-out
E100000190357,E100001000156,build-out
E100000190358,E100000123261,build-out
E100000190361,E100000123261,build-out
E100000190363,E100002001974,build-out
E100000190364,E100002024884,build-out
E100000190365,E100001000060,build-out
E100000190367,E100001010048,build-out
E100000190368,E100000123261,build-out
E100000190369,E100000190221,build-out
E100000190370,E100002024474,build-out
E100000190372,E100000123261,build-out
E100000190373,E100002024862,build-out
E100000190381,E100000158306,build-out
E100000190381,E100001015587,build-out
E100000190381,E100002022268,build-out
E100000190422,E100002005213,build-out
E100000190746,E100000137427,build-out
E100000191110,E100001011300,build-out
E100000191176,E100001000266,build-out
E100000191206,E100001014553,build-out
E100000191246,E100000123261,build-out
E100000191246,E100001010429,build-out
E100000191246,E100001010438,build-out
E100000191246,E100001015587,build-out
E100000191651,E100002018592,build-out
E100000191789,E100001010427,build-out
E100000191789,E100001015587,build-out
E100000191789,E100002021548,build-out
E100000191789,E100002021549,build-out
E100000191876,E100000189563,build-out
E100000191876,E100000192682,build-out
E100000191876,E100001000089,build-out
E100000192399,E100000189651,build-out
E100000192529,E100000000659,build-out
E100001000012,E100001015587,build-out
E100001000019,E100002022403,build-out
E100001000044,E100001015587,build-out
E100001000045,E100000123261,build-out
E100001000045,E100001015587,build-out
E100001000049,E100001000348,build-out
E100001000056,E100000123261,build-out
E100001000066,E100002009043,build-out
E100001000066,E100002024374,build-out
E100001000070,E100002002715,build-out
E100001000071,E100002017143,build-out
E100001000076,E100002024741,build-out
E100001000083,E100001015587,build-out
E100001000086,E100001014866,build-out
E100001000096,E100002016926,build-out
E100001000101,E100001015587,build-out
E100001000102,E100001015587,build-out
E100001000103,E100001000105,build-out
E100001000105,E100000000651,build-out
E100001000105,E100002022069,build-out
E100001000105,E100002022070,build-out
E100001000111,E100001011687,build-out
E100001000111,E100001015587,build-out
E100001000111,E100002025117,build-out
E100001000111,E100002025118,build-out
E100001000129,E100000000643,build-out
E100001000130,E100001000178,build-out
E100001000130,E100001000382,build-out
E100001000130,E100001015587,build-out
E100001000150,E100000132505,build-out
E100001000152,E100001015587,build-out
E100001000152,E100002025056,build-out
E100001000160,E100002015845,build-out
E100001000160,E100002015846,build-out
E100001000161,E100000131685,build-out
E100001000161,E100001000188,build-out
E100001000161,E100001015587,build-out
E100001000165,E100000000053,build-out
E100001000165,E100001015587,build-out
E100001000168,E100002016058,build-out
E100001000168,E100002016059,build-out
E100001000172,E100000123261,build-out
E100001000181,E100002001689,build-out
E100001000188,E100000123261,build-out
E100001000188,E100001015587,build-out
E100001000188,E100002016584,build-out
E100001000188,E100002016585,build-out
E100001000188,E100002016586,build-out
E100001000202,E100002002715,build-out
E100001000203,E100002015161,build-out
E100001000208,E100001000348,build-out
E100001000208,E100001010595,build-out
E100001000208,E100001010596,build-out
E100001000208,E100001010706,build-out
E100001000208,E100001015587,build-out
E100001000208,E100002021845,build-out
E100001000214,E100002024655,build-out
E100001000217,E100002016121,build-out
E100001000237,E100001011023,build-out
E100001000242,E100001010004,build-out
E100001000245,E100000001005,build-out
E100001000248,E100000000050,build-out
E100001000262,E100001011382,build-out
E100001000262,E100001011383,build-out
E100001000262,E100001015909,build-out
E100001000262,E100002022065,build-out
E100001000272,E100001015587,build-out
E100001000286,E100000123261,build-out
E100001000303,E100000134527,build-out
E100001000303,E100001015587,build-out
E100001000303,E100002016550,build-out
E100001000303,E100002016552,build-out
E100001000304,E100000123261,build-out
E100001000313,E100001000311,build-out
E100001000324,E100002005441,build-out
E100001000325,E100000123261,build-out
E100001000328,E100000125903,build-out
E100001000329,E100001015587,build-out
E100001000346,E100001000348,build-out
E100001000346,E100001010595,build-out
E100001000346,E100001015587,build-out
E100001000346,E100002022061,build-out
E100001000346,E100002022062,build-out
E100001000347,E100000001155,build-out
E100001000347,E100001000348,build-out
E100001000347,E100001010595,build-out
E100001000347,E100001015587,build-out
E100001000350,E100001015587,build-out
E100001000368,E100002021971,build-out
E100001000374,E100002003297,build-out
E100001000382,E100002001974,build-out
E100001000402,E100001010596,build-out
E100001000402,E100002000938,build-out
E100001000402,E100002005522,build-out
E100001000402,E100002010734,build-out
E100001000402,E100002021984,build-out
E100001000402,E100002024163,build-out
E100001000405,E100001015587,build-out
E100001000405,E100002005441,build-out
E100001000405,E100002024564,build-out
E100001000405,E100002024565,build-out
E100001000405,E100002024566,build-out
E100001000411,E100001010643,build-out
E100001000412,E100000135826,build-out
E100001000413,E100002022970,build-out
E100001000427,E100000000544,build-out
E100001000427,E100000000561,build-out
E100001000427,E100001016282,build-out
E100001000427,E100002021998,build-out
E100001000427,E100002021999,build-out
E100001000427,E100002022000,build-out
E100001000427,E100002022001,build-out
E100001000441,E100001015587,build-out
E100001000441,E100002015319,build-out
E100001000441,E100002015320,build-out
E100001000441,E100002015321,build-out
E100001000441,E100002015322,build-out
E100001000444,E100000123261,build-out
E100001000479,E100001000520,build-out
E100001000480,E100001010705,build-out
E100001000489,E100001000490,build-out
E100001000489,E100001000491,build-out
E100001000515,E100000123261,build-out
E100001000522,E100000120686,build-out
E100001000533,E100001001102,build-out
E100001000535,E100001015587,build-out
E100001000545,E100000123261,build-out
E100001000548,E100001000653,build-out
E100001000549,E100001000653,build-out
E100001000550,E100001013685,build-out
E100001000551,E100001000653,build-out
E100001000552,E100001000653,build-out
E100001000553,E100001015587,build-out
E100001000553,E100002015451,build-out
E100001000568,E100000123261,build-out
E100001000573,E100000001528,build-out
E100001000577,E100000131887,build-out
E100001000577,E100002024713,build-out
E100001000580,E100002007167,build-out
E100001000591,E100001016267,build-out
E100001000597,E100001011617,build-out
E100001000604,E100002022704,build-out
E100001000610,E100000131527,build-out
E100001000618,E100001015587,build-out
E100001000618,E100002008182,build-out
E100001000618,E100002021191,build-out
E100001000618,E100002021192,build-out
E100001000620,E100000001445,build-out
E100001000635,E100000123261,build-out
E100001000636,E100001015587,build-out
E100001000636,E100002010594,build-out
E100001000641,E100001010595,build-out
E100001000641,E100001010597,build-out
E100001000641,E100001015587,build-out
E100001000643,E100002011739,build-out
E100001000648,E100001015587,build-out
E100001000648,E100002016391,build-out
E100001000652,E100001015415,build-out
E100001000652,E100001015587,build-out
E100001000652,E100002022057,build-out
E100001000654,E100002015971,build-out
E100001000661,E100000000834,build-out
E100001000670,E100000123261,build-out
E100001000676,E100001015587,build-out
E100001000695,E100000123261,build-out
E100001000702,E100000123261,build-out
E100001000702,E100002021551,build-out
E100001000729,E100000123261,build-out
E100001000729,E100001015587,build-out
E100001000730,E100002025041,build-out
E100001000736,E100001000520,build-out
E100001000737,E100001015587,build-out
E100001000737,E100002017759,build-out
E100001000746,E100001011088,build-out
E100001000746,E100001015587,build-out
E100001000747,E100002024587,build-out
E100001000752,E100001000385,build-out
E100001000771,E100001000781,build-out
E100001000772,E100002024718,build-out
E100001000774,E100001010577,build-out
E100001000774,E100002000200,build-out
E100001000776,E100002024719,build-out
E100001000778,E100002009261,build-out
E100001000779,E100001000407,build-out
E100001000783,E100001000790,build-out
E100001000783,E100002017758,build-out
E100001000789,E100000123261,build-out
E100001000794,E100001015587,build-out
E100001000828,E100001011088,build-out
E100001000840,E100002015978,build-out
E100001000848,E100001015587,build-out
E100001000852,E100001000404,build-out
E100001000857,E100000123261,build-out
E100001000857,E100001016419,build-out
E100001000859,E100001015587,build-out
E100001000861,E100002015267,build-out
E100001000869,E100001016480,build-out
E100001000871,E100001000094,build-out
E100001000882,E100001000178,build-out
E100001000882,E100001015587,build-out
E100001000882,E100002005080,build-out
E100001000884,E100001000877,build-out
E100001000887,E100001000879,build-out
E100001000894,E100001011136,build-out
E100001000899,E100000001870,build-out
E100001000901,E100002001974,build-out
E100001000932,E100000136108,build-out
E100001000932,E100001015587,build-out
E100001000937,E100001000348,build-out
E100001000937,E100001010595,build-out
E100001000937,E100001015587,build-out
E100001000944,E100002017722,build-out
E100001000946,E100001000653,build-out
E100001000957,E100002020869,build-out
E100001001019,E100002024786,build-out
E100001001019,E100002024787,build-out
E100001001019,E100002024788,build-out
E100001001029,E100000001870,build-out
E100001001030,E100000001572,build-out
E100001001030,E100001015587,build-out
E100001001030,E100002022454,build-out
E100001001036,E100000003873,build-out
E100001001070,E100001015587,build-out
E100001001070,E100002003008,build-out
E100001001070,E100002016831,build-out
E100001001070,E100002016832,build-out
E100001001073,E100002001974,build-out
E100001001153,E100002016272,build-out
E100001001220,E100000002206,build-out
E100001001276,E100002016095,build-out
E100001001279,E100000001209,build-out
E100001001322,E100001000178,build-out
E100001001322,E100001000179,build-out
E100001001322,E100001015587,build-out
E100001001328,E100001001371,build-out
E100001001343,E100001000402,build-out
E100001001371,E100000001094,build-out
E100001001371,E100000002192,build-out
E100001001371,E100002008597,build-out
E100001001379,E100001014809,build-out
E100001001379,E100001015247,build-out
E100001001389,E100001016832,build-out
E100001001392,E100002016210,build-out
E100001001397,E100000002535,build-out
E100001001411,E100002017015,build-out
E100001001416,E100002001974,build-out
E100001001419,E100002017782,build-out
E100001001443,E100001010346,build-out
E100001010004,E100001000243,build-out
E100001010007,E100000123261,build-out
E100001010007,E100001015587,build-out
E100001010007,E100002021916,build-out
E100001010007,E100002021917,build-out
E100001010007,E100002021918,build-out
E100001010021,E100001010020,build-out
E100001010023,E100002017593,build-out
E100001010033,E100002016967,build-out
E100001010039,E100001013271,build-out
E100001010043,E100001000208,build-out
E100001010047,E100001000636,build-out
E100001010049,E100000123261,build-out
E100001010050,E100001015587,build-out
E100001010057,E100001010281,build-out
E100001010063,E100002021743,build-out
E100001010063,E100002021744,build-out
E100001010064,E100002021760,build-out
E100001010116,E100001016677,build-out
E100001010152,E100001000516,build-out
E100001010156,E100001011136,build-out
E100001010162,E100001016146,build-out
E100001010180,E100001010018,build-out
E100001010181,E100001010596,build-out
E100001010185,E100001010928,build-out
E100001010185,E100001011072,build-out
E100001010196,E100001000178,build-out
E100001010196,E100002015325,build-out
E100001010196,E100002015327,build-out
E100001010203,E100000000102,build-out
E100001010205,E100002022051,build-out
E100001010205,E100002022052,build-out
E100001010206,E100000001169,build-out
E100001010226,E100000123261,build-out
E100001010234,E100001000348,build-out
E100001010234,E100001010595,build-out
E100001010234,E100001010596,build-out
E100001010234,E100001015587,build-out
E100001010262,E100001015587,build-out
E100001010263,E100001015587,build-out
E100001010271,E100001000286,build-out
E100001010271,E100001014849,build-out
E100001010271,E100001015587,build-out
E100001010271,E100002022059,build-out
E100001010287,E100002024571,build-out
E100001010296,E100002016465,build-out
E100001010296,E100002016466,build-out
E100001010312,E100000123261,build-out
E100001010327,E100001010326,build-out
E100001010328,E100001000439,build-out
E100001010334,E100002024721,build-out
E100001010335,E100000123261,build-out
E100001010335,E100001015587,build-out
E100001010350,E100000131921,build-out
E100001010368,E100001010777,build-out
E100001010377,E100001000439,build-out
E100001010378,E100000123261,build-out
E100001010381,E100001010438,build-out
E100001010387,E100001013231,build-out
E100001010387,E100002017452,build-out
E100001010420,E100000123261,build-out
E100001010421,E100002011758,build-out
E100001010423,E100001000614,build-out
E100001010428,E100002015130,build-out
E100001010429,E100001016380,build-out
E100001010432,E100002022077,build-out
E100001010432,E100002022078,build-out
E100001010436,E100002009440,build-out
E100001010438,E100002005443,build-out
E100001010448,E100000003834,build-out
E100001010449,E100000000697,build-out
E100001010449,E100002017467,build-out
E100001010455,E100001015587,build-out
E100001010465,E100000002579,build-out
E100001010492,E100001015587,build-out
E100001010505,E100002006452,build-out
E100001010508,E100000003551,build-out
E100001010508,E100000003763,build-out
E100001010508,E100002017537,build-out
E100001010508,E100002017538,build-out
E100001010509,E100001014553,build-out
E100001010523,E100001015587,build-out
E100001010524,E100001011222,build-out
E100001010534,E100002012031,build-out
E100001010534,E100002012033,build-out
E100001010546,E100001010995,build-out
E100001010558,E100000002109,build-out
E100001010558,E100001015587,build-out
E100001010558,E100002024877,build-out
E100001010569,E100001015587,build-out
E100001010573,E100002004259,build-out
E100001010577,E100002001974,build-out
E100001010585,E100000001233,build-out
E100001010591,E100000000018,build-out
E100001010593,E100000000372,build-out
E100001010596,E100001000348,build-out
E100001010597,E100002001974,build-out
E100001010615,E100000132148,build-out
E100001010627,E100001015587,build-out
E100001010639,E100001016347,build-out
E100001010667,E100002017439,build-out
E100001010668,E100001015587,build-out
E100001010674,E100001015587,build-out
E100001010674,E100002000013,build-out
E100001010674,E100002024165,build-out
E100001010696,E100001010659,build-out
E100001010700,E100002017576,build-out
E100001010709,E100000120009,build-out
E100001010711,E100000123261,build-out
E100001010711,E100001010712,build-out
E100001010711,E100001015587,build-out
E100001010711,E100002021936,build-out
E100001010711,E100002021937,build-out
E100001010712,E100000123261,build-out
E100001010752,E100002012059,build-out
E100001010764,E100002024599,build-out
E100001010769,E100000000870,build-out
E100001010779,E100002022269,build-out
E100001010783,E100001000397,build-out
E100001010783,E100001000520,build-out
E100001010783,E100001015587,build-out
E100001010787,E100002022079,build-out
E100001010787,E100002022080,build-out
E100001010802,E100002010146,build-out
E100001010803,E100001010802,build-out
E100001010804,E100002010146,build-out
E100001010816,E100002021786,build-out
E100001010818,E100000123261,build-out
E100001010819,E100001000094,build-out
E100001010822,E100000000864,build-out
E100001010823,E100000123261,build-out
E100001010838,E100001015587,build-out
E100001010839,E100002016520,build-out
E100001010845,E100000001305,build-out
E100001010852,E100001011143,build-out
E100001010853,E100000123261,build-out
E100001010854,E100000131638,build-out
E100001010855,E100002022048,build-out
E100001010856,E100001010643,build-out
E100001010860,E100001014312,build-out
E100001010862,E100001014888,build-out
E100001010867,E100001015587,build-out
E100001010868,E100002018827,build-out
E100001010886,E100002001974,build-out
E100001010887,E100002022047,build-out
E100001010893,E100000123261,build-out
E100001010901,E100002012071,build-out
E100001010912,E100000130489,build-out
E100001010923,E100000000145,build-out
E100001010930,E100000123261,build-out
E100001010932,E100002022091,build-out
E100001010943,E100001011623,build-out
E100001010967,E100001010964,build-out
E100001010984,E100002017102,build-out
E100001010991,E100002017476,build-out
E100001011006,E100000000652,build-out
E100001011006,E100001000400,build-out
E100001011020,E100001015587,build-out
E100001011020,E100002017528,build-out
E100001011020,E100002017529,build-out
E100001011023,E100001000178,build-out
E100001011023,E100001000179,build-out
E100001011023,E100001015587,build-out
E100001011023,E100002016862,build-out
E100001011030,E100001000348,build-out
E100001011030,E100001010595,build-out
E100001011030,E100001015587,build-out
E100001011030,E100002003009,build-out
E100001011038,E100002000809,build-out
E100001011048,E100000000104,build-out
E100001011053,E100001015587,build-out
E100001011054,E100000001035,build-out
E100001011055,E100002021877,build-out
E100001011064,E100000001155,build-out
E100001011066,E100001015587,build-out
E100001011079,E100002015692,build-out
E100001011087,E100001000178,build-out
E100001011087,E100001000179,build-out
E100001011091,E100000123261,build-out
E100001011091,E100002015224,build-out
E100001011093,E100000000533,build-out
E100001011093,E100001015587,build-out
E100001011093,E100002021585,build-out
E100001011093,E100002021586,build-out
E100001011093,E100002021587,build-out
E100001011093,E100002021588,build-out
E100001011095,E100001014212,build-out
E100001011103,E100001015587,build-out
E100001011108,E100000000864,build-out
E100001011111,E100000000610,build-out
E100001011113,E100000000671,build-out
E100001011114,E100002022081,build-out
E100001011114,E100002022083,build-out
E100001011114,E100002022084,build-out
E100001011115,E100002001974,build-out
E100001011132,E100001015587,build-out
E100001011132,E100002022260,build-out
E100001011132,E100002022261,build-out
E100001011137,E100001015587,build-out
E100001011137,E100002016284,build-out
E100001011137,E100002016287,build-out
E100001011137,E100002016291,build-out
E100001011143,E100000001712,build-out
E100001011143,E100001015587,build-out
E100001011143,E100002008182,build-out
E100001011143,E100002016086,build-out
E100001011143,E100002016088,build-out
E100001011145,E100002017569,build-out
E100001011149,E100002011840,build-out
E100001011152,E100001015587,build-out
E100001011189,E100002015807,build-out
E100001011197,E100000123261,build-out
E100001011213,E100001000197,build-out
E100001011215,E100000123261,build-out
E100001011233,E100002005807,build-out
E100001011237,E100002017631,build-out
E100001011241,E100001015720,build-out
E100001011244,E100000001158,build-out
E100001011244,E100002016431,build-out
E100001011244,E100002016432,build-out
E100001011267,E100000001179,build-out
E100001011297,E100002009060,build-out
E100001011297,E100002015333,build-out
E100001011308,E100001015377,build-out
E100001011381,E100000123261,build-out
E100001011382,E100002001974,build-out
E100001011383,E100002001974,build-out
E100001011389,E100002016532,build-out
E100001011389,E100002016533,build-out
E100001011389,E100002016534,build-out
E100001011508,E100002022322,build-out
E100001011508,E100002022323,build-out
E100001011508,E100002022324,build-out
E100001011510,E100002021782,build-out
E100001011511,E100002007863,build-out
E100001011522,E100001015587,build-out
E100001011522,E100002001974,build-out
E100001011535,E100002017090,build-out
E100001011545,E100000135826,build-out
E100001011563,E100001015587,build-out
E100001011575,E100001015587,build-out
E100001011578,E100001015754,build-out
E100001011578,E100001016577,build-out
E100001011585,E100001015587,build-out
E100001011585,E100002016451,build-out
E100001011585,E100002016452,build-out
E100001011585,E100002016453,build-out
E100001011585,E100002016454,build-out
E100001011595,E100002022227,build-out
E100001011617,E100002001974,build-out
E100001011630,E100002009076,build-out
E100001011660,E100001015587,build-out
E100001011660,E100001016718,build-out
E100001011660,E100001016719,build-out
E100001011665,E100002015889,build-out
E100001011666,E100000133871,build-out
E100001011666,E100001000374,build-out
E100001011666,E100001011665,build-out
E100001011666,E100002015890,build-out
E100001011669,E100001010449,build-out
E100001011672,E100001015587,build-out
E100001011672,E100002017544,build-out
E100001011674,E100000133745,build-out
E100001011674,E100001015587,build-out
E100001011674,E100002017545,build-out
E100001011674,E100002017546,build-out
E100001011678,E100002000911,build-out
E100001011690,E100001000348,build-out
E100001011690,E100001010595,build-out
E100001011690,E100001010596,build-out
E100001011690,E100001015587,build-out
E100001011694,E100000000946,build-out
E100001011696,E100000004351,build-out
E100001011696,E100000123261,build-out
E100001011696,E100001015587,build-out
E100001011703,E100000123261,build-out
E100001011703,E100001015587,build-out
E100001011759,E100000000652,build-out
E100001011793,E100000000557,build-out
E100001011822,E100000123261,build-out
E100001011842,E100000000394,build-out
E100001011858,E100000123261,build-out
E100001011865,E100000000549,build-out
E100001011866,E100000000565,build-out
E100001011886,E100001011887,build-out
E100001011896,E100001011897,build-out
E100001011918,E100002025205,build-out
E100001011943,E100000001371,build-out
E100001011943,E100000120358,build-out
E100001011965,E100000001322,build-out
E100001011974,E100002017634,build-out
E100001011985,E100001000348,build-out
E100001011985,E100001010595,build-out
E100001011985,E100001011289,build-out
E100001011985,E100001014434,build-out
E100001011985,E100001015587,build-out
E100001011987,E100000123261,build-out
E100001012003,E100000000901,build-out
E100001012022,E100000000003,build-out
E100001012022,E100000001755,build-out
E100001012027,E100001012028,build-out
E100001012028,E100000123261,build-out
E100001012048,E100001015587,build-out
E100001012160,E100002018523,build-out
E100001012160,E100002018524,build-out
E100001012160,E100002018525,build-out
E100001012220,E100001015587,build-out
E100001012233,E100002015140,build-out
E100001012293,E100000123261,build-out
E100001012387,E100001015587,build-out
E100001012387,E100002016536,build-out
E100001012387,E100002016537,build-out
E100001012693,E100002001974,build-out
E100001012710,E100000123261,build-out
E100001012754,E100000123261,build-out
E100001012802,E100002018536,build-out
E100001012805,E100000123261,build-out
E100001012815,E100000000395,build-out
E100001012974,E100000123261,build-out
E100001012977,E100001000605,build-out
E100001013005,E100001013006,build-out
E100001013005,E100001013007,build-out
E100001013005,E100001013008,build-out
E100001013023,E100001015587,build-out
E100001013023,E100002010811,build-out
E100001013023,E100002010812,build-out
E100001013023,E100002010813,build-out
E100001013027,E100001015587,build-out
E100001013034,E100000123261,build-out
E100001013037,E100000123261,build-out
E100001013073,E100001013279,build-out
E100001013130,E100001000557,build-out
E100001013134,E100002015639,build-out
E100001013135,E100000123261,build-out
E100001013136,E100000123261,build-out
E100001013136,E100002009391,build-out
E100001013136,E100002009392,build-out
E100001013136,E100002009394,build-out
E100001013154,E100001013155,build-out
E100001013161,E100000001270,build-out
E100001013179,E100002017719,build-out
E100001013205,E100001015587,build-out
E100001013231,E100000000641,build-out
E100001013239,E100002017482,build-out
E100001013260,E100001015587,build-out
E100001013270,E100001015587,build-out
E100001013277,E100001000537,build-out
E100001013277,E100001015587,build-out
E100001013279,E100002015909,build-out
E100001013298,E100001015587,build-out
E100001013358,E100001015587,build-out
E100001013381,E100001015587,build-out
E100001013383,E100000132114,build-out
E100001013384,E100000123261,build-out
E100001013385,E100000000015,build-out
E100001013433,E100002024569,build-out
E100001013464,E100001015587,build-out
E100001013473,E100002016077,build-out
E100001013479,E100002017632,build-out
E100001013486,E100001000537,build-out
E100001013486,E100001015587,build-out
E100001013495,E100002024568,build-out
E100001013514,E100002010632,build-out
E100001013514,E100002010633,build-out
E100001013522,E100002022884,build-out
E100001013537,E100001015587,build-out
E100001013538,E100000133214,build-out
E100001013538,E100001015587,build-out
E100001013538,E100002010755,build-out
E100001013538,E100002010756,build-out
E100001013538,E100002010757,build-out
E100001013540,E100001015587,build-out
E100001013553,E100000132055,build-out
E100001013560,E100001015587,build-out
E100001013585,E100001015587,build-out
E100001013620,E100001015587,build-out
E100001013620,E100002018595,build-out
E100001013654,E100001013073,build-out
E100001013654,E100001015587,build-out
E100001013669,E100001015587,build-out
E100001013673,E100002009539,build-out
E100001013681,E100000001052,build-out
E100001013685,E100001000653,build-out
E100001013687,E100000123261,build-out
E100001013695,E100000123261,build-out
E100001013701,E100000121182,build-out
E100001013720,E100000123261,build-out
E100001013732,E100002012059,build-out
E100001013782,E100002018580,build-out
E100001013787,E100000131973,build-out
E100001013792,E100002001974,build-out
E100001013801,E100000001335,build-out
E100001013806,E100002009479,build-out
E100001013817,E100001000537,build-out
E100001013832,E100001015587,build-out
E100001013992,E100001015587,build-out
E100001014009,E100000001234,build-out
E100001014020,E100000123261,build-out
E100001014027,E100000001079,build-out
E100001014053,E100000123261,build-out
E100001014054,E100000123261,build-out
E100001014062,E100001015587,build-out
E100001014062,E100002005244,build-out
E100001014064,E100001014849,build-out
E100001014065,E100001014066,build-out
E100001014066,E100000123261,build-out
E100001014067,E100001014068,build-out
E100001014067,E100001014069,build-out
E100001014067,E100001014070,build-out
E100001014067,E100001014071,build-out
E100001014070,E100000123261,build-out
E100001014071,E100002005153,build-out
E100001014077,E100002025090,build-out
E100001014078,E100001015587,build-out
E100001014078,E100002022500,build-out
E100001014078,E100002022501,build-out
E100001014078,E100002022502,build-out
E100001014079,E100000123261,build-out
E100001014097,E100001014099,build-out
E100001014097,E100001014100,build-out
E100001014099,E100001014102,build-out
E100001014100,E100000001179,build-out
E100001014102,E100000000746,build-out
E100001014104,E100001014107,build-out
E100001014107,E100001014108,build-out
E100001014108,E100000123261,build-out
E100001014108,E100001014862,build-out
E100001014108,E100002005521,build-out
E100001014108,E100002005522,build-out
E100001014108,E100002005523,build-out
E100001014111,E100001000827,build-out
E100001014111,E100001014112,build-out
E100001014112,E100001010088,build-out
E100001014129,E100001000348,build-out
E100001014129,E100001010595,build-out
E100001014129,E100001010596,build-out
E100001014129,E100001015587,build-out
E100001014129,E100002022234,build-out
E100001014131,E100000000978,build-out
E100001014132,E100000000676,build-out
E100001014132,E100000000846,build-out
E100001014132,E100000000888,build-out
E100001014132,E100000001086,build-out
E100001014132,E100000001860,build-out
E100001014132,E100001014134,build-out
E100001014132,E100001014135,build-out
E100001014136,E100000000888,build-out
E100001014140,E100000123261,build-out
E100001014141,E100002001974,build-out
E100001014142,E100002017724,build-out
E100001014153,E100001014155,build-out
E100001014154,E100001015291,build-out
E100001014154,E100001015587,build-out
E100001014158,E100001011213,build-out
E100001014203,E100000123261,build-out
E100001014207,E100000123261,build-out
E100001014210,E100000000019,build-out
E100001014211,E100000000053,build-out
E100001014222,E100000000034,build-out
E100001014222,E100000000505,build-out
E100001014222,E100000000638,build-out
E100001014222,E100000001096,build-out
E100001014222,E100000001213,build-out
E100001014222,E100001014223,build-out
E100001014222,E100001015587,build-out
E100001014226,E100001014826,build-out
E100001014229,E100001014512,build-out
E100001014229,E100002017453,build-out
E100001014233,E100000000746,build-out
E100001014235,E100001014668,build-out
E100001014237,E100000001407,build-out
E100001014238,E100001000534,build-out
E100001014258,E100001000209,build-out
E100001014264,E100001015054,build-out
E100001014266,E100000000387,build-out
E100001014266,E100000000505,build-out
E100001014266,E100000000610,build-out
E100001014266,E100000000766,build-out
E100001014266,E100000001096,build-out
E100001014266,E100001014223,build-out
E100001014266,E100001014271,build-out
E100001014277,E100001000278,build-out
E100001014280,E100000004093,build-out
E100001014280,E100001015587,build-out
E100001014280,E100002004584,build-out
E100001014280,E100002005034,build-out
E100001014280,E100002022138,build-out
E100001014281,E100001014282,build-out
E100001014282,E100001015587,build-out
E100001014283,E100001015587,build-out
E100001014284,E100001015391,build-out
E100001014285,E100002020926,build-out
E100001014289,E100002016023,build-out
E100001014293,E100001014294,build-out
E100001014294,E100000123261,build-out
E100001014298,E100001014299,build-out
E100001014299,E100000123261,build-out
E100001014300,E100000001282,build-out
E100001014300,E100001014301,build-out
E100001014304,E100000123261,build-out
E100001014305,E100001014306,build-out
E100001014305,E100001014307,build-out
E100001014305,E100001014308,build-out
E100001014308,E100002020934,build-out
E100001014311,E100001015587,build-out
E100001014311,E100002019356,build-out
E100001014311,E100002019357,build-out
E100001014312,E100001015587,build-out
E100001014315,E100002019356,build-out
E100001014324,E100000001321,build-out
E100001014324,E100001014325,build-out
E100001014325,E100001014648,build-out
E100001014325,E100001015587,build-out
E100001014325,E100001015850,build-out
E100001014343,E100000002574,build-out
E100001014346,E100001014345,build-out
E100001014346,E100002001416,build-out
E100001014348,E100000001763,build-out
E100001014348,E100002015944,build-out
E100001014348,E100002015945,build-out
E100001014357,E100002007656,build-out
E100001014361,E100000000112,build-out
E100001014361,E100001014325,build-out
E100001014362,E100001014325,build-out
E100001014362,E100001014363,build-out
E100001014364,E100001014365,build-out
E100001014364,E100001014366,build-out
E100001014367,E100000152934,build-out
E100001014368,E100001015587,build-out
E100001014368,E100002022339,build-out
E100001014370,E100002022128,build-out
E100001014371,E100001015587,build-out
E100001014373,E100001014862,build-out
E100001014373,E100001015587,build-out
E100001014380,E100000001247,build-out
E100001014380,E100002019367,build-out
E100001014382,E100000001254,build-out
E100001014382,E100001014325,build-out
E100001014382,E100001014383,build-out
E100001014386,E100001000348,build-out
E100001014386,E100001010595,build-out
E100001014386,E100001015587,build-out
E100001014390,E100000123261,build-out
E100001014393,E100000002892,build-out
E100001014394,E100001015587,build-out
E100001014394,E100002019375,build-out
E100001014398,E100001014294,build-out
E100001014399,E100001014294,build-out
E100001014401,E100001000099,build-out
E100001014421,E100001014354,build-out
E100001014421,E100001014422,build-out
E100001014422,E100000000173,build-out
E100001014423,E100001014424,build-out
E100001014424,E100001014425,build-out
E100001014425,E100001014426,build-out
E100001014426,E100001014282,build-out
E100001014430,E100001015587,build-out
E100001014431,E100001014432,build-out
E100001014432,E100001000094,build-out
E100001014432,E100001015587,build-out
E100001014433,E100001010596,build-out
E100001014433,E100001015587,build-out
E100001014434,E100001016645,build-out
E100001014436,E100002020928,build-out
E100001014437,E100000000585,build-out
E100001014437,E100002005012,build-out
E100001014438,E100000001179,build-out
E100001014455,E100000000173,build-out
E100001014455,E100001000328,build-out
E100001014455,E100001015587,build-out
E100001014482,E100000000118,build-out
E100001014497,E100001014498,build-out
E100001014498,E100001000151,build-out
E100001014499,E100001011247,build-out
E100001014501,E100001011247,build-out
E100001014502,E100001000090,build-out
E100001014505,E100002022328,build-out
E100001014510,E100001014511,build-out
E100001014511,E100001015870,build-out
E100001014512,E100001014758,build-out
E100001014516,E100000000473,build-out
E100001014516,E100001014966,build-out
E100001014521,E100001014522,build-out
E100001014523,E100001014325,build-out
E100001014523,E100001014524,build-out
E100001014524,E100001015015,build-out
E100001014531,E100000000470,build-out
E100001014532,E100000153201,build-out
E100001014533,E100001014505,build-out
E100001014535,E100001014536,build-out
E100001014542,E100001015587,build-out
E100001014543,E100001010707,build-out
E100001014546,E100001014542,build-out
E100001014553,E100000001647,build-out
E100001014553,E100001000730,build-out
E100001014553,E100001015587,build-out
E100001014556,E100001014559,build-out
E100001014556,E100001014560,build-out
E100001014559,E100001014294,build-out
E100001014560,E100000001282,build-out
E100001014566,E100000149031,build-out
E100001014566,E100002007789,build-out
E100001014568,E100001010234,build-out
E100001014568,E100001015587,build-out
E100001014568,E100002005438,build-out
E100001014569,E100001010913,build-out
E100001014571,E100000000245,build-out
E100001014572,E100001000348,build-out
E100001014572,E100001010595,build-out
E100001014572,E100001014573,build-out
E100001014572,E100001014574,build-out
E100001014572,E100001015587,build-out
E100001014579,E100001014826,build-out
E100001014581,E100000001321,build-out
E100001014581,E100001014325,build-out
E100001014582,E100001000348,build-out
E100001014582,E100001010595,build-out
E100001014582,E100001015587,build-out
E100001014599,E100002018826,build-out
E100001014602,E100001015587,build-out
E100001014602,E100002000201,build-out
E100001014603,E100001014604,build-out
E100001014603,E100001014605,build-out
E100001014604,E100001015278,build-out
E100001014605,E100002024995,build-out
E100001014605,E100002024996,build-out
E100001014610,E100000189064,build-out
E100001014610,E100002017663,build-out
E100001014610,E100002017665,build-out
E100001014611,E100000000585,build-out
E100001014611,E100001015587,build-out
E100001014615,E100001014807,build-out
E100001014616,E100000001384,build-out
E100001014623,E100001014325,build-out
E100001014623,E100001014426,build-out
E100001014626,E100000001260,build-out
E100001014626,E100001000348,build-out
E100001014626,E100001010595,build-out
E100001014626,E100001015587,build-out
E100001014627,E100000000387,build-out
E100001014627,E100001014354,build-out
E100001014627,E100001014628,build-out
E100001014627,E100001014629,build-out
E100001014630,E100001014631,build-out
E100001014630,E100001014633,build-out
E100001014630,E100001014634,build-out
E100001014630,E100001014635,build-out
E100001014630,E100001015587,build-out
E100001014631,E100000123261,build-out
E100001014631,E100001015587,build-out
E100001014633,E100000123261,build-out
E100001014633,E100001015587,build-out
E100001014634,E100002022333,build-out
E100001014635,E100000123261,build-out
E100001014635,E100001015587,build-out
E100001014636,E100001014805,build-out
E100001014641,E100000125036,build-out
E100001014642,E100001000211,build-out
E100001014645,E100000001534,build-out
E100001014645,E100001000348,build-out
E100001014645,E100001010595,build-out
E100001014645,E100001010596,build-out
E100001014645,E100001015587,build-out
E100001014646,E100001015278,build-out
E100001014648,E100002021868,build-out
E100001014668,E100002005206,build-out
E100001014669,E100000001835,build-out
E100001014670,E100000000112,build-out
E100001014673,E100000000746,build-out
E100001014673,E100000001096,build-out
E100001014673,E100001014728,build-out
E100001014674,E100000001096,build-out
E100001014681,E100000123261,build-out
E100001014681,E100001015587,build-out
E100001014681,E100002019433,build-out
E100001014683,E100000000610,build-out
E100001014693,E100001016091,build-out
E100001014696,E100001015587,build-out
E100001014697,E100001015587,build-out
E100001014697,E100002022170,build-out
E100001014700,E100000188471,build-out
E100001014703,E100002019373,build-out
E100001014704,E100001010582,build-out
E100001014712,E100001014713,build-out
E100001014712,E100001014714,build-out
E100001014712,E100001014715,build-out
E100001014712,E100001014717,build-out
E100001014712,E100001014718,build-out
E100001014712,E100001014719,build-out
E100001014712,E100001015587,build-out
E100001014721,E100002005547,build-out
E100001014728,E100000001213,build-out
E100001014732,E100002022461,build-out
E100001014732,E100002022462,build-out
E100001014734,E100001015587,build-out
E100001014737,E100000152856,build-out
E100001014755,E100001000350,build-out
E100001014755,E100001015587,build-out
E100001014755,E100002008182,build-out
E100001014755,E100002022366,build-out
E100001014764,E100000001282,build-out
E100001014764,E100001014282,build-out
E100001014764,E100001014765,build-out
E100001014765,E100001016035,build-out
E100001014766,E100001014524,build-out
E100001014772,E100001014321,build-out
E100001014780,E100001015587,build-out
E100001014781,E100000000376,build-out
E100001014781,E100002017062,build-out
E100001014788,E100001000023,build-out
E100001014791,E100001014792,build-out
E100001014792,E100001014793,build-out
E100001014799,E100000004170,build-out
E100001014799,E100001014345,build-out
E100001014807,E100001014808,build-out
E100001014809,E100002001974,build-out
E100001014813,E100002025165,build-out
E100001014815,E100002025167,build-out
E100001014819,E100000188975,build-out
E100001014819,E100001014516,build-out
E100001014821,E100001000348,build-out
E100001014821,E100002022442,build-out
E100001014825,E100000001492,build-out
E100001014825,E100001015743,build-out
E100001014831,E100002004766,build-out
E100001014834,E100001015587,build-out
E100001014835,E100002022325,build-out
E100001014837,E100001014834,build-out
E100001014841,E100001000348,build-out
E100001014841,E100001010595,build-out
E100001014841,E100001015587,build-out
E100001014849,E100000123261,build-out
E100001014853,E100002006553,build-out
E100001014854,E100001014855,build-out
E100001014854,E100001015587,build-out
E100001014861,E100000123261,build-out
E100001014861,E100001015587,build-out
E100001014862,E100002022319,build-out
E100001014864,E100001014865,build-out
E100001014873,E100001014874,build-out
E100001014874,E100001000346,build-out
E100001014874,E100001014648,build-out
E100001014874,E100001015587,build-out
E100001014874,E100002017432,build-out
E100001014875,E100000000112,build-out
E100001014875,E100000001254,build-out
E100001014875,E100000001282,build-out
E100001014876,E100000191651,build-out
E100001014879,E100000000524,build-out
E100001014879,E100000000702,build-out
E100001014879,E100000180733,build-out
E100001014879,E100001014880,build-out
E100001014884,E100000123261,build-out
E100001014907,E100001015587,build-out
E100001014916,E100001015587,build-out
E100001014918,E100001000520,build-out
E100001014929,E100002022141,build-out
E100001014930,E100002022085,build-out
E100001014931,E100002022296,build-out
E100001014932,E100001015314,build-out
E100001014933,E100000001282,build-out
E100001014938,E100000191733,build-out
E100001014939,E100000123261,build-out
E100001014947,E100001014511,build-out
E100001014953,E100001014954,build-out
E100001014965,E100001015217,build-out
E100001014966,E100002017077,build-out
E100001015009,E100001015010,build-out
E100001015011,E100000001245,build-out
E100001015012,E100000002892,build-out
E100001015013,E100001000178,build-out
E100001015013,E100001015587,build-out
E100001015045,E100001000348,build-out
E100001015045,E100001010427,build-out
E100001015045,E100001010428,build-out
E100001015045,E100001010429,build-out
E100001015045,E100002004378,build-out
E100001015049,E100001014516,build-out
E100001015051,E100001011136,build-out
E100001015053,E100000000112,build-out
E100001015053,E100001015054,build-out
E100001015054,E100001015587,build-out
E100001015058,E100001014311,build-out
E100001015059,E100002022418,build-out
E100001015062,E100001014294,build-out
E100001015066,E100001015587,build-out
E100001015067,E100000123261,build-out
E100001015068,E100000123261,build-out
E100001015069,E100000123261,build-out
E100001015098,E100001000089,build-out
E100001015098,E100001000348,build-out
E100001015098,E100001015587,build-out
E100001015098,E100002022204,build-out
E100001015098,E100002022205,build-out
E100001015106,E100001000255,build-out
E100001015108,E100001014069,build-out
E100001015109,E100001015111,build-out
E100001015112,E100001015113,build-out
E100001015113,E100001015114,build-out
E100001015113,E100001015115,build-out
E100001015114,E100002024414,build-out
E100001015115,E100001015646,build-out
E100001015115,E100001015647,build-out
E100001015115,E100001015648,build-out
E100001015117,E100001015583,build-out
E100001015117,E100002022256,build-out
E100001015117,E100002022257,build-out
E100001015119,E100000123261,build-out
E100001015119,E100001015587,build-out
E100001015119,E100002022284,build-out
E100001015120,E100002017396,build-out
E100001015121,E100002004403,build-out
E100001015124,E100001015587,build-out
E100001015126,E100002022327,build-out
E100001015128,E100001015129,build-out
E100001015128,E100001015130,build-out
E100001015128,E100001015131,build-out
E100001015128,E100001015132,build-out
E100001015128,E100001015587,build-out
E100001015136,E100001015137,build-out
E100001015139,E100001000514,build-out
E100001015139,E100001000735,build-out
E100001015157,E100001015587,build-out
E100001015158,E100001015157,build-out
E100001015158,E100001015587,build-out
E100001015159,E100001015587,build-out
E100001015159,E100002022093,build-out
E100001015159,E100002022094,build-out
E100001015159,E100002022095,build-out
E100001015159,E100002022096,build-out
E100001015160,E100002022127,build-out
E100001015161,E100001013560,build-out
E100001015190,E100000000669,build-out
E100001015192,E100000191652,build-out
E100001015196,E100002022434,build-out
E100001015199,E100000132049,build-out
E100001015202,E100000000669,build-out
E100001015203,E100000000669,build-out
E100001015203,E100000000781,build-out
E100001015204,E100001015202,build-out
E100001015204,E100001015205,build-out
E100001015208,E100001010860,build-out
E100001015208,E100001015587,build-out
E100001015210,E100002018517,build-out
E100001015210,E100002018518,build-out
E100001015211,E100000000746,build-out
E100001015211,E100000001254,build-out
E100001015211,E100001015054,build-out
E100001015211,E100001015587,build-out
E100001015215,E100001015216,build-out
E100001015218,E100001015587,build-out
E100001015218,E100002019647,build-out
E100001015218,E100002019648,build-out
E100001015220,E100001015587,build-out
E100001015220,E100002022340,build-out
E100001015220,E100002022341,build-out
E100001015220,E100002022342,build-out
E100001015221,E100000000457,build-out
E100001015255,E100002001974,build-out
E100001015257,E100000000869,build-out
E100001015260,E100000001245,build-out
E100001015263,E100000123261,build-out
E100001015264,E100000123261,build-out
E100001015265,E100001015262,build-out
E100001015265,E100001015263,build-out
E100001015268,E100001000483,build-out
E100001015271,E100000003796,build-out
E100001015273,E100000000651,build-out
E100001015274,E100000000505,build-out
E100001015274,E100001000264,build-out
E100001015276,E100001000264,build-out
E100001015277,E100000003733,build-out
E100001015277,E100000004238,build-out
E100001015281,E100000000173,build-out
E100001015281,E100000000523,build-out
E100001015281,E100000192495,build-out
E100001015281,E100000192496,build-out
E100001015282,E100001014605,build-out
E100001015285,E100001011247,build-out
E100001015288,E100001014674,build-out
E100001015289,E100001014099,build-out
E100001015289,E100001014674,build-out
E100001015290,E100000123261,build-out
E100001015290,E100001015587,build-out
E100001015291,E100000000538,build-out
E100001015294,E100001015278,build-out
E100001015295,E100000001245,build-out
E100001015300,E100002018983,build-out
E100001015300,E100002018984,build-out
E100001015301,E100000123261,build-out
E100001015302,E100002022459,build-out
E100001015312,E100000136276,build-out
E100001015312,E100001015054,build-out
E100001015312,E100001015313,build-out
E100001015314,E100000001245,build-out
E100001015315,E100001015587,build-out
E100001015318,E100000000651,build-out
E100001015320,E100001014780,build-out
E100001015325,E100001000348,build-out
E100001015325,E100001010595,build-out
E100001015325,E100001010596,build-out
E100001015325,E100001015587,build-out
E100001015326,E100000001213,build-out
E100001015327,E100000001213,build-out
E100001015328,E100001000154,build-out
E100001015331,E100001015587,build-out
E100001015332,E100001014694,build-out
E100001015340,E100001015202,build-out
E100001015340,E100001015341,build-out
E100001015342,E100000123261,build-out
E100001015344,E100002021518,build-out
E100001015346,E100001015347,build-out
E100001015347,E100001015348,build-out
E100001015352,E100001015353,build-out
E100001015353,E100000123261,build-out
E100001015353,E100002005467,build-out
E100001015356,E100001000210,build-out
E100001015357,E100001015358,build-out
E100001015358,E100000123261,build-out
E100001015361,E100001015587,build-out
E100001015361,E100002022073,build-out
E100001015368,E100000000874,build-out
E100001015370,E100002016278,build-out
E100001015372,E100000001075,build-out
E100001015373,E100001010777,build-out
E100001015374,E100000000684,build-out
E100001015374,E100001014618,build-out
E100001015374,E100001015587,build-out
E100001015381,E100001015382,build-out
E100001015382,E100001015383,build-out
E100001015384,E100001015114,build-out
E100001015385,E100000000112,build-out
E100001015385,E100001014282,build-out
E100001015388,E100002024723,build-out
E100001015391,E100001010427,build-out
E100001015391,E100001010428,build-out
E100001015391,E100001010429,build-out
E100001015391,E100001015587,build-out
E100001015391,E100002020048,build-out
E100001015391,E100002020049,build-out
E100001015404,E100001014874,build-out
E100001015410,E100000123261,build-out
E100001015411,E100002022232,build-out
E100001015412,E100000123261,build-out
E100001015412,E100001015587,build-out
E100001015413,E100000000746,build-out
E100001015413,E100000001096,build-out
E100001015423,E100001015157,build-out
E100001015434,E100001011945,build-out
E100001015467,E100000001595,build-out
E100001015520,E100001000348,build-out
E100001015522,E100001015599,build-out
E100001015527,E100000000610,build-out
E100001015530,E100001015531,build-out
E100001015534,E100000000406,build-out
E100001015543,E100001015587,build-out
E100001015545,E100000123261,build-out
E100001015545,E100001015587,build-out
E100001015545,E100002017714,build-out
E100001015554,E100001015587,build-out
E100001015556,E100000000610,build-out
E100001015557,E100000151441,build-out
E100001015558,E100000123261,build-out
E100001015558,E100001015587,build-out
E100001015563,E100001012815,build-out
E100001015564,E100000002496,build-out
E100001015564,E100000004022,build-out
E100001015564,E100001015565,build-out
E100001015564,E100001015566,build-out
E100001015565,E100000000874,build-out
E100001015565,E100000001096,build-out
E100001015567,E100001015566,build-out
E100001015569,E100001014737,build-out
E100001015571,E100000152286,build-out
E100001015576,E100001011247,build-out
E100001015586,E100000000112,build-out
E100001015590,E100002022258,build-out
E100001015594,E100002000918,build-out
E100001015595,E100000150007,build-out
E100001015595,E100002022221,build-out
E100001015596,E100001015597,build-out
E100001015597,E100002004300,build-out
E100001015598,E100002022372,build-out
E100001015599,E100001014648,build-out
E100001015599,E100001015587,build-out
E100001015599,E100002004370,build-out
E100001015608,E100002014014,build-out
E100001015611,E100000123261,build-out
E100001015612,E100000000746,build-out
E100001015617,E100001000730,build-out
E100001015617,E100001015587,build-out
E100001015619,E100001015620,build-out
E100001015620,E100001015621,build-out
E100001015622,E100001015587,build-out
E100001015623,E100002022091,build-out
E100001015629,E100002020928,build-out
E100001015636,E100001015637,build-out
E100001015637,E100000000027,build-out
E100001015644,E100002001974,build-out
E100001015645,E100000000851,build-out
E100001015645,E100001015587,build-out
E100001015646,E100000123261,build-out
E100001015653,E100000000650,build-out
E100001015653,E100000000651,build-out
E100001015653,E100000001492,build-out
E100001015653,E100002004372,build-out
E100001015655,E100001010861,build-out
E100001015656,E100000000013,build-out
E100001015656,E100000001179,build-out
E100001015656,E100000001764,build-out
E100001015656,E100001015587,build-out
E100001015656,E100002005547,build-out
E100001015660,E100002021959,build-out
E100001015661,E100000000746,build-out
E100001015662,E100000000845,build-out
E100001015662,E100000001299,build-out
E100001015667,E100000001275,build-out
E100001015668,E100001014283,build-out
E100001015671,E100000000127,build-out
E100001015674,E100001011888,build-out
E100001015676,E100000192589,build-out
E100001015677,E100001015587,build-out
E100001015677,E100002022353,build-out
E100001015677,E100002022354,build-out
E100001015677,E100002022355,build-out
E100001015677,E100002022356,build-out
E100001015686,E100002022337,build-out
E100001015688,E100000001755,build-out
E100001015693,E100001015695,build-out
E100001015693,E100001015696,build-out
E100001015693,E100001015697,build-out
E100001015695,E100001000095,build-out
E100001015695,E100001000370,build-out
E100001015697,E100001000370,build-out
E100001015697,E100001015587,build-out
E100001015697,E100001015700,build-out
E100001015697,E100001015702,build-out
E100001015698,E100000123261,build-out
E100001015702,E100001000370,build-out
E100001015703,E100000123261,build-out
E100001015708,E100002022359,build-out
E100001015713,E100000000387,build-out
E100001015713,E100000000746,build-out
E100001015713,E100000001096,build-out
E100001015713,E100000001213,build-out
E100001015713,E100001015587,build-out
E100001015713,E100001015698,build-out
E100001015715,E100002005151,build-out
E100001015717,E100001014950,build-out
E100001015721,E100000000004,build-out
E100001015725,E100001000088,build-out
E100001015726,E100001015730,build-out
E100001015727,E100002022344,build-out
E100001015728,E100002020058,build-out
E100001015731,E100002017579,build-out
E100001015743,E100001011301,build-out
E100001015748,E100000123261,build-out
E100001015748,E100002022226,build-out
E100001015749,E100002001974,build-out
E100001015750,E100002001974,build-out
E100001015752,E100002017736,build-out
E100001015755,E100002017542,build-out
E100001015756,E100000190767,build-out
E100001015770,E100000001213,build-out
E100001015770,E100001014294,build-out
E100001015774,E100001015587,build-out
E100001015776,E100001000370,build-out
E100001015776,E100001015587,build-out
E100001015776,E100001015702,build-out
E100001015776,E100002015212,build-out
E100001015779,E100002017760,build-out
E100001015782,E100001000346,build-out
E100001015799,E100000001079,build-out
E100001015800,E100001014312,build-out
E100001015805,E100000123261,build-out
E100001015806,E100000000003,build-out
E100001015806,E100000001197,build-out
E100001015806,E100001014505,build-out
E100001015808,E100000123261,build-out
E100001015808,E100001015587,build-out
E100001015808,E100001015809,build-out
E100001015808,E100001015812,build-out
E100001015808,E100001015813,build-out
E100001015813,E100002007779,build-out
E100001015819,E100001015779,build-out
E100001015820,E100001015821,build-out
E100001015820,E100001015822,build-out
E100001015821,E100001015114,build-out
E100001015829,E100000000556,build-out
E100001015830,E100001000194,build-out
E100001015830,E100001015831,build-out
E100001015832,E100001010595,build-out
E100001015833,E100001000348,build-out
E100001015834,E100002001974,build-out
E100001015838,E100000001282,build-out
E100001015839,E100000000245,build-out
E100001015844,E100001015845,build-out
E100001015845,E100000001384,build-out
E100001015848,E100002022072,build-out
E100001015849,E100001000745,build-out
E100001015850,E100001014681,build-out
E100001015850,E100001015587,build-out
E100001015850,E100001015852,build-out
E100001015852,E100000123261,build-out
E100001015852,E100002022201,build-out
E100001015853,E100002022195,build-out
E100001015855,E100001014325,build-out
E100001015857,E100000186190,build-out
E100001015857,E100001015587,build-out
E100001015857,E100002022133,build-out
E100001015857,E100002022134,build-out
E100001015858,E100000001245,build-out
E100001015864,E100001000263,build-out
E100001015864,E100001015587,build-out
E100001015864,E100002022349,build-out
E100001015865,E100001015866,build-out
E100001015865,E100001015867,build-out
E100001015865,E100001015868,build-out
E100001015869,E100000001213,build-out
E100001015869,E100001015587,build-out
E100001015869,E100001015870,build-out
E100001015870,E100000123261,build-out
E100001015875,E100001015646,build-out
E100001015875,E100001015876,build-out
E100001015878,E100000000943,build-out
E100001015878,E100001013161,build-out
E100001015878,E100001014282,build-out
E100001015878,E100002016134,build-out
E100001015879,E100001015880,build-out
E100001015880,E100001015881,build-out
E100001015882,E100000002130,build-out
E100001015882,E100002001425,build-out
E100001015883,E100000000746,build-out
E100001015883,E100000002134,build-out
E100001015883,E100001015587,build-out
E100001015883,E100001015884,build-out
E100001015883,E100001015885,build-out
E100001015883,E100001015886,build-out
E100001015887,E100000123261,build-out
E100001015888,E100000001534,build-out
E100001015894,E100000000135,build-out
E100001015896,E100000129971,build-out
E100001015896,E100000158493,build-out
E100001015896,E100001015587,build-out
E100001015899,E100002020924,build-out
E100001015901,E100000123261,build-out
E100001015906,E100001015587,build-out
E100001015906,E100002004084,build-out
E100001015906,E100002022311,build-out
E100001015906,E100002022312,build-out
E100001015906,E100002022313,build-out
E100001015907,E100000000324,build-out
E100001015908,E100001015906,build-out
E100001015909,E100000123261,build-out
E100001015911,E100000000387,build-out
E100001015911,E100001015913,build-out
E100001015911,E100002022391,build-out
E100001015912,E100001015288,build-out
E100001015913,E100002007681,build-out
E100001015918,E100000000387,build-out
E100001015923,E100000000387,build-out
E100001015933,E100001015935,build-out
E100001015934,E100002022301,build-out
E100001015935,E100001014359,build-out
E100001015938,E100000123261,build-out
E100001015939,E100000000874,build-out
E100001015942,E100001015945,build-out
E100001015944,E100000000027,build-out
E100001015944,E100000000610,build-out
E100001015944,E100000000746,build-out
E100001015944,E100000000874,build-out
E100001015944,E100000000998,build-out
E100001015944,E100000001213,build-out
E100001015944,E100000001282,build-out
E100001015945,E100001015587,build-out
E100001015945,E100002005555,build-out
E100001015946,E100001014582,build-out
E100001015948,E100001014325,build-out
E100001015948,E100001014363,build-out
E100001015950,E100001015957,build-out
E100001015950,E100001015959,build-out
E100001015951,E100002001974,build-out
E100001015955,E100000192399,build-out
E100001015959,E100002022497,build-out
E100001015960,E100001014696,build-out
E100001015960,E100001014834,build-out
E100001015960,E100002022412,build-out
E100001015960,E100002022414,build-out
E100001015960,E100002022415,build-out
E100001015964,E100000123261,build-out
E100001015965,E100000123261,build-out
E100001015966,E100000123261,build-out
E100001015967,E100000123261,build-out
E100001015971,E100001000243,build-out
E100001015972,E100000152388,build-out
E100001015975,E100002001974,build-out
E100001015976,E100002017813,build-out
E100001015984,E100000123261,build-out
E100001015984,E100001015587,build-out
E100001015984,E100001015987,build-out
E100001015984,E100002001359,build-out
E100001015992,E100000000874,build-out
E100001015993,E100000000746,build-out
E100001015993,E100000000874,build-out
E100001015998,E100000001179,build-out
E100001015999,E100001010426,build-out
E100001016002,E100000000523,build-out
E100001016002,E100001016009,build-out
E100001016002,E100002024642,build-out
E100001016003,E100000000874,build-out
E100001016009,E100001016010,build-out
E100001016009,E100002018779,build-out
E100001016009,E100002018780,build-out
E100001016013,E100002001293,build-out
E100001016016,E100000001860,build-out
E100001016022,E100000134914,build-out
E100001016023,E100000000746,build-out
E100001016027,E100001015278,build-out
E100001016031,E100002020087,build-out
E100001016033,E100002025140,build-out
E100001016035,E100001015587,build-out
E100001016037,E100002020927,build-out
E100001016047,E100000000102,build-out
E100001016051,E100000000104,build-out
E100001016051,E100002015646,build-out
E100001016051,E100002017683,build-out
E100001016054,E100000000104,build-out
E100001016056,E100000003931,build-out
E100001016057,E100000000638,build-out
E100001016057,E100000000645,build-out
E100001016057,E100000000649,build-out
E100001016057,E100000001237,build-out
E100001016057,E100001015051,build-out
E100001016057,E100001015587,build-out
E100001016058,E100001014325,build-out
E100001016058,E100001015838,build-out
E100001016062,E100000001194,build-out
E100001016063,E100002025243,build-out
E100001016064,E100002025247,build-out
E100001016064,E100002025248,build-out
E100001016064,E100002025249,build-out
E100001016065,E100001014325,build-out
E100001016065,E100001014604,build-out
E100001016065,E100001016066,build-out
E100001016076,E100002016013,build-out
E100001016079,E100001000089,build-out
E100001016083,E100001000348,build-out
E100001016083,E100001010427,build-out
E100001016083,E100001010428,build-out
E100001016083,E100001010429,build-out
E100001016083,E100001015587,build-out
E100001016088,E100001015587,build-out
E100001016088,E100002003008,build-out
E100001016088,E100002016389,build-out
E100001016090,E100001016091,build-out
E100001016091,E100001000348,build-out
E100001016091,E100001010595,build-out
E100001016091,E100001010596,build-out
E100001016091,E100001015587,build-out
E100001016135,E100001016136,build-out
E100001016138,E100001000056,build-out
E100001016142,E100000123261,build-out
E100001016143,E100001010271,build-out
E100001016146,E100001010018,build-out
E100001016163,E100000000888,build-out
E100001016175,E100000000528,build-out
E100001016179,E100001015587,build-out
E100001016189,E100000123261,build-out
E100001016189,E100001015587,build-out
E100001016206,E100001010595,build-out
E100001016206,E100001010705,build-out
E100001016206,E100001015587,build-out
E100001016252,E100002022963,build-out
E100001016252,E100002022964,build-out
E100001016256,E100002011285,build-out
E100001016268,E100000123261,build-out
E100001016269,E100000000547,build-out
E100001016276,E100000123261,build-out
E100001016282,E100000001959,build-out
E100001016282,E100001011683,build-out
E100001016282,E100001015587,build-out
E100001016282,E100002022014,build-out
E100001016289,E100000123261,build-out
E100001016296,E100001000348,build-out
E100001016296,E100001010707,build-out
E100001016296,E100001015587,build-out
E100001016307,E100001015587,build-out
E100001016315,E100000123261,build-out
E100001016316,E100001012200,build-out
E100001016316,E100001016315,build-out
E100001016326,E100000000677,build-out
E100001016326,E100000123261,build-out
E100001016326,E100001015587,build-out
E100001016326,E100002017564,build-out
E100001016328,E100000000677,build-out
E100001016328,E100001015587,build-out
E100001016328,E100002007015,build-out
E100001016329,E100001015587,build-out
E100001016329,E100002006531,build-out
E100001016329,E100002011263,build-out
E100001016329,E100002017565,build-out
E100001016329,E100002017566,build-out
E100001016340,E100002022376,build-out
E100001016342,E100000123261,build-out
E100001016345,E100000123261,build-out
E100001016360,E100001000400,build-out
E100001016372,E100002021514,build-out
E100001016374,E100001001130,build-out
E100001016375,E100001016374,build-out
E100001016376,E100001001130,build-out
E100001016377,E100002001974,build-out
E100001016379,E100000001214,build-out
E100001016380,E100002022039,build-out
E100001016390,E100002021813,build-out
E100001016392,E100001016380,build-out
E100001016405,E100000123261,build-out
E100001016406,E100000123261,build-out
E100001016406,E100002024813,build-out
E100001016427,E100002021919,build-out
E100001016438,E100000123261,build-out
E100001016445,E100000132016,build-out
E100001016448,E100002021899,build-out
E100001016449,E100000123261,build-out
E100001016471,E100001000782,build-out
E100001016475,E100000123261,build-out
E100001016481,E100001016480,build-out
E100001016492,E100002001974,build-out
E100001016498,E100001000178,build-out
E100001016498,E100001000179,build-out
E100001016498,E100001015587,build-out
E100001016507,E100001015587,build-out
E100001016509,E100000131638,build-out
E100001016537,E100001016535,build-out
E100001016549,E100001015587,build-out
E100001016565,E100000123261,build-out
E100001016586,E100001015587,build-out
E100001016622,E100000123261,build-out
E100001016645,E100001000348,build-out
E100001016645,E100001010595,build-out
E100001016645,E100001010596,build-out
E100001016645,E100001015587,build-out
E100001016731,E100002003315,build-out
E100001016737,E100000000947,build-out
E100001016749,E100001011055,build-out
E100001016749,E100001015587,build-out
E100001016770,E100000123261,build-out
E100001016806,E100001000134,build-out
E100001016809,E100002024301,build-out
E100001016813,E100002016467,build-out
E100001016813,E100002016468,build-out
E100001016832,E100000123261,build-out
E100001016858,E100001001266,build-out
E100001016858,E100001010046,build-out
E100001016860,E100000001224,build-out
E100001016863,E100002016648,build-out
E100001016870,E100002016726,build-out
E100001016921,E100000001985,build-out
E100001016921,E100000132653,build-out
E100001016922,E100000000649,build-out
E100001016927,E100002017211,build-out
E100001016945,E100002017534,build-out
E100001016964,E100000123261,build-out
E100001016964,E100000188387,build-out
E100001016964,E100001015587,build-out
E100001016964,E100002000448,build-out
E100001017601,E100001000068,build-out
E100001017628,E100002015804,build-out
E100001017646,E100002017094,build-out
E100001017646,E100002017095,build-out
E100002000009,E100002003457,build-out
E100002000015,E100001015587,build-out
E100002000015,E100002016373,build-out
E100002000015,E100002016398,build-out
E100002000015,E100002016399,build-out
E100002000021,E100000001305,build-out
E100002000038,E100002017830,build-out
E100002000038,E100002017831,build-out
E100002000038,E100002017832,build-out
E100002000048,E100002017494,build-out
E100002000074,E100002001974,build-out
E100002000075,E100002001974,build-out
E100002000076,E100002001974,build-out
E100002000077,E100002001974,build-out
E100002000078,E100002001974,build-out
E100002000141,E100000123261,build-out
E100002000150,E100000000372,build-out
E100002000188,E100001016645,build-out
E100002000200,E100002021981,build-out
E100002000286,E100001001022,build-out
E100002000306,E100001015587,build-out
E100002000311,E100000123261,build-out
E100002000327,E100002010760,build-out
E100002000351,E100002021872,build-out
E100002000351,E100002021873,build-out
E100002000395,E100002003394,build-out
E100002000401,E100002003458,build-out
E100002000443,E100002000444,build-out
E100002000445,E100000181249,build-out
E100002000447,E100000133214,build-out
E100002000448,E100002015174,build-out
E100002000450,E100002025348,build-out
E100002000451,E100000123261,build-out
E100002000451,E100001015587,build-out
E100002000600,E100000123261,build-out
E100002000639,E100000123261,build-out
E100002000641,E100001015587,build-out
E100002000642,E100000120300,build-out
E100002000642,E100000123261,build-out
E100002000642,E100001015587,build-out
E100002000664,E100000123261,build-out
E100002000664,E100002016136,build-out
E100002000729,E100000123261,build-out
E100002000809,E100000123261,build-out
E100002000822,E100000123261,build-out
E100002000918,E100001015587,build-out
E100002000929,E100002017460,build-out
E100002000938,E100000123261,build-out
E100002000966,E100002003484,build-out
E100002001024,E100001015587,build-out
E100002001024,E100002022480,build-out
E100002001038,E100000123261,build-out
E100002001044,E100000123261,build-out
E100002001068,E100000123261,build-out
E100002001076,E100002022446,build-out
E100002001105,E100002021602,build-out
E100002001108,E100001015587,build-out
E100002001108,E100002016892,build-out
E100002001108,E100002016894,build-out
E100002001212,E100000123261,build-out
E100002001214,E100000123261,build-out
E100002001231,E100002022139,build-out
E100002001260,E100000001247,build-out
E100002001268,E100002017500,build-out
E100002001274,E100001015587,build-out
E100002001293,E100001010427,build-out
E100002001293,E100001010428,build-out
E100002001293,E100001010429,build-out
E100002001293,E100001015587,build-out
E100002001293,E100002019821,build-out
E100002001295,E100002001296,build-out
E100002001297,E100000123261,build-out
E100002001297,E100001000520,build-out
E100002001297,E100001015587,build-out
E100002001297,E100001016340,build-out
E100002001297,E100001016341,build-out
E100002001297,E100001016342,build-out
E100002001300,E100000123261,build-out
E100002001300,E100001015587,build-out
E100002001300,E100002003521,build-out
E100002001300,E100002003523,build-out
E100002001309,E100002017075,build-out
E100002001361,E100001014426,build-out
E100002001361,E100002001362,build-out
E100002001362,E100001014426,build-out
E100002001363,E100001014432,build-out
E100002001364,E100001015054,build-out
E100002001364,E100001015946,build-out
E100002001364,E100001016070,build-out
E100002001364,E100001016071,build-out
E100002001370,E100001015587,build-out
E100002001375,E100002004300,build-out
E100002001388,E100001014526,build-out
E100002001393,E100000000746,build-out
E100002001393,E100000188761,build-out
E100002001393,E100001015587,build-out
E100002001393,E100002021795,build-out
E100002001404,E100001015587,build-out
E100002001405,E100001000730,build-out
E100002001405,E100001015587,build-out
E100002001405,E100002003272,build-out
E100002001416,E100000123261,build-out
E100002001416,E100001015587,build-out
E100002001418,E100002003338,build-out
E100002001425,E100000134810,build-out
E100002001512,E100000131458,build-out
E100002001512,E100002001513,build-out
E100002001513,E100000123261,build-out
E100002001563,E100000131474,build-out
E100002001563,E100002001564,build-out
E100002001565,E100000131474,build-out
E100002001598,E100002001599,build-out
E100002001602,E100001000397,build-out
E100002001603,E100000123261,build-out
E100002001603,E100001010419,build-out
E100002001603,E100001010420,build-out
E100002001603,E100001015587,build-out
E100002001603,E100002001604,build-out
E100002001693,E100002001512,build-out
E100002001711,E100000131527,build-out
E100002001716,E100000131527,build-out
E100002001716,E100001015587,build-out
E100002001731,E100000123261,build-out
E100002001731,E100001015587,build-out
E100002001731,E100002001732,build-out
E100002001731,E100002001733,build-out
E100002001826,E100002001832,build-out
E100002001928,E100000123261,build-out
E100002001928,E100001015587,build-out
E100002001928,E100002001936,build-out
E100002001932,E100000123261,build-out
E100002001934,E100000123261,build-out
E100002001934,E100001000348,build-out
E100002001934,E100001010595,build-out
E100002001934,E100001015587,build-out
E100002001934,E100002016810,build-out
E100002001942,E100000123261,build-out
E100002001942,E100001015587,build-out
E100002001942,E100002001947,build-out
E100002001942,E100002001949,build-out
E100002001982,E100000123261,build-out
E100002002164,E100002001512,build-out
E100002002164,E100002001513,build-out
E100002002182,E100000123261,build-out
E100002002182,E100001015587,build-out
E100002002182,E100002002183,build-out
E100002002184,E100000123261,build-out
E100002002184,E100001015587,build-out
E100002002184,E100002002185,build-out
E100002002187,E100000123261,build-out
E100002002392,E100002002395,build-out
E100002002395,E100000123261,build-out
E100002002395,E100002002398,build-out
E100002002395,E100002002401,build-out
E100002002411,E100000123261,build-out
E100002002411,E100001015587,build-out
E100002002411,E100002002412,build-out
E100002002413,E100000123261,build-out
E100002002414,E100001011067,build-out
E100002002416,E100000123261,build-out
E100002002416,E100001015587,build-out
E100002002418,E100002002419,build-out
E100002002419,E100000123261,build-out
E100002002419,E100001015587,build-out
E100002002425,E100002002184,build-out
E100002002429,E100002002182,build-out
E100002002434,E100000123261,build-out
E100002002434,E100001015587,build-out
E100002002442,E100000123261,build-out
E100002002442,E100001015587,build-out
E100002002442,E100002001604,build-out
E100002002442,E100002002444,build-out
E100002002452,E100000123261,build-out
E100002002564,E100002000186,build-out
E100002002571,E100001011250,build-out
E100002002580,E100000123261,build-out
E100002002580,E100001015587,build-out
E100002002580,E100002001603,build-out
E100002002580,E100002001604,build-out
E100002002580,E100002002582,build-out
E100002002580,E100002002583,build-out
E100002002605,E100002001512,build-out
E100002002605,E100002001598,build-out
E100002002606,E100000000531,build-out
E100002002606,E100000123261,build-out
E100002002606,E100001015587,build-out
E100002002624,E100002001512,build-out
E100002002637,E100000123261,build-out
E100002002641,E100000123261,build-out
E100002002641,E100001015587,build-out
E100002002641,E100002002649,build-out
E100002002656,E100001000639,build-out
E100002002656,E100001015587,build-out
E100002002671,E100000123261,build-out
E100002002671,E100001015587,build-out
E100002002682,E100000123261,build-out
E100002002694,E100002025074,build-out
E100002002694,E100002025075,build-out
E100002002694,E100002025076,build-out
E100002002694,E100002025077,build-out
E100002002707,E100000123261,build-out
E100002002709,E100000123261,build-out
E100002002710,E100000132845,build-out
E100002002717,E100000002939,build-out
E100002002717,E100002016504,build-out
E100002002722,E100002022388,build-out
E100002002725,E100000123261,build-out
E100002002780,E100001015587,build-out
E100002002832,E100000002721,build-out
E100002002885,E100000001935,build-out
E100002002885,E100001000397,build-out
E100002002885,E100001000520,build-out
E100002002885,E100001015587,build-out
E100002002905,E100002018537,build-out
E100002002963,E100002020944,build-out
E100002002993,E100000123261,build-out
E100002002995,E100002017104,build-out
E100002003001,E100001015587,build-out
E100002003008,E100002016833,build-out
E100002003012,E100000123261,build-out
E100002003233,E100000123261,build-out
E100002003264,E100002012073,build-out
E100002003284,E100000123261,build-out
E100002003284,E100000134742,build-out
E100002003292,E100000123261,build-out
E100002003292,E100002003294,build-out
E100002003292,E100002003295,build-out
E100002003313,E100002015787,build-out
E100002003380,E100000000875,build-out
E100002003441,E100000123261,build-out
E100002003441,E100001014737,build-out
E100002003521,E100002016953,build-out
E100002003537,E100000133834,build-out
E100002003569,E100002016045,build-out
E100002003569,E100002016046,build-out
E100002003591,E100002022460,build-out
E100002003623,E100000123261,build-out
E100002003624,E100000123261,build-out
E100002003625,E100002003624,build-out
E100002003652,E100001015587,build-out
E100002003763,E100002003764,build-out
E100002003764,E100000123261,build-out
E100002003769,E100001011738,build-out
E100002003769,E100002018716,build-out
E100002003782,E100001015587,build-out
E100002003782,E100002017263,build-out
E100002003814,E100000003342,build-out
E100002003887,E100000120428,build-out
E100002003916,E100001011301,build-out
E100002003939,E100001015587,build-out
E100002003953,E100001000605,build-out
E100002003953,E100002017443,build-out
E100002003983,E100002017435,build-out
E100002003989,E100002016388,build-out
E100002003989,E100002017304,build-out
E100002004052,E100002017443,build-out
E100002004057,E100002022054,build-out
E100002004058,E100002022054,build-out
E100002004063,E100000001180,build-out
E100002004063,E100000001282,build-out
E100002004097,E100002016442,build-out
E100002004127,E100000123261,build-out
E100002004127,E100001015587,build-out
E100002004127,E100002004543,build-out
E100002004127,E100002004544,build-out
E100002004151,E100000123261,build-out
E100002004155,E100001015587,build-out
E100002004155,E100002016433,build-out
E100002004155,E100002016434,build-out
E100002004155,E100002016435,build-out
E100002004184,E100001014426,build-out
E100002004186,E100002004187,build-out
E100002004187,E100001015587,build-out
E100002004187,E100002017580,build-out
E100002004204,E100002017613,build-out
E100002004205,E100000123261,build-out
E100002004225,E100000123261,build-out
E100002004227,E100000123261,build-out
E100002004228,E100000123261,build-out
E100002004229,E100000123261,build-out
E100002004272,E100000123261,build-out
E100002004274,E100002016544,build-out
E100002004277,E100001014646,build-out
E100002004292,E100002004294,build-out
E100002004296,E100000191876,build-out
E100002004300,E100000000104,build-out
E100002004300,E100001010705,build-out
E100002004313,E100001014386,build-out
E100002004318,E100000123261,build-out
E100002004318,E100002016535,build-out
E100002004319,E100002004320,build-out
E100002004320,E100002004321,build-out
E100002004321,E100001014426,build-out
E100002004321,E100001015587,build-out
E100002004326,E100001000279,build-out
E100002004327,E100002004328,build-out
E100002004327,E100002004329,build-out
E100002004328,E100002004330,build-out
E100002004329,E100000000424,build-out
E100002004330,E100001015587,build-out
E100002004330,E100002016549,build-out
E100002004331,E100000000869,build-out
E100002004332,E100000000013,build-out
E100002004332,E100002004333,build-out
E100002004332,E100002004334,build-out
E100002004333,E100000000084,build-out
E100002004334,E100002017737,build-out
E100002004342,E100001014607,build-out
E100002004362,E100002004363,build-out
E100002004363,E100001014426,build-out
E100002004369,E100001015520,build-out
E100002004370,E100001014294,build-out
E100002004372,E100002019216,build-out
E100002004375,E100000000827,build-out
E100002004376,E100002017805,build-out
E100002004383,E100001015278,build-out
E100002004403,E100002004425,build-out
E100002004413,E100001000253,build-out
E100002004416,E100001014424,build-out
E100002004418,E100002004419,build-out
E100002004419,E100002000914,build-out
E100002004425,E100002004428,build-out
E100002004426,E100000000128,build-out
E100002004435,E100000001282,build-out
E100002004440,E100000001485,build-out
E100002004440,E100002022320,build-out
E100002004444,E100000000013,build-out
E100002004444,E100002004449,build-out
E100002004453,E100002016499,build-out
E100002004454,E100000123261,build-out
E100002004457,E100001015587,build-out
E100002004457,E100002022033,build-out
E100002004459,E100000001306,build-out
E100002004464,E100000123261,build-out
E100002004472,E100000123261,build-out
E100002004472,E100002021659,build-out
E100002004494,E100000001282,build-out
E100002004494,E100001014282,build-out
E100002004498,E100000001835,build-out
E100002004498,E100000135312,build-out
E100002004498,E100002004500,build-out
E100002004498,E100002004501,build-out
E100002004498,E100002004502,build-out
E100002004500,E100001010923,build-out
E100002004502,E100001015587,build-out
E100002004502,E100002004503,build-out
E100002004503,E100001015587,build-out
E100002004503,E100002004504,build-out
E100002004503,E100002004506,build-out
E100002004503,E100002004507,build-out
E100002004503,E100002004508,build-out
E100002004504,E100002004505,build-out
E100002004506,E100002004505,build-out
E100002004508,E100000123261,build-out
E100002004515,E100002022450,build-out
E100002004530,E100002004638,build-out
E100002004536,E100000000505,build-out
E100002004539,E100001015587,build-out
E100002004539,E100002016408,build-out
E100002004543,E100002004544,build-out
E100002004548,E100001001359,build-out
E100002004661,E100002022468,build-out
E100002004664,E100000123261,build-out
E100002004681,E100002017108,build-out
E100002004726,E100002001974,build-out
E100002004748,E100001015587,build-out
E100002004754,E100002004770,build-out
E100002004763,E100001014832,build-out
E100002004764,E100002025219,build-out
E100002004766,E100001014832,build-out
E100002004816,E100000000387,build-out
E100002004816,E100000000651,build-out
E100002004816,E100000152472,build-out
E100002004816,E100000180733,build-out
E100002004816,E100001010156,build-out
E100002004816,E100001014354,build-out
E100002004826,E100000123261,build-out
E100002004827,E100000123261,build-out
E100002004827,E100001015587,build-out
E100002004828,E100000123261,build-out
E100002004828,E100001000730,build-out
E100002004828,E100001015587,build-out
E100002004906,E100000131937,build-out
E100002004907,E100001015587,build-out
E100002004907,E100002004908,build-out
E100002004935,E100000000387,build-out
E100002004935,E100001011066,build-out
E100002004935,E100001014553,build-out
E100002004935,E100002004826,build-out
E100002004935,E100002004936,build-out
E100002004935,E100002004951,build-out
E100002004935,E100002004954,build-out
E100002004936,E100002004937,build-out
E100002004937,E100000123261,build-out
E100002004951,E100001015807,build-out
E100002004954,E100002025147,build-out
E100002004979,E100000123261,build-out
E100002004984,E100000000746,build-out
E100002004984,E100002005413,build-out
E100002004992,E100000123261,build-out
E100002004992,E100001015587,build-out
E100002004992,E100002004993,build-out
E100002004994,E100001000639,build-out
E100002004994,E100001015587,build-out
E100002004996,E100000130996,build-out
E100002004998,E100001015587,build-out
E100002004998,E100002004999,build-out
E100002004998,E100002005000,build-out
E100002004998,E100002005001,build-out
E100002004998,E100002005002,build-out
E100002005003,E100002005004,build-out
E100002005012,E100000000610,build-out
E100002005039,E100000123261,build-out
E100002005069,E100001000348,build-out
E100002005069,E100001010431,build-out
E100002005069,E100001010595,build-out
E100002005069,E100001010596,build-out
E100002005069,E100001015587,build-out
E100002005077,E100002005078,build-out
E100002005078,E100000000414,build-out
E100002005079,E100002005080,build-out
E100002005091,E100002005092,build-out
E100002005092,E100002005093,build-out
E100002005099,E100001000761,build-out
E100002005101,E100002022409,build-out
E100002005102,E100000123261,build-out
E100002005103,E100000123261,build-out
E100002005104,E100000000583,build-out
E100002005105,E100000123261,build-out
E100002005105,E100001015587,build-out
E100002005107,E100002005111,build-out
E100002005107,E100002005845,build-out
E100002005107,E100002019239,build-out
E100002005108,E100000000746,build-out
E100002005108,E100000001213,build-out
E100002005110,E100002005704,build-out
E100002005114,E100002005126,build-out
E100002005126,E100002005127,build-out
E100002005127,E100001015587,build-out
E100002005127,E100001016501,build-out
E100002005127,E100002005128,build-out
E100002005127,E100002005129,build-out
E100002005127,E100002005130,build-out
E100002005127,E100002005131,build-out
E100002005127,E100002005132,build-out
E100002005144,E100002005145,build-out
E100002005145,E100000123261,build-out
E100002005145,E100002005146,build-out
E100002005151,E100001014071,build-out
E100002005151,E100001015587,build-out
E100002005151,E100002005152,build-out
E100002005152,E100001010234,build-out
E100002005155,E100000000387,build-out
E100002005155,E100000000846,build-out
E100002005175,E100002007691,build-out
E100002005176,E100001000348,build-out
E100002005176,E100001015587,build-out
E100002005176,E100002005847,build-out
E100002005176,E100002005848,build-out
E100002005177,E100002005904,build-out
E100002005178,E100000123261,build-out
E100002005178,E100002007692,build-out
E100002005181,E100000123261,build-out
E100002005182,E100002007693,build-out
E100002005184,E100000123261,build-out
E100002005185,E100000000414,build-out
E100002005185,E100000001057,build-out
E100002005185,E100000123261,build-out
E100002005192,E100002004996,build-out
E100002005195,E100002005196,build-out
E100002005196,E100002005198,build-out
E100002005198,E100002006774,build-out
E100002005199,E100000000874,build-out
E100002005200,E100001015587,build-out
E100002005200,E100002005202,build-out
E100002005200,E100002005203,build-out
E100002005205,E100000123261,build-out
E100002005205,E100002005207,build-out
E100002005205,E100002005208,build-out
E100002005205,E100002005210,build-out
E100002005205,E100002005211,build-out
E100002005206,E100001014233,build-out
E100002005210,E100000000414,build-out
E100002005213,E100001015587,build-out
E100002005213,E100002005216,build-out
E100002005220,E100001015587,build-out
E100002005220,E100002005221,build-out
E100002005226,E100002005227,build-out
E100002005228,E100002005232,build-out
E100002005232,E100002005233,build-out
E100002005232,E100002005234,build-out
E100002005234,E100000120779,build-out
E100002005241,E100002005243,build-out
E100002005243,E100000123261,build-out
E100002005243,E100001015587,build-out
E100002005246,E100002005247,build-out
E100002005247,E100002005110,build-out
E100002005260,E100000001492,build-out
E100002005313,E100001000293,build-out
E100002005345,E100001010702,build-out
E100002005390,E100001015587,build-out
E100002005413,E100002001366,build-out
E100002005438,E100001000348,build-out
E100002005438,E100001010595,build-out
E100002005441,E100000001005,build-out
E100002005456,E100000123261,build-out
E100002005475,E100000153494,build-out
E100002005477,E100002005480,build-out
E100002005480,E100002015381,build-out
E100002005481,E100002005243,build-out
E100002005481,E100002005477,build-out
E100002005483,E100002005243,build-out
E100002005483,E100002005477,build-out
E100002005491,E100002005495,build-out
E100002005496,E100000131527,build-out
E100002005498,E100000123261,build-out
E100002005503,E100000123261,build-out
E100002005506,E100000123261,build-out
E100002005507,E100002021578,build-out
E100002005507,E100002021579,build-out
E100002005507,E100002021580,build-out
E100002005517,E100001015587,build-out
E100002005544,E100000123261,build-out
E100002005547,E100001015865,build-out
E100002005555,E100000123261,build-out
E100002005569,E100001015587,build-out
E100002005569,E100002005572,build-out
E100002005572,E100000123261,build-out
E100002005572,E100001015587,build-out
E100002005572,E100002006805,build-out
E100002005572,E100002006807,build-out
E100002005575,E100000153072,build-out
E100002005575,E100001015587,build-out
E100002005585,E100000123261,build-out
E100002005585,E100002005586,build-out
E100002005585,E100002005587,build-out
E100002005585,E100002005588,build-out
E100002005585,E100002005589,build-out
E100002005585,E100002005590,build-out
E100002005586,E100000001358,build-out
E100002005586,E100000123261,build-out
E100002005586,E100001015587,build-out
E100002005595,E100001015587,build-out
E100002005595,E100002005596,build-out
E100002005595,E100002005597,build-out
E100002005595,E100002005598,build-out
E100002005601,E100000188255,build-out
E100002005601,E100002005602,build-out
E100002005601,E100002005603,build-out
E100002005601,E100002005604,build-out
E100002005605,E100000135427,build-out
E100002005610,E100000135427,build-out
E100002005611,E100002024162,build-out
E100002005620,E100002005622,build-out
E100002005624,E100002005625,build-out
E100002005626,E100000131458,build-out
E100002005627,E100001015587,build-out
E100002005627,E100002005629,build-out
E100002005627,E100002019230,build-out
E100002005629,E100000001008,build-out
E100002005629,E100001015587,build-out
E100002005660,E100002004994,build-out
E100002005661,E100000123261,build-out
E100002005690,E100002005691,build-out
E100002005691,E100000001057,build-out
E100002005691,E100002005185,build-out
E100002005694,E100001015587,build-out
E100002005696,E100001015587,build-out
E100002005696,E100002019213,build-out
E100002005698,E100002005699,build-out
E100002005699,E100000123261,build-out
E100002005700,E100001000204,build-out
E100002005700,E100001015587,build-out
E100002005701,E100000000414,build-out
E100002005702,E100002005704,build-out
E100002005704,E100000123261,build-out
E100002005704,E100001015587,build-out
E100002005704,E100002005705,build-out
E100002005704,E100002022088,build-out
E100002005707,E100002005708,build-out
E100002005710,E100001015587,build-out
E100002005710,E100002007409,build-out
E100002005711,E100002005712,build-out
E100002005712,E100000000414,build-out
E100002005712,E100001015587,build-out
E100002005712,E100002005714,build-out
E100002005714,E100002001974,build-out
E100002005715,E100002005717,build-out
E100002005717,E100002005719,build-out
E100002005719,E100001014342,build-out
E100002005720,E100002005721,build-out
E100002005722,E100000123261,build-out
E100002005725,E100000000414,build-out
E100002005727,E100001015587,build-out
E100002005727,E100002007005,build-out
E100002005783,E100000123261,build-out
E100002005784,E100001015587,build-out
E100002005784,E100002005786,build-out
E100002005786,E100001000204,build-out
E100002005788,E100001000268,build-out
E100002005789,E100000123261,build-out
E100002005791,E100000123261,build-out
E100002005792,E100001015587,build-out
E100002005792,E100002005794,build-out
E100002005792,E100002005795,build-out
E100002005792,E100002005796,build-out
E100002005792,E100002005797,build-out
E100002005798,E100000123261,build-out
E100002005798,E100001015587,build-out
E100002005799,E100000123261,build-out
E100002005800,E100001011233,build-out
E100002005800,E100001015587,build-out
E100002005803,E100000179513,build-out
E100002005805,E100001011711,build-out
E100002005805,E100001011713,build-out
E100002005805,E100001015587,build-out
E100002005805,E100002005806,build-out
E100002005805,E100002005807,build-out
E100002005807,E100002007768,build-out
E100002005808,E100002005811,build-out
E100002005809,E100002005812,build-out
E100002005814,E100002005815,build-out
E100002005822,E100000123261,build-out
E100002005825,E100002000297,build-out
E100002005826,E100002005828,build-out
E100002005827,E100001015587,build-out
E100002005827,E100002005829,build-out
E100002005831,E100002002419,build-out
E100002005832,E100002005575,build-out
E100002005833,E100001015587,build-out
E100002005837,E100002005838,build-out
E100002005838,E100001000571,build-out
E100002005841,E100001000348,build-out
E100002005841,E100001015587,build-out
E100002005842,E100001015587,build-out
E100002005842,E100002005098,build-out
E100002005844,E100000000705,build-out
E100002005844,E100002005846,build-out
E100002005845,E100002005850,build-out
E100002005849,E100000123261,build-out
E100002005849,E100002005851,build-out
E100002005857,E100002005859,build-out
E100002005858,E100002005863,build-out
E100002005858,E100002005864,build-out
E100002005861,E100000187709,build-out
E100002005867,E100000000414,build-out
E100002005869,E100001015587,build-out
E100002005869,E100002005870,build-out
E100002005871,E100002005875,build-out
E100002005872,E100000123261,build-out
E100002005872,E100002005873,build-out
E100002005872,E100002005874,build-out
E100002005876,E100001015807,build-out
E100002005880,E100002005815,build-out
E100002005882,E100000000414,build-out
E100002005885,E100002005887,build-out
E100002005887,E100002005243,build-out
E100002005887,E100002005888,build-out
E100002005888,E100002005243,build-out
E100002005889,E100002005890,build-out
E100002005891,E100002005892,build-out
E100002005892,E100000123261,build-out
E100002005894,E100002005895,build-out
E100002005895,E100000123261,build-out
E100002005896,E100002005897,build-out
E100002005897,E100000000707,build-out
E100002005898,E100002022361,build-out
E100002005899,E100002005900,build-out
E100002005901,E100002005717,build-out
E100002005902,E100002005903,build-out
E100002005903,E100002005904,build-out
E100002005904,E100002005905,build-out
E100002005905,E100002005717,build-out
E100002005907,E100002005717,build-out
E100002005908,E100002005909,build-out
E100002005909,E100002005905,build-out
E100002005910,E100002005911,build-out
E100002005912,E100002005913,build-out
E100002005914,E100002005915,build-out
E100002005915,E100000123261,build-out
E100002005916,E100000123261,build-out
E100002005919,E100002005923,build-out
E100002005923,E100002005921,build-out
E100002005925,E100000131458,build-out
E100002005926,E100001000652,build-out
E100002005931,E100002005932,build-out
E100002005933,E100000123261,build-out
E100002005934,E100002005937,build-out
E100002005935,E100002005940,build-out
E100002005937,E100001015587,build-out
E100002005937,E100002006073,build-out
E100002005937,E100002006075,build-out
E100002005937,E100002006076,build-out
E100002005938,E100002005939,build-out
E100002005941,E100002005942,build-out
E100002005942,E100000123261,build-out
E100002005943,E100002005944,build-out
E100002005944,E100000179513,build-out
E100002005944,E100001015587,build-out
E100002005944,E100002005945,build-out
E100002005944,E100002005946,build-out
E100002005947,E100002005949,build-out
E100002005947,E100002005951,build-out
E100002005949,E100002007399,build-out
E100002005954,E100002005959,build-out
E100002005955,E100002005956,build-out
E100002005958,E100002005960,build-out
E100002005959,E100002005915,build-out
E100002005961,E100001015587,build-out
E100002005961,E100002005964,build-out
E100002005964,E100001015587,build-out
E100002005964,E100002005717,build-out
E100002005964,E100002005965,build-out
E100002005966,E100001015587,build-out
E100002005966,E100002005967,build-out
E100002005966,E100002005968,build-out
E100002005966,E100002005970,build-out
E100002005969,E100000187709,build-out
E100002005971,E100000000414,build-out
E100002005977,E100002005888,build-out
E100002005979,E100002005975,build-out
E100002005982,E100000131458,build-out
E100002005984,E100002005975,build-out
E100002005986,E100002005988,build-out
E100002005989,E100000000414,build-out
E100002005990,E100001015587,build-out
E100002005990,E100002005993,build-out
E100002005991,E100002005992,build-out
E100002005995,E100002005997,build-out
E100002005997,E100001000930,build-out
E100002006000,E100002002419,build-out
E100002006001,E100002006004,build-out
E100002006001,E100002006005,build-out
E100002006002,E100002006003,build-out
E100002006003,E100002005243,build-out
E100002006005,E100000134798,build-out
E100002006006,E100000000414,build-out
E100002006007,E100000179513,build-out
E100002006008,E100000000414,build-out
E100002006009,E100002006011,build-out
E100002006010,E100002005786,build-out
E100002006012,E100002005786,build-out
E100002006013,E100002005786,build-out
E100002006014,E100002005786,build-out
E100002006015,E100002005786,build-out
E100002006018,E100002005786,build-out
E100002006019,E100002005786,build-out
E100002006021,E100000000414,build-out
E100002006021,E100001015587,build-out
E100002006021,E100002006022,build-out
E100002006021,E100002006023,build-out
E100002006021,E100002006024,build-out
E100002006023,E100001015587,build-out
E100002006023,E100002006025,build-out
E100002006023,E100002006026,build-out
E100002006023,E100002006027,build-out
E100002006028,E100000131458,build-out
E100002006033,E100002006034,build-out
E100002006033,E100002006035,build-out
E100002006033,E100002006036,build-out
E100002006033,E100002006037,build-out
E100002006044,E100000123261,build-out
E100002006045,E100000187709,build-out
E100002006045,E100002005937,build-out
E100002006047,E100002006048,build-out
E100002006050,E100000188254,build-out
E100002006052,E100002006053,build-out
E100002006053,E100000187709,build-out
E100002006057,E100002006059,build-out
E100002006059,E100002006525,build-out
E100002006060,E100000123261,build-out
E100002006061,E100001011407,build-out
E100002006062,E100002006064,build-out
E100002006062,E100002006065,build-out
E100002006063,E100000131458,build-out
E100002006064,E100000123261,build-out
E100002006065,E100000123261,build-out
E100002006066,E100000120835,build-out
E100002006067,E100000123261,build-out
E100002006067,E100001015587,build-out
E100002006068,E100000121281,build-out
E100002006069,E100001015587,build-out
E100002006069,E100002006070,build-out
E100002006071,E100001000268,build-out
E100002006072,E100002006074,build-out
E100002006074,E100000000531,build-out
E100002006077,E100001015525,build-out
E100002006078,E100001015587,build-out
E100002006078,E100002003558,build-out
E100002006081,E100001014888,build-out
E100002006088,E100001014013,build-out
E100002006089,E100000123261,build-out
E100002006090,E100002006091,build-out
E100002006092,E100002006093,build-out
E100002006095,E100002002419,build-out
E100002006097,E100002006098,build-out
E100002006099,E100002005717,build-out
E100002006101,E100002006102,build-out
E100002006102,E100002005717,build-out
E100002006104,E100002006105,build-out
E100002006108,E100000123261,build-out
E100002006109,E100002006110,build-out
E100002006114,E100000000414,build-out
E100002006120,E100002006121,build-out
E100002006121,E100002006286,build-out
E100002006122,E100001000932,build-out
E100002006124,E100000123261,build-out
E100002006126,E100002005704,build-out
E100002006127,E100002006128,build-out
E100002006128,E100002006129,build-out
E100002006130,E100002006131,build-out
E100002006131,E100000001534,build-out
E100002006131,E100001000348,build-out
E100002006131,E100001010595,build-out
E100002006131,E100001014849,build-out
E100002006131,E100001015587,build-out
E100002006132,E100002006133,build-out
E100002006135,E100001015587,build-out
E100002006135,E100002006136,build-out
E100002006137,E100002006138,build-out
E100002006138,E100001000100,build-out
E100002006140,E100001000932,build-out
E100002006141,E100001015587,build-out
E100002006141,E100002006142,build-out
E100002006142,E100002005953,build-out
E100002006144,E100002005078,build-out
E100002006144,E100002005210,build-out
E100002006144,E100002006146,build-out
E100002006147,E100000123261,build-out
E100002006149,E100002006152,build-out
E100002006152,E100000123261,build-out
E100002006152,E100002006153,build-out
E100002006153,E100000123261,build-out
E100002006154,E100001015587,build-out
E100002006154,E100002006155,build-out
E100002006154,E100002006156,build-out
E100002006154,E100002006157,build-out
E100002006154,E100002006158,build-out
E100002006160,E100002006161,build-out
E100002006161,E100002006162,build-out
E100002006162,E100000121006,build-out
E100002006164,E100002006165,build-out
E100002006164,E100002006166,build-out
E100002006166,E100001015587,build-out
E100002006166,E100002006518,build-out
E100002006166,E100002006520,build-out
E100002006168,E100002006169,build-out
E100002006169,E100000123261,build-out
E100002006170,E100000000414,build-out
E100002006172,E100001000707,build-out
E100002006173,E100002005888,build-out
E100002006174,E100001010964,build-out
E100002006175,E100000000414,build-out
E100002006176,E100002006177,build-out
E100002006178,E100000123261,build-out
E100002006183,E100002005110,build-out
E100002006186,E100002005110,build-out
E100002006187,E100002006152,build-out
E100002006188,E100001000930,build-out
E100002006189,E100002006360,build-out
E100002006190,E100001015587,build-out
E100002006190,E100002006192,build-out
E100002006190,E100002006193,build-out
E100002006191,E100002006194,build-out
E100002006194,E100000000838,build-out
E100002006196,E100002006197,build-out
E100002006197,E100000123261,build-out
E100002006197,E100001012407,build-out
E100002006197,E100002007446,build-out
E100002006199,E100002006200,build-out
E100002006200,E100000121067,build-out
E100002006201,E100002006202,build-out
E100002006203,E100000000414,build-out
E100002006204,E100000001032,build-out
E100002006205,E100002006206,build-out
E100002006206,E100001015587,build-out
E100002006206,E100002007074,build-out
E100002006211,E100002005704,build-out
E100002006211,E100002006225,build-out
E100002006212,E100000000414,build-out
E100002006212,E100002006131,build-out
E100002006217,E100002006219,build-out
E100002006221,E100000000543,build-out
E100002006222,E100001015587,build-out
E100002006222,E100002005110,build-out
E100002006226,E100002006227,build-out
E100002006226,E100002006228,build-out
E100002006230,E100002006242,build-out
E100002006234,E100002006235,build-out
E100002006235,E100001015587,build-out
E100002006235,E100002006236,build-out
E100002006236,E100002006237,build-out
E100002006238,E100001000282,build-out
E100002006239,E100001015587,build-out
E100002006239,E100002006240,build-out
E100002006240,E100000000414,build-out
E100002006244,E100002006245,build-out
E100002006245,E100002005243,build-out
E100002006250,E100000123261,build-out
E100002006251,E100000000414,build-out
E100002006252,E100002007187,build-out
E100002006255,E100001000295,build-out
E100002006255,E100001015587,build-out
E100002006256,E100002005914,build-out
E100002006259,E100001000932,build-out
E100002006261,E100002005110,build-out
E100002006262,E100000120487,build-out
E100002006262,E100002006263,build-out
E100002006264,E100002006266,build-out
E100002006265,E100002000297,build-out
E100002006267,E100002006269,build-out
E100002006269,E100000123261,build-out
E100002006269,E100001015587,build-out
E100002006269,E100002006271,build-out
E100002006269,E100002006272,build-out
E100002006270,E100000121243,build-out
E100002006270,E100002005996,build-out
E100002006276,E100002006277,build-out
E100002006277,E100002021983,build-out
E100002006278,E100002002419,build-out
E100002006280,E100000123261,build-out
E100002006280,E100001015587,build-out
E100002006280,E100002006282,build-out
E100002006284,E100001015587,build-out
E100002006284,E100002006070,build-out
E100002006286,E100000123261,build-out
E100002006287,E100002005092,build-out
E100002006288,E100000000531,build-out
E100002006289,E100001000379,build-out
E100002006289,E100002006053,build-out
E100002006291,E100000179513,build-out
E100002006292,E100002006293,build-out
E100002006294,E100001000099,build-out
E100002006298,E100002006300,build-out
E100002006304,E100002006305,build-out
E100002006306,E100000179513,build-out
E100002006307,E100002006291,build-out
E100002006308,E100000000549,build-out
E100002006308,E100002005815,build-out
E100002006311,E100000123261,build-out
E100002006312,E100000123261,build-out
E100002006312,E100001015587,build-out
E100002006312,E100002006330,build-out
E100002006312,E100002006331,build-out
E100002006313,E100002006314,build-out
E100002006314,E100000000815,build-out
E100002006315,E100000003324,build-out
E100002006316,E100002006317,build-out
E100002006321,E100001000261,build-out
E100002006321,E100002006322,build-out
E100002006321,E100002006323,build-out
E100002006324,E100002005786,build-out
E100002006326,E100002005975,build-out
E100002006326,E100002006328,build-out
E100002006328,E100000121117,build-out
E100002006328,E100000121352,build-out
E100002006332,E100002024162,build-out
E100002006333,E100001000930,build-out
E100002006335,E100002005243,build-out
E100002006335,E100002005937,build-out
E100002006339,E100000123261,build-out
E100002006340,E100002006341,build-out
E100002006343,E100000121067,build-out
E100002006343,E100001000932,build-out
E100002006343,E100001015587,build-out
E100002006344,E100002006343,build-out
E100002006347,E100000123261,build-out
E100002006347,E100001015587,build-out
E100002006348,E100001000932,build-out
E100002006351,E100001015587,build-out
E100002006351,E100002006352,build-out
E100002006353,E100002006292,build-out
E100002006355,E100000123261,build-out
E100002006355,E100001015587,build-out
E100002006355,E100002006358,build-out
E100002006356,E100000121067,build-out
E100002006357,E100002006360,build-out
E100002006360,E100001000930,build-out
E100002006361,E100000121067,build-out
E100002006361,E100002006364,build-out
E100002006362,E100002022074,build-out
E100002006363,E100000131458,build-out
E100002006365,E100002006366,build-out
E100002006367,E100000121067,build-out
E100002006369,E100002006371,build-out
E100002006372,E100000150759,build-out
E100002006373,E100001014342,build-out
E100002006374,E100002002419,build-out
E100002006375,E100001015587,build-out
E100002006375,E100002006378,build-out
E100002006377,E100002005937,build-out
E100002006380,E100000123261,build-out
E100002006380,E100001015587,build-out
E100002006380,E100002006387,build-out
E100002006380,E100002006388,build-out
E100002006382,E100001011838,build-out
E100002006383,E100002006384,build-out
E100002006384,E100002006078,build-out
E100002006385,E100002006194,build-out
E100002006390,E100002005941,build-out
E100002006391,E100000123261,build-out
E100002006392,E100002005941,build-out
E100002006394,E100002005941,build-out
E100002006397,E100002006003,build-out
E100002006397,E100002006398,build-out
E100002006398,E100001000008,build-out
E100002006399,E100002005975,build-out
E100002006400,E100002006398,build-out
E100002006402,E100002006003,build-out
E100002006402,E100002006398,build-out
E100002006404,E100002006398,build-out
E100002006405,E100002006398,build-out
E100002006407,E100002006398,build-out
E100002006408,E100002006398,build-out
E100002006410,E100002006398,build-out
E100002006411,E100002006398,build-out
E100002006413,E100002006415,build-out
E100002006415,E100000000414,build-out
E100002006417,E100002006398,build-out
E100002006418,E100001011407,build-out
E100002006419,E100002006398,build-out
E100002006423,E100002006424,build-out
E100002006425,E100000000414,build-out
E100002006425,E100002005198,build-out
E100002006426,E100000000414,build-out
E100002006427,E100001010631,build-out
E100002006429,E100001015587,build-out
E100002006429,E100002005888,build-out
E100002006430,E100002005888,build-out
E100002006432,E100002006433,build-out
E100002006432,E100002006434,build-out
E100002006435,E100000123261,build-out
E100002006440,E100002006314,build-out
E100002006441,E100001015587,build-out
E100002006441,E100002005792,build-out
E100002006441,E100002006443,build-out
E100002006441,E100002006444,build-out
E100002006441,E100002006445,build-out
E100002006441,E100002006446,build-out
E100002006442,E100002005092,build-out
E100002006444,E100002007694,build-out
E100002006445,E100001014867,build-out
E100002006446,E100001014867,build-out
E100002006447,E100002000297,build-out
E100002006449,E100002006450,build-out
E100002006454,E100000000687,build-out
E100002006454,E100002006455,build-out
E100002006456,E100002006455,build-out
E100002006457,E100002006455,build-out
E100002006457,E100002007792,build-out
E100002006458,E100001000571,build-out
E100002006459,E100002006460,build-out
E100002006461,E100002006462,build-out
E100002006462,E100002017441,build-out
E100002006463,E100000123261,build-out
E100002006464,E100002006398,build-out
E100002006466,E100001000571,build-out
E100002006469,E100002006470,build-out
E100002006471,E100000131458,build-out
E100002006476,E100000123261,build-out
E100002006486,E100002006488,build-out
E100002006486,E100002006490,build-out
E100002006486,E100002006492,build-out
E100002006494,E100002005625,build-out
E100002006496,E100002005815,build-out
E100002006507,E100000000786,build-out
E100002006507,E100001015587,build-out
E100002006508,E100000123261,build-out
E100002006508,E100001015587,build-out
E100002006508,E100002006510,build-out
E100002006513,E100000123261,build-out
E100002006519,E100000151221,build-out
E100002006521,E100000131458,build-out
E100002006524,E100000123261,build-out
E100002006524,E100001015587,build-out
E100002006525,E100001014390,build-out
E100002006527,E100000123261,build-out
E100002006527,E100000133745,build-out
E100002006527,E100001015587,build-out
E100002006527,E100002006528,build-out
E100002006527,E100002006530,build-out
E100002006527,E100002006531,build-out
E100002006529,E100002006166,build-out
E100002006532,E100001015587,build-out
E100002006532,E100002006534,build-out
E100002006533,E100002006166,build-out
E100002006535,E100002006166,build-out
E100002006537,E100002006360,build-out
E100002006538,E100000123261,build-out
E100002006539,E100001000930,build-out
E100002006540,E100002006538,build-out
E100002006540,E100002015673,build-out
E100002006541,E100001000282,build-out
E100002006542,E100002006360,build-out
E100002006543,E100002006547,build-out
E100002006545,E100000000414,build-out
E100002006546,E100002006550,build-out
E100002006550,E100000123261,build-out
E100002006551,E100000000414,build-out
E100002006551,E100001015587,build-out
E100002006551,E100002006553,build-out
E100002006554,E100002006556,build-out
E100002006554,E100002006557,build-out
E100002006558,E100002005815,build-out
E100002006563,E100002006562,build-out
E100002006567,E100001015587,build-out
E100002006567,E100002024174,build-out
E100002006575,E100002006557,build-out
E100002006577,E100001000531,build-out
E100002006577,E100001015587,build-out
E100002006582,E100000123261,build-out
E100002006582,E100001015587,build-out
E100002006583,E100000123261,build-out
E100002006583,E100001015587,build-out
E100002006588,E100002006591,build-out
E100002006591,E100002006415,build-out
E100002006592,E100002006596,build-out
E100002006592,E100002006598,build-out
E100002006592,E100002006600,build-out
E100002006593,E100002006221,build-out
E100002006597,E100002006166,build-out
E100002006604,E100002005110,build-out
E100002006605,E100000123261,build-out
E100002006605,E100002006607,build-out
E100002006606,E100002006609,build-out
E100002006609,E100000123261,build-out
E100002006609,E100002006610,build-out
E100002006612,E100002006614,build-out
E100002006613,E100000000543,build-out
E100002006616,E100002006617,build-out
E100002006617,E100000000053,build-out
E100002006649,E100000000414,build-out
E100002006652,E100002006653,build-out
E100002006652,E100002006655,build-out
E100002006658,E100002005786,build-out
E100002006661,E100000123261,build-out
E100002006665,E100000121352,build-out
E100002006676,E100000001358,build-out
E100002006676,E100001015587,build-out
E100002006677,E100002005627,build-out
E100002006678,E100002006681,build-out
E100002006680,E100002006683,build-out
E100002006680,E100002006685,build-out
E100002006680,E100002006686,build-out
E100002006680,E100002006688,build-out
E100002006680,E100002006690,build-out
E100002006682,E100001015587,build-out
E100002006682,E100002006684,build-out
E100002006687,E100001015587,build-out
E100002006687,E100002006682,build-out
E100002006696,E100002006221,build-out
E100002006697,E100001015587,build-out
E100002006697,E100002006698,build-out
E100002006697,E100002006699,build-out
E100002006700,E100000000414,build-out
E100002006701,E100000000414,build-out
E100002006702,E100000000414,build-out
E100002006703,E100000131048,build-out
E100002006704,E100000000414,build-out
E100002006709,E100000000414,build-out
E100002006726,E100001000659,build-out
E100002006726,E100002006731,build-out
E100002006728,E100000000414,build-out
E100002006729,E100002006704,build-out
E100002006729,E100002006730,build-out
E100002006731,E100001015587,build-out
E100002006731,E100002006732,build-out
E100002006731,E100002006734,build-out
E100002006733,E100000000414,build-out
E100002006735,E100000000414,build-out
E100002006737,E100000000543,build-out
E100002006738,E100000000414,build-out
E100002006739,E100002006740,build-out
E100002006741,E100000000414,build-out
E100002006742,E100000000414,build-out
E100002006746,E100001000571,build-out
E100002006751,E100001015525,build-out
E100002006752,E100000001558,build-out
E100002006752,E100002006754,build-out
E100002006753,E100000120173,build-out
E100002006756,E100000132883,build-out
E100002006760,E100001015525,build-out
E100002006768,E100000123261,build-out
E100002006768,E100001015587,build-out
E100002006768,E100002006769,build-out
E100002006770,E100000001005,build-out
E100002006771,E100001000571,build-out
E100002006772,E100001000571,build-out
E100002006773,E100001000571,build-out
E100002006775,E100002005196,build-out
E100002006775,E100002006777,build-out
E100002006778,E100001000571,build-out
E100002006779,E100001000571,build-out
E100002006780,E100002006240,build-out
E100002006781,E100001000571,build-out
E100002006782,E100002006783,build-out
E100002006783,E100001000571,build-out
E100002006785,E100001000571,build-out
E100002006790,E100002023960,build-out
E100002006790,E100002023961,build-out
E100002006790,E100002023962,build-out
E100002006793,E100001015587,build-out
E100002006793,E100002006796,build-out
E100002006793,E100002006797,build-out
E100002006793,E100002006798,build-out
E100002006793,E100002006799,build-out
E100002006800,E100001000571,build-out
E100002006801,E100001000571,build-out
E100002006802,E100001000571,build-out
E100002006803,E100002005572,build-out
E100002006804,E100001000571,build-out
E100002006806,E100001000571,build-out
E100002006808,E100001000571,build-out
E100002006810,E100001000571,build-out
E100002006811,E100001000571,build-out
E100002006812,E100001000571,build-out
E100002006813,E100001000571,build-out
E100002006814,E100001000571,build-out
E100002006815,E100001000571,build-out
E100002006817,E100002006576,build-out
E100002006817,E100002006816,build-out
E100002006818,E100000000561,build-out
E100002006822,E100000123261,build-out
E100002006823,E100002006398,build-out
E100002006837,E100002006838,build-out
E100002006842,E100000000561,build-out
E100002006842,E100001015587,build-out
E100002006842,E100002006221,build-out
E100002006843,E100002006131,build-out
E100002006845,E100001015836,build-out
E100002006849,E100001015587,build-out
E100002006849,E100002022491,build-out
E100002006850,E100000000414,build-out
E100002006851,E100000123261,build-out
E100002006851,E100001015587,build-out
E100002006851,E100002006852,build-out
E100002006854,E100000131458,build-out
E100002006857,E100002002182,build-out
E100002006858,E100000123261,build-out
E100002006860,E100000123261,build-out
E100002006862,E100001015587,build-out
E100002006862,E100002005659,build-out
E100002006863,E100002002419,build-out
E100002006865,E100002006866,build-out
E100002006867,E100000123261,build-out
E100002006868,E100002005912,build-out
E100002006869,E100001015587,build-out
E100002006869,E100002006870,build-out
E100002006876,E100002006877,build-out
E100002006878,E100000123261,build-out
E100002006878,E100002006879,build-out
E100002006880,E100000123261,build-out
E100002006881,E100001013528,build-out
E100002006883,E100000131458,build-out
E100002006884,E100002006885,build-out
E100002006884,E100002006887,build-out
E100002006886,E100000131458,build-out
E100002006888,E100002006129,build-out
E100002006891,E100002006892,build-out
E100002006894,E100000123261,build-out
E100002006896,E100002006767,build-out
E100002006897,E100000123261,build-out
E100002006899,E100001000930,build-out
E100002006899,E100002006902,build-out
E100002006901,E100002005937,build-out
E100002006905,E100002005888,build-out
E100002006910,E100002006911,build-out
E100002006913,E100002005618,build-out
E100002006916,E100001000268,build-out
E100002006917,E100002006460,build-out
E100002006920,E100001000268,build-out
E100002006922,E100002006924,build-out
E100002006925,E100000123261,build-out
E100002006926,E100002005196,build-out
E100002006926,E100002005198,build-out
E100002006926,E100002006927,build-out
E100002006937,E100001012481,build-out
E100002006939,E100000121484,build-out
E100002006943,E100000131041,build-out
E100002006943,E100002006945,build-out
E100002006949,E100002006950,build-out
E100002006954,E100002006596,build-out
E100002006954,E100002006598,build-out
E100002006955,E100000000806,build-out
E100002006955,E100000131458,build-out
E100002006956,E100002006816,build-out
E100002006958,E100002006064,build-out
E100002006960,E100000133745,build-out
E100002006960,E100002000979,build-out
E100002006960,E100002006961,build-out
E100002006960,E100002006962,build-out
E100002006960,E100002006963,build-out
E100002006964,E100002006965,build-out
E100002006965,E100000123261,build-out
E100002006965,E100002006966,build-out
E100002006965,E100002006967,build-out
E100002006968,E100002006074,build-out
E100002006969,E100002006970,build-out
E100002006970,E100000123261,build-out
E100002006970,E100001015587,build-out
E100002006970,E100002006971,build-out
E100002006970,E100002006972,build-out
E100002006976,E100002006977,build-out
E100002006976,E100002006978,build-out
E100002006976,E100002006979,build-out
E100002006976,E100002006980,build-out
E100002006981,E100000123261,build-out
E100002006982,E100002005997,build-out
E100002006983,E100000000561,build-out
E100002006983,E100002005815,build-out
E100002006984,E100002005815,build-out
E100002006986,E100000131458,build-out
E100002006987,E100001010879,build-out
E100002006988,E100000123261,build-out
E100002006989,E100000131391,build-out
E100002006990,E100002005815,build-out
E100002006994,E100002007000,build-out
E100002006994,E100002007001,build-out
E100002007002,E100000123261,build-out
E100002007002,E100001015587,build-out
E100002007002,E100002007003,build-out
E100002007004,E100001015587,build-out
E100002007004,E100002007005,build-out
E100002007005,E100002002419,build-out
E100002007006,E100000000561,build-out
E100002007006,E100001015587,build-out
E100002007006,E100002007007,build-out
E100002007008,E100000123261,build-out
E100002007008,E100001015587,build-out
E100002007008,E100002007009,build-out
E100002007008,E100002007010,build-out
E100002007008,E100002007011,build-out
E100002007013,E100002007014,build-out
E100002007015,E100000000676,build-out
E100002007015,E100001015587,build-out
E100002007015,E100001016328,build-out
E100002007015,E100002007017,build-out
E100002007028,E100000123261,build-out
E100002007028,E100001012407,build-out
E100002007030,E100001000571,build-out
E100002007032,E100002007042,build-out
E100002007033,E100001010360,build-out
E100002007034,E100000131458,build-out
E100002007035,E100002005944,build-out
E100002007039,E100002023214,build-out
E100002007040,E100001015587,build-out
E100002007040,E100002005897,build-out
E100002007041,E100001000571,build-out
E100002007042,E100001000537,build-out
E100002007043,E100001000571,build-out
E100002007045,E100001000571,build-out
E100002007048,E100001000571,build-out
E100002007052,E100001000571,build-out
E100002007056,E100001000571,build-out
E100002007056,E100002006528,build-out
E100002007056,E100002007059,build-out
E100002007063,E100001000571,build-out
E100002007064,E100001000571,build-out
E100002007065,E100001000571,build-out
E100002007068,E100001015587,build-out
E100002007068,E100002007069,build-out
E100002007069,E100002007070,build-out
E100002007069,E100002007072,build-out
E100002007070,E100001000571,build-out
E100002007073,E100001011738,build-out
E100002007073,E100002023915,build-out
E100002007074,E100001000571,build-out
E100002007074,E100002015717,build-out
E100002007079,E100000131034,build-out
E100002007080,E100000120764,build-out
E100002007080,E100001015587,build-out
E100002007080,E100002007081,build-out
E100002007094,E100000000845,build-out
E100002007094,E100001000331,build-out
E100002007094,E100002007096,build-out
E100002007094,E100002007097,build-out
E100002007101,E100000123261,build-out
E100002007101,E100002006912,build-out
E100002007102,E100001014342,build-out
E100002007102,E100002005093,build-out
E100002007103,E100002005712,build-out
E100002007105,E100000000414,build-out
E100002007106,E100002007107,build-out
E100002007107,E100002005203,build-out
E100002007107,E100002007108,build-out
E100002007108,E100002007109,build-out
E100002007110,E100002007111,build-out
E100002007110,E100002007113,build-out
E100002007111,E100000120772,build-out
E100002007114,E100000120772,build-out
E100002007128,E100000123261,build-out
E100002007131,E100002006221,build-out
E100002007132,E100000179513,build-out
E100002007133,E100002007135,build-out
E100002007135,E100002007134,build-out
E100002007136,E100002007137,build-out
E100002007139,E100001015587,build-out
E100002007139,E100002007141,build-out
E100002007139,E100002007142,build-out
E100002007139,E100002007143,build-out
E100002007139,E100002007144,build-out
E100002007146,E100000123261,build-out
E100002007148,E100000130064,build-out
E100002007148,E100002002779,build-out
E100002007148,E100002006151,build-out
E100002007154,E100002007156,build-out
E100002007159,E100001015587,build-out
E100002007159,E100002007161,build-out
E100002007159,E100002007162,build-out
E100002007159,E100002007163,build-out
E100002007159,E100002007164,build-out
E100002007167,E100000123261,build-out
E100002007167,E100001015587,build-out
E100002007167,E100002007169,build-out
E100002007167,E100002007170,build-out
E100002007167,E100002007171,build-out
E100002007168,E100001000268,build-out
E100002007173,E100002007175,build-out
E100002007173,E100002007176,build-out
E100002007173,E100002007177,build-out
E100002007173,E100002007178,build-out
E100002007188,E100000123261,build-out
E100002007188,E100001015587,build-out
E100002007189,E100002007190,build-out
E100002007190,E100000123261,build-out
E100002007194,E100000123261,build-out
E100002007194,E100001015587,build-out
E100002007194,E100002007198,build-out
E100002007195,E100002007196,build-out
E100002007197,E100002007695,build-out
E100002007199,E100002007206,build-out
E100002007202,E100002007204,build-out
E100002007205,E100001000348,build-out
E100002007205,E100001010595,build-out
E100002007205,E100001014434,build-out
E100002007205,E100001015587,build-out
E100002007206,E100002007208,build-out
E100002007209,E100000123261,build-out
E100002007211,E100002007212,build-out
E100002007213,E100002005953,build-out
E100002007214,E100000131458,build-out
E100002007215,E100001015587,build-out
E100002007215,E100002007216,build-out
E100002007217,E100002006960,build-out
E100002007229,E100000123261,build-out
E100002007231,E100002007232,build-out
E100002007231,E100002007233,build-out
E100002007232,E100001015587,build-out
E100002007232,E100002007234,build-out
E100002007232,E100002007235,build-out
E100002007232,E100002007236,build-out
E100002007232,E100002007237,build-out
E100002007232,E100002007238,build-out
E100002007232,E100002007239,build-out
E100002007249,E100002002419,build-out
E100002007250,E100002007251,build-out
E100002007252,E100002006557,build-out
E100002007254,E100002007255,build-out
E100002007254,E100002007256,build-out
E100002007254,E100002007257,build-out
E100002007255,E100000123261,build-out
E100002007256,E100001014871,build-out
E100002007258,E100000120433,build-out
E100002007259,E100000120433,build-out
E100002007261,E100000123261,build-out
E100002007261,E100001015587,build-out
E100002007261,E100002005598,build-out
E100002007261,E100002007271,build-out
E100002007262,E100000123261,build-out
E100002007266,E100002007267,build-out
E100002007268,E100000121117,build-out
E100002007269,E100000123261,build-out
E100002007269,E100001016248,build-out
E100002007269,E100002006221,build-out
E100002007272,E100002007274,build-out
E100002007273,E100001010631,build-out
E100002007273,E100002007281,build-out
E100002007275,E100002007276,build-out
E100002007280,E100001000268,build-out
E100002007283,E100002007585,build-out
E100002007284,E100001000258,build-out
E100002007285,E100000123261,build-out
E100002007286,E100002007287,build-out
E100002007293,E100002007295,build-out
E100002007295,E100002024068,build-out
E100002007296,E100002007297,build-out
E100002007297,E100001015587,build-out
E100002007297,E100002007299,build-out
E100002007297,E100002007301,build-out
E100002007299,E100002000745,build-out
E100002007301,E100002000745,build-out
E100002007304,E100000123261,build-out
E100002007306,E100000124534,build-out
E100002007306,E100000179513,build-out
E100002007307,E100000134057,build-out
E100002007308,E100000134057,build-out
E100002007309,E100000133660,build-out
E100002007309,E100000134057,build-out
E100002007309,E100002007339,build-out
E100002007311,E100000123261,build-out
E100002007311,E100001015587,build-out
E100002007311,E100002007312,build-out
E100002007313,E100002007314,build-out
E100002007314,E100001015587,build-out
E100002007314,E100002007315,build-out
E100002007314,E100002007316,build-out
E100002007314,E100002007318,build-out
E100002007314,E100002007319,build-out
E100002007314,E100002007320,build-out
E100002007314,E100002007321,build-out
E100002007314,E100002007322,build-out
E100002007340,E100001000932,build-out
E100002007346,E100000120856,build-out
E100002007347,E100000120856,build-out
E100002007347,E100000121484,build-out
E100002007349,E100002007351,build-out
E100002007350,E100000131458,build-out
E100002007351,E100002022492,build-out
E100002007354,E100001015587,build-out
E100002007357,E100000001107,build-out
E100002007357,E100002007358,build-out
E100002007361,E100002007364,build-out
E100002007364,E100002007696,build-out
E100002007365,E100001012805,build-out
E100002007366,E100002006131,build-out
E100002007368,E100001010582,build-out
E100002007370,E100002007372,build-out
E100002007372,E100000131458,build-out
E100002007373,E100001015587,build-out
E100002007373,E100002007530,build-out
E100002007373,E100002007531,build-out
E100002007373,E100002007532,build-out
E100002007374,E100000179513,build-out
E100002007374,E100002007375,build-out
E100002007377,E100002007378,build-out
E100002007380,E100001000932,build-out
E100002007381,E100001000952,build-out
E100002007381,E100001000955,build-out
E100002007381,E100001015587,build-out
E100002007381,E100002000979,build-out
E100002007385,E100002007386,build-out
E100002007387,E100001000576,build-out
E100002007387,E100002003298,build-out
E100002007387,E100002005198,build-out
E100002007387,E100002007389,build-out
E100002007389,E100000133656,build-out
E100002007393,E100002006221,build-out
E100002007394,E100000123261,build-out
E100002007394,E100001015587,build-out
E100002007398,E100002007399,build-out
E100002007399,E100002005953,build-out
E100002007402,E100000123261,build-out
E100002007405,E100002007407,build-out
E100002007405,E100002007408,build-out
E100002007409,E100000121375,build-out
E100002007409,E100001000847,build-out
E100002007413,E100002002419,build-out
E100002007415,E100002007416,build-out
E100002007418,E100002007419,build-out
E100002007420,E100002007422,build-out
E100002007433,E100002005944,build-out
E100002007434,E100002007435,build-out
E100002007435,E100001015587,build-out
E100002007435,E100002007437,build-out
E100002007435,E100002007438,build-out
E100002007436,E100001015587,build-out
E100002007436,E100002006461,build-out
E100002007440,E100002007445,build-out
E100002007447,E100002007449,build-out
E100002007448,E100001015587,build-out
E100002007448,E100002007450,build-out
E100002007449,E100002007451,build-out
E100002007453,E100000123261,build-out
E100002007454,E100002007455,build-out
E100002007455,E100002007456,build-out
E100002007457,E100002006131,build-out
E100002007459,E100001000268,build-out
E100002007460,E100001011678,build-out
E100002007461,E100000123261,build-out
E100002007461,E100001015587,build-out
E100002007462,E100001015587,build-out
E100002007462,E100002006990,build-out
E100002007462,E100002007463,build-out
E100002007462,E100002007464,build-out
E100002007465,E100002007466,build-out
E100002007467,E100002005786,build-out
E100002007467,E100002007468,build-out
E100002007468,E100000120856,build-out
E100002007468,E100001000932,build-out
E100002007471,E100000000652,build-out
E100002007474,E100000123261,build-out
E100002007475,E100002007448,build-out
E100002007476,E100002006314,build-out
E100002007614,E100000000175,build-out
E100002007619,E100000123261,build-out
E100002007636,E100002007653,build-out
E100002007638,E100002020945,build-out
E100002007656,E100000000105,build-out
E100002007657,E100000001247,build-out
E100002007681,E100002007706,build-out
E100002007682,E100002016019,build-out
E100002007684,E100002022392,build-out
E100002007691,E100002007730,build-out
E100002007693,E100002007696,build-out
E100002007694,E100002007732,build-out
E100002007696,E100000131458,build-out
E100002007706,E100000000387,build-out
E100002007720,E100000001247,build-out
E100002007730,E100002007763,build-out
E100002007732,E100002007813,build-out
E100002007751,E100000001205,build-out
E100002007783,E100002022384,build-out
E100002007786,E100002020946,build-out
E100002007801,E100000000533,build-out
E100002007805,E100000121461,build-out
E100002007810,E100000123261,build-out
E100002007810,E100002020956,build-out
E100002007856,E100002007728,build-out
E100002007876,E100000000013,build-out
E100002007876,E100000000746,build-out
E100002007876,E100000001179,build-out
E100002007876,E100000001763,build-out
E100002007876,E100002001295,build-out
E100002007876,E100002007877,build-out
E100002007924,E100000132288,build-out
E100002007946,E100001014141,build-out
E100002007946,E100002025009,build-out
E100002007947,E100000123261,build-out
E100002007947,E100002025008,build-out
E100002007991,E100000000786,build-out
E100002007991,E100001015587,build-out
E100002008077,E100001010911,build-out
E100002008077,E100001015587,build-out
E100002008077,E100002008079,build-out
E100002008081,E100001014432,build-out
E100002008085,E100001014841,build-out
E100002008085,E100002008086,build-out
E100002008086,E100001015278,build-out
E100002008087,E100001015045,build-out
E100002008088,E100001015045,build-out
E100002008089,E100000001006,build-out
E100002008091,E100001014283,build-out
E100002008094,E100000000638,build-out
E100002008096,E100001014283,build-out
E100002008182,E100002022406,build-out
E100002008183,E100002022406,build-out
E100002008189,E100002008190,build-out
E100002008190,E100000123261,build-out
E100002008401,E100002017128,build-out
E100002008402,E100002017222,build-out
E100002008403,E100000123261,build-out
E100002008421,E100002017238,build-out
E100002008428,E100000132450,build-out
E100002008557,E100002021278,build-out
E100002008562,E100002016842,build-out
E100002008565,E100000001148,build-out
E100002008565,E100002002707,build-out
E100002008574,E100002017186,build-out
E100002008582,E100000001224,build-out
E100002008598,E100000123261,build-out
E100002008598,E100001015597,build-out
E100002008616,E100002017197,build-out
E100002008741,E100000001103,build-out
E100002008764,E100002001974,build-out
E100002008769,E100002017016,build-out
E100002008772,E100002016599,build-out
E100002008774,E100002016745,build-out
E100002008787,E100002000937,build-out
E100002008788,E100002010145,build-out
E100002008791,E100000123261,build-out
E100002008795,E100002017206,build-out
E100002008799,E100001000558,build-out
E100002008825,E100000002824,build-out
E100002008826,E100002016697,build-out
E100002008827,E100002016697,build-out
E100002008829,E100002016697,build-out
E100002008832,E100002016697,build-out
E100002008855,E100000120931,build-out
E100002008864,E100002017003,build-out
E100002008864,E100002017004,build-out
E100002008886,E100001001322,build-out
E100002008890,E100002017101,build-out
E100002008894,E100001011030,build-out
E100002008896,E100001011030,build-out
E100002008898,E100002016954,build-out
E100002008917,E100000001307,build-out
E100002008924,E100002001036,build-out
E100002008949,E100002017146,build-out
E100002008953,E100002016792,build-out
E100002008953,E100002016793,build-out
E100002008953,E100002016794,build-out
E100002008955,E100002001974,build-out
E100002008955,E100002016976,build-out
E100002008955,E100002016978,build-out
E100002008955,E100002016979,build-out
E100002008963,E100000123261,build-out
E100002008972,E100002017156,build-out
E100002008986,E100002016969,build-out
E100002008993,E100002017214,build-out
E100002008998,E100000001654,build-out
E100002009004,E100000139810,build-out
E100002009010,E100002017142,build-out
E100002009037,E100001014214,build-out
E100002009039,E100001000486,build-out
E100002009043,E100002004726,build-out
E100002009069,E100000000026,build-out
E100002009070,E100000135552,build-out
E100002009077,E100000000503,build-out
E100002009078,E100001000155,build-out
E100002009079,E100002009080,build-out
E100002009106,E100002012067,build-out
E100002009156,E100000000953,build-out
E100002009162,E100002010775,build-out
E100002009201,E100002009202,build-out
E100002009202,E100000131426,build-out
E100002009221,E100001015587,build-out
E100002009221,E100002012068,build-out
E100002009246,E100002008409,build-out
E100002009256,E100000132016,build-out
E100002009260,E100002009261,build-out
E100002009261,E100002009262,build-out
E100002009263,E100000123261,build-out
E100002009263,E100002009264,build-out
E100002009263,E100002009265,build-out
E100002009266,E100000123261,build-out
E100002009292,E100002011936,build-out
E100002009299,E100001015587,build-out
E100002009299,E100002000745,build-out
E100002009305,E100000003065,build-out
E100002009305,E100002011941,build-out
E100002009305,E100002011943,build-out
E100002009372,E100002012065,build-out
E100002009382,E100000136729,build-out
E100002009382,E100001015587,build-out
E100002009382,E100002012020,build-out
E100002009412,E100002009415,build-out
E100002009415,E100002004737,build-out
E100002009417,E100000131246,build-out
E100002009421,E100000131400,build-out
E100002009423,E100000123261,build-out
E100002009425,E100001010346,build-out
E100002009431,E100001000488,build-out
E100002009438,E100000132348,build-out
E100002009439,E100000123261,build-out
E100002009443,E100002001550,build-out
E100002009452,E100000131459,build-out
E100002009455,E100002009459,build-out
E100002009463,E100001000537,build-out
E100002009479,E100000123261,build-out
E100002009482,E100002012025,build-out
E100002009490,E100002012014,build-out
E100002009511,E100000000818,build-out
E100002009511,E100001015587,build-out
E100002009511,E100002012016,build-out
E100002009522,E100001000694,build-out
E100002009523,E100000000902,build-out
E100002009535,E100002009536,build-out
E100002009537,E100000131353,build-out
E100002009538,E100001000653,build-out
E100002009539,E100000123261,build-out
E100002009540,E100000132087,build-out
E100002009541,E100002011853,build-out
E100002009541,E100002011854,build-out
E100002009544,E100000123261,build-out
E100002009548,E100001015587,build-out
E100002009548,E100002012008,build-out
E100002009548,E100002012010,build-out
E100002009599,E100002011931,build-out
E100002009609,E100000000121,build-out
E100002009621,E100000123261,build-out
E100002009626,E100000000584,build-out
E100002009626,E100000000590,build-out
E100002009626,E100000000596,build-out
E100002009626,E100002011797,build-out
E100002009633,E100000154202,build-out
E100002009633,E100001015587,build-out
E100002009637,E100001000522,build-out
E100002009640,E100000123261,build-out
E100002009641,E100002009642,build-out
E100002009642,E100002009643,build-out
E100002009674,E100002009676,build-out
E100002009675,E100002015640,build-out
E100002009681,E100000123261,build-out
E100002009686,E100002015641,build-out
E100002009733,E100000123261,build-out
E100002009814,E100002006532,build-out
E100002009823,E100000123261,build-out
E100002009859,E100002015638,build-out
E100002009859,E100002022427,build-out
E100002009877,E100000123261,build-out
E100002009942,E100000123261,build-out
E100002009947,E100002016759,build-out
E100002009951,E100002011852,build-out
E100002010010,E100000123261,build-out
E100002010038,E100001010083,build-out
E100002010038,E100001010175,build-out
E100002010134,E100002010138,build-out
E100002010145,E100002017154,build-out
E100002010146,E100000123261,build-out
E100002010146,E100002016507,build-out
E100002010146,E100002016508,build-out
E100002010146,E100002016509,build-out
E100002010146,E100002016510,build-out
E100002010146,E100002016511,build-out
E100002010214,E100000123261,build-out
E100002010216,E100000121182,build-out
E100002010216,E100001013701,build-out
E100002010249,E100000000426,build-out
E100002010290,E100001011301,build-out
E100002010292,E100001015007,build-out
E100002010298,E100000120627,build-out
E100002010308,E100000123261,build-out
E100002010312,E100000123261,build-out
E100002010315,E100000131246,build-out
E100002010316,E100000132355,build-out
E100002010404,E100002015650,build-out
E100002010406,E100002012030,build-out
E100002010430,E100001000653,build-out
E100002010440,E100000123261,build-out
E100002010461,E100000158181,build-out
E100002010463,E100002011893,build-out
E100002010483,E100000000388,build-out
E100002010483,E100000001870,build-out
E100002010533,E100000000376,build-out
E100002010540,E100002011831,build-out
E100002010547,E100001015587,build-out
E100002010547,E100002011947,build-out
E100002010547,E100002011950,build-out
E100002010557,E100002011718,build-out
E100002010564,E100002011861,build-out
E100002010570,E100002020914,build-out
E100002010579,E100002010580,build-out
E100002010580,E100001010084,build-out
E100002010588,E100002011849,build-out
E100002010593,E100000123261,build-out
E100002010594,E100002001974,build-out
E100002010608,E100000123261,build-out
E100002010613,E100000131353,build-out
E100002010616,E100001000296,build-out
E100002010669,E100000001906,build-out
E100002010703,E100000000460,build-out
E100002010703,E100001015587,build-out
E100002010703,E100002011856,build-out
E100002010722,E100002000972,build-out
E100002010722,E100002003264,build-out
E100002010722,E100002011857,build-out
E100002010723,E100001013765,build-out
E100002010724,E100001000479,build-out
E100002010728,E100001000543,build-out
E100002010749,E100001000001,build-out
E100002010750,E100002010751,build-out
E100002010750,E100002010752,build-out
E100002010753,E100001001106,build-out
E100002010754,E100001013619,build-out
E100002010758,E100001013285,build-out
E100002010759,E100000120792,build-out
E100002010760,E100000123261,build-out
E100002010761,E100001001106,build-out
E100002010763,E100001013664,build-out
E100002010763,E100002010764,build-out
E100002010768,E100001013664,build-out
E100002010768,E100002010764,build-out
E100002010769,E100002010770,build-out
E100002010770,E100002010771,build-out
E100002010771,E100002010772,build-out
E100002010772,E100001013781,build-out
E100002010773,E100000123261,build-out
E100002010774,E100002009162,build-out
E100002010775,E100000123261,build-out
E100002010776,E100000131687,build-out
E100002010776,E100001013285,build-out
E100002010777,E100002010778,build-out
E100002010777,E100002010779,build-out
E100002010777,E100002010780,build-out
E100002010778,E100002010781,build-out
E100002010783,E100001000791,build-out
E100002010785,E100001001106,build-out
E100002010786,E100001013619,build-out
E100002010787,E100001001106,build-out
E100002010789,E100001015587,build-out
E100002010789,E100002010792,build-out
E100002010794,E100002010797,build-out
E100002010794,E100002010799,build-out
E100002010797,E100001013468,build-out
E100002010803,E100001013073,build-out
E100002010806,E100001016471,build-out
E100002010807,E100001013619,build-out
E100002010809,E100001013023,build-out
E100002010810,E100002010814,build-out
E100002010810,E100002010815,build-out
E100002010814,E100001013285,build-out
E100002010815,E100000123261,build-out
E100002010815,E100002010816,build-out
E100002010818,E100002010820,build-out
E100002010819,E100002001309,build-out
E100002010820,E100001000405,build-out
E100002010821,E100001000782,build-out
E100002010822,E100000123261,build-out
E100002010825,E100001001106,build-out
E100002010828,E100001013359,build-out
E100002010829,E100002010830,build-out
E100002010829,E100002010832,build-out
E100002010830,E100000123261,build-out
E100002010830,E100001015587,build-out
E100002010830,E100002010831,build-out
E100002010830,E100002010833,build-out
E100002010834,E100001001106,build-out
E100002010836,E100001013285,build-out
E100002010837,E100001001106,build-out
E100002010840,E100002010841,build-out
E100002010841,E100002010842,build-out
E100002010843,E100001013316,build-out
E100002010844,E100001013279,build-out
E100002010845,E100001001106,build-out
E100002010849,E100000187270,build-out
E100002010851,E100001014325,build-out
E100002011067,E100002003587,build-out
E100002011251,E100001000255,build-out
E100002011285,E100000136108,build-out
E100002011285,E100001000178,build-out
E100002011285,E100001000179,build-out
E100002011285,E100001015587,build-out
E100002011383,E100002003019,build-out
E100002011389,E100002016563,build-out
E100002011507,E100002017045,build-out
E100002011522,E100002016807,build-out
E100002011556,E100001015587,build-out
E100002011556,E100002017280,build-out
E100002011556,E100002017281,build-out
E100002011556,E100002017282,build-out
E100002011705,E100002011707,build-out
E100002011706,E100002016989,build-out
E100002011714,E100000123261,build-out
E100002011718,E100001000255,build-out
E100002011721,E100000132633,build-out
E100002011724,E100002010669,build-out
E100002011727,E100000000953,build-out
E100002011727,E100000001237,build-out
E100002011727,E100000131722,build-out
E100002011727,E100001000431,build-out
E100002011735,E100000002011,build-out
E100002011748,E100001010995,build-out
E100002011748,E100002022662,build-out
E100002011758,E100000131246,build-out
E100002011764,E100000000369,build-out
E100002011771,E100001000488,build-out
E100002011772,E100000000372,build-out
E100002011773,E100000001454,build-out
E100002011797,E100002015260,build-out
E100002011804,E100001011866,build-out
E100002011829,E100000151577,build-out
E100002011840,E100001016899,build-out
E100002011842,E100000123261,build-out
E100002011843,E100000000373,build-out
E100002011847,E100002011848,build-out
E100002011848,E100002011850,build-out
E100002011848,E100002011851,build-out
E100002011857,E100002011858,build-out
E100002011859,E100002011860,build-out
E100002011861,E100002011862,build-out
E100002011862,E100002011863,build-out
E100002011863,E100002000601,build-out
E100002011871,E100000123261,build-out
E100002011872,E100000132138,build-out
E100002011878,E100001014841,build-out
E100002011879,E100000123261,build-out
E100002011880,E100000123261,build-out
E100002011880,E100000131610,build-out
E100002011883,E100000131885,build-out
E100002011885,E100000123261,build-out
E100002011892,E100000120972,build-out
E100002011895,E100000003431,build-out
E100002011899,E100000001095,build-out
E100002011904,E100002011905,build-out
E100002011905,E100000131242,build-out
E100002011910,E100001000296,build-out
E100002011911,E100000123261,build-out
E100002011918,E100002016811,build-out
E100002011923,E100002016801,build-out
E100002011924,E100002016801,build-out
E100002011925,E100002016865,build-out
E100002011931,E100002011932,build-out
E100002011934,E100002011882,build-out
E100002011940,E100002016602,build-out
E100002011944,E100000001143,build-out
E100002011946,E100002011948,build-out
E100002011948,E100002011949,build-out
E100002011951,E100000132096,build-out
E100002011951,E100000132109,build-out
E100002011952,E100000123261,build-out
E100002011955,E100000123261,build-out
E100002011956,E100000131519,build-out
E100002011958,E100002016344,build-out
E100002011960,E100000123261,build-out
E100002011984,E100000123261,build-out
E100002011995,E100000123261,build-out
E100002011999,E100000123261,build-out
E100002012001,E100000131935,build-out
E100002012002,E100000123261,build-out
E100002012003,E100000123261,build-out
E100002012007,E100000132352,build-out
E100002012009,E100001010348,build-out
E100002012011,E100001011317,build-out
E100002012013,E100000123261,build-out
E100002012021,E100000123261,build-out
E100002012024,E100000123261,build-out
E100002012024,E100001015587,build-out
E100002012025,E100002012026,build-out
E100002012027,E100001015587,build-out
E100002012027,E100002003313,build-out
E100002012031,E100000123261,build-out
E100002012033,E100002012034,build-out
E100002012036,E100000000863,build-out
E100002012039,E100002016711,build-out
E100002012039,E100002016712,build-out
E100002012039,E100002016713,build-out
E100002012042,E100002011383,build-out
E100002012045,E100000001075,build-out
E100002012045,E100002022531,build-out
E100002012046,E100000150163,build-out
E100002012046,E100002012097,build-out
E100002012048,E100000150163,build-out
E100002012048,E100002016647,build-out
E100002012049,E100000123261,build-out
E100002012050,E100002016827,build-out
E100002012053,E100000187294,build-out
E100002012059,E100002012061,build-out
E100002012060,E100002012067,build-out
E100002012061,E100002012062,build-out
E100002012063,E100002012064,build-out
E100002012067,E100000001205,build-out
E100002012067,E100002016382,build-out
E100002012070,E100000123261,build-out
E100002012070,E100001015587,build-out
E100002012073,E100000123261,build-out
E100002012092,E100000001075,build-out
E100002012097,E100002016647,build-out
E100002012100,E100002016804,build-out
E100002012101,E100000001158,build-out
E100002012102,E100002016812,build-out
E100002012104,E100002012105,build-out
E100002012104,E100002012107,build-out
E100002012105,E100000001148,build-out
E100002012109,E100002016120,build-out
E100002013651,E100002016888,build-out
E100002013739,E100001015587,build-out
E100002013739,E100002016849,build-out
E100002013739,E100002016851,build-out
E100002013749,E100002017058,build-out
E100002013764,E100002016304,build-out
E100002013764,E100002016305,build-out
E100002013765,E100001000018,build-out
E100002013766,E100000123261,build-out
E100002013771,E100000123261,build-out
E100002013773,E100000132633,build-out
E100002013773,E100002016652,build-out
E100002013776,E100000123261,build-out
E100002013783,E100002016578,build-out
E100002013843,E100001010134,build-out
E100002013912,E100002016603,build-out
E100002013914,E100000000549,build-out
E100002013977,E100002016952,build-out
E100002014004,E100002025132,build-out
E100002014004,E100002025133,build-out
E100002014046,E100001000348,build-out
E100002014046,E100001010595,build-out
E100002014046,E100001014573,build-out
E100002014046,E100001014849,build-out
E100002014046,E100001015587,build-out
E100002014048,E100002016338,build-out
E100002014196,E100002010822,build-out
E100002014197,E100002016828,build-out
E100002014199,E100000000426,build-out
E100002014201,E100000003523,build-out
E100002014202,E100002016657,build-out
E100002015085,E100002016971,build-out
E100002015093,E100002016983,build-out
E100002015096,E100002016731,build-out
E100002015109,E100002016820,build-out
E100002015115,E100002016868,build-out
E100002015118,E100000132633,build-out
E100002015119,E100002016871,build-out
E100002015119,E100002016872,build-out
E100002015122,E100002016837,build-out
E100002015124,E100000120517,build-out
E100002015124,E100000121024,build-out
E100002015124,E100002016682,build-out
E100002015125,E100000132696,build-out
E100002015128,E100002017057,build-out
E100002015130,E100002015131,build-out
E100002015131,E100002015132,build-out
E100002015132,E100000139852,build-out
E100002015137,E100002017000,build-out
E100002015138,E100002016998,build-out
E100002015138,E100002016999,build-out
E100002015140,E100001010063,build-out
E100002015141,E100002017002,build-out
E100002015143,E100000001893,build-out
E100002015147,E100000123261,build-out
E100002015154,E100000000671,build-out
E100002015154,E100001000408,build-out
E100002015155,E100000000671,build-out
E100002015155,E100001000408,build-out
E100002015156,E100000000671,build-out
E100002015156,E100001000408,build-out
E100002015161,E100000000453,build-out
E100002015166,E100002016608,build-out
E100002015169,E100002016784,build-out
E100002015171,E100000123261,build-out
E100002015171,E100002016717,build-out
E100002015171,E100002016718,build-out
E100002015172,E100002015173,build-out
E100002015174,E100002001203,build-out
E100002015176,E100000001332,build-out
E100002015176,E100001014013,build-out
E100002015182,E100000151456,build-out
E100002015182,E100002017054,build-out
E100002015185,E100002016744,build-out
E100002015188,E100002004426,build-out
E100002015188,E100002016786,build-out
E100002015196,E100000001044,build-out
E100002015197,E100000000649,build-out
E100002015198,E100001001015,build-out
E100002015200,E100000123261,build-out
E100002015201,E100002015341,build-out
E100002015205,E100002001974,build-out
E100002015207,E100000123261,build-out
E100002015208,E100002016838,build-out
E100002015209,E100000133660,build-out
E100002015209,E100002017066,build-out
E100002015213,E100002015216,build-out
E100002015214,E100002016844,build-out
E100002015216,E100000001001,build-out
E100002015217,E100000001234,build-out
E100002015236,E100001000208,build-out
E100002015256,E100002001974,build-out
E100002015267,E100001000273,build-out
E100002015272,E100000000619,build-out
E100002015273,E100001015587,build-out
E100002015273,E100002016737,build-out
E100002015275,E100000123261,build-out
E100002015275,E100002016943,build-out
E100002015276,E100002002717,build-out
E100002015278,E100000152139,build-out
E100002015289,E100002016928,build-out
E100002015300,E100001015587,build-out
E100002015300,E100002017041,build-out
E100002015300,E100002017043,build-out
E100002015316,E100000000874,build-out
E100002015318,E100002016797,build-out
E100002015324,E100000123261,build-out
E100002015324,E100001015587,build-out
E100002015326,E100002016672,build-out
E100002015330,E100002016836,build-out
E100002015334,E100000123261,build-out
E100002015334,E100001015587,build-out
E100002015335,E100002016656,build-out
E100002015338,E100000123261,build-out
E100002015341,E100000123261,build-out
E100002015344,E100002016709,build-out
E100002015348,E100000123261,build-out
E100002015348,E100001015587,build-out
E100002015348,E100002017028,build-out
E100002015348,E100002017029,build-out
E100002015351,E100000000552,build-out
E100002015358,E100000123261,build-out
E100002015359,E100002001512,build-out
E100002015359,E100002005092,build-out
E100002015362,E100002001512,build-out
E100002015365,E100001015587,build-out
E100002015366,E100000120070,build-out
E100002015366,E100001015587,build-out
E100002015367,E100000187501,build-out
E100002015372,E100000123261,build-out
E100002015372,E100001015587,build-out
E100002015372,E100002016918,build-out
E100002015372,E100002016919,build-out
E100002015374,E100000123261,build-out
E100002015374,E100002015376,build-out
E100002015376,E100002015703,build-out
E100002015379,E100002005480,build-out
E100002015380,E100000123261,build-out
E100002015380,E100001015587,build-out
E100002015381,E100000123261,build-out
E100002015383,E100002015384,build-out
E100002015384,E100000121006,build-out
E100002015384,E100002015385,build-out
E100002015385,E100000123261,build-out
E100002015385,E100001015587,build-out
E100002015385,E100002015386,build-out
E100002015385,E100002015387,build-out
E100002015385,E100002015388,build-out
E100002015385,E100002015389,build-out
E100002015385,E100002015390,build-out
E100002015393,E100000133959,build-out
E100002015397,E100000132496,build-out
E100002015400,E100002006152,build-out
E100002015401,E100002015402,build-out
E100002015403,E100000001164,build-out
E100002015404,E100000135427,build-out
E100002015405,E100000135427,build-out
E100002015407,E100002017030,build-out
E100002015411,E100000149649,build-out
E100002015416,E100000123261,build-out
E100002015416,E100002015417,build-out
E100002015417,E100000123261,build-out
E100002015418,E100002015419,build-out
E100002015419,E100002015420,build-out
E100002015419,E100002015421,build-out
E100002015422,E100002015423,build-out
E100002015423,E100000123261,build-out
E100002015426,E100002015429,build-out
E100002015431,E100001000094,build-out
E100002015432,E100000131527,build-out
E100002015434,E100002015435,build-out
E100002015436,E100001014342,build-out
E100002015439,E100002007409,build-out
E100002015447,E100000152192,build-out
E100002015454,E100002016746,build-out
E100002015454,E100002016747,build-out
E100002015454,E100002016748,build-out
E100002015454,E100002016749,build-out
E100002015454,E100002016750,build-out
E100002015454,E100002016751,build-out
E100002015454,E100002016752,build-out
E100002015457,E100001015587,build-out
E100002015457,E100002015458,build-out
E100002015457,E100002015460,build-out
E100002015457,E100002015461,build-out
E100002015457,E100002015462,build-out
E100002015458,E100002015460,build-out
E100002015463,E100002015465,build-out
E100002015464,E100000187501,build-out
E100002015465,E100000123261,build-out
E100002015466,E100000001247,build-out
E100002015468,E100001015587,build-out
E100002015468,E100002015457,build-out
E100002015470,E100002016845,build-out
E100002015472,E100000123261,build-out
E100002015473,E100002017084,build-out
E100002015475,E100001015587,build-out
E100002015475,E100002015476,build-out
E100002015475,E100002015477,build-out
E100002015475,E100002015478,build-out
E100002015475,E100002015479,build-out
E100002015475,E100002015480,build-out
E100002015476,E100000123261,build-out
E100002015483,E100002007070,build-out
E100002015485,E100002017083,build-out
E100002015489,E100000123261,build-out
E100002015491,E100000123261,build-out
E100002015491,E100001015587,build-out
E100002015491,E100002015492,build-out
E100002015491,E100002015493,build-out
E100002015494,E100000123261,build-out
E100002015495,E100002016835,build-out
E100002015496,E100000123261,build-out
E100002015497,E100000123261,build-out
E100002015498,E100001015587,build-out
E100002015499,E100000123261,build-out
E100002015501,E100002001974,build-out
E100002015502,E100000123261,build-out
E100002015504,E100000123261,build-out
E100002015516,E100002015517,build-out
E100002015521,E100000186788,build-out
E100002015522,E100000123261,build-out
E100002015522,E100001015587,build-out
E100002015522,E100002016947,build-out
E100002015523,E100002006169,build-out
E100002015525,E100000000518,build-out
E100002015527,E100002015528,build-out
E100002015528,E100000123261,build-out
E100002015529,E100002006320,build-out
E100002015529,E100002007041,build-out
E100002015532,E100002016728,build-out
E100002015532,E100002016729,build-out
E100002015537,E100000000414,build-out
E100002015538,E100001015587,build-out
E100002015538,E100002004127,build-out
E100002015538,E100002004543,build-out
E100002015538,E100002004544,build-out
E100002015538,E100002015540,build-out
E100002015538,E100002015542,build-out
E100002015547,E100001015587,build-out
E100002015547,E100002016596,build-out
E100002015547,E100002016597,build-out
E100002015549,E100000123261,build-out
E100002015551,E100002015470,build-out
E100002015552,E100000123261,build-out
E100002015554,E100000123261,build-out
E100002015555,E100001000281,build-out
E100002015557,E100002015558,build-out
E100002015561,E100001015587,build-out
E100002015561,E100002017033,build-out
E100002015561,E100002017036,build-out
E100002015562,E100002005942,build-out
E100002015563,E100002015564,build-out
E100002015565,E100002006121,build-out
E100002015565,E100002015566,build-out
E100002015566,E100000123261,build-out
E100002015568,E100002005937,build-out
E100002015568,E100002015570,build-out
E100002015575,E100001000906,build-out
E100002015575,E100001000907,build-out
E100002015575,E100001015587,build-out
E100002015575,E100002005437,build-out
E100002015575,E100002015492,build-out
E100002015578,E100002015580,build-out
E100002015603,E100002005942,build-out
E100002015604,E100002015605,build-out
E100002015608,E100002015609,build-out
E100002015608,E100002015610,build-out
E100002015608,E100002015611,build-out
E100002015612,E100000123261,build-out
E100002015612,E100000187489,build-out
E100002015612,E100002015613,build-out
E100002015612,E100002015614,build-out
E100002015614,E100000123261,build-out
E100002015615,E100000123261,build-out
E100002015618,E100002016993,build-out
E100002015621,E100001000573,build-out
E100002015621,E100002001149,build-out
E100002015621,E100002015408,build-out
E100002015622,E100001010783,build-out
E100002015622,E100001015587,build-out
E100002015622,E100002016573,build-out
E100002015622,E100002016576,build-out
E100002015623,E100002024440,build-out
E100002015624,E100000123261,build-out
E100002015625,E100001011507,build-out
E100002015626,E100000123261,build-out
E100002015627,E100000123261,build-out
E100002015628,E100000135427,build-out
E100002015629,E100000123261,build-out
E100002015632,E100000123261,build-out
E100002015632,E100001015587,build-out
E100002015632,E100002017070,build-out
E100002015632,E100002017071,build-out
E100002015636,E100000123261,build-out
E100002015636,E100001015587,build-out
E100002015636,E100002016903,build-out
E100002015636,E100002016904,build-out
E100002015636,E100002016905,build-out
E100002015636,E100002016906,build-out
E100002015636,E100002016907,build-out
E100002015637,E100000123261,build-out
E100002015638,E100000123261,build-out
E100002015639,E100002015652,build-out
E100002015640,E100000123261,build-out
E100002015641,E100002017700,build-out
E100002015642,E100000001241,build-out
E100002015649,E100002015637,build-out
E100002015650,E100000123261,build-out
E100002015652,E100002015655,build-out
E100002015659,E100002016020,build-out
E100002015664,E100002015665,build-out
E100002015666,E100001000571,build-out
E100002015667,E100001000571,build-out
E100002015668,E100001000571,build-out
E100002015669,E100001000571,build-out
E100002015670,E100001000571,build-out
E100002015674,E100002005953,build-out
E100002015674,E100002006538,build-out
E100002015675,E100001000281,build-out
E100002015680,E100001000278,build-out
E100002015681,E100002015682,build-out
E100002015683,E100000187709,build-out
E100002015683,E100002005937,build-out
E100002015683,E100002015684,build-out
E100002015685,E100000123261,build-out
E100002015687,E100000123261,build-out
E100002015688,E100000000505,build-out
E100002015688,E100002016939,build-out
E100002015692,E100000123261,build-out
E100002015695,E100000123261,build-out
E100002015696,E100002005110,build-out
E100002015696,E100002015697,build-out
E100002015697,E100000123261,build-out
E100002015700,E100000123261,build-out
E100002015701,E100002015702,build-out
E100002015702,E100002015703,build-out
E100002015703,E100002006851,build-out
E100002015704,E100002017068,build-out
E100002015707,E100000123261,build-out
E100002015709,E100000120726,build-out
E100002015711,E100000123261,build-out
E100002015712,E100000123261,build-out
E100002015712,E100002015713,build-out
E100002015713,E100000123261,build-out
E100002015714,E100001000571,build-out
E100002015716,E100000123261,build-out
E100002015717,E100000123261,build-out
E100002015718,E100002005943,build-out
E100002015718,E100002015719,build-out
E100002015719,E100000123261,build-out
E100002015720,E100002004326,build-out
E100002015722,E100001015587,build-out
E100002015722,E100002015723,build-out
E100002015723,E100002006276,build-out
E100002015728,E100002016572,build-out
E100002015731,E100002016612,build-out
E100002015733,E100000123261,build-out
E100002015734,E100000123261,build-out
E100002015735,E100000002080,build-out
E100002015735,E100001015587,build-out
E100002015737,E100002015738,build-out
E100002015738,E100000123261,build-out
E100002015740,E100002005899,build-out
E100002015742,E100001015587,build-out
E100002015742,E100002015743,build-out
E100002015743,E100002015744,build-out
E100002015743,E100002015745,build-out
E100002015744,E100000123261,build-out
E100002015745,E100002015746,build-out
E100002015746,E100002015747,build-out
E100002015747,E100000123261,build-out
E100002015749,E100000123261,build-out
E100002015750,E100001000293,build-out
E100002015751,E100000123261,build-out
E100002015753,E100000120031,build-out
E100002015755,E100002015757,build-out
E100002015757,E100001000274,build-out
E100002015762,E100000123261,build-out
E100002015762,E100001015587,build-out
E100002015762,E100002016936,build-out
E100002015762,E100002016937,build-out
E100002015763,E100002015757,build-out
E100002015764,E100002015757,build-out
E100002015765,E100002015766,build-out
E100002015766,E100000123261,build-out
E100002015767,E100002015768,build-out
E100002015768,E100002015429,build-out
E100002015769,E100000123261,build-out
E100002015771,E100002006541,build-out
E100002015773,E100000123261,build-out
E100002015774,E100002006138,build-out
E100002015774,E100002015775,build-out
E100002015777,E100000123261,build-out
E100002015777,E100002015778,build-out
E100002015777,E100002015779,build-out
E100002015778,E100000123261,build-out
E100002015779,E100000123261,build-out
E100002015780,E100001014061,build-out
E100002015782,E100000123261,build-out
E100002015784,E100002005897,build-out
E100002015786,E100002015788,build-out
E100002015787,E100000123261,build-out
E100002015788,E100002015823,build-out
E100002015790,E100001000571,build-out
E100002015790,E100002002419,build-out
E100002015790,E100002006251,build-out
E100002015790,E100002015791,build-out
E100002015792,E100002015793,build-out
E100002015793,E100000123261,build-out
E100002015794,E100002005953,build-out
E100002015795,E100001011057,build-out
E100002015796,E100002015797,build-out
E100002015797,E100000123261,build-out
E100002015798,E100000123261,build-out
E100002015799,E100000123261,build-out
E100002015800,E100000123261,build-out
E100002015804,E100002017679,build-out
E100002015805,E100002017681,build-out
E100002015812,E100000123261,build-out
E100002015813,E100000123261,build-out
E100002015813,E100002015814,build-out
E100002015816,E100000132862,build-out
E100002015816,E100002016883,build-out
E100002015818,E100000123261,build-out
E100002015820,E100001010999,build-out
E100002015820,E100002015822,build-out
E100002015822,E100002015823,build-out
E100002015823,E100002015787,build-out
E100002015824,E100001015587,build-out
E100002015824,E100002016297,build-out
E100002015825,E100002015826,build-out
E100002015826,E100001011407,build-out
E100002015827,E100001011407,build-out
E100002015828,E100001011407,build-out
E100002015830,E100001000281,build-out
E100002015831,E100002007435,build-out
E100002015832,E100002015833,build-out
E100002015833,E100000123261,build-out
E100002015838,E100000123261,build-out
E100002015838,E100000131940,build-out
E100002015839,E100000123261,build-out
E100002015845,E100001000161,build-out
E100002015846,E100001000161,build-out
E100002015847,E100000000856,build-out
E100002015849,E100002016705,build-out
E100002015853,E100002016987,build-out
E100002015891,E100000123261,build-out
E100002015897,E100000123261,build-out
E100002015897,E100002015898,build-out
E100002015897,E100002015899,build-out
E100002015897,E100002015900,build-out
E100002015898,E100000123261,build-out
E100002015899,E100000123261,build-out
E100002015906,E100001015587,build-out
E100002015906,E100002016579,build-out
E100002015906,E100002016580,build-out
E100002015944,E100000123261,build-out
E100002015945,E100002015946,build-out
E100002015946,E100002015947,build-out
E100002015947,E100000123261,build-out
E100002015948,E100001001070,build-out
E100002015949,E100001001266,build-out
E100002015950,E100001000348,build-out
E100002015951,E100000123261,build-out
E100002015959,E100002002411,build-out
E100002015960,E100001001367,build-out
E100002015960,E100002008886,build-out
E100002015961,E100000000869,build-out
E100002015962,E100002015963,build-out
E100002015963,E100000188622,build-out
E100002015963,E100002015964,build-out
E100002015963,E100002015965,build-out
E100002015964,E100001014301,build-out
E100002015968,E100000129153,build-out
E100002015971,E100000123261,build-out
E100002015973,E100000120454,build-out
E100002015978,E100001000404,build-out
E100002015983,E100000120516,build-out
E100002015983,E100000121110,build-out
E100002015984,E100000123261,build-out
E100002015984,E100001015587,build-out
E100002015985,E100002000406,build-out
E100002015987,E100000000013,build-out
E100002015987,E100000000054,build-out
E100002015987,E100000001763,build-out
E100002015987,E100000001764,build-out
E100002015987,E100001012815,build-out
E100002015988,E100000121284,build-out
E100002015989,E100000123261,build-out
E100002015993,E100001015646,build-out
E100002015995,E100000123261,build-out
E100002015998,E100000123261,build-out
E100002015999,E100000123261,build-out
E100002016001,E100000002660,build-out
E100002016001,E100002004534,build-out
E100002016001,E100002016313,build-out
E100002016001,E100002016314,build-out
E100002016005,E100000123261,build-out
E100002016009,E100000002810,build-out
E100002016013,E100002022199,build-out
E100002016015,E100002016991,build-out
E100002016016,E100000001183,build-out
E100002016017,E100000152286,build-out
E100002016017,E100001000400,build-out
E100002016017,E100001015587,build-out
E100002016019,E100000001321,build-out
E100002016020,E100000123261,build-out
E100002016023,E100002022198,build-out
E100002016028,E100000123261,build-out
E100002016029,E100001011030,build-out
E100002016032,E100000000585,build-out
E100002016034,E100002016697,build-out
E100002016041,E100000123261,build-out
E100002016045,E100000123261,build-out
E100002016054,E100002008825,build-out
E100002016056,E100000132402,build-out
E100002016057,E100002016041,build-out
E100002016058,E100002016060,build-out
E100002016067,E100000132869,build-out
E100002016068,E100000123261,build-out
E100002016070,E100001015587,build-out
E100002016071,E100002022202,build-out
E100002016076,E100002016332,build-out
E100002016077,E100000120627,build-out
E100002016077,E100001010018,build-out
E100002016079,E100002016096,build-out
E100002016080,E100002016081,build-out
E100002016081,E100000003501,build-out
E100002016082,E100000001262,build-out
E100002016095,E100002016079,build-out
E100002016096,E100002016097,build-out
E100002016097,E100000001322,build-out
E100002016099,E100000001237,build-out
E100002016099,E100000001355,build-out
E100002016099,E100002016761,build-out
E100002016099,E100002016762,build-out
E100002016103,E100000000658,build-out
E100002016103,E100000132653,build-out
E100002016107,E100001011023,build-out
E100002016111,E100000001322,build-out
E100002016113,E100001015587,build-out
E100002016113,E100002016933,build-out
E100002016120,E100002016310,build-out
E100002016121,E100002016122,build-out
E100002016127,E100002016695,build-out
E100002016132,E100002017040,build-out
E100002016134,E100000000112,build-out
E100002016135,E100000123261,build-out
E100002016136,E100000123261,build-out
E100002016142,E100000000648,build-out
E100002016142,E100002016144,build-out
E100002016143,E100000000641,build-out
E100002016143,E100002016144,build-out
E100002016143,E100002017059,build-out
E100002016145,E100002016964,build-out
E100002016152,E100000000639,build-out
E100002016152,E100002016959,build-out
E100002016152,E100002016960,build-out
E100002016153,E100001011023,build-out
E100002016154,E100001000129,build-out
E100002016154,E100002016615,build-out
E100002016154,E100002016616,build-out
E100002016155,E100000123261,build-out
E100002016155,E100001015587,build-out
E100002016155,E100002016308,build-out
E100002016155,E100002016309,build-out
E100002016156,E100000132600,build-out
E100002016157,E100001000249,build-out
E100002016157,E100002016733,build-out
E100002016157,E100002016735,build-out
E100002016157,E100002016736,build-out
E100002016159,E100002016160,build-out
E100002016162,E100001012028,build-out
E100002016162,E100002016348,build-out
E100002016169,E100000150695,build-out
E100002016170,E100002016171,build-out
E100002016172,E100000123261,build-out
E100002016179,E100002016334,build-out
E100002016182,E100000000720,build-out
E100002016186,E100002016188,build-out
E100002016187,E100002016190,build-out
E100002016189,E100001015587,build-out
E100002016189,E100002002958,build-out
E100002016189,E100002016692,build-out
E100002016190,E100000123261,build-out
E100002016190,E100002016191,build-out
E100002016192,E100002016193,build-out
E100002016194,E100002016809,build-out
E100002016196,E100002016571,build-out
E100002016197,E100000000672,build-out
E100002016197,E100000001851,build-out
E100002016197,E100000133660,build-out
E100002016197,E100001000252,build-out
E100002016197,E100001015587,build-out
E100002016197,E100002016198,build-out
E100002016200,E100000123261,build-out
E100002016202,E100000000700,build-out
E100002016205,E100000123261,build-out
E100002016205,E100001015587,build-out
E100002016207,E100000123261,build-out
E100002016207,E100002016805,build-out
E100002016207,E100002016806,build-out
E100002016208,E100000000566,build-out
E100002016210,E100001000538,build-out
E100002016212,E100000123261,build-out
E100002016212,E100001000089,build-out
E100002016212,E100002016307,build-out
E100002016216,E100000003770,build-out
E100002016216,E100002016707,build-out
E100002016218,E100000133798,build-out
E100002016218,E100002016791,build-out
E100002016219,E100000001234,build-out
E100002016221,E100002001108,build-out
E100002016223,E100000123261,build-out
E100002016228,E100000123261,build-out
E100002016234,E100000123261,build-out
E100002016234,E100001015587,build-out
E100002016234,E100002016927,build-out
E100002016242,E100000123261,build-out
E100002016248,E100002016328,build-out
E100002016249,E100002005544,build-out
E100002016254,E100001014294,build-out
E100002016257,E100001000381,build-out
E100002016257,E100001015587,build-out
E100002016257,E100002016915,build-out
E100002016257,E100002016917,build-out
E100002016258,E100002016670,build-out
E100002016265,E100002017005,build-out
E100002016266,E100002016605,build-out
E100002016269,E100000123261,build-out
E100002016269,E100001015587,build-out
E100002016270,E100002016986,build-out
E100002016271,E100000133542,build-out
E100002016271,E100000139852,build-out
E100002016271,E100001000178,build-out
E100002016271,E100001000179,build-out
E100002016271,E100001000382,build-out
E100002016271,E100001015587,build-out
E100002016272,E100000000336,build-out
E100002016272,E100001000408,build-out
E100002016273,E100002016781,build-out
E100002016274,E100000001289,build-out
E100002016276,E100000000652,build-out
E100002016278,E100000001384,build-out
E100002016284,E100000123261,build-out
E100002016284,E100002016285,build-out
E100002016285,E100000125810,build-out
E100002016287,E100002016288,build-out
E100002016288,E100002016289,build-out
E100002016288,E100002016290,build-out
E100002016291,E100002016292,build-out
E100002016298,E100001000522,build-out
E100002016304,E100001010888,build-out
E100002016305,E100001015587,build-out
E100002016305,E100002016306,build-out
E100002016306,E100001001130,build-out
E100002016308,E100000123261,build-out
E100002016309,E100000123261,build-out
E100002016310,E100000123261,build-out
E100002016311,E100000123261,build-out
E100002016313,E100002016315,build-out
E100002016315,E100002016317,build-out
E100002016315,E100002016318,build-out
E100002016317,E100002016316,build-out
E100002016324,E100000123261,build-out
E100002016328,E100000000989,build-out
E100002016332,E100001011294,build-out
E100002016334,E100000123261,build-out
E100002016335,E100000124534,build-out
E100002016336,E100002021776,build-out
E100002016338,E100001000348,build-out
E100002016338,E100001010595,build-out
E100002016338,E100001014434,build-out
E100002016338,E100001014849,build-out
E100002016338,E100001015587,build-out
E100002016338,E100002000188,build-out
E100002016347,E100000123261,build-out
E100002016356,E100000123261,build-out
E100002016357,E100000000961,build-out
E100002016363,E100000003950,build-out
E100002016366,E100000123261,build-out
E100002016367,E100001015587,build-out
E100002016367,E100002016370,build-out
E100002016370,E100000123261,build-out
E100002016371,E100000133919,build-out
E100002016373,E100002003380,build-out
E100002016373,E100002016399,build-out
E100002016377,E100002016378,build-out
E100002016378,E100001001085,build-out
E100002016378,E100002010580,build-out
E100002016379,E100002016378,build-out
E100002016380,E100000001636,build-out
E100002016380,E100002016640,build-out
E100002016380,E100002016641,build-out
E100002016382,E100000123261,build-out
E100002016383,E100002016384,build-out
E100002016384,E100001000901,build-out
E100002016384,E100001015587,build-out
E100002016384,E100002000188,build-out
E100002016384,E100002016385,build-out
E100002016384,E100002016386,build-out
E100002016386,E100001010595,build-out
E100002016386,E100001010705,build-out
E100002016386,E100001010706,build-out
E100002016386,E100001014849,build-out
E100002016386,E100001015587,build-out
E100002016388,E100001015587,build-out
E100002016388,E100001016088,build-out
E100002016389,E100000123261,build-out
E100002016395,E100000123261,build-out
E100002016398,E100002016401,build-out
E100002016399,E100000123261,build-out
E100002016399,E100002003380,build-out
E100002016401,E100002016402,build-out
E100002016402,E100002016403,build-out
E100002016403,E100001015587,build-out
E100002016403,E100002016405,build-out
E100002016405,E100000152466,build-out
E100002016408,E100001000094,build-out
E100002016409,E100001000094,build-out
E100002016411,E100002016413,build-out
E100002016413,E100002016414,build-out
E100002016414,E100000123261,build-out
E100002016415,E100000123261,build-out
E100002016417,E100002016418,build-out
E100002016418,E100000188960,build-out
E100002016427,E100000123261,build-out
E100002016427,E100001015587,build-out
E100002016427,E100002016866,build-out
E100002016429,E100000123261,build-out
E100002016430,E100001011244,build-out
E100002016431,E100000123261,build-out
E100002016433,E100000123261,build-out
E100002016436,E100002016606,build-out
E100002016436,E100002016607,build-out
E100002016442,E100000000870,build-out
E100002016442,E100002016445,build-out
E100002016442,E100002016446,build-out
E100002016445,E100002016447,build-out
E100002016446,E100002016448,build-out
E100002016448,E100000123261,build-out
E100002016451,E100002016450,build-out
E100002016452,E100000123261,build-out
E100002016454,E100000123261,build-out
E100002016465,E100000123261,build-out
E100002016467,E100002015787,build-out
E100002016468,E100000123261,build-out
E100002016469,E100002016955,build-out
E100002016469,E100002016956,build-out
E100002016471,E100002016484,build-out
E100002016473,E100001010819,build-out
E100002016474,E100002016475,build-out
E100002016474,E100002016476,build-out
E100002016476,E100000123261,build-out
E100002016476,E100001015587,build-out
E100002016476,E100002016477,build-out
E100002016478,E100000000746,build-out
E100002016484,E100000000747,build-out
E100002016497,E100000123261,build-out
E100002016499,E100000003330,build-out
E100002016500,E100002016867,build-out
E100002016505,E100000150134,build-out
E100002016506,E100002003737,build-out
E100002016508,E100000123261,build-out
E100002016510,E100000123261,build-out
E100002016512,E100002003006,build-out
E100002016514,E100000134810,build-out
E100002016515,E100002017234,build-out
E100002016516,E100002016234,build-out
E100002016517,E100002016518,build-out
E100002016518,E100002016519,build-out
E100002016519,E100000123261,build-out
E100002016520,E100000123261,build-out
E100002016524,E100002016525,build-out
E100002016525,E100000123261,build-out
E100002016526,E100001000113,build-out
E100002016526,E100002016527,build-out
E100002016527,E100001000113,build-out
E100002016527,E100001015587,build-out
E100002016528,E100001015600,build-out
E100002016528,E100001015601,build-out
E100002016528,E100001015602,build-out
E100002016528,E100001015603,build-out
E100002016528,E100001015604,build-out
E100002016530,E100002022273,build-out
E100002016532,E100000123261,build-out
E100002016535,E100000123261,build-out
E100002016541,E100002016925,build-out
E100002016542,E100000001170,build-out
E100002016543,E100000123261,build-out
E100002016543,E100001015587,build-out
E100002016543,E100002017116,build-out
E100002016544,E100000002088,build-out
E100002016546,E100001000230,build-out
E100002016547,E100002022003,build-out
E100002016549,E100000123261,build-out
E100002016550,E100002016551,build-out
E100002016553,E100000123261,build-out
E100002016556,E100001010888,build-out
E100002016566,E100000123261,build-out
E100002016567,E100000123261,build-out
E100002016568,E100002016570,build-out
E100002016569,E100002017160,build-out
E100002016571,E100000123261,build-out
E100002016576,E100001000397,build-out
E100002016576,E100001015587,build-out
E100002016577,E100000001153,build-out
E100002016578,E100002015566,build-out
E100002016579,E100000123261,build-out
E100002016580,E100001000188,build-out
E100002016581,E100001010427,build-out
E100002016581,E100001010429,build-out
E100002016581,E100001015587,build-out
E100002016581,E100002016930,build-out
E100002016584,E100000123261,build-out
E100002016585,E100001000641,build-out
E100002016587,E100000153006,build-out
E100002016589,E100002017109,build-out
E100002016591,E100001010928,build-out
E100002016592,E100002016646,build-out
E100002016596,E100000123261,build-out
E100002016598,E100000152055,build-out
E100002016599,E100002016600,build-out
E100002016600,E100000123261,build-out
E100002016604,E100000123261,build-out
E100002016604,E100001015587,build-out
E100002016605,E100001015587,build-out
E100002016605,E100002016604,build-out
E100002016608,E100000123261,build-out
E100002016609,E100001015587,build-out
E100002016609,E100002017218,build-out
E100002016609,E100002017219,build-out
E100002016611,E100000120130,build-out
E100002016612,E100000123261,build-out
E100002016618,E100002023166,build-out
E100002016619,E100002016621,build-out
E100002016619,E100002016623,build-out
E100002016619,E100002016633,build-out
E100002016619,E100002016636,build-out
E100002016620,E100002016621,build-out
E100002016620,E100002016623,build-out
E100002016620,E100002016625,build-out
E100002016620,E100002016626,build-out
E100002016620,E100002016627,build-out
E100002016620,E100002016629,build-out
E100002016620,E100002016631,build-out
E100002016620,E100002016632,build-out
E100002016621,E100002016622,build-out
E100002016623,E100002016624,build-out
E100002016627,E100002016628,build-out
E100002016629,E100002016630,build-out
E100002016631,E100002016632,build-out
E100002016632,E100002016628,build-out
E100002016633,E100002016635,build-out
E100002016636,E100002016637,build-out
E100002016640,E100002016642,build-out
E100002016641,E100002001974,build-out
E100002016642,E100000123261,build-out
E100002016642,E100001015587,build-out
E100002016642,E100002016643,build-out
E100002016646,E100000123261,build-out
E100002016646,E100001015587,build-out
E100002016646,E100002017147,build-out
E100002016646,E100002017148,build-out
E100002016647,E100001000348,build-out
E100002016647,E100001010595,build-out
E100002016647,E100001015587,build-out
E100002016649,E100001015587,build-out
E100002016649,E100002017161,build-out
E100002016649,E100002017163,build-out
E100002016652,E100002016653,build-out
E100002016655,E100000123261,build-out
E100002016657,E100002016658,build-out
E100002016664,E100002016005,build-out
E100002016665,E100002016589,build-out
E100002016665,E100002017118,build-out
E100002016666,E100002017136,build-out
E100002016667,E100000123261,build-out
E100002016669,E100000000436,build-out
E100002016669,E100000000740,build-out
E100002016669,E100000133522,build-out
E100002016669,E100000185990,build-out
E100002016670,E100002016671,build-out
E100002016672,E100001000848,build-out
E100002016674,E100001000209,build-out
E100002016676,E100002004681,build-out
E100002016677,E100000000955,build-out
E100002016677,E100002004569,build-out
E100002016680,E100000123261,build-out
E100002016682,E100000120517,build-out
E100002016682,E100001015587,build-out
E100002016682,E100002016684,build-out
E100002016682,E100002016685,build-out
E100002016682,E100002016686,build-out
E100002016682,E100002016687,build-out
E100002016682,E100002016688,build-out
E100002016684,E100000121024,build-out
E100002016685,E100002016684,build-out
E100002016688,E100002016690,build-out
E100002016690,E100000123261,build-out
E100002016691,E100000123261,build-out
E100002016695,E100000120454,build-out
E100002016696,E100000123261,build-out
E100002016697,E100002008598,build-out
E100002016700,E100002016703,build-out
E100002016703,E100000123261,build-out
E100002016705,E100000123261,build-out
E100002016708,E100000000486,build-out
E100002016708,E100001000601,build-out
E100002016710,E100001000516,build-out
E100002016712,E100001015587,build-out
E100002016712,E100002016714,build-out
E100002016717,E100000123261,build-out
E100002016718,E100000123261,build-out
E100002016721,E100002016722,build-out
E100002016724,E100000001889,build-out
E100002016724,E100000001906,build-out
E100002016724,E100000003523,build-out
E100002016725,E100001010644,build-out
E100002016726,E100001000348,build-out
E100002016726,E100001010595,build-out
E100002016726,E100001015587,build-out
E100002016729,E100001015161,build-out
E100002016729,E100001015587,build-out
E100002016729,E100002016730,build-out
E100002016730,E100000123261,build-out
E100002016731,E100001014812,build-out
E100002016737,E100000151854,build-out
E100002016737,E100002016738,build-out
E100002016737,E100002016740,build-out
E100002016739,E100000123261,build-out
E100002016740,E100002001974,build-out
E100002016745,E100000001224,build-out
E100002016753,E100000000649,build-out
E100002016753,E100000000660,build-out
E100002016753,E100000001337,build-out
E100002016753,E100002016754,build-out
E100002016759,E100000123261,build-out
E100002016760,E100000001107,build-out
E100002016760,E100000120340,build-out
E100002016760,E100001015587,build-out
E100002016768,E100001011694,build-out
E100002016769,E100002016697,build-out
E100002016772,E100002017126,build-out
E100002016781,E100000123261,build-out
E100002016781,E100002016782,build-out
E100002016781,E100002016783,build-out
E100002016782,E100000123261,build-out
E100002016783,E100000123261,build-out
E100002016784,E100000123261,build-out
E100002016786,E100002016787,build-out
E100002016787,E100002016788,build-out
E100002016788,E100000123261,build-out
E100002016791,E100000133123,build-out
E100002016792,E100001001367,build-out
E100002016793,E100001001367,build-out
E100002016794,E100002008886,build-out
E100002016795,E100002001974,build-out
E100002016797,E100001015587,build-out
E100002016797,E100002016798,build-out
E100002016801,E100002016802,build-out
E100002016804,E100000001902,build-out
E100002016809,E100001000348,build-out
E100002016809,E100001000901,build-out
E100002016809,E100001015587,build-out
E100002016809,E100002001934,build-out
E100002016810,E100002022034,build-out
E100002016811,E100000123261,build-out
E100002016813,E100002016814,build-out
E100002016814,E100000123261,build-out
E100002016820,E100000123261,build-out
E100002016822,E100000002297,build-out
E100002016827,E100000123261,build-out
E100002016828,E100002016829,build-out
E100002016829,E100001000348,build-out
E100002016829,E100001015587,build-out
E100002016831,E100002016834,build-out
E100002016832,E100001000082,build-out
E100002016833,E100002022475,build-out
E100002016833,E100002022476,build-out
E100002016834,E100000123261,build-out
E100002016835,E100000123261,build-out
E100002016837,E100000123261,build-out
E100002016838,E100002016839,build-out
E100002016839,E100000123261,build-out
E100002016842,E100000123261,build-out
E100002016843,E100002003558,build-out
E100002016845,E100001010033,build-out
E100002016845,E100001010037,build-out
E100002016845,E100001015587,build-out
E100002016845,E100002016846,build-out
E100002016847,E100000000648,build-out
E100002016847,E100001015361,build-out
E100002016849,E100002016852,build-out
E100002016852,E100002016850,build-out
E100002016858,E100002017137,build-out
E100002016861,E100000123261,build-out
E100002016863,E100001015587,build-out
E100002016863,E100002016864,build-out
E100002016864,E100000123261,build-out
E100002016868,E100002003264,build-out
E100002016871,E100001015587,build-out
E100002016871,E100002016877,build-out
E100002016872,E100002016873,build-out
E100002016873,E100002016876,build-out
E100002016877,E100002004700,build-out
E100002016877,E100002016878,build-out
E100002016877,E100002016879,build-out
E100002016877,E100002016880,build-out
E100002016883,E100002016884,build-out
E100002016884,E100000123261,build-out
E100002016888,E100000123261,build-out
E100002016892,E100000123261,build-out
E100002016892,E100001015587,build-out
E100002016892,E100002016895,build-out
E100002016892,E100002016897,build-out
E100002016893,E100000123261,build-out
E100002016895,E100000123261,build-out
E100002016909,E100002017157,build-out
E100002016911,E100002017140,build-out
E100002016912,E100002017205,build-out
E100002016913,E100002017200,build-out
E100002016915,E100000123261,build-out
E100002016917,E100002016915,build-out
E100002016919,E100000123261,build-out
E100002016919,E100001015587,build-out
E100002016919,E100002016918,build-out
E100002016920,E100002016893,build-out
E100002016921,E100002017213,build-out
E100002016922,E100002017018,build-out
E100002016924,E100000000960,build-out
E100002016924,E100000123261,build-out
E100002016924,E100001015587,build-out
E100002016927,E100000123261,build-out
E100002016932,E100002017685,build-out
E100002016933,E100000123261,build-out
E100002016939,E100002016940,build-out
E100002016943,E100001015587,build-out
E100002016943,E100002016945,build-out
E100002016945,E100000123261,build-out
E100002016946,E100000123261,build-out
E100002016951,E100000000634,build-out
E100002016951,E100000000654,build-out
E100002016951,E100000132807,build-out
E100002016951,E100000132875,build-out
E100002016952,E100001014866,build-out
E100002016952,E100001015587,build-out
E100002016952,E100002003521,build-out
E100002016954,E100000123261,build-out
E100002016955,E100002024409,build-out
E100002016957,E100001000277,build-out
E100002016959,E100002016961,build-out
E100002016964,E100001015587,build-out
E100002016964,E100002016965,build-out
E100002016965,E100000123261,build-out
E100002016967,E100002022249,build-out
E100002016969,E100002016970,build-out
E100002016971,E100000123261,build-out
E100002016973,E100002017684,build-out
E100002016976,E100000123261,build-out
E100002016980,E100002003284,build-out
E100002016982,E100002017020,build-out
E100002016983,E100002016985,build-out
E100002016986,E100000123261,build-out
E100002016986,E100001015587,build-out
E100002016989,E100000123261,build-out
E100002016993,E100002016994,build-out
E100002016994,E100002016995,build-out
E100002016995,E100002016997,build-out
E100002016997,E100000123261,build-out
E100002017003,E100000123261,build-out
E100002017005,E100001015587,build-out
E100002017005,E100002017006,build-out
E100002017005,E100002017007,build-out
E100002017010,E100000000962,build-out
E100002017010,E100001015587,build-out
E100002017010,E100002004569,build-out
E100002017012,E100002017687,build-out
E100002017013,E100002017014,build-out
E100002017015,E100000001193,build-out
E100002017016,E100000123261,build-out
E100002017018,E100000123261,build-out
E100002017020,E100000123261,build-out
E100002017020,E100001015587,build-out
E100002017020,E100002017021,build-out
E100002017021,E100000123261,build-out
E100002017022,E100001000601,build-out
E100002017022,E100002017023,build-out
E100002017024,E100002017686,build-out
E100002017026,E100002017710,build-out
E100002017028,E100000123261,build-out
E100002017033,E100001015587,build-out
E100002017033,E100002015561,build-out
E100002017033,E100002017036,build-out
E100002017033,E100002017037,build-out
E100002017033,E100002017038,build-out
E100002017033,E100002017039,build-out
E100002017035,E100000123261,build-out
E100002017035,E100002022385,build-out
E100002017041,E100002017042,build-out
E100002017044,E100000123261,build-out
E100002017044,E100001015569,build-out
E100002017045,E100002017046,build-out
E100002017046,E100002001492,build-out
E100002017054,E100002017056,build-out
E100002017062,E100002017063,build-out
E100002017063,E100002017064,build-out
E100002017064,E100000000376,build-out
E100002017064,E100001000079,build-out
E100002017066,E100000123261,build-out
E100002017072,E100002017073,build-out
E100002017073,E100002000639,build-out
E100002017076,E100002021935,build-out
E100002017077,E100001000450,build-out
E100002017078,E100000123261,build-out
E100002017079,E100000123261,build-out
E100002017080,E100000123261,build-out
E100002017081,E100000123261,build-out
E100002017082,E100000123261,build-out
E100002017084,E100002017085,build-out
E100002017085,E100001010403,build-out
E100002017085,E100001015587,build-out
E100002017085,E100002017086,build-out
E100002017086,E100000123261,build-out
E100002017088,E100002017089,build-out
E100002017089,E100001010930,build-out
E100002017091,E100002017092,build-out
E100002017093,E100002016845,build-out
E100002017094,E100002017096,build-out
E100002017095,E100000132633,build-out
E100002017096,E100001011575,build-out
E100002017100,E100002022272,build-out
E100002017101,E100000123261,build-out
E100002017106,E100001015587,build-out
E100002017106,E100002017107,build-out
E100002017107,E100000123261,build-out
E100002017109,E100002017110,build-out
E100002017109,E100002017111,build-out
E100002017109,E100002017112,build-out
E100002017110,E100001010643,build-out
E100002017111,E100002017110,build-out
E100002017118,E100000000706,build-out
E100002017126,E100002017127,build-out
E100002017127,E100001015587,build-out
E100002017130,E100002017133,build-out
E100002017132,E100002017134,build-out
E100002017136,E100000123261,build-out
E100002017136,E100001015587,build-out
E100002017140,E100000120506,build-out
E100002017140,E100001015587,build-out
E100002017141,E100000123261,build-out
E100002017142,E100000123261,build-out
E100002017143,E100001014506,build-out
E100002017146,E100000000018,build-out
E100002017147,E100002017151,build-out
E100002017148,E100002017150,build-out
E100002017154,E100000123261,build-out
E100002017156,E100000123261,build-out
E100002017161,E100001015587,build-out
E100002017161,E100002017164,build-out
E100002017163,E100002017161,build-out
E100002017164,E100000123261,build-out
E100002017176,E100001016206,build-out
E100002017176,E100002017178,build-out
E100002017180,E100000123261,build-out
E100002017182,E100000123261,build-out
E100002017182,E100001015587,build-out
E100002017182,E100002017183,build-out
E100002017186,E100002017187,build-out
E100002017187,E100001011289,build-out
E100002017187,E100001015587,build-out
E100002017187,E100001015845,build-out
E100002017187,E100002000636,build-out
E100002017187,E100002017189,build-out
E100002017187,E100002017190,build-out
E100002017187,E100002017191,build-out
E100002017190,E100000123261,build-out
E100002017207,E100000123261,build-out
E100002017208,E100001010643,build-out
E100002017211,E100002017212,build-out
E100002017214,E100001016206,build-out
E100002017216,E100001001062,build-out
E100002017218,E100000123261,build-out
E100002017219,E100000123261,build-out
E100002017222,E100002017223,build-out
E100002017223,E100002017224,build-out
E100002017234,E100000000641,build-out
E100002017234,E100000002130,build-out
E100002017237,E100001011023,build-out
E100002017249,E100002017250,build-out
E100002017251,E100000123261,build-out
E100002017255,E100001015587,build-out
E100002017255,E100002017256,build-out
E100002017256,E100000123261,build-out
E100002017258,E100002017259,build-out
E100002017259,E100002017260,build-out
E100002017260,E100001000279,build-out
E100002017263,E100000000130,build-out
E100002017264,E100000123261,build-out
E100002017264,E100001015587,build-out
E100002017264,E100002017265,build-out
E100002017265,E100001010429,build-out
E100002017265,E100001015587,build-out
E100002017265,E100002010531,build-out
E100002017269,E100002017270,build-out
E100002017270,E100000123261,build-out
E100002017278,E100001001102,build-out
E100002017279,E100002011556,build-out
E100002017280,E100000123261,build-out
E100002017281,E100000123261,build-out
E100002017282,E100000123261,build-out
E100002017294,E100001015587,build-out
E100002017296,E100001010760,build-out
E100002017297,E100001010427,build-out
E100002017297,E100001015587,build-out
E100002017297,E100002017298,build-out
E100002017298,E100000123261,build-out
E100002017301,E100002017303,build-out
E100002017307,E100002017308,build-out
E100002017310,E100000123261,build-out
E100002017310,E100001015587,build-out
E100002017310,E100002017311,build-out
E100002017310,E100002017312,build-out
E100002017311,E100002017314,build-out
E100002017312,E100002017313,build-out
E100002017313,E100000123261,build-out
E100002017315,E100002017316,build-out
E100002017316,E100001010162,build-out
E100002017317,E100000123261,build-out
E100002017317,E100001015587,build-out
E100002017317,E100002017318,build-out
E100002017317,E100002017319,build-out
E100002017319,E100001014070,build-out
E100002017319,E100001015587,build-out
E100002017319,E100002017320,build-out
E100002017322,E100002017323,build-out
E100002017324,E100001000479,build-out
E100002017352,E100000000655,build-out
E100002017352,E100000121395,build-out
E100002017352,E100002017353,build-out
E100002017353,E100000001982,build-out
E100002017364,E100000001114,build-out
E100002017367,E100000120031,build-out
E100002017376,E100002017430,build-out
E100002017396,E100002017397,build-out
E100002017397,E100002017398,build-out
E100002017398,E100002017399,build-out
E100002017399,E100001015121,build-out
E100002017423,E100000002088,build-out
E100002017432,E100001000346,build-out
E100002017435,E100002017437,build-out
E100002017437,E100002017438,build-out
E100002017438,E100000123261,build-out
E100002017439,E100000123261,build-out
E100002017443,E100001000605,build-out
E100002017444,E100002017445,build-out
E100002017445,E100001015587,build-out
E100002017445,E100002017446,build-out
E100002017445,E100002017447,build-out
E100002017445,E100002017448,build-out
E100002017445,E100002017449,build-out
E100002017445,E100002017450,build-out
E100002017445,E100002017451,build-out
E100002017452,E100000001237,build-out
E100002017453,E100000153201,build-out
E100002017467,E100000000885,build-out
E100002017473,E100000123261,build-out
E100002017474,E100002017475,build-out
E100002017475,E100000123261,build-out
E100002017479,E100000001023,build-out
E100002017479,E100000001043,build-out
E100002017480,E100000123261,build-out
E100002017481,E100002017480,build-out
E100002017482,E100001013240,build-out
E100002017492,E100000000621,build-out
E100002017492,E100002017493,build-out
E100002017494,E100000000436,build-out
E100002017496,E100000002098,build-out
E100002017498,E100000123261,build-out
E100002017528,E100002017530,build-out
E100002017534,E100001015587,build-out
E100002017534,E100002017535,build-out
E100002017535,E100000123261,build-out
E100002017542,E100002022416,build-out
E100002017564,E100000123261,build-out
E100002017569,E100002017570,build-out
E100002017570,E100000123261,build-out
E100002017572,E100000132150,build-out
E100002017574,E100000123261,build-out
E100002017576,E100001000489,build-out
E100002017579,E100001014841,build-out
E100002017580,E100000123261,build-out
E100002017590,E100002017591,build-out
E100002017591,E100000123261,build-out
E100002017593,E100002017594,build-out
E100002017594,E100002017595,build-out
E100002017595,E100000123261,build-out
E100002017603,E100002007093,build-out
E100002017603,E100002018391,build-out
E100002017613,E100000123261,build-out
E100002017617,E100002001974,build-out
E100002017617,E100002005069,build-out
E100002017620,E100002017621,build-out
E100002017621,E100000001384,build-out
E100002017626,E100002017627,build-out
E100002017628,E100002017625,build-out
E100002017632,E100000123261,build-out
E100002017633,E100000123261,build-out
E100002017634,E100001000605,build-out
E100002017635,E100001016333,build-out
E100002017663,E100001014611,build-out
E100002017665,E100001014630,build-out
E100002017669,E100000000975,build-out
E100002017678,E100002017688,build-out
E100002017679,E100002017689,build-out
E100002017681,E100002017690,build-out
E100002017684,E100002017691,build-out
E100002017685,E100002017692,build-out
E100002017686,E100002017693,build-out
E100002017687,E100002017711,build-out
E100002017688,E100001011234,build-out
E100002017689,E100002017694,build-out
E100002017691,E100002017695,build-out
E100002017692,E100002017696,build-out
E100002017693,E100002017697,build-out
E100002017696,E100002017701,build-out
E100002017697,E100002017698,build-out
E100002017698,E100000137129,build-out
E100002017700,E100000123261,build-out
E100002017719,E100000003765,build-out
E100002017720,E100002017721,build-out
E100002017721,E100000000700,build-out
E100002017722,E100001000902,build-out
E100002017722,E100001000903,build-out
E100002017724,E100000123261,build-out
E100002017726,E100002017727,build-out
E100002017727,E100002017728,build-out
E100002017728,E100000001296,build-out
E100002017729,E100000135873,build-out
E100002017730,E100002017731,build-out
E100002017731,E100002017732,build-out
E100002017736,E100000001086,build-out
E100002017737,E100002017738,build-out
E100002017738,E100002017739,build-out
E100002017739,E100000001306,build-out
E100002017756,E100000003551,build-out
E100002017758,E100001000554,build-out
E100002017760,E100000123261,build-out
E100002017760,E100001000346,build-out
E100002017760,E100001000348,build-out
E100002017760,E100001010595,build-out
E100002017760,E100001015587,build-out
E100002017760,E100002022245,build-out
E100002017778,E100000002544,build-out
E100002017780,E100000000786,build-out
E100002017781,E100000000505,build-out
E100002017805,E100002004377,build-out
E100002017805,E100002022451,build-out
E100002017813,E100002001974,build-out
E100002017814,E100002017815,build-out
E100002017815,E100002017816,build-out
E100002017816,E100002017817,build-out
E100002017817,E100002017818,build-out
E100002017818,E100002017819,build-out
E100002017819,E100002017820,build-out
E100002018267,E100002018268,build-out
E100002018462,E100000000671,build-out
E100002018462,E100002018464,build-out
E100002018469,E100002019157,build-out
E100002018471,E100001010203,build-out
E100002018501,E100002018503,build-out
E100002018503,E100002018504,build-out
E100002018504,E100000150321,build-out
E100002018517,E100001015054,build-out
E100002018518,E100000000746,build-out
E100002018537,E100002018538,build-out
E100002018550,E100002018551,build-out
E100002018561,E100000001078,build-out
E100002018561,E100000001086,build-out
E100002018561,E100000001331,build-out
E100002018577,E100002025038,build-out
E100002018615,E100000136049,build-out
E100002018777,E100000131921,build-out
E100002018779,E100000000874,build-out
E100002018780,E100000001006,build-out
E100002018780,E100002018781,build-out
E100002018826,E100000123261,build-out
E100002018826,E100001015410,build-out
E100002018826,E100001015587,build-out
E100002018873,E100000188387,build-out
E100002018874,E100000188387,build-out
E100002018902,E100001000516,build-out
E100002018948,E100000000481,build-out
E100002018956,E100002018957,build-out
E100002018957,E100000000865,build-out
E100002018984,E100001015852,build-out
E100002019157,E100002019158,build-out
E100002019159,E100001013528,build-out
E100002019160,E100001013528,build-out
E100002019161,E100001013528,build-out
E100002019190,E100000001148,build-out
E100002019210,E100002003885,build-out
E100002019210,E100002021576,build-out
E100002019216,E100002005260,build-out
E100002019227,E100002021404,build-out
E100002019281,E100002019607,build-out
E100002019288,E100000123261,build-out
E100002019299,E100000001768,build-out
E100002019305,E100002019306,build-out
E100002019306,E100001000220,build-out
E100002019314,E100001010518,build-out
E100002019328,E100001014501,build-out
E100002019328,E100001014728,build-out
E100002019328,E100001014947,build-out
E100002019329,E100001011250,build-out
E100002019336,E100000123261,build-out
E100002019343,E100000001010,build-out
E100002019343,E100000001017,build-out
E100002019351,E100000002872,build-out
E100002019355,E100001014386,build-out
E100002019355,E100001015054,build-out
E100002019355,E100002003586,build-out
E100002019356,E100001015587,build-out
E100002019356,E100001015800,build-out
E100002019357,E100002022231,build-out
E100002019359,E100000190746,build-out
E100002019359,E100001014254,build-out
E100002019359,E100002019360,build-out
E100002019359,E100002019361,build-out
E100002019360,E100001015134,build-out
E100002019367,E100000001247,build-out
E100002019370,E100000120853,build-out
E100002019370,E100001015587,build-out
E100002019370,E100002021607,build-out
E100002019371,E100002019372,build-out
E100002019371,E100002019373,build-out
E100002019372,E100000001768,build-out
E100002019373,E100000001768,build-out
E100002019374,E100000000127,build-out
E100002019374,E100001014944,build-out
E100002019377,E100002019378,build-out
E100002019378,E100000001179,build-out
E100002019385,E100000188761,build-out
E100002019385,E100001015587,build-out
E100002019387,E100000000324,build-out
E100002019388,E100001015587,build-out
E100002019393,E100001014607,build-out
E100002019400,E100000001835,build-out
E100002019402,E100002019403,build-out
E100002019403,E100000150031,build-out
E100002019403,E100002022338,build-out
E100002019404,E100001015587,build-out
E100002019404,E100002019407,build-out
E100002019407,E100002022452,build-out
E100002019418,E100000123261,build-out
E100002019432,E100000123261,build-out
E100002019434,E100000000382,build-out
E100002019441,E100000001137,build-out
E100002019446,E100002021615,build-out
E100002019455,E100002021647,build-out
E100002019496,E100000120508,build-out
E100002019496,E100002019497,build-out
E100002019501,E100000000509,build-out
E100002019501,E100000001917,build-out
E100002019501,E100000001918,build-out
E100002019501,E100000153049,build-out
E100002019504,E100002018551,build-out
E100002019516,E100001014788,build-out
E100002019531,E100001015583,build-out
E100002019580,E100002015554,build-out
E100002019592,E100002019593,build-out
E100002019595,E100001014437,build-out
E100002019595,E100002020928,build-out
E100002019596,E100001015627,build-out
E100002019599,E100001015139,build-out
E100002019602,E100002021546,build-out
E100002019606,E100001012452,build-out
E100002019611,E100002019612,build-out
E100002019612,E100000001862,build-out
E100002019612,E100000148900,build-out
E100002019612,E100001014613,build-out
E100002019612,E100001015827,build-out
E100002019612,E100002007320,build-out
E100002019612,E100002022335,build-out
E100002019645,E100001014947,build-out
E100002019658,E100002019659,build-out
E100002019659,E100000001242,build-out
E100002019660,E100000190820,build-out
E100002019660,E100001015045,build-out
E100002019661,E100001015587,build-out
E100002019661,E100002005714,build-out
E100002019661,E100002015717,build-out
E100002019663,E100001015376,build-out
E100002019673,E100000128088,build-out
E100002019673,E100000188456,build-out
E100002019708,E100001011283,build-out
E100002019709,E100002019710,build-out
E100002019710,E100002022387,build-out
E100002019711,E100000189013,build-out
E100002019711,E100002004848,build-out
E100002019713,E100002019714,build-out
E100002019714,E100000001242,build-out
E100002019719,E100002022242,build-out
E100002019726,E100002019727,build-out
E100002019742,E100001000439,build-out
E100002019744,E100000000657,build-out
E100002019744,E100002007558,build-out
E100002019760,E100002004819,build-out
E100002019760,E100002004937,build-out
E100002019760,E100002019761,build-out
E100002019760,E100002019762,build-out
E100002019761,E100002022386,build-out
E100002019762,E100000000649,build-out
E100002019781,E100002019782,build-out
E100002019782,E100001000085,build-out
E100002019782,E100001014071,build-out
E100002019782,E100001015587,build-out
E100002019782,E100002022417,build-out
E100002019784,E100001015905,build-out
E100002019784,E100002019785,build-out
E100002019785,E100001014311,build-out
E100002019786,E100000002892,build-out
E100002019810,E100001000348,build-out
E100002019810,E100001015587,build-out
E100002019810,E100002024388,build-out
E100002019820,E100000004318,build-out
E100002019857,E100002021361,build-out
E100002020060,E100000000324,build-out
E100002020067,E100000000387,build-out
E100002020067,E100002022382,build-out
E100002020070,E100001015376,build-out
E100002020071,E100001015905,build-out
E100002020076,E100001015905,build-out
E100002020077,E100001014257,build-out
E100002020077,E100001014799,build-out
E100002020077,E100001015729,build-out
E100002020078,E100002003927,build-out
E100002020086,E100000000112,build-out
E100002020087,E100001014940,build-out
E100002020087,E100002005485,build-out
E100002020093,E100001016088,build-out
E100002020325,E100001000001,build-out
E100002020370,E100002020371,build-out
E100002020371,E100001000379,build-out
E100002020373,E100001015646,build-out
E100002020375,E100001015732,build-out
E100002020376,E100000001245,build-out
E100002020376,E100000001309,build-out
E100002020378,E100000001245,build-out
E100002020379,E100000001282,build-out
E100002020379,E100001015821,build-out
E100002020382,E100001014933,build-out
E100002020382,E100001015114,build-out
E100002020384,E100002020385,build-out
E100002020385,E100001015888,build-out
E100002020411,E100000001143,build-out
E100002020549,E100000123261,build-out
E100002020566,E100002021996,build-out
E100002020643,E100002022010,build-out
E100002020680,E100002022006,build-out
E100002020704,E100000003431,build-out
E100002020705,E100000003431,build-out
E100002020747,E100001014832,build-out
E100002020829,E100002001974,build-out
E100002020858,E100000000547,build-out
E100002020858,E100001010257,build-out
E100002020866,E100002021637,build-out
E100002020890,E100002021617,build-out
E100002020901,E100001014286,build-out
E100002020902,E100002020901,build-out
E100002020907,E100002020908,build-out
E100002020908,E100002020909,build-out
E100002020909,E100002020910,build-out
E100002020909,E100002020911,build-out
E100002020914,E100000123261,build-out
E100002020924,E100002020901,build-out
E100002020926,E100002020902,build-out
E100002020928,E100001014437,build-out
E100002020933,E100002002945,build-out
E100002020934,E100002020935,build-out
E100002020935,E100000152388,build-out
E100002020939,E100000000975,build-out
E100002020947,E100002020907,build-out
E100002020956,E100000123261,build-out
E100002020991,E100002020992,build-out
E100002020992,E100002003379,build-out
E100002020994,E100002021641,build-out
E100002020994,E100002021642,build-out
E100002020994,E100002021643,build-out
E100002021131,E100000129143,build-out
E100002021266,E100000001493,build-out
E100002021277,E100002015616,build-out
E100002021296,E100000152388,build-out
E100002021298,E100001000014,build-out
E100002021305,E100002021513,build-out
E100002021321,E100002021600,build-out
E100002021322,E100002021601,build-out
E100002021333,E100001001205,build-out
E100002021338,E100000123261,build-out
E100002021339,E100000001170,build-out
E100002021341,E100000001242,build-out
E100002021395,E100000004244,build-out
E100002021407,E100002021561,build-out
E100002021462,E100001010806,build-out
E100002021467,E100000123261,build-out
E100002021471,E100002022007,build-out
E100002021472,E100001010617,build-out
E100002021488,E100002021489,build-out
E100002021514,E100000001158,build-out
E100002021517,E100002021518,build-out
E100002021522,E100000001173,build-out
E100002021525,E100002021662,build-out
E100002021528,E100001000348,build-out
E100002021528,E100001010595,build-out
E100002021528,E100001015587,build-out
E100002021528,E100002017189,build-out
E100002021528,E100002021664,build-out
E100002021528,E100002021666,build-out
E100002021528,E100002021667,build-out
E100002021528,E100002021668,build-out
E100002021528,E100002021670,build-out
E100002021528,E100002021671,build-out
E100002021532,E100002022016,build-out
E100002021552,E100000123261,build-out
E100002021561,E100001013271,build-out
E100002021566,E100001000605,build-out
E100002021566,E100002000040,build-out
E100002021584,E100002000815,build-out
E100002021595,E100002021673,build-out
E100002021597,E100000123261,build-out
E100002021615,E100000001158,build-out
E100002021641,E100000000703,build-out
E100002021645,E100001010777,build-out
E100002021647,E100002021648,build-out
E100002021648,E100002021649,build-out
E100002021649,E100002021650,build-out
E100002021650,E100000001265,build-out
E100002021663,E100000123261,build-out
E100002021703,E100002021727,build-out
E100002021744,E100000123261,build-out
E100002021782,E100002008066,build-out
E100002021786,E100002021278,build-out
E100002021795,E100000188761,build-out
E100002021813,E100001000348,build-out
E100002021813,E100001015587,build-out
E100002021813,E100002005438,build-out
E100002021813,E100002022843,build-out
E100002021845,E100002001974,build-out
E100002021863,E100002022020,build-out
E100002021863,E100002022021,build-out
E100002021863,E100002022022,build-out
E100002021863,E100002022023,build-out
E100002021864,E100002005152,build-out
E100002021868,E100002022907,build-out
E100002021869,E100000123261,build-out
E100002021870,E100000123261,build-out
E100002021872,E100000000394,build-out
E100002021873,E100000000394,build-out
E100002021876,E100002002996,build-out
E100002021877,E100001015587,build-out
E100002021888,E100002022915,build-out
E100002021888,E100002022916,build-out
E100002021888,E100002022917,build-out
E100002021888,E100002022918,build-out
E100002021899,E100001000761,build-out
E100002021923,E100002022961,build-out
E100002021929,E100002022985,build-out
E100002021948,E100001014317,build-out
E100002021959,E100000000428,build-out
E100002021959,E100000001077,build-out
E100002021959,E100000153201,build-out
E100002021959,E100002004426,build-out
E100002021971,E100000123261,build-out
E100002021981,E100000123261,build-out
E100002021999,E100001012537,build-out
E100002021999,E100001016092,build-out
E100002021999,E100002022012,build-out
E100002021999,E100002022013,build-out
E100002022000,E100000000543,build-out
E100002022003,E100000123261,build-out
E100002022006,E100000123261,build-out
E100002022007,E100000123261,build-out
E100002022008,E100000123261,build-out
E100002022009,E100000123261,build-out
E100002022010,E100001016269,build-out
E100002022019,E100000123261,build-out
E100002022020,E100002022019,build-out
E100002022021,E100000123261,build-out
E100002022033,E100001000514,build-out
E100002022039,E100000181249,build-out
E100002022051,E100000123261,build-out
E100002022051,E100002022053,build-out
E100002022052,E100000123261,build-out
E100002022052,E100002022053,build-out
E100002022053,E100000123261,build-out
E100002022054,E100002022055,build-out
E100002022055,E100000123261,build-out
E100002022056,E100001016577,build-out
E100002022061,E100002001974,build-out
E100002022062,E100002022986,build-out
E100002022081,E100000001533,build-out
E100002022083,E100000000650,build-out
E100002022084,E100000000648,build-out
E100002022089,E100001010702,build-out
E100002022128,E100000123261,build-out
E100002022139,E100002022140,build-out
E100002022140,E100001001050,build-out
E100002022198,E100002020385,build-out
E100002022201,E100002022919,build-out
E100002022202,E100001010185,build-out
E100002022203,E100001000178,build-out
E100002022203,E100001000179,build-out
E100002022203,E100001015587,build-out
E100002022204,E100000123261,build-out
E100002022204,E100001015587,build-out
E100002022205,E100000123261,build-out
E100002022205,E100002025150,build-out
E100002022220,E100002022222,build-out
E100002022221,E100002022222,build-out
E100002022222,E100001015976,build-out
E100002022249,E100002022928,build-out
E100002022268,E100001015587,build-out
E100002022268,E100002024279,build-out
E100002022268,E100002024282,build-out
E100002022273,E100002016389,build-out
E100002022273,E100002022987,build-out
E100002022273,E100002022988,build-out
E100002022328,E100002022906,build-out
E100002022333,E100000001358,build-out
E100002022338,E100002001974,build-out
E100002022376,E100000123261,build-out
E100002022382,E100002022391,build-out
E100002022385,E100000123261,build-out
E100002022387,E100002022394,build-out
E100002022388,E100001012931,build-out
E100002022388,E100002022395,build-out
E100002022391,E100001015913,build-out
E100002022392,E100002007722,build-out
E100002022394,E100002022397,build-out
E100002022395,E100002022398,build-out
E100002022397,E100002022402,build-out
E100002022403,E100000123261,build-out
E100002022406,E100002022911,build-out
E100002022406,E100002022912,build-out
E100002022475,E100002001974,build-out
E100002022476,E100002001974,build-out
E100002022495,E100000001422,build-out
E100002022495,E100001000398,build-out
E100002022500,E100000123261,build-out
E100002022501,E100000123261,build-out
E100002022502,E100000123261,build-out
E100002022503,E100000120439,build-out
E100002022503,E100002022737,build-out
E100002022525,E100001010708,build-out
E100002022525,E100002022811,build-out
E100002022526,E100002004829,build-out
E100002022528,E100000189039,build-out
E100002022528,E100002023136,build-out
E100002022534,E100000000025,build-out
E100002022537,E100001015587,build-out
E100002022537,E100002022758,build-out
E100002022537,E100002022759,build-out
E100002022550,E100002008190,build-out
E100002022552,E100002022554,build-out
E100002022554,E100000132165,build-out
E100002022556,E100000132348,build-out
E100002022557,E100001010087,build-out
E100002022569,E100002022570,build-out
E100002022572,E100000001982,build-out
E100002022580,E100002022583,build-out
E100002022596,E100002022597,build-out
E100002022606,E100000123261,build-out
E100002022606,E100002022608,build-out
E100002022607,E100001001089,build-out
E100002022649,E100001001143,build-out
E100002022651,E100000123261,build-out
E100002022652,E100001001143,build-out
E100002022679,E100000131945,build-out
E100002022682,E100000131973,build-out
E100002022703,E100000131908,build-out
E100002022711,E100000001015,build-out
E100002022727,E100000001332,build-out
E100002022731,E100002022733,build-out
E100002022739,E100002015719,build-out
E100002022744,E100000131931,build-out
E100002022745,E100001000400,build-out
E100002022750,E100000121526,build-out
E100002022751,E100001010281,build-out
E100002022771,E100001010879,build-out
E100002022800,E100000131246,build-out
E100002022802,E100002022803,build-out
E100002022843,E100000129050,build-out
E100002022861,E100000131392,build-out
E100002022877,E100002022881,build-out
E100002022884,E100000132242,build-out
E100002022885,E100000123261,build-out
E100002022886,E100001000761,build-out
E100002022888,E100000001926,build-out
E100002022893,E100000131435,build-out
E100002022907,E100002022908,build-out
E100002022908,E100000123261,build-out
E100002022908,E100001000348,build-out
E100002022908,E100001010595,build-out
E100002022908,E100002004647,build-out
E100002022984,E100002023139,build-out
E100002023036,E100002023141,build-out
E100002023038,E100001001078,build-out
E100002023088,E100000001586,build-out
E100002023103,E100000123261,build-out
E100002023139,E100000123261,build-out
E100002023141,E100001014872,build-out
E100002023156,E100002001974,build-out
E100002023161,E100000123261,build-out
E100002023161,E100002024130,build-out
E100002023161,E100002024131,build-out
E100002023166,E100001015587,build-out
E100002023166,E100002023167,build-out
E100002023166,E100002023168,build-out
E100002023178,E100000001173,build-out
E100002023187,E100002023188,build-out
E100002023187,E100002023189,build-out
E100002023187,E100002023190,build-out
E100002023196,E100002024112,build-out
E100002023214,E100000123261,build-out
E100002023214,E100001015587,build-out
E100002023214,E100002006770,build-out
E100002023228,E100000123261,build-out
E100002023231,E100000123261,build-out
E100002023236,E100002023239,build-out
E100002023237,E100002009595,build-out
E100002023239,E100002023240,build-out
E100002023239,E100002023243,build-out
E100002023239,E100002023244,build-out
E100002023254,E100000123261,build-out
E100002023313,E100000123261,build-out
E100002023319,E100002023325,build-out
E100002023319,E100002023326,build-out
E100002023651,E100000000909,build-out
E100002023652,E100002007991,build-out
E100002023654,E100002019444,build-out
E100002023806,E100001000558,build-out
E100002023806,E100002024129,build-out
E100002023898,E100000120216,build-out
E100002023907,E100002023909,build-out
E100002023916,E100002023918,build-out
E100002023930,E100000123261,build-out
E100002023939,E100002023942,build-out
E100002023939,E100002023943,build-out
E100002023963,E100002023964,build-out
E100002023969,E100002015793,build-out
E100002023984,E100002023985,build-out
E100002023985,E100002023986,build-out
E100002023989,E100002005803,build-out
E100002023989,E100002016177,build-out
E100002024001,E100002024002,build-out
E100002024002,E100000123261,build-out
E100002024004,E100000123261,build-out
E100002024006,E100002024007,build-out
E100002024013,E100002024014,build-out
E100002024015,E100002024016,build-out
E100002024029,E100002024030,build-out
E100002024034,E100000003324,build-out
E100002024035,E100002003265,build-out
E100002024038,E100002024039,build-out
E100002024038,E100002024040,build-out
E100002024038,E100002024041,build-out
E100002024043,E100002024044,build-out
E100002024051,E100000123261,build-out
E100002024054,E100002024056,build-out
E100002024067,E100002024068,build-out
E100002024070,E100002024071,build-out
E100002024072,E100002024073,build-out
E100002024072,E100002024074,build-out
E100002024072,E100002024075,build-out
E100002024079,E100000123261,build-out
E100002024091,E100002005943,build-out
E100002024117,E100000123261,build-out
E100002024129,E100002001974,build-out
E100002024162,E100000123261,build-out
E100002024187,E100000002970,build-out
E100002024277,E100000124488,build-out
E100002024278,E100002024277,build-out
E100002024279,E100002024278,build-out
E100002024301,E100000123261,build-out
E100002024332,E100000123261,build-out
E100002024332,E100002024334,build-out
E100002024334,E100000123261,build-out
E100002024374,E100002004726,build-out
E100002024375,E100001011044,build-out
E100002024375,E100002024378,build-out
E100002024378,E100002024380,build-out
E100002024380,E100000123261,build-out
E100002024383,E100000123261,build-out
E100002024386,E100002019810,build-out
E100002024409,E100000123261,build-out
E100002024409,E100001000178,build-out
E100002024409,E100001000179,build-out
E100002024409,E100001015587,build-out
E100002024414,E100002024417,build-out
E100002024417,E100000001158,build-out
E100002024433,E100002019810,build-out
E100002024435,E100002024434,build-out
E100002024440,E100000001262,build-out
E100002024442,E100000001322,build-out
E100002024474,E100002025067,build-out
E100002024481,E100001015587,build-out
E100002024481,E100002024484,build-out
E100002024484,E100000123261,build-out
E100002024484,E100001015587,build-out
E100002024496,E100002024497,build-out
E100002024497,E100000000388,build-out
E100002024646,E100002024647,build-out
E100002024647,E100000123261,build-out
E100002024650,E100000000408,build-out
E100002024650,E100000000438,build-out
E100002024656,E100000123261,build-out
E100002024697,E100002024698,build-out
E100002024698,E100002024699,build-out
E100002024699,E100000123261,build-out
E100002024699,E100001000730,build-out
E100002024699,E100001015587,build-out
E100002024699,E100002024700,build-out
E100002024723,E100001010708,build-out
E100002024723,E100002024724,build-out
E100002024726,E100000123261,build-out
E100002024816,E100002024117,build-out
E100002024820,E100002024821,build-out
E100002024821,E100002024816,build-out
E100002024845,E100000123261,build-out
E100002024846,E100000123261,build-out
E100002024854,E100000000217,build-out
E100002024858,E100000001190,build-out
E100002024873,E100002017811,build-out
E100002024873,E100002024874,build-out
E100002024873,E100002024875,build-out
E100002024873,E100002024876,build-out
E100002024875,E100002001974,build-out
E100002024878,E100000123261,build-out
E100002024879,E100000120684,build-out
E100002024932,E100002024977,build-out
E100002024946,E100002024947,build-out
E100002024947,E100002024948,build-out
E100002024948,E100000001275,build-out
E100002024951,E100002024952,build-out
E100002024952,E100002024953,build-out
E100002024953,E100000001296,build-out
E100002024954,E100002024955,build-out
E100002024957,E100002024973,build-out
E100002024958,E100002024959,build-out
E100002024959,E100002024960,build-out
E100002024959,E100002024961,build-out
E100002024960,E100002024963,build-out
E100002024960,E100002024964,build-out
E100002024963,E100002024965,build-out
E100002024964,E100002024966,build-out
E100002024964,E100002024967,build-out
E100002024966,E100002024968,build-out
E100002024968,E100002024970,build-out
E100002024980,E100001010928,build-out
E100002024980,E100001015119,build-out
E100002024980,E100002024981,build-out
E100002024981,E100002024982,build-out
E100002024982,E100000123261,build-out
E100002024993,E100000123261,build-out
E100002024995,E100002024997,build-out
E100002024996,E100000001245,build-out
E100002024997,E100000001245,build-out
E100002025008,E100000123261,build-out
E100002025017,E100000123261,build-out
E100002025031,E100000152086,build-out
E100002025034,E100000123261,build-out
E100002025038,E100001000730,build-out
E100002025038,E100001000901,build-out
E100002025038,E100001015587,build-out
E100002025038,E100002025040,build-out
E100002025040,E100002025042,build-out
E100002025041,E100000000962,build-out
E100002025042,E100002025043,build-out
E100002025043,E100002025044,build-out
E100002025044,E100002025045,build-out
E100002025045,E100002025046,build-out
E100002025046,E100002025047,build-out
E100002025047,E100001000348,build-out
E100002025064,E100002025065,build-out
E100002025065,E100002024474,build-out
E100002025074,E100002025078,build-out
E100002025078,E100002025079,build-out
E100002025078,E100002025080,build-out
E100002025079,E100000123261,build-out
E100002025080,E100002025081,build-out
E100002025090,E100001014078,build-out
E100002025098,E100002001974,build-out
E100002025099,E100002025100,build-out
E100002025101,E100000123261,build-out
E100002025108,E100000123261,build-out
E100002025109,E100002025110,build-out
E100002025110,E100000123261,build-out
E100002025112,E100000123261,build-out
E100002025113,E100000123261,build-out
E100002025120,E100002025121,build-out
E100002025121,E100002024862,build-out
E100002025122,E100002025123,build-out
E100002025122,E100002025124,build-out
E100002025132,E100000123261,build-out
E100002025133,E100000123261,build-out
E100002025140,E100001010427,build-out
E100002025140,E100002025142,build-out
E100002025140,E100002025143,build-out
E100002025148,E100001015098,build-out
E100002025149,E100000123261,build-out
E100002025165,E100002025166,build-out
E100002025166,E100001014815,build-out
E100002025167,E100002025168,build-out
E100002025168,E100002025169,build-out
E100002025174,E100000123261,build-out
E100002025175,E100000123261,build-out
E100002025175,E100002025177,build-out
E100002025176,E100000123261,build-out
E100002025177,E100000123261,build-out
E100002025194,E100001010851,build-out
E100002025200,E100000123261,build-out
E100002025205,E100002001203,build-out
E100002025219,E100002025221,build-out
E100002025221,E100002025222,build-out
E100002025221,E100002025223,build-out
E100002025222,E100001014832,build-out
E100002025223,E100002025225,build-out
E100002025225,E100002025226,build-out
E100002025226,E100002025227,build-out
E100002025227,E100002025228,build-out
E100002025228,E100002025229,build-out
E100002025229,E100002025230,build-out
E100002025230,E100000123261,build-out
E100002025243,E100002025245,build-out
E100002025245,E100001016064,build-out
E100002025247,E100001014430,build-out
E100002025248,E100002025253,build-out
E100002025248,E100002025254,build-out
E100002025249,E100002025250,build-out
E100002025253,E100002025255,build-out
E100002025255,E100002025256,build-out
E100002025256,E100002025266,build-out
E100002025266,E100002004692,build-out
E100002025293,E100000002660,build-out
E100002025348,E100002025349,build-out
E100002025349,E100002021813,build-out
E100000000012,E100000123261,methodology
E100000000030,E100000000021,methodology
E100000000030,E100001014930,methodology
E100000000030,E100001015587,methodology
E100000000031,E100001011520,methodology
E100000000074,E100000123261,methodology
E100000000102,E100001015587,methodology
E100000000173,E100001014866,methodology
E100000000338,E100000123261,methodology
E100000000345,E100002003268,methodology
E100000000385,E100000123261,methodology
E100000000394,E100001015587,methodology
E100000000424,E100001015587,methodology
E100000000478,E100000123261,methodology
E100000000510,E100002004742,methodology
E100000000510,E100002004743,methodology
E100000000542,E100001011185,methodology
E100000000546,E100000000566,methodology
E100000000555,E100001015106,methodology
E100000000576,E100001011342,methodology
E100000000612,E100001015587,methodology
E100000000614,E100000123261,methodology
E100000000655,E100000000663,methodology
E100000000666,E100000123261,methodology
E100000000684,E100000123261,methodology
E100000000692,E100001015587,methodology
E100000000744,E100001000010,methodology
E100000000754,E100000123261,methodology
E100000000757,E100001000296,methodology
E100000000836,E100001011510,methodology
E100000000836,E100001015587,methodology
E100000000876,E100002001276,methodology
E100000000938,E100001015587,methodology
E100000000994,E100001016280,methodology
E100000001058,E100000123261,methodology
E100000001059,E100000123261,methodology
E100000001077,E100001000095,methodology
E100000001091,E100002007645,methodology
E100000001093,E100002003296,methodology
E100000001098,E100000123261,methodology
E100000001099,E100002007788,methodology
E100000001100,E100002000897,methodology
E100000001102,E100002007657,methodology
E100000001106,E100000123261,methodology
E100000001121,E100002000818,methodology
E100000001124,E100000123261,methodology
E100000001128,E100002003427,methodology
E100000001140,E100001015587,methodology
E100000001141,E100001015587,methodology
E100000001143,E100001010205,methodology
E100000001151,E100000123261,methodology
E100000001174,E100000123261,methodology
E100000001190,E100000123261,methodology
E100000001190,E100001016450,methodology
E100000001204,E100000001190,methodology
E100000001206,E100000001384,methodology
E100000001212,E100001015587,methodology
E100000001221,E100000001158,methodology
E100000001248,E100000123261,methodology
E100000001249,E100000001133,methodology
E100000001297,E100002001073,methodology
E100000001297,E100002001074,methodology
E100000001297,E100002001075,methodology
E100000001325,E100000003841,methodology
E100000001376,E100001016662,methodology
E100000001387,E100000000336,methodology
E100000001439,E100000001607,methodology
E100000001451,E100002000031,methodology
E100000001464,E100000000829,methodology
E100000001464,E100000000832,methodology
E100000001550,E100000001705,methodology
E100000001550,E100000001720,methodology
E100000001552,E100000121238,methodology
E100000001569,E100000001091,methodology
E100000001569,E100000001113,methodology
E100000001574,E100002009114,methodology
E100000001596,E100000000746,methodology
E100000001596,E100000001213,methodology
E100000001652,E100002007679,methodology
E100000001654,E100001015587,methodology
E100000001655,E100000001654,methodology
E100000001681,E100002000779,methodology
E100000001689,E100000001688,methodology
E100000001706,E100000000914,methodology
E100000001722,E100000000372,methodology
E100000001727,E100002007684,methodology
E100000001746,E100000179524,methodology
E100000001772,E100001011018,methodology
E100000001776,E100002000787,methodology
E100000001782,E100000123261,methodology
E100000001791,E100000003074,methodology
E100000001792,E100000001794,methodology
E100000001794,E100001011475,methodology
E100000001798,E100002000335,methodology
E100000001804,E100000123261,methodology
E100000001804,E100002000591,methodology
E100000001804,E100002000592,methodology
E100000001804,E100002000593,methodology
E100000001806,E100000123261,methodology
E100000001822,E100002001068,methodology
E100000001824,E100001015587,methodology
E100000001835,E100001011559,methodology
E100000001872,E100002008163,methodology
E100000001872,E100002008164,methodology
E100000001878,E100002000655,methodology
E100000001881,E100002000783,methodology
E100000001882,E100002001026,methodology
E100000001891,E100002000772,methodology
E100000001896,E100002001101,methodology
E100000001899,E100000120261,methodology
E100000001910,E100000123261,methodology
E100000001922,E100000123261,methodology
E100000001927,E100000001528,methodology
E100000001944,E100002000908,methodology
E100000001947,E100000123261,methodology
E100000001958,E100000000552,methodology
E100000001959,E100001010201,methodology
E100000001972,E100002000713,methodology
E100000001990,E100001015587,methodology
E100000001991,E100001015361,methodology
E100000001994,E100000123261,methodology
E100000001998,E100002000921,methodology
E100000002008,E100001010643,methodology
E100000002013,E100000123261,methodology
E100000002030,E100000123261,methodology
E100000002040,E100002001072,methodology
E100000002056,E100001015587,methodology
E100000002083,E100002001121,methodology
E100000002083,E100002001123,methodology
E100000002083,E100002001124,methodology
E100000002085,E100001011107,methodology
E100000002091,E100000003831,methodology
E100000002102,E100002000648,methodology
E100000002121,E100001016740,methodology
E100000002124,E100002000786,methodology
E100000002139,E100001000293,methodology
E100000002140,E100000123261,methodology
E100000002151,E100000123261,methodology
E100000002157,E100001000095,methodology
E100000002165,E100000123261,methodology
E100000002177,E100002001090,methodology
E100000002178,E100001001073,methodology
E100000002178,E100002000074,methodology
E100000002178,E100002000075,methodology
E100000002178,E100002000076,methodology
E100000002178,E100002000077,methodology
E100000002178,E100002000078,methodology
E100000002182,E100000001155,methodology
E100000002187,E100002001106,methodology
E100000002192,E100001000098,methodology
E100000002239,E100002004748,methodology
E100000002240,E100000123261,methodology
E100000002243,E100002001974,methodology
E100000002244,E100002001974,methodology
E100000002245,E100002005662,methodology
E100000002249,E100000123261,methodology
E100000002250,E100001001200,methodology
E100000002265,E100002001974,methodology
E100000002270,E100002000981,methodology
E100000002274,E100002003346,methodology
E100000002280,E100002000937,methodology
E100000002295,E100002000547,methodology
E100000002295,E100002000548,methodology
E100000002295,E100002000549,methodology
E100000002295,E100002000550,methodology
E100000002295,E100002000551,methodology
E100000002299,E100002001974,methodology
E100000002301,E100000132405,methodology
E100000002310,E100002001046,methodology
E100000002316,E100000186371,methodology
E100000002317,E100000001262,methodology
E100000002322,E100002000190,methodology
E100000002322,E100002000191,methodology
E100000002322,E100002000192,methodology
E100000002322,E100002000193,methodology
E100000002322,E100002000194,methodology
E100000002322,E100002000195,methodology
E100000002322,E100002000196,methodology
E100000002324,E100000123261,methodology
E100000002331,E100000001321,methodology
E100000002343,E100002001974,methodology
E100000002345,E100002000134,methodology
E100000002345,E100002000135,methodology
E100000002345,E100002000136,methodology
E100000002345,E100002000137,methodology
E100000002345,E100002000138,methodology
E100000002346,E100001011277,methodology
E100000002352,E100001000204,methodology
E100000002353,E100000123261,methodology
E100000002358,E100000121570,methodology
E100000002363,E100000001394,methodology
E100000002364,E100000000778,methodology
E100000002364,E100001010616,methodology
E100000002391,E100002007646,methodology
E100000002400,E100002000703,methodology
E100000002413,E100000001680,methodology
E100000002424,E100000001133,methodology
E100000002438,E100000001093,methodology
E100000002438,E100000001204,methodology
E100000002443,E100000000761,methodology
E100000002443,E100000001160,methodology
E100000002445,E100000001156,methodology
E100000002450,E100000001255,methodology
E100000002469,E100000000614,methodology
E100000002474,E100001015587,methodology
E100000002475,E100000000374,methodology
E100000002477,E100000001386,methodology
E100000002502,E100000000906,methodology
E100000002502,E100000001024,methodology
E100000002502,E100000001031,methodology
E100000002502,E100000001033,methodology
E100000002502,E100000001132,methodology
E100000002529,E100000000575,methodology
E100000002529,E100000001188,methodology
E100000002530,E100000000387,methodology
E100000002530,E100000000727,methodology
E100000002530,E100001000342,methodology
E100000002541,E100000001175,methodology
E100000002547,E100000001050,methodology
E100000002549,E100000000866,methodology
E100000002550,E100000000866,methodology
E100000002551,E100000000866,methodology
E100000002552,E100000000858,methodology
E100000002599,E100000000105,methodology
E100000002617,E100000001166,methodology
E100000002617,E100000001239,methodology
E100000002629,E100000001170,methodology
E100000002630,E100000001170,methodology
E100000002646,E100002001063,methodology
E100000002647,E100001016654,methodology
E100000002654,E100000000124,methodology
E100000002683,E100000001180,methodology
E100000002714,E100000130202,methodology
E100000002724,E100000000691,methodology
E100000002729,E100000000374,methodology
E100000002738,E100000001240,methodology
E100000002745,E100001000207,methodology
E100000002746,E100001000207,methodology
E100000002765,E100001010349,methodology
E100000002768,E100000000654,methodology
E100000002794,E100000000107,methodology
E100000002795,E100000121566,methodology
E100000002813,E100000123261,methodology
E100000002818,E100000001193,methodology
E100000002835,E100000001306,methodology
E100000002849,E100002007635,methodology
E100000002852,E100001001033,methodology
E100000002872,E100000123261,methodology
E100000002873,E100000002872,methodology
E100000002874,E100000000374,methodology
E100000002884,E100000001204,methodology
E100000002884,E100000001223,methodology
E100000002884,E100002000061,methodology
E100000002903,E100000002872,methodology
E100000002914,E100001015811,methodology
E100000002945,E100000000724,methodology
E100000002953,E100000000896,methodology
E100000002953,E100000002097,methodology
E100000002966,E100000000715,methodology
E100000002966,E100001000422,methodology
E100000002968,E100000002969,methodology
E100000002976,E100002003291,methodology
E100000002976,E100002003292,methodology
E100000002976,E100002003293,methodology
E100000003001,E100001000735,methodology
E100000003006,E100001000155,methodology
E100000003010,E100000001213,methodology
E100000003022,E100000000786,methodology
E100000003027,E100000000442,methodology
E100000003036,E100000000749,methodology
E100000003036,E100000000750,methodology
E100000003053,E100000000905,methodology
E100000003058,E100000002279,methodology
E100000003088,E100000138113,methodology
E100000003101,E100001000342,methodology
E100000003111,E100000001148,methodology
E100000003111,E100000001175,methodology
E100000003168,E100002001037,methodology
E100000003168,E100002001038,methodology
E100000003270,E100000001015,methodology
E100000003270,E100000003335,methodology
E100000003270,E100001010146,methodology
E100000003275,E100001015587,methodology
E100000003281,E100000001241,methodology
E100000003309,E100000001270,methodology
E100000003337,E100000000857,methodology
E100000003338,E100001000268,methodology
E100000003342,E100002003233,methodology
E100000003346,E100000000864,methodology
E100000003357,E100000000545,methodology
E100000003357,E100000000556,methodology
E100000003384,E100000000154,methodology
E100000003392,E100000001036,methodology
E100000003392,E100000001334,methodology
E100000003402,E100000003399,methodology
E100000003407,E100000000669,methodology
E100000003408,E100001011215,methodology
E100000003415,E100000000904,methodology
E100000003416,E100000000904,methodology
E100000003425,E100001000255,methodology
E100000003431,E100000151565,methodology
E100000003432,E100000000878,methodology
E100000003437,E100000000878,methodology
E100000003470,E100000000756,methodology
E100000003471,E100001000186,methodology
E100000003478,E100000123261,methodology
E100000003480,E100001000390,methodology
E100000003497,E100000001322,methodology
E100000003520,E100001010606,methodology
E100000003536,E100000000878,methodology
E100000003545,E100000001206,methodology
E100000003560,E100000000054,methodology
E100000003560,E100000000649,methodology
E100000003560,E100000000924,methodology
E100000003560,E100000001299,methodology
E100000003573,E100002007646,methodology
E100000003580,E100000000571,methodology
E100000003586,E100000001248,methodology
E100000003596,E100000000878,methodology
E100000003609,E100001000207,methodology
E100000003657,E100000000878,methodology
E100000003662,E100000001267,methodology
E100000003662,E100000001322,methodology
E100000003688,E100000001074,methodology
E100000003705,E100000000374,methodology
E100000003715,E100000000878,methodology
E100000003720,E100000123261,methodology
E100000003739,E100000003732,methodology
E100000003747,E100000000865,methodology
E100000003747,E100002008265,methodology
E100000003766,E100000001335,methodology
E100000003774,E100002008226,methodology
E100000003776,E100002001259,methodology
E100000003784,E100002008228,methodology
E100000003801,E100000000878,methodology
E100000003805,E100000000538,methodology
E100000003816,E100000000841,methodology
E100000003816,E100001000819,methodology
E100000003816,E100001000820,methodology
E100000003816,E100001000821,methodology
E100000003822,E100000001005,methodology
E100000003822,E100000001231,methodology
E100000003822,E100000002192,methodology
E100000003840,E100000002970,methodology
E100000003841,E100000001129,methodology
E100000003856,E100000000552,methodology
E100000003859,E100000000919,methodology
E100000003874,E100000000433,methodology
E100000003878,E100001011229,methodology
E100000003888,E100000001638,methodology
E100000003897,E100000001119,methodology
E100000003918,E100000000862,methodology
E100000003919,E100000000953,methodology
E100000003919,E100000000958,methodology
E100000003919,E100000002110,methodology
E100000003920,E100000123261,methodology
E100000003954,E100001010315,methodology
E100000003955,E100000000878,methodology
E100000003956,E100002007673,methodology
E100000003967,E100000000878,methodology
E100000003972,E100000000607,methodology
E100000003972,E100000001124,methodology
E100000003973,E100002000639,methodology
E100000003973,E100002000640,methodology
E100000003975,E100002007676,methodology
E100000003975,E100002007677,methodology
E100000003981,E100002000935,methodology
E100000004006,E100000000273,methodology
E100000004006,E100000001020,methodology
E100000004018,E100000000655,methodology
E100000004018,E100000000657,methodology
E100000004018,E100000001088,methodology
E100000004018,E100000001223,methodology
E100000004068,E100001000261,methodology
E100000004077,E100000002169,methodology
E100000004091,E100000001242,methodology
E100000004125,E100000000650,methodology
E100000004125,E100000000912,methodology
E100000004125,E100000001223,methodology
E100000004126,E100001000731,methodology
E100000004126,E100001000732,methodology
E100000004126,E100001000733,methodology
E100000004126,E100001000734,methodology
E100000004132,E100000000878,methodology
E100000004160,E100001010116,methodology
E100000004174,E100000001106,methodology
E100000004176,E100000001445,methodology
E100000004176,E100000001705,methodology
E100000004179,E100000001445,methodology
E100000004179,E100000001533,methodology
E100000004179,E100000001705,methodology
E100000004179,E100000001720,methodology
E100000004192,E100000130688,methodology
E100000004192,E100001016132,methodology
E100000004209,E100000001100,methodology
E100000004231,E100000000936,methodology
E100000004231,E100000000940,methodology
E100000004234,E100000000691,methodology
E100000004245,E100000000393,methodology
E100000004245,E100000000455,methodology
E100000004249,E100001011189,methodology
E100000004260,E100000000892,methodology
E100000004260,E100001010061,methodology
E100000004261,E100000000878,methodology
E100000004263,E100000000878,methodology
E100000004270,E100000000457,methodology
E100000004279,E100000001319,methodology
E100000004287,E100000001006,methodology
E100000004291,E100002007682,methodology
E100000004307,E100000000878,methodology
E100000004311,E100000000646,methodology
E100000004323,E100000000657,methodology
E100000004323,E100000001248,methodology
E100000004328,E100000001734,methodology
E100000004341,E100000000662,methodology
E100000120001,E100000121566,methodology
E100000120004,E100000120003,methodology
E100000120006,E100000000651,methodology
E100000120006,E100000000882,methodology
E100000120006,E100001000480,methodology
E100000120007,E100000120010,methodology
E100000120008,E100000001305,methodology
E100000120010,E100000001305,methodology
E100000120017,E100000123261,methodology
E100000120018,E100000123261,methodology
E100000120033,E100000121593,methodology
E100000120037,E100001000737,methodology
E100000120039,E100000120038,methodology
E100000120041,E100000123261,methodology
E100000120055,E100000120056,methodology
E100000120061,E100000120223,methodology
E100000120061,E100000121290,methodology
E100000120061,E100001000514,methodology
E100000120062,E100000120064,methodology
E100000120066,E100000120381,methodology
E100000120072,E100000121586,methodology
E100000120082,E100000123261,methodology
E100000120084,E100000120460,methodology
E100000120090,E100000120076,methodology
E100000120094,E100000120148,methodology
E100000120099,E100000120333,methodology
E100000120105,E100000120104,methodology
E100000120108,E100001000847,methodology
E100000120109,E100002000254,methodology
E100000120112,E100000120446,methodology
E100000120118,E100000123261,methodology
E100000120118,E100000130854,methodology
E100000120118,E100001015587,methodology
E100000120118,E100001016241,methodology
E100000120118,E100001016303,methodology
E100000120131,E100000120695,methodology
E100000120135,E100000120794,methodology
E100000120137,E100001000404,methodology
E100000120140,E100001000462,methodology
E100000120143,E100000121413,methodology
E100000120150,E100001000782,methodology
E100000120151,E100000121204,methodology
E100000120160,E100000120216,methodology
E100000120160,E100000120217,methodology
E100000120162,E100000123261,methodology
E100000120174,E100000121186,methodology
E100000120176,E100001011404,methodology
E100000120178,E100000121310,methodology
E100000120180,E100000120179,methodology
E100000120183,E100000120949,methodology
E100000120184,E100000121122,methodology
E100000120185,E100000120208,methodology
E100000120193,E100000120199,methodology
E100000120193,E100002007871,methodology
E100000120194,E100000000040,methodology
E100000120194,E100000000909,methodology
E100000120195,E100000000273,methodology
E100000120199,E100000123261,methodology
E100000120202,E100000120237,methodology
E100000120203,E100000121327,methodology
E100000120204,E100002003385,methodology
E100000120212,E100000123261,methodology
E100000120220,E100001010879,methodology
E100000120228,E100000120227,methodology
E100000120230,E100000120229,methodology
E100000120234,E100000123261,methodology
E100000120236,E100000120235,methodology
E100000120239,E100000001982,methodology
E100000120239,E100000003335,methodology
E100000120240,E100002000153,methodology
E100000120240,E100002000154,methodology
E100000120244,E100000158306,methodology
E100000120249,E100000001422,methodology
E100000120277,E100000120923,methodology
E100000120279,E100000000851,methodology
E100000120287,E100000121544,methodology
E100000120292,E100000120113,methodology
E100000120298,E100000120340,methodology
E100000120306,E100001011555,methodology
E100000120314,E100000120313,methodology
E100000120321,E100000123261,methodology
E100000120326,E100000123261,methodology
E100000120328,E100000120593,methodology
E100000120330,E100002007816,methodology
E100000120331,E100000120317,methodology
E100000120332,E100000120333,methodology
E100000120337,E100000120336,methodology
E100000120337,E100000121212,methodology
E100000120343,E100002007646,methodology
E100000120344,E100000120532,methodology
E100000120345,E100000120346,methodology
E100000120348,E100000000994,methodology
E100000120350,E100000120647,methodology
E100000120360,E100000001240,methodology
E100000120376,E100000120097,methodology
E100000120394,E100000120552,methodology
E100000120395,E100000120396,methodology
E100000120397,E100000000255,methodology
E100000120397,E100002007980,methodology
E100000120401,E100000120304,methodology
E100000120410,E100000001982,methodology
E100000120411,E100000123261,methodology
E100000120411,E100001000654,methodology
E100000120415,E100001011325,methodology
E100000120416,E100000120532,methodology
E100000120418,E100000120417,methodology
E100000120421,E100002003291,methodology
E100000120421,E100002003292,methodology
E100000120421,E100002003293,methodology
E100000120424,E100002000388,methodology
E100000120428,E100001010879,methodology
E100000120432,E100000120433,methodology
E100000120437,E100000120436,methodology
E100000120440,E100000000336,methodology
E100000120445,E100000120024,methodology
E100000120455,E100001000241,methodology
E100000120469,E100000000411,methodology
E100000120476,E100000000935,methodology
E100000120480,E100000000522,methodology
E100000120480,E100000001926,methodology
E100000120481,E100000120506,methodology
E100000120490,E100000004094,methodology
E100000120490,E100000004269,methodology
E100000120492,E100000000794,methodology
E100000120497,E100000120067,methodology
E100000120505,E100000123261,methodology
E100000120505,E100000134268,methodology
E100000120505,E100002000306,methodology
E100000120508,E100002003379,methodology
E100000120516,E100002000177,methodology
E100000120522,E100000120049,methodology
E100000120522,E100000120841,methodology
E100000120522,E100001000909,methodology
E100000120529,E100001000462,methodology
E100000120539,E100000120489,methodology
E100000120545,E100001011553,methodology
E100000120553,E100000137485,methodology
E100000120554,E100000120572,methodology
E100000120554,E100000120972,methodology
E100000120557,E100000120364,methodology
E100000120557,E100000120558,methodology
E100000120559,E100000001922,methodology
E100000120564,E100002003317,methodology
E100000120571,E100001000662,methodology
E100000120573,E100000123261,methodology
E100000120574,E100000120460,methodology
E100000120581,E100000121578,methodology
E100000120585,E100000120852,methodology
E100000120587,E100000120460,methodology
E100000120590,E100000120589,methodology
E100000120596,E100002000604,methodology
E100000120604,E100000121451,methodology
E100000120614,E100000120521,methodology
E100000120615,E100000120578,methodology
E100000120616,E100000120439,methodology
E100000120623,E100000120622,methodology
E100000120626,E100000120625,methodology
E100000120667,E100000121175,methodology
E100000120667,E100002008031,methodology
E100000120673,E100001000692,methodology
E100000120676,E100001010053,methodology
E100000120683,E100001016663,methodology
E100000120693,E100000120731,methodology
E100000120694,E100000123261,methodology
E100000120696,E100000120695,methodology
E100000120698,E100000120567,methodology
E100000120700,E100000121286,methodology
E100000120704,E100000120703,methodology
E100000120708,E100000002143,methodology
E100000120709,E100001000599,methodology
E100000120717,E100000120087,methodology
E100000120719,E100002000361,methodology
E100000120723,E100000120751,methodology
E100000120732,E100000120731,methodology
E100000120732,E100000121593,methodology
E100000120736,E100000121097,methodology
E100000120750,E100000120594,methodology
E100000120752,E100000120329,methodology
E100000120752,E100000120502,methodology
E100000120752,E100000121134,methodology
E100000120755,E100000120439,methodology
E100000120770,E100001011269,methodology
E100000120774,E100002000508,methodology
E100000120778,E100000000014,methodology
E100000120780,E100000120779,methodology
E100000120789,E100000000650,methodology
E100000120791,E100000120410,methodology
E100000120791,E100000120854,methodology
E100000120792,E100001000911,methodology
E100000120792,E100002000327,methodology
E100000120793,E100000123261,methodology
E100000120802,E100000120801,methodology
E100000120802,E100002007618,methodology
E100000120802,E100002007619,methodology
E100000120802,E100002007620,methodology
E100000120813,E100000120814,methodology
E100000120816,E100000120114,methodology
E100000120820,E100000120726,methodology
E100000120821,E100000121598,methodology
E100000120837,E100000121255,methodology
E100000120838,E100001000485,methodology
E100000120839,E100000120772,methodology
E100000120842,E100000120594,methodology
E100000120843,E100000120844,methodology
E100000120845,E100001000585,methodology
E100000120859,E100000000650,methodology
E100000120859,E100000120853,methodology
E100000120859,E100000137459,methodology
E100000120860,E100001001120,methodology
E100000120861,E100000120433,methodology
E100000120862,E100000120433,methodology
E100000120866,E100000001114,methodology
E100000120869,E100000121157,methodology
E100000120870,E100000123261,methodology
E100000120875,E100000120123,methodology
E100000120879,E100002003319,methodology
E100000120880,E100000001826,methodology
E100000120895,E100001010805,methodology
E100000120895,E100001010806,methodology
E100000120896,E100000121471,methodology
E100000120903,E100000120904,methodology
E100000120916,E100000002996,methodology
E100000120917,E100000120197,methodology
E100000120921,E100000120922,methodology
E100000120921,E100000121559,methodology
E100000120925,E100001000485,methodology
E100000120939,E100000121329,methodology
E100000120946,E100000120945,methodology
E100000120966,E100000001234,methodology
E100000120974,E100000120632,methodology
E100000120979,E100000120107,methodology
E100000120987,E100000000537,methodology
E100000120992,E100000120119,methodology
E100000120994,E100000120119,methodology
E100000120994,E100000120997,methodology
E100000121005,E100000120957,methodology
E100000121007,E100000000657,methodology
E100000121010,E100000120015,methodology
E100000121013,E100000121019,methodology
E100000121013,E100001000920,methodology
E100000121016,E100002000070,methodology
E100000121018,E100000126498,methodology
E100000121024,E100000120031,methodology
E100000121033,E100000120613,methodology
E100000121036,E100000125333,methodology
E100000121036,E100000128088,methodology
E100000121039,E100000120029,methodology
E100000121045,E100001011093,methodology
E100000121048,E100000121550,methodology
E100000121048,E100000126498,methodology
E100000121049,E100000000537,methodology
E100000121056,E100002000237,methodology
E100000121061,E100000121139,methodology
E100000121063,E100000120317,methodology
E100000121068,E100000121057,methodology
E100000121084,E100000121027,methodology
E100000121086,E100000121577,methodology
E100000121086,E100000127998,methodology
E100000121086,E100000128090,methodology
E100000121087,E100000128088,methodology
E100000121087,E100001015635,methodology
E100000121095,E100000120878,methodology
E100000121102,E100000123261,methodology
E100000121111,E100000120414,methodology
E100000121112,E100000121113,methodology
E100000121130,E100000123261,methodology
E100000121142,E100002000402,methodology
E100000121146,E100000121145,methodology
E100000121148,E100001000599,methodology
E100000121149,E100001010760,methodology
E100000121162,E100002007667,methodology
E100000121164,E100000120672,methodology
E100000121173,E100000000851,methodology
E100000121174,E100000123261,methodology
E100000121180,E100000121327,methodology
E100000121187,E100000001785,methodology
E100000121188,E100000001785,methodology
E100000121189,E100000120129,methodology
E100000121190,E100000120831,methodology
E100000121192,E100000121327,methodology
E100000121193,E100000121264,methodology
E100000121211,E100000121210,methodology
E100000121221,E100000121220,methodology
E100000121224,E100000121330,methodology
E100000121225,E100000001078,methodology
E100000121230,E100000123261,methodology
E100000121232,E100002003496,methodology
E100000121233,E100001010807,methodology
E100000121233,E100001010808,methodology
E100000121237,E100001000096,methodology
E100000121239,E100000000958,methodology
E100000121242,E100000121243,methodology
E100000121244,E100000121243,methodology
E100000121250,E100001000241,methodology
E100000121252,E100001000262,methodology
E100000121254,E100002007674,methodology
E100000121257,E100000120146,methodology
E100000121259,E100000000909,methodology
E100000121268,E100000121267,methodology
E100000121276,E100000000175,methodology
E100000121288,E100000133978,methodology
E100000121295,E100000120199,methodology
E100000121295,E100002003234,methodology
E100000121300,E100000120513,methodology
E100000121301,E100002003469,methodology
E100000121303,E100000121302,methodology
E100000121307,E100002000345,methodology
E100000121309,E100000123261,methodology
E100000121312,E100002003269,methodology
E100000121319,E100000001533,methodology
E100000121320,E100000000185,methodology
E100000121332,E100000000529,methodology
E100000121336,E100000121261,methodology
E100000121341,E100000001648,methodology
E100000121342,E100000120506,methodology
E100000121343,E100000121173,methodology
E100000121344,E100002000147,methodology
E100000121357,E100001000599,methodology
E100000121363,E100000121362,methodology
E100000121368,E100000121345,methodology
E100000121369,E100000120417,methodology
E100000121382,E100000120962,methodology
E100000121392,E100000120621,methodology
E100000121394,E100000120629,methodology
E100000121396,E100000120433,methodology
E100000121399,E100000121328,methodology
E100000121401,E100000121402,methodology
E100000121413,E100000123261,methodology
E100000121414,E100000121413,methodology
E100000121416,E100000001533,methodology
E100000121416,E100001010775,methodology
E100000121421,E100000121422,methodology
E100000121426,E100000000917,methodology
E100000121432,E100000121431,methodology
E100000121437,E100000000255,methodology
E100000121445,E100000120851,methodology
E100000121446,E100000120851,methodology
E100000121453,E100000120162,methodology
E100000121454,E100000121456,methodology
E100000121457,E100000121458,methodology
E100000121463,E100001000709,methodology
E100000121465,E100000121466,methodology
E100000121476,E100000120170,methodology
E100000121486,E100000120602,methodology
E100000121490,E100001011649,methodology
E100000121496,E100000120499,methodology
E100000121497,E100000120499,methodology
E100000121499,E100000121522,methodology
E100000121511,E100000120044,methodology
E100000121515,E100000121514,methodology
E100000121526,E100001000537,methodology
E100000121527,E100000120833,methodology
E100000121533,E100000121238,methodology
E100000121538,E100000121537,methodology
E100000121540,E100000121541,methodology
E100000121549,E100000121118,methodology
E100000121555,E100000120147,methodology
E100000121558,E100000121523,methodology
E100000121565,E100002007922,methodology
E100000121567,E100000121135,methodology
E100000121567,E100000121571,methodology
E100000121579,E100000121563,methodology
E100000121579,E100002003290,methodology
E100000121585,E100000121586,methodology
E100000121591,E100000001058,methodology
E100000121592,E100000121593,methodology
E100000121594,E100000121593,methodology
E100000121596,E100000121593,methodology
E100000121597,E100000121593,methodology
E100000121608,E100000120068,methodology
E100000121608,E100000120381,methodology
E100000123699,E100000125968,methodology
E100000125912,E100000132372,methodology
E100000128094,E100000130629,methodology
E100000128094,E100001010247,methodology
E100000130695,E100000123261,methodology
E100000130695,E100001015587,methodology
E100000130696,E100001015587,methodology
E100000130705,E100001012152,methodology
E100000130722,E100000123261,methodology
E100000130739,E100001016135,methodology
E100000130740,E100000000860,methodology
E100000130742,E100000130908,methodology
E100000130746,E100001015587,methodology
E100000130760,E100001015587,methodology
E100000130770,E100000130707,methodology
E100000130770,E100000130709,methodology
E100000130770,E100001016300,methodology
E100000130771,E100000123261,methodology
E100000130777,E100001016239,methodology
E100000130778,E100000000614,methodology
E100000130779,E100001016253,methodology
E100000130780,E100000123261,methodology
E100000130782,E100000123261,methodology
E100000130789,E100000120333,methodology
E100000130794,E100000131060,methodology
E100000130796,E100000131000,methodology
E100000130797,E100000130722,methodology
E100000130801,E100000130883,methodology
E100000130804,E100000123261,methodology
E100000130807,E100001016291,methodology
E100000130811,E100000123261,methodology
E100000130821,E100000131000,methodology
E100000130831,E100001016336,methodology
E100000130838,E100001016170,methodology
E100000130843,E100000130991,methodology
E100000130847,E100000130894,methodology
E100000130848,E100001016756,methodology
E100000130855,E100000130934,methodology
E100000130858,E100001010315,methodology
E100000130859,E100000123261,methodology
E100000130864,E100001016222,methodology
E100000130866,E100000131060,methodology
E100000130868,E100000131000,methodology
E100000130872,E100000130728,methodology
E100000130873,E100000130779,methodology
E100000130874,E100001016290,methodology
E100000130878,E100000123261,methodology
E100000130879,E100000123261,methodology
E100000130880,E100001000709,methodology
E100000130882,E100000123261,methodology
E100000130884,E100000123261,methodology
E100000130884,E100002007562,methodology
E100000130884,E100002007563,methodology
E100000130884,E100002007564,methodology
E100000130886,E100001016289,methodology
E100000130887,E100002000035,methodology
E100000130888,E100001016223,methodology
E100000130892,E100000130894,methodology
E100000130894,E100000123261,methodology
E100000130898,E100000123261,methodology
E100000130907,E100000130722,methodology
E100000130908,E100001016152,methodology
E100000130909,E100000130908,methodology
E100000130915,E100000130941,methodology
E100000130923,E100001000281,methodology
E100000130934,E100000123261,methodology
E100000130936,E100001016268,methodology
E100000130936,E100001016269,methodology
E100000130938,E100000125059,methodology
E100000130938,E100000130720,methodology
E100000130940,E100000130712,methodology
E100000130948,E100002004006,methodology
E100000130952,E100001010201,methodology
E100000130960,E100001000274,methodology
E100000130970,E100000123261,methodology
E100000130974,E100000131005,methodology
E100000130982,E100000130908,methodology
E100000130984,E100000130703,methodology
E100000130991,E100001016332,methodology
E100000130995,E100000131084,methodology
E100000130998,E100000130970,methodology
E100000131001,E100001016293,methodology
E100000131005,E100000123261,methodology
E100000131008,E100000000675,methodology
E100000131008,E100001012487,methodology
E100000131008,E100001012488,methodology
E100000131010,E100000131009,methodology
E100000131016,E100000130837,methodology
E100000131016,E100000130972,methodology
E100000131018,E100000123261,methodology
E100000131018,E100001016310,methodology
E100000131019,E100001000663,methodology
E100000131031,E100000130840,methodology
E100000131033,E100000130851,methodology
E100000131034,E100001000099,methodology
E100000131036,E100000000666,methodology
E100000131041,E100000123261,methodology
E100000131043,E100002007775,methodology
E100000131051,E100001016222,methodology
E100000131053,E100000124529,methodology
E100000131054,E100001016223,methodology
E100000131058,E100001016337,methodology
E100000131068,E100000131048,methodology
E100000131069,E100000120241,methodology
E100000131069,E100000131003,methodology
E100000131070,E100001010330,methodology
E100000131071,E100001000709,methodology
E100000131072,E100000131009,methodology
E100000131080,E100000123261,methodology
E100000131081,E100000130833,methodology
E100000131087,E100000130785,methodology
E100000131095,E100001016756,methodology
E100000131096,E100001016242,methodology
E100000131097,E100002003632,methodology
E100000131098,E100000131145,methodology
E100000131100,E100001016265,methodology
E100000131103,E100001000321,methodology
E100000131104,E100000131059,methodology
E100000131104,E100000131163,methodology
E100000131104,E100000131168,methodology
E100000131104,E100000131169,methodology
E100000131107,E100000131142,methodology
E100000131113,E100002003617,methodology
E100000131116,E100000000543,methodology
E100000131116,E100000131115,methodology
E100000131116,E100001012537,methodology
E100000131116,E100001016092,methodology
E100000131120,E100000128516,methodology
E100000131120,E100000130925,methodology
E100000131120,E100000130973,methodology
E100000131123,E100000123261,methodology
E100000131126,E100000131027,methodology
E100000131127,E100000123261,methodology
E100000131132,E100001016147,methodology
E100000131135,E100001016311,methodology
E100000131145,E100000123261,methodology
E100000131174,E100001015587,methodology
E100000131175,E100001016302,methodology
E100000131186,E100000131199,methodology
E100000131193,E100000123261,methodology
E100000131198,E100001016229,methodology
E100000131213,E100000123261,methodology
E100000131216,E100000000475,methodology
E100000131262,E100001010088,methodology
E100000131334,E100000131898,methodology
E100000131345,E100000131213,methodology
E100000131396,E100000131874,methodology
E100000131406,E100000131690,methodology
E100000131452,E100000123261,methodology
E100000131497,E100000132291,methodology
E100000131500,E100002007687,methodology
E100000131510,E100000123261,methodology
E100000131511,E100002004555,methodology
E100000131517,E100000131474,methodology
E100000131518,E100001000281,methodology
E100000131519,E100001015587,methodology
E100000131585,E100002007686,methodology
E100000131649,E100002007688,methodology
E100000131669,E100002007873,methodology
E100000131671,E100000131246,methodology
E100000131690,E100000000639,methodology
E100000131777,E100000123261,methodology
E100000131778,E100000131906,methodology
E100000131805,E100000131246,methodology
E100000131851,E100000131865,methodology
E100000131856,E100001000761,methodology
E100000131864,E100000123261,methodology
E100000131876,E100000131213,methodology
E100000131901,E100000123261,methodology
E100000131936,E100000123261,methodology
E100000131936,E100001015587,methodology
E100000132036,E100000001190,methodology
E100000132049,E100001000100,methodology
E100000132056,E100000000953,methodology
E100000132087,E100000123261,methodology
E100000132147,E100000123261,methodology
E100000132155,E100001000556,methodology
E100000132163,E100001016445,methodology
E100000132231,E100000123261,methodology
E100000132235,E100001013597,methodology
E100000132272,E100001016528,methodology
E100000132284,E100001015587,methodology
E100000132286,E100000123261,methodology
E100000132292,E100000123261,methodology
E100000132304,E100000123261,methodology
E100000132350,E100002007685,methodology
E100000132372,E100000000252,methodology
E100000132405,E100000132845,methodology
E100000132412,E100000132405,methodology
E100000132420,E100001011058,methodology
E100000132450,E100001015587,methodology
E100000132454,E100000132689,methodology
E100000132456,E100001016830,methodology
E100000132471,E100001001437,methodology
E100000132474,E100001001078,methodology
E100000132475,E100001001078,methodology
E100000132508,E100000123261,methodology
E100000132511,E100000132567,methodology
E100000132518,E100000132515,methodology
E100000132525,E100001011045,methodology
E100000132532,E100002001383,methodology
E100000132532,E100002001384,methodology
E100000132541,E100000000388,methodology
E100000132541,E100000001237,methodology
E100000132541,E100000152376,methodology
E100000132543,E100002001669,methodology
E100000132544,E100002007649,methodology
E100000132549,E100001016802,methodology
E100000132549,E100002003568,methodology
E100000132559,E100002008207,methodology
E100000132565,E100002001550,methodology
E100000132571,E100001000111,methodology
E100000132584,E100001011025,methodology
E100000132603,E100001010974,methodology
E100000132607,E100002002694,methodology
E100000132610,E100000123261,methodology
E100000132615,E100000123261,methodology
E100000132616,E100001010185,methodology
E100000132621,E100000000388,methodology
E100000132621,E100000121375,methodology
E100000132649,E100002002932,methodology
E100000132653,E100000001077,methodology
E100000132654,E100002002941,methodology
E100000132685,E100000123261,methodology
E100000132685,E100002003554,methodology
E100000132688,E100002003563,methodology
E100000132689,E100000001190,methodology
E100000132696,E100000123261,methodology
E100000132698,E100000123261,methodology
E100000132717,E100000123261,methodology
E100000132720,E100002000874,methodology
E100000132729,E100000136608,methodology
E100000132737,E100000123261,methodology
E100000132739,E100000123261,methodology
E100000132742,E100000000353,methodology
E100000132752,E100000151268,methodology
E100000132753,E100000123261,methodology
E100000132767,E100000151510,methodology
E100000132777,E100000000904,methodology
E100000132781,E100001010930,methodology
E100000132812,E100002003322,methodology
E100000132814,E100002002695,methodology
E100000132831,E100001011023,methodology
E100000132841,E100002002708,methodology
E100000132842,E100002003540,methodology
E100000132842,E100002003541,methodology
E100000132843,E100002002719,methodology
E100000132845,E100002000600,methodology
E100000132847,E100000123261,methodology
E100000132851,E100000123261,methodology
E100000132851,E100002002713,methodology
E100000132862,E100001015587,methodology
E100000132864,E100002002720,methodology
E100000132864,E100002002721,methodology
E100000132869,E100000132405,methodology
E100000132876,E100002003001,methodology
E100000132879,E100002002725,methodology
E100000132894,E100002002959,methodology
E100000132895,E100002002976,methodology
E100000132903,E100002003005,methodology
E100000132911,E100000123261,methodology
E100000132911,E100002003012,methodology
E100000132911,E100002003013,methodology
E100000132918,E100001011044,methodology
E100000132949,E100000000372,methodology
E100000132958,E100000123261,methodology
E100000132962,E100002003034,methodology
E100000132962,E100002003038,methodology
E100000132981,E100002002696,methodology
E100000132981,E100002002697,methodology
E100000132985,E100002007683,methodology
E100000132986,E100002000879,methodology
E100000132992,E100001001078,methodology
E100000132993,E100002003304,methodology
E100000132998,E100000000630,methodology
E100000132998,E100000148961,methodology
E100000132998,E100002001696,methodology
E100000132998,E100002001699,methodology
E100000132998,E100002001700,methodology
E100000133043,E100000000656,methodology
E100000133043,E100000000841,methodology
E100000133043,E100000001870,methodology
E100000133043,E100000003449,methodology
E100000133083,E100000001121,methodology
E100000133108,E100002003418,methodology
E100000133834,E100002003533,methodology
E100000134657,E100000000839,methodology
E100000134775,E100000123261,methodology
E100000134817,E100000134794,methodology
E100000136992,E100001015587,methodology
E100000137160,E100002000844,methodology
E100000137261,E100002003556,methodology
E100000137871,E100000133835,methodology
E100000137871,E100002003352,methodology
E100000139810,E100000123261,methodology
E100000149860,E100000123261,methodology
E100000150106,E100001011559,methodology
E100000150134,E100001001044,methodology
E100000150377,E100000001157,methodology
E100000150460,E100000001249,methodology
E100000150615,E100000123261,methodology
E100000150615,E100002002716,methodology
E100000151268,E100000123261,methodology
E100000151510,E100000001454,methodology
E100000151634,E100002007644,methodology
E100000151895,E100000123261,methodology
E100000152802,E100000000676,methodology
E100000152802,E100001015590,methodology
E100000153090,E100000123261,methodology
E100000182828,E100000003123,methodology
E100000186044,E100002004751,methodology
E100000186141,E100000179966,methodology
E100001000009,E100000132519,methodology
E100001000016,E100002000724,methodology
E100001000016,E100002000725,methodology
E100001000019,E100000123261,methodology
E100001000068,E100000000388,methodology
E100001000072,E100000123261,methodology
E100001000073,E100002000795,methodology
E100001000089,E100001014359,methodology
E100001000114,E100001000115,methodology
E100001000114,E100001000116,methodology
E100001000121,E100000123261,methodology
E100001000162,E100001000163,methodology
E100001000163,E100002007654,methodology
E100001000185,E100002003011,methodology
E100001000192,E100000123261,methodology
E100001000207,E100001000208,methodology
E100001000228,E100002003029,methodology
E100001000230,E100002002709,methodology
E100001000235,E100002007639,methodology
E100001000268,E100002005793,methodology
E100001000272,E100001000273,methodology
E100001000310,E100002007646,methodology
E100001000315,E100001000082,methodology
E100001000351,E100002000847,methodology
E100001000373,E100002003398,methodology
E100001000386,E100001000387,methodology
E100001000402,E100001015587,methodology
E100001000414,E100001010643,methodology
E100001000438,E100000001158,methodology
E100001000457,E100000123261,methodology
E100001000469,E100001000470,methodology
E100001000508,E100001000497,methodology
E100001000509,E100001000497,methodology
E100001000522,E100001010825,methodology
E100001000536,E100001016279,methodology
E100001000541,E100001015587,methodology
E100001000556,E100000123261,methodology
E100001000574,E100001000579,methodology
E100001000612,E100000120888,methodology
E100001000615,E100002007660,methodology
E100001000623,E100001001259,methodology
E100001000646,E100000000851,methodology
E100001000654,E100000123261,methodology
E100001000657,E100001010286,methodology
E100001000666,E100002001974,methodology
E100001000684,E100001000685,methodology
E100001000690,E100002000509,methodology
E100001000696,E100000121403,methodology
E100001000700,E100000123261,methodology
E100001000700,E100002000183,methodology
E100001000706,E100001000930,methodology
E100001000709,E100000123261,methodology
E100001000787,E100001016566,methodology
E100001000808,E100001000396,methodology
E100001000835,E100001000404,methodology
E100001000839,E100001000404,methodology
E100001000846,E100001000404,methodology
E100001000847,E100002007411,methodology
E100001000853,E100001000404,methodology
E100001000854,E100001000404,methodology
E100001000856,E100001011281,methodology
E100001000880,E100001000882,methodology
E100001000959,E100000123261,methodology
E100001000960,E100001000008,methodology
E100001000973,E100002007016,methodology
E100001000973,E100002007018,methodology
E100001000978,E100000002975,methodology
E100001001033,E100002004164,methodology
E100001001054,E100001011401,methodology
E100001001055,E100002000356,methodology
E100001001055,E100002000357,methodology
E100001001055,E100002000358,methodology
E100001001055,E100002000359,methodology
E100001001061,E100002000026,methodology
E100001001063,E100002001974,methodology
E100001001077,E100000001158,methodology
E100001001084,E100000123261,methodology
E100001001119,E100000123261,methodology
E100001001189,E100000001143,methodology
E100001001189,E100001001265,methodology
E100001001189,E100001001371,methodology
E100001001200,E100000001384,methodology
E100001001209,E100000000641,methodology
E100001001209,E100000001223,methodology
E100001001215,E100000001150,methodology
E100001001223,E100001001371,methodology
E100001001225,E100000001222,methodology
E100001001263,E100000001311,methodology
E100001001267,E100002000948,methodology
E100001001269,E100001011318,methodology
E100001001269,E100001011319,methodology
E100001001269,E100001011320,methodology
E100001001269,E100001011321,methodology
E100001001269,E100001011322,methodology
E100001001273,E100000001193,methodology
E100001001290,E100001001053,methodology
E100001001291,E100001001053,methodology
E100001001292,E100000002975,methodology
E100001001293,E100002007937,methodology
E100001001295,E100000001216,methodology
E100001001297,E100000001322,methodology
E100001001303,E100001001390,methodology
E100001001315,E100002001974,methodology
E100001001317,E100001001308,methodology
E100001001318,E100002001974,methodology
E100001001344,E100000001248,methodology
E100001001350,E100001010046,methodology
E100001001357,E100002007966,methodology
E100001001359,E100001001340,methodology
E100001001366,E100002007956,methodology
E100001001367,E100000123261,methodology
E100001001385,E100002000277,methodology
E100001001397,E100001001308,methodology
E100001001405,E100001001417,methodology
E100001001407,E100000132138,methodology
E100001001410,E100000001262,methodology
E100001001418,E100001000655,methodology
E100001001422,E100000001278,methodology
E100001001423,E100000001642,methodology
E100001001425,E100000001705,methodology
E100001001428,E100002007956,methodology
E100001001441,E100001001078,methodology
E100001001443,E100001000478,methodology
E100001010020,E100001010019,methodology
E100001010043,E100001000207,methodology
E100001010051,E100000000689,methodology
E100001010061,E100000000382,methodology
E100001010085,E100001010086,methodology
E100001010090,E100000000687,methodology
E100001010131,E100000120213,methodology
E100001010163,E100000000537,methodology
E100001010177,E100001010178,methodology
E100001010180,E100002007680,methodology
E100001010196,E100000000651,methodology
E100001010196,E100000123261,methodology
E100001010202,E100001010201,methodology
E100001010230,E100000123261,methodology
E100001010254,E100001010201,methodology
E100001010257,E100001010201,methodology
E100001010268,E100000003676,methodology
E100001010273,E100000130908,methodology
E100001010290,E100001010086,methodology
E100001010295,E100001010296,methodology
E100001010311,E100000123261,methodology
E100001010312,E100001000604,methodology
E100001010313,E100001010315,methodology
E100001010324,E100001015587,methodology
E100001010330,E100001010331,methodology
E100001010358,E100000000647,methodology
E100001010358,E100000000651,methodology
E100001010367,E100000131000,methodology
E100001010370,E100000131000,methodology
E100001010373,E100000131000,methodology
E100001010374,E100000131000,methodology
E100001010379,E100001010378,methodology
E100001010380,E100001010378,methodology
E100001010381,E100001010430,methodology
E100001010454,E100000001450,methodology
E100001010460,E100000000006,methodology
E100001010465,E100001011070,methodology
E100001010476,E100001010995,methodology
E100001010476,E100001011002,methodology
E100001010491,E100001011664,methodology
E100001010505,E100001011123,methodology
E100001010511,E100002000729,methodology
E100001010526,E100000003471,methodology
E100001010528,E100001011139,methodology
E100001010533,E100000001262,methodology
E100001010533,E100000133660,methodology
E100001010536,E100001011920,methodology
E100001010552,E100000000552,methodology
E100001010554,E100001015587,methodology
E100001010560,E100001011063,methodology
E100001010590,E100001010591,methodology
E100001010594,E100002001974,methodology
E100001010604,E100001010605,methodology
E100001010614,E100000132148,methodology
E100001010629,E100000132231,methodology
E100001010636,E100000132231,methodology
E100001010651,E100000132266,methodology
E100001010656,E100000131991,methodology
E100001010658,E100000131991,methodology
E100001010659,E100000131991,methodology
E100001010666,E100000131905,methodology
E100001010683,E100000000487,methodology
E100001010690,E100002000242,methodology
E100001010708,E100000000953,methodology
E100001010765,E100000123261,methodology
E100001010812,E100000132383,methodology
E100001010820,E100000123261,methodology
E100001010821,E100001016622,methodology
E100001010832,E100002005898,methodology
E100001010921,E100001010922,methodology
E100001010966,E100000132268,methodology
E100001010976,E100000000746,methodology
E100001010976,E100000000773,methodology
E100001010983,E100000131264,methodology
E100001010991,E100001011003,methodology
E100001011021,E100000001247,methodology
E100001011047,E100000123261,methodology
E100001011049,E100002003566,methodology
E100001011058,E100001011059,methodology
E100001011069,E100000001263,methodology
E100001011076,E100001011409,methodology
E100001011088,E100001000084,methodology
E100001011090,E100000000124,methodology
E100001011098,E100000001173,methodology
E100001011234,E100002000949,methodology
E100001011235,E100001011236,methodology
E100001011285,E100001015587,methodology
E100001011300,E100000001492,methodology
E100001011304,E100002007650,methodology
E100001011310,E100000123261,methodology
E100001011316,E100001011317,methodology
E100001011469,E100001011859,methodology
E100001011495,E100000127998,methodology
E100001011498,E100000123261,methodology
E100001011520,E100001014931,methodology
E100001011521,E100000123261,methodology
E100001011552,E100000001225,methodology
E100001011600,E100000001384,methodology
E100001011600,E100001016313,methodology
E100001011644,E100000130768,methodology
E100001011665,E100000000710,methodology
E100001011710,E100000001262,methodology
E100001011720,E100002009130,methodology
E100001011721,E100001000208,methodology
E100001011728,E100001011729,methodology
E100001011736,E100001011738,methodology
E100001011739,E100001011741,methodology
E100001011744,E100001011985,methodology
E100001011750,E100000123261,methodology
E100001011776,E100000001086,methodology
E100001011777,E100000001173,methodology
E100001011781,E100001011782,methodology
E100001011787,E100000001231,methodology
E100001011836,E100000000671,methodology
E100001011837,E100001011838,methodology
E100001011840,E100001011839,methodology
E100001011859,E100000123261,methodology
E100001011876,E100000001861,methodology
E100001011888,E100001011890,methodology
E100001011902,E100000001262,methodology
E100001011922,E100001011149,methodology
E100001011922,E100001011150,methodology
E100001011922,E100001011924,methodology
E100001011927,E100001011928,methodology
E100001011945,E100001015106,methodology
E100001011975,E100001011976,methodology
E100001011979,E100000123261,methodology
E100001012007,E100000000610,methodology
E100001012007,E100000000759,methodology
E100001012007,E100001012008,methodology
E100001012024,E100000000003,methodology
E100001012024,E100000001755,methodology
E100001012029,E100000123261,methodology
E100001012035,E100001012036,methodology
E100001012056,E100000123261,methodology
E100001012066,E100000131142,methodology
E100001012067,E100000123261,methodology
E100001012077,E100000000436,methodology
E100001012077,E100000137032,methodology
E100001012077,E100001016233,methodology
E100001012077,E100001016234,methodology
E100001012081,E100000123261,methodology
E100001012093,E100001016267,methodology
E100001012099,E100000132374,methodology
E100001012105,E100000123261,methodology
E100001012119,E100000130963,methodology
E100001012151,E100000000651,methodology
E100001012151,E100000001364,methodology
E100001012153,E100001012155,methodology
E100001012179,E100000000411,methodology
E100001012187,E100001012190,methodology
E100001012191,E100001016254,methodology
E100001012192,E100001012195,methodology
E100001012199,E100001016316,methodology
E100001012200,E100000123261,methodology
E100001012202,E100001012203,methodology
E100001012400,E100000131050,methodology
E100001012404,E100001012405,methodology
E100001012404,E100001012406,methodology
E100001012406,E100001012407,methodology
E100001012452,E100001012453,methodology
E100001012522,E100000131198,methodology
E100001012522,E100001012523,methodology
E100001012692,E100001016652,methodology
E100001012702,E100000123261,methodology
E100001012931,E100002002724,methodology
E100001012972,E100001012973,methodology
E100001013004,E100001000539,methodology
E100001013029,E100000123261,methodology
E100001013030,E100000123261,methodology
E100001013031,E100000123261,methodology
E100001013032,E100001013034,methodology
E100001013032,E100001013035,methodology
E100001013036,E100001013037,methodology
E100001013036,E100001013038,methodology
E100001013041,E100000123261,methodology
E100001013042,E100001013043,methodology
E100001013203,E100001000540,methodology
E100001013228,E100001013229,methodology
E100001013233,E100000131725,methodology
E100001013238,E100000132287,methodology
E100001013276,E100000001063,methodology
E100001013282,E100001000599,methodology
E100001013283,E100001000537,methodology
E100001013303,E100000123261,methodology
E100001013315,E100001013316,methodology
E100001013321,E100000131977,methodology
E100001013343,E100001000537,methodology
E100001013344,E100001000537,methodology
E100001013351,E100001000537,methodology
E100001013379,E100001000539,methodology
E100001013390,E100001000537,methodology
E100001013395,E100001000539,methodology
E100001013396,E100001013557,methodology
E100001013398,E100000132138,methodology
E100001013401,E100001013402,methodology
E100001013413,E100000001322,methodology
E100001013419,E100001013420,methodology
E100001013421,E100000131610,methodology
E100001013438,E100000000608,methodology
E100001013460,E100001000537,methodology
E100001013479,E100001015587,methodology
E100001013500,E100001000537,methodology
E100001013506,E100000131976,methodology
E100001013506,E100000132001,methodology
E100001013527,E100001013528,methodology
E100001013544,E100002004886,methodology
E100001013587,E100001013588,methodology
E100001013623,E100000123261,methodology
E100001013655,E100001016436,methodology
E100001013655,E100001016437,methodology
E100001013657,E100001013658,methodology
E100001013681,E100000121097,methodology
E100001013697,E100001000537,methodology
E100001013698,E100000132138,methodology
E100001013702,E100001013704,methodology
E100001013713,E100000131573,methodology
E100001013713,E100000131955,methodology
E100001013732,E100001013733,methodology
E100001013743,E100001000540,methodology
E100001013763,E100000132155,methodology
E100001013788,E100001013789,methodology
E100001013788,E100001013791,methodology
E100001013795,E100001013796,methodology
E100001013797,E100001000537,methodology
E100001013799,E100001000269,methodology
E100001013801,E100000003766,methodology
E100001013810,E100001000649,methodology
E100001013814,E100000123261,methodology
E100001013895,E100002007641,methodology
E100001013895,E100002007642,methodology
E100001013895,E100002007643,methodology
E100001014056,E100001015543,methodology
E100001014069,E100002007636,methodology
E100001014106,E100002007658,methodology
E100001014106,E100002007659,methodology
E100001014182,E100000004114,methodology
E100001014202,E100002000907,methodology
E100001014206,E100000001096,methodology
E100001014233,E100002001366,methodology
E100001014285,E100002007782,methodology
E100001014288,E100000000660,methodology
E100001014291,E100000001107,methodology
E100001014291,E100001014292,methodology
E100001014294,E100001015587,methodology
E100001014301,E100002004737,methodology
E100001014307,E100001015739,methodology
E100001014310,E100001014069,methodology
E100001014354,E100001015587,methodology
E100001014388,E100002004299,methodology
E100001014519,E100001014520,methodology
E100001014541,E100002000722,methodology
E100001014573,E100002004292,methodology
E100001014626,E100001015344,methodology
E100001014649,E100001014650,methodology
E100001014650,E100001014651,methodology
E100001014651,E100001015587,methodology
E100001014651,E100002005456,methodology
E100001014689,E100000123261,methodology
E100001014699,E100000001001,methodology
E100001014723,E100000001213,methodology
E100001014724,E100000001213,methodology
E100001014736,E100001014737,methodology
E100001014759,E100001014760,methodology
E100001014795,E100000132049,methodology
E100001014800,E100001014801,methodology
E100001014801,E100002004429,methodology
E100001014802,E100002003283,methodology
E100001014804,E100001010889,methodology
E100001014819,E100001014823,methodology
E100001014838,E100000001492,methodology
E100001014848,E100001014841,methodology
E100001014855,E100002003400,methodology
E100001014856,E100001014858,methodology
E100001014888,E100000123261,methodology
E100001014932,E100000001143,methodology
E100001014935,E100001014936,methodology
E100001014952,E100001015587,methodology
E100001015056,E100002007664,methodology
E100001015123,E100000001143,methodology
E100001015123,E100001015888,methodology
E100001015206,E100002007665,methodology
E100001015245,E100000000388,methodology
E100001015267,E100001011283,methodology
E100001015271,E100001015272,methodology
E100001015272,E100000000720,methodology
E100001015283,E100000000387,methodology
E100001015284,E100001015295,methodology
E100001015304,E100001015305,methodology
E100001015307,E100001015308,methodology
E100001015307,E100001015309,methodology
E100001015308,E100001014430,methodology
E100001015321,E100001014580,methodology
E100001015333,E100000001186,methodology
E100001015334,E100000000102,methodology
E100001015335,E100001015339,methodology
E100001015339,E100001015342,methodology
E100001015376,E100001011308,methodology
E100001015390,E100000149640,methodology
E100001015393,E100001015394,methodology
E100001015400,E100001014772,methodology
E100001015408,E100000000245,methodology
E100001015414,E100000001595,methodology
E100001015421,E100001015159,methodology
E100001015421,E100001015423,methodology
E100001015539,E100001015540,methodology
E100001015540,E100001015519,methodology
E100001015562,E100000001492,methodology
E100001015568,E100001015569,methodology
E100001015569,E100002001492,methodology
E100001015574,E100001016267,methodology
E100001015589,E100000150540,methodology
E100001015593,E100001011064,methodology
E100001015609,E100001015610,methodology
E100001015610,E100001015611,methodology
E100001015614,E100001015615,methodology
E100001015614,E100001015616,methodology
E100001015627,E100001015628,methodology
E100001015628,E100001015629,methodology
E100001015629,E100002000672,methodology
E100001015630,E100001015631,methodology
E100001015630,E100001015632,methodology
E100001015631,E100000125250,methodology
E100001015631,E100000156444,methodology
E100001015631,E100001015632,methodology
E100001015631,E100001015633,methodology
E100001015631,E100001015634,methodology
E100001015632,E100000180733,methodology
E100001015635,E100001015630,methodology
E100001015673,E100000001213,methodology
E100001015685,E100001015686,methodology
E100001015703,E100001015708,methodology
E100001015718,E100000001034,methodology
E100001015723,E100001000295,methodology
E100001015739,E100001015740,methodology
E100001015740,E100001015742,methodology
E100001015741,E100001015739,methodology
E100001015741,E100001015740,methodology
E100001015742,E100000001101,methodology
E100001015747,E100001015748,methodology
E100001015747,E100001015749,methodology
E100001015747,E100001015750,methodology
E100001015753,E100001015755,methodology
E100001015756,E100001015587,methodology
E100001015758,E100001015760,methodology
E100001015758,E100001015761,methodology
E100001015764,E100001015766,methodology
E100001015765,E100000001309,methodology
E100001015767,E100000001315,methodology
E100001015768,E100000000112,methodology
E100001015780,E100001015781,methodology
E100001015792,E100001015807,methodology
E100001015795,E100000124029,methodology
E100001015798,E100001000282,methodology
E100001015804,E100001015805,methodology
E100001015810,E100001015811,methodology
E100001015818,E100000000245,methodology
E100001015826,E100000123261,methodology
E100001015860,E100000001378,methodology
E100001015898,E100001015899,methodology
E100001015899,E100002007672,methodology
E100001015943,E100001014832,methodology
E100001015947,E100001014841,methodology
E100001015961,E100000153201,methodology
E100001015968,E100001011471,methodology
E100001015980,E100001000265,methodology
E100001015983,E100001014294,methodology
E100001015988,E100002007653,methodology
E100001015989,E100001000330,methodology
E100001015990,E100001000293,methodology
E100001015997,E100000001075,methodology
E100001016001,E100000123261,methodology
E100001016007,E100000150007,methodology
E100001016008,E100001014007,methodology
E100001016011,E100001016012,methodology
E100001016012,E100000123261,methodology
E100001016015,E100000001250,methodology
E100001016025,E100001016026,methodology
E100001016037,E100002007767,methodology
E100001016049,E100001016050,methodology
E100001016050,E100002007678,methodology
E100001016051,E100001016053,methodology
E100001016053,E100001016054,methodology
E100001016061,E100000001267,methodology
E100001016069,E100000001299,methodology
E100001016069,E100001015054,methodology
E100001016069,E100001016070,methodology
E100001016069,E100001016071,methodology
E100001016070,E100000123261,methodology
E100001016071,E100001016076,methodology
E100001016077,E100001012815,methodology
E100001016115,E100001016116,methodology
E100001016116,E100001016117,methodology
E100001016117,E100000001319,methodology
E100001016128,E100000123261,methodology
E100001016141,E100000131000,methodology
E100001016152,E100000136992,methodology
E100001016152,E100002003620,methodology
E100001016152,E100002003621,methodology
E100001016152,E100002003622,methodology
E100001016152,E100002003623,methodology
E100001016172,E100000123261,methodology
E100001016174,E100000123261,methodology
E100001016176,E100000123261,methodology
E100001016208,E100001015587,methodology
E100001016214,E100000121514,methodology
E100001016215,E100000121514,methodology
E100001016223,E100001016222,methodology
E100001016229,E100000123261,methodology
E100001016248,E100001000321,methodology
E100001016251,E100000123067,methodology
E100001016270,E100000123261,methodology
E100001016279,E100001016280,methodology
E100001016287,E100000123261,methodology
E100001016291,E100000123261,methodology
E100001016295,E100001016296,methodology
E100001016301,E100001016295,methodology
E100001016317,E100000123261,methodology
E100001016347,E100000000860,methodology
E100001016419,E100001016421,methodology
E100001016421,E100000123261,methodology
E100001016431,E100001014430,methodology
E100001016514,E100002007661,methodology
E100001016517,E100000127458,methodology
E100001016532,E100002000033,methodology
E100001016559,E100001000382,methodology
E100001016592,E100001015587,methodology
E100001016654,E100001016656,methodology
E100001016663,E100001016664,methodology
E100001016678,E100000001322,methodology
E100001016698,E100000001220,methodology
E100001016699,E100001011087,methodology
E100001016735,E100002001008,methodology
E100001016736,E100000000649,methodology
E100001016756,E100001016757,methodology
E100001016770,E100002007764,methodology
E100001016781,E100000000481,methodology
E100001016791,E100002003460,methodology
E100001016802,E100002003569,methodology
E100001016802,E100002003571,methodology
E100001016830,E100001016829,methodology
E100001016830,E100002003468,methodology
E100001016872,E100002003419,methodology
E100001016878,E100002003431,methodology
E100001016893,E100000121353,methodology
E100001016903,E100002003459,methodology
E100001016915,E100000150657,methodology
E100001016950,E100000134817,methodology
E100001016961,E100000129789,methodology
E100001016961,E100000129877,methodology
E100001016961,E100002003347,methodology
E100001017622,E100000123261,methodology
E100001017632,E100002002969,methodology
E100001017641,E100002003316,methodology
E100001017648,E100002003339,methodology
E100001017657,E100002003487,methodology
E100002000026,E100001001062,methodology
E100002000080,E100002000081,methodology
E100002000183,E100000123261,methodology
E100002000242,E100000186141,methodology
E100002000254,E100002000255,methodology
E100002000255,E100002000256,methodology
E100002000256,E100002000257,methodology
E100002000257,E100002000258,methodology
E100002000258,E100002000259,methodology
E100002000259,E100002000260,methodology
E100002000260,E100002000261,methodology
E100002000261,E100000123261,methodology
E100002000274,E100002000275,methodology
E100002000275,E100001015587,methodology
E100002000297,E100000120326,methodology
E100002000310,E100000123261,methodology
E100002000316,E100002003565,methodology
E100002000345,E100002000346,methodology
E100002000390,E100000000388,methodology
E100002000392,E100000123261,methodology
E100002000424,E100000123261,methodology
E100002000591,E100000123261,methodology
E100002000592,E100000123261,methodology
E100002000672,E100000000585,methodology
E100002000703,E100002000706,methodology
E100002000706,E100002000707,methodology
E100002000707,E100002000709,methodology
E100002000709,E100002000710,methodology
E100002000710,E100002007647,methodology
E100002000722,E100002000723,methodology
E100002000723,E100000123261,methodology
E100002000724,E100002000726,methodology
E100002000725,E100002000726,methodology
E100002000795,E100002000797,methodology
E100002000795,E100002000798,methodology
E100002000798,E100002000799,methodology
E100002000799,E100002000800,methodology
E100002000800,E100002000801,methodology
E100002000801,E100002000802,methodology
E100002000802,E100002000804,methodology
E100002000804,E100002000805,methodology
E100002000818,E100000123261,methodology
E100002000844,E100002000845,methodology
E100002000874,E100002000879,methodology
E100002000879,E100002000881,methodology
E100002000881,E100002000882,methodology
E100002000882,E100002000883,methodology
E100002000883,E100002000884,methodology
E100002000884,E100000132985,methodology
E100002000897,E100000123261,methodology
E100002000914,E100000123261,methodology
E100002000930,E100002000931,methodology
E100002000935,E100000000911,methodology
E100002000949,E100002004745,methodology
E100002001008,E100000123261,methodology
E100002001063,E100002001064,methodology
E100002001073,E100002001077,methodology
E100002001074,E100002001077,methodology
E100002001075,E100002001076,methodology
E100002001141,E100002001143,methodology
E100002001197,E100002001199,methodology
E100002001198,E100000123261,methodology
E100002001199,E100000123261,methodology
E100002001259,E100002001260,methodology
E100002001366,E100002001367,methodology
E100002001367,E100000000746,methodology
E100002001383,E100002001387,methodology
E100002001384,E100000123261,methodology
E100002001387,E100002001389,methodology
E100002001389,E100002001390,methodology
E100002001390,E100000123261,methodology
E100002001392,E100002003329,methodology
E100002001492,E100001016125,methodology
E100002001689,E100000001171,methodology
E100002002672,E100001000373,methodology
E100002002672,E100001013438,methodology
E100002002696,E100000123261,methodology
E100002002697,E100000123261,methodology
E100002002699,E100001016651,methodology
E100002002702,E100001016651,methodology
E100002002703,E100000000837,methodology
E100002002705,E100000123261,methodology
E100002002708,E100002002710,methodology
E100002002710,E100000132405,methodology
E100002002716,E100002002718,methodology
E100002002720,E100002002722,methodology
E100002002722,E100001012931,methodology
E100002002724,E100000123261,methodology
E100002002725,E100002002726,methodology
E100002002726,E100000123261,methodology
E100002002726,E100002002751,methodology
E100002002726,E100002002752,methodology
E100002002729,E100002003244,methodology
E100002002747,E100000123261,methodology
E100002002748,E100001000959,methodology
E100002002768,E100000123261,methodology
E100002002784,E100000000270,methodology
E100002002785,E100001015587,methodology
E100002002787,E100001010798,methodology
E100002002791,E100000123261,methodology
E100002002796,E100000123261,methodology
E100002002810,E100002002808,methodology
E100002002822,E100002002823,methodology
E100002002823,E100002002824,methodology
E100002002840,E100002003257,methodology
E100002002852,E100000123261,methodology
E100002002863,E100000123261,methodology
E100002002881,E100000123261,methodology
E100002002895,E100000123261,methodology
E100002002898,E100000123261,methodology
E100002002900,E100000123261,methodology
E100002002903,E100000123261,methodology
E100002002911,E100000000651,methodology
E100002002911,E100000001237,methodology
E100002002919,E100000123261,methodology
E100002002932,E100002002933,methodology
E100002002933,E100002002934,methodology
E100002002934,E100002002935,methodology
E100002002935,E100002002936,methodology
E100002002936,E100002002937,methodology
E100002002937,E100002002938,methodology
E100002002938,E100002002939,methodology
E100002002939,E100002002940,methodology
E100002002941,E100002002942,methodology
E100002002942,E100002002943,methodology
E100002002943,E100000123261,methodology
E100002002959,E100001017632,methodology
E100002002959,E100002002960,methodology
E100002002959,E100002002961,methodology
E100002002960,E100002002962,methodology
E100002002961,E100000001237,methodology
E100002002961,E100002002968,methodology
E100002002962,E100002002963,methodology
E100002002963,E100002002964,methodology
E100002002964,E100002002965,methodology
E100002002964,E100002002966,methodology
E100002002964,E100002002967,methodology
E100002002968,E100000001237,methodology
E100002002969,E100002002970,methodology
E100002002970,E100002002971,methodology
E100002002976,E100002002977,methodology
E100002003016,E100000132850,methodology
E100002003016,E100001011028,methodology
E100002003020,E100001010226,methodology
E100002003234,E100002003235,methodology
E100002003252,E100000134109,methodology
E100002003252,E100002004701,methodology
E100002003269,E100002003271,methodology
E100002003270,E100000131681,methodology
E100002003296,E100002003297,methodology
E100002003297,E100000000922,methodology
E100002003297,E100001000789,methodology
E100002003297,E100001010577,methodology
E100002003297,E100002003298,methodology
E100002003297,E100002003299,methodology
E100002003304,E100002003305,methodology
E100002003305,E100002003306,methodology
E100002003339,E100000123261,methodology
E100002003360,E100000123261,methodology
E100002003385,E100000123261,methodology
E100002003399,E100002003403,methodology
E100002003400,E100002003401,methodology
E100002003401,E100002003402,methodology
E100002003402,E100001016398,methodology
E100002003427,E100000123261,methodology
E100002003533,E100002007774,methodology
E100002003541,E100002003542,methodology
E100002003556,E100002003558,methodology
E100002003559,E100000123261,methodology
E100002003566,E100001011288,methodology
E100002003568,E100001016802,methodology
E100002003568,E100002003569,methodology
E100002003568,E100002003570,methodology
E100002003568,E100002003571,methodology
E100002003569,E100000123261,methodology
E100002003570,E100002003574,methodology
E100002003570,E100002003575,methodology
E100002003570,E100002003577,methodology
E100002003571,E100000123261,methodology
E100002003571,E100002003572,methodology
E100002003571,E100002003573,methodology
E100002003571,E100002003574,methodology
E100002003571,E100002003575,methodology
E100002003617,E100002003618,methodology
E100002003620,E100002003626,methodology
E100002003621,E100000123261,methodology
E100002003621,E100002003627,methodology
E100002003622,E100000123261,methodology
E100002003623,E100002003625,methodology
E100002003626,E100000123261,methodology
E100002003628,E100000131158,methodology
E100002003637,E100000123261,methodology
E100002003712,E100000123261,methodology
E100002003747,E100000120243,methodology
E100002003747,E100002003748,methodology
E100002003749,E100001000204,methodology
E100002003752,E100001000709,methodology
E100002003766,E100002003767,methodology
E100002003768,E100000000689,methodology
E100002003772,E100000001677,methodology
E100002003817,E100002003819,methodology
E100002003825,E100000131639,methodology
E100002003828,E100002003830,methodology
E100002003874,E100000000547,methodology
E100002003885,E100002003886,methodology
E100002003905,E100000000953,methodology
E100002003905,E100001010146,methodology
E100002003914,E100001000709,methodology
E100002003914,E100002004577,methodology
E100002003921,E100000131141,methodology
E100002003922,E100000000687,methodology
E100002003922,E100002003927,methodology
E100002003955,E100001016230,methodology
E100002003955,E100002003956,methodology
E100002003964,E100000130925,methodology
E100002003964,E100000130973,methodology
E100002003964,E100002003965,methodology
E100002003967,E100000000875,methodology
E100002003970,E100001000537,methodology
E100002003971,E100000131161,methodology
E100002003973,E100000123261,methodology
E100002004030,E100001000295,methodology
E100002004033,E100002004041,methodology
E100002004038,E100002004042,methodology
E100002004043,E100002004045,methodology
E100002004059,E100001016071,methodology
E100002004061,E100002004062,methodology
E100002004123,E100001000663,methodology
E100002004168,E100002004741,methodology
E100002004173,E100002004174,methodology
E100002004178,E100000123261,methodology
E100002004204,E100000123261,methodology
E100002004208,E100000001086,methodology
E100002004225,E100002004227,methodology
E100002004225,E100002004228,methodology
E100002004225,E100002004229,methodology
E100002004232,E100000123261,methodology
E100002004256,E100001000008,methodology
E100002004271,E100002004272,methodology
E100002004291,E100002004585,methodology
E100002004299,E100001011064,methodology
E100002004378,E100001010596,methodology
E100002004380,E100000186569,methodology
E100002004384,E100000000079,methodology
E100002004385,E100002004387,methodology
E100002004424,E100002004426,methodology
E100002004429,E100002004424,methodology
E100002004465,E100002004466,methodology
E100002004465,E100002004467,methodology
E100002004465,E100002004468,methodology
E100002004465,E100002004469,methodology
E100002004513,E100002004514,methodology
E100002004513,E100002004515,methodology
E100002004534,E100002004535,methodology
E100002004552,E100000123261,methodology
E100002004585,E100002004586,methodology
E100002004586,E100002004587,methodology
E100002004587,E100002004588,methodology
E100002004588,E100002004589,methodology
E100002004589,E100002004590,methodology
E100002004590,E100000001096,methodology
E100002004625,E100000001247,methodology
E100002004639,E100000123261,methodology
E100002004639,E100002007593,methodology
E100002004667,E100000123261,methodology
E100002004715,E100000131244,methodology
E100002004737,E100002004738,methodology
E100002004738,E100002004739,methodology
E100002004741,E100002003712,methodology
E100002004790,E100000123261,methodology
E100002004852,E100000002097,methodology
E100002005160,E100000123261,methodology
E100002005193,E100001000657,methodology
E100002005355,E100000123261,methodology
E100002005371,E100000000421,methodology
E100002005371,E100000136869,methodology
E100002005371,E100001015587,methodology
E100002005371,E100002005443,methodology
E100002005371,E100002007551,methodology
E100002005371,E100002007552,methodology
E100002005446,E100000123261,methodology
E100002005458,E100002007783,methodology
E100002005473,E100000000338,methodology
E100002005594,E100002001974,methodology
E100002005634,E100000123261,methodology
E100002005771,E100000120835,methodology
E100002005860,E100000123261,methodology
E100002006085,E100002006086,methodology
E100002006143,E100002002729,methodology
E100002006224,E100002007588,methodology
E100002006297,E100000001169,methodology
E100002006301,E100001000438,methodology
E100002006571,E100000001287,methodology
E100002006595,E100000001248,methodology
E100002006602,E100000123261,methodology
E100002006720,E100000131080,methodology
E100002007084,E100000121566,methodology
E100002007527,E100000123261,methodology
E100002007590,E100000123261,methodology
E100002007628,E100002007629,methodology
E100002007628,E100002007631,methodology
E100002007631,E100002007630,methodology
E100002007635,E100000001454,methodology
E100002007638,E100002007773,methodology
E100002007644,E100002007697,methodology
E100002007649,E100002007699,methodology
E100002007654,E100002007705,methodology
E100002007658,E100000123261,methodology
E100002007659,E100000123261,methodology
E100002007661,E100002007710,methodology
E100002007664,E100000123261,methodology
E100002007664,E100002007786,methodology
E100002007665,E100002007713,methodology
E100002007667,E100000001454,methodology
E100002007673,E100002007638,methodology
E100002007677,E100002007679,methodology
E100002007678,E100001016051,methodology
E100002007679,E100002007719,methodology
E100002007680,E100001010179,methodology
E100002007683,E100002007720,methodology
E100002007684,E100002007722,methodology
E100002007686,E100000123261,methodology
E100002007687,E100002007810,methodology
E100002007688,E100000123261,methodology
E100002007697,E100000133834,methodology
E100002007699,E100002007735,methodology
E100002007705,E100002007739,methodology
E100002007710,E100000000414,methodology
E100002007713,E100002007743,methodology
E100002007719,E100000001123,methodology
E100002007735,E100002007751,methodology
E100002007739,E100002007752,methodology
E100002007742,E100002007753,methodology
E100002007743,E100002007742,methodology
E100002007752,E100002007757,methodology
E100002007753,E100001000348,methodology
E100002007753,E100002007793,methodology
E100002007757,E100002007759,methodology
E100002007775,E100000123261,methodology
E100002007786,E100000123261,methodology
E100002007786,E100002007772,methodology
E100002007796,E100002007797,methodology
E100002007816,E100000000630,methodology
E100002007855,E100002007708,methodology
E100002007922,E100001000241,methodology
E100002007929,E100002007930,methodology
E100002007932,E100001015587,methodology
E100002007956,E100002007957,methodology
E100002007957,E100002007958,methodology
E100002007958,E100000001222,methodology
E100002007964,E100000001143,methodology
E100002008004,E100000123261,methodology
E100002008021,E100002008145,methodology
E100002008031,E100000123261,methodology
E100002008141,E100000123261,methodology
E100002008180,E100000123261,methodology
E100002008201,E100000123261,methodology
E100002008207,E100000123261,methodology
E100002008298,E100000123261,methodology
E100002008300,E100002008326,methodology
E100002008300,E100002008327,methodology
E100002009130,E100000123261,methodology
E100000000004,E100001012407,restatement
E100000000008,E100001011471,restatement
E100000000014,E100001010427,restatement
E100000000014,E100001010428,restatement
E100000000014,E100001010429,restatement
E100000000014,E100001015587,restatement
E100000000015,E100001010595,restatement
E100000000015,E100001010596,restatement
E100000000018,E100001010427,restatement
E100000000018,E100001010428,restatement
E100000000018,E100001010429,restatement
E100000000018,E100001015587,restatement
E100000000019,E100001010427,restatement
E100000000019,E100001010428,restatement
E100000000019,E100001010429,restatement
E100000000019,E100001015587,restatement
E100000000022,E100001014929,restatement
E100000000030,E100000000032,restatement
E100000000031,E100001011521,restatement
E100000000054,E100001014861,restatement
E100000000054,E100001014862,restatement
E100000000067,E100001000285,restatement
E100000000067,E100001000286,restatement
E100000000067,E100001015587,restatement
E100000000067,E100002005244,restatement
E100000000069,E100001000304,restatement
E100000000084,E100001000311,restatement
E100000000084,E100001000312,restatement
E100000000084,E100001015587,restatement
E100000000111,E100002000008,restatement
E100000000127,E100001014312,restatement
E100000000127,E100001015587,restatement
E100000000134,E100000123261,restatement
E100000000134,E100001015587,restatement
E100000000134,E100001016240,restatement
E100000000135,E100001015800,restatement
E100000000136,E100001010707,restatement
E100000000136,E100001015800,restatement
E100000000136,E100002001490,restatement
E100000000319,E100001000262,restatement
E100000000319,E100001011382,restatement
E100000000319,E100001011383,restatement
E100000000340,E100001000392,restatement
E100000000340,E100001001103,restatement
E100000000372,E100000152662,restatement
E100000000372,E100001011545,restatement
E100000000382,E100001000348,restatement
E100000000382,E100001000901,restatement
E100000000382,E100001015587,restatement
E100000000387,E100001015587,restatement
E100000000387,E100002001974,restatement
E100000000388,E100000000376,restatement
E100000000388,E100000123261,restatement
E100000000388,E100001000348,restatement
E100000000388,E100001011055,restatement
E100000000388,E100001015587,restatement
E100000000394,E100001000348,restatement
E100000000395,E100001010234,restatement
E100000000395,E100001015587,restatement
E100000000407,E100001010813,restatement
E100000000407,E100001010816,restatement
E100000000414,E100002001932,restatement
E100000000414,E100002001934,restatement
E100000000433,E100000123261,restatement
E100000000433,E100001000330,restatement
E100000000433,E100001000348,restatement
E100000000433,E100001015587,restatement
E100000000455,E100001000716,restatement
E100000000459,E100001000330,restatement
E100000000459,E100001015587,restatement
E100000000472,E100000123261,restatement
E100000000472,E100001011359,restatement
E100000000473,E100001014965,restatement
E100000000509,E100001015587,restatement
E100000000512,E100000123261,restatement
E100000000512,E100001015587,restatement
E100000000513,E100001000520,restatement
E100000000516,E100000131638,restatement
E100000000518,E100001000522,restatement
E100000000522,E100000123261,restatement
E100000000522,E100001015587,restatement
E100000000524,E100001000520,restatement
E100000000524,E100001015587,restatement
E100000000531,E100000120517,restatement
E100000000531,E100000123261,restatement
E100000000531,E100001015587,restatement
E100000000573,E100001000023,restatement
E100000000585,E100000123261,restatement
E100000000585,E100001015587,restatement
E100000000598,E100000123261,restatement
E100000000598,E100001011706,restatement
E100000000598,E100001015587,restatement
E100000000598,E100002000849,restatement
E100000000598,E100002000850,restatement
E100000000610,E100001013560,restatement
E100000000630,E100001000178,restatement
E100000000630,E100001000179,restatement
E100000000630,E100001015587,restatement
E100000000635,E100001000178,restatement
E100000000635,E100001000179,restatement
E100000000638,E100000123261,restatement
E100000000638,E100001000178,restatement
E100000000638,E100001000179,restatement
E100000000638,E100001015051,restatement
E100000000638,E100001015587,restatement
E100000000639,E100001000178,restatement
E100000000639,E100001000179,restatement
E100000000639,E100001000289,restatement
E100000000639,E100001000290,restatement
E100000000639,E100001000291,restatement
E100000000639,E100001015587,restatement
E100000000641,E100000123261,restatement
E100000000641,E100001000178,restatement
E100000000641,E100001000382,restatement
E100000000641,E100001015587,restatement
E100000000645,E100000000638,restatement
E100000000645,E100001000178,restatement
E100000000645,E100001015051,restatement
E100000000646,E100001000178,restatement
E100000000646,E100001000179,restatement
E100000000646,E100001000249,restatement
E100000000647,E100001015587,restatement
E100000000648,E100001000178,restatement
E100000000648,E100001000179,restatement
E100000000649,E100000123261,restatement
E100000000649,E100001000178,restatement
E100000000649,E100001000179,restatement
E100000000649,E100001015587,restatement
E100000000649,E100001016127,restatement
E100000000650,E100000123261,restatement
E100000000650,E100001000178,restatement
E100000000650,E100001000179,restatement
E100000000650,E100001015587,restatement
E100000000650,E100001016127,restatement
E100000000651,E100001000178,restatement
E100000000651,E100001000179,restatement
E100000000651,E100001015587,restatement
E100000000651,E100001016127,restatement
E100000000654,E100001015587,restatement
E100000000656,E100000123261,restatement
E100000000656,E100001000178,restatement
E100000000656,E100001000179,restatement
E100000000656,E100001015587,restatement
E100000000657,E100001000178,restatement
E100000000657,E100001000179,restatement
E100000000657,E100001015587,restatement
E100000000657,E100001016127,restatement
E100000000658,E100001000178,restatement
E100000000658,E100001000179,restatement
E100000000658,E100001015587,restatement
E100000000659,E100000123261,restatement
E100000000659,E100001000178,restatement
E100000000659,E100001015587,restatement
E100000000660,E100001000178,restatement
E100000000660,E100001000179,restatement
E100000000660,E100001000382,restatement
E100000000669,E100000000671,restatement
E100000000678,E100000120850,restatement
E100000000687,E100001000348,restatement
E100000000687,E100001015587,restatement
E100000000687,E100002004057,restatement
E100000000687,E100002004058,restatement
E100000000699,E100001000368,restatement
E100000000699,E100001000413,restatement
E100000000706,E100001000411,restatement
E100000000706,E100001000413,restatement
E100000000706,E100001000414,restatement
E100000000707,E100001000412,restatement
E100000000707,E100001010832,restatement
E100000000712,E100001011540,restatement
E100000000743,E100000001175,restatement
E100000000746,E100001015587,restatement
E100000000757,E100001000297,restatement
E100000000757,E100001000298,restatement
E100000000773,E100001016088,restatement
E100000000774,E100001011569,restatement
E100000000806,E100000120026,restatement
E100000000806,E100001001034,restatement
E100000000806,E100001015587,restatement
E100000000810,E100000001247,restatement
E100000000810,E100001000350,restatement
E100000000810,E100001014754,restatement
E100000000813,E100000123261,restatement
E100000000813,E100001000104,restatement
E100000000813,E100001000105,restatement
E100000000813,E100001015587,restatement
E100000000815,E100000123261,restatement
E100000000822,E100000000827,restatement
E100000000824,E100002000351,restatement
E100000000827,E100000000825,restatement
E100000000828,E100001011303,restatement
E100000000828,E100001011305,restatement
E100000000834,E100000158306,restatement
E100000000834,E100001000089,restatement
E100000000834,E100001000348,restatement
E100000000836,E100001016645,restatement
E100000000840,E100001000961,restatement
E100000000863,E100001000270,restatement
E100000000865,E100000123261,restatement
E100000000882,E100000123261,restatement
E100000000882,E100001015587,restatement
E100000000888,E100001000198,restatement
E100000000922,E100000000920,restatement
E100000000927,E100001000576,restatement
E100000000927,E100001010403,restatement
E100000000927,E100001015587,restatement
E100000000938,E100000123261,restatement
E100000000940,E100000120541,restatement
E100000000953,E100001000730,restatement
E100000000953,E100001015587,restatement
E100000000954,E100001015587,restatement
E100000000955,E100001000729,restatement
E100000000955,E100001000730,restatement
E100000000975,E100001000348,restatement
E100000000978,E100001014317,restatement
E100000000978,E100002002996,restatement
E100000000978,E100002002997,restatement
E100000000978,E100002002998,restatement
E100000000980,E100001000348,restatement
E100000000980,E100001015587,restatement
E100000000998,E100000123261,restatement
E100000000998,E100001000416,restatement
E100000001015,E100001010778,restatement
E100000001015,E100001015587,restatement
E100000001017,E100000002128,restatement
E100000001023,E100001000324,restatement
E100000001023,E100001000325,restatement
E100000001023,E100001000326,restatement
E100000001030,E100000123261,restatement
E100000001030,E100001000324,restatement
E100000001030,E100001000380,restatement
E100000001030,E100001015587,restatement
E100000001034,E100001010887,restatement
E100000001034,E100001015587,restatement
E100000001035,E100001015587,restatement
E100000001035,E100001015689,restatement
E100000001035,E100001015691,restatement
E100000001035,E100001015692,restatement
E100000001057,E100000123261,restatement
E100000001057,E100001015587,restatement
E100000001057,E100002005694,restatement
E100000001096,E100001000348,restatement
E100000001096,E100001000615,restatement
E100000001102,E100000001247,restatement
E100000001103,E100001015587,restatement
E100000001116,E100001000348,restatement
E100000001116,E100001015587,restatement
E100000001123,E100000001534,restatement
E100000001123,E100001000348,restatement
E100000001125,E100000123261,restatement
E100000001133,E100001014079,restatement
E100000001133,E100001015587,restatement
E100000001140,E100001000348,restatement
E100000001158,E100001000348,restatement
E100000001158,E100001010595,restatement
E100000001164,E100000001534,restatement
E100000001164,E100001000348,restatement
E100000001164,E100001010595,restatement
E100000001164,E100001010596,restatement
E100000001170,E100001000751,restatement
E100000001173,E100000001260,restatement
E100000001173,E100000123261,restatement
E100000001193,E100001000348,restatement
E100000001193,E100001010595,restatement
E100000001193,E100001010596,restatement
E100000001213,E100001010595,restatement
E100000001213,E100001010596,restatement
E100000001223,E100001000348,restatement
E100000001223,E100001010706,restatement
E100000001223,E100001014543,restatement
E100000001237,E100000123261,restatement
E100000001237,E100001000178,restatement
E100000001237,E100001000179,restatement
E100000001237,E100001015587,restatement
E100000001237,E100001016127,restatement
E100000001241,E100001000348,restatement
E100000001241,E100001010596,restatement
E100000001241,E100001015587,restatement
E100000001241,E100002000188,restatement
E100000001245,E100001010595,restatement
E100000001246,E100000123261,restatement
E100000001250,E100001000348,restatement
E100000001250,E100001010595,restatement
E100000001253,E100000132443,restatement
E100000001254,E100001000348,restatement
E100000001254,E100001010595,restatement
E100000001254,E100001010596,restatement
E100000001254,E100001015587,restatement
E100000001257,E100001000311,restatement
E100000001257,E100001000312,restatement
E100000001260,E100001010596,restatement
E100000001260,E100001015587,restatement
E100000001260,E100001015832,restatement
E100000001260,E100001016498,restatement
E100000001265,E100000123261,restatement
E100000001265,E100001010705,restatement
E100000001265,E100002003284,restatement
E100000001270,E100000001155,restatement
E100000001270,E100001010595,restatement
E100000001270,E100001015587,restatement
E100000001270,E100001015644,restatement
E100000001275,E100000123261,restatement
E100000001275,E100001000348,restatement
E100000001275,E100001010595,restatement
E100000001275,E100001014573,restatement
E100000001275,E100001015587,restatement
E100000001282,E100001010595,restatement
E100000001282,E100001015587,restatement
E100000001284,E100001001339,restatement
E100000001296,E100000001272,restatement
E100000001305,E100001000348,restatement
E100000001305,E100001010595,restatement
E100000001305,E100001010596,restatement
E100000001305,E100001010705,restatement
E100000001305,E100001010706,restatement
E100000001305,E100001014849,restatement
E100000001315,E100001000348,restatement
E100000001315,E100001010595,restatement
E100000001319,E100001000348,restatement
E100000001319,E100001010595,restatement
E100000001319,E100001015587,restatement
E100000001329,E100001000348,restatement
E100000001329,E100001010595,restatement
E100000001329,E100001010596,restatement
E100000001370,E100000001205,restatement
E100000001371,E100000000806,restatement
E100000001371,E100001000511,restatement
E100000001375,E100000000468,restatement
E100000001375,E100000000470,restatement
E100000001378,E100000001254,restatement
E100000001384,E100001000348,restatement
E100000001384,E100001010595,restatement
E100000001384,E100001010705,restatement
E100000001384,E100001014140,restatement
E100000001384,E100001014141,restatement
E100000001437,E100000000326,restatement
E100000001438,E100000001101,restatement
E100000001452,E100000001195,restatement
E100000001454,E100001000089,restatement
E100000001461,E100000000765,restatement
E100000001467,E100000000473,restatement
E100000001467,E100000002899,restatement
E100000001470,E100000000411,restatement
E100000001470,E100000000985,restatement
E100000001481,E100000001640,restatement
E100000001491,E100000000394,restatement
E100000001491,E100000000766,restatement
E100000001491,E100000000767,restatement
E100000001491,E100000000771,restatement
E100000001491,E100000001001,restatement
E100000001496,E100000000574,restatement
E100000001497,E100000000765,restatement
E100000001523,E100000002928,restatement
E100000001533,E100000000659,restatement
E100000001534,E100001000348,restatement
E100000001534,E100001010595,restatement
E100000001550,E100000001533,restatement
E100000001553,E100000000475,restatement
E100000001577,E100000000506,restatement
E100000001577,E100000000507,restatement
E100000001586,E100000001067,restatement
E100000001607,E100001015587,restatement
E100000001611,E100000000331,restatement
E100000001622,E100000001142,restatement
E100000001624,E100001015719,restatement
E100000001624,E100001015720,restatement
E100000001636,E100001010886,restatement
E100000001636,E100001010887,restatement
E100000001641,E100000000681,restatement
E100000001641,E100000000682,restatement
E100000001651,E100000001640,restatement
E100000001651,E100001010360,restatement
E100000001652,E100000001123,restatement
E100000001672,E100001015587,restatement
E100000001672,E100002001141,restatement
E100000001672,E100002001144,restatement
E100000001691,E100000000912,restatement
E100000001700,E100000000505,restatement
E100000001713,E100000000838,restatement
E100000001716,E100000000097,restatement
E100000001727,E100000001006,restatement
E100000001763,E100000123261,restatement
E100000001763,E100001015587,restatement
E100000001763,E100002005503,restatement
E100000001768,E100001010595,restatement
E100000001768,E100001010596,restatement
E100000001768,E100002001294,restatement
E100000001770,E100001010427,restatement
E100000001770,E100001010429,restatement
E100000001770,E100001015587,restatement
E100000001789,E100000001265,restatement
E100000001803,E100002000969,restatement
E100000001809,E100000001086,restatement
E100000001809,E100000001197,restatement
E100000001812,E100000000971,restatement
E100000001813,E100001011375,restatement
E100000001817,E100001011758,restatement
E100000001817,E100001015587,restatement
E100000001817,E100001016164,restatement
E100000001817,E100001016165,restatement
E100000001825,E100000001086,restatement
E100000001826,E100002000815,restatement
E100000001828,E100000123261,restatement
E100000001828,E100002000636,restatement
E100000001830,E100001015587,restatement
E100000001830,E100001015800,restatement
E100000001830,E100002001374,restatement
E100000001830,E100002001375,restatement
E100000001876,E100000000463,restatement
E100000001895,E100000000436,restatement
E100000001895,E100000001534,restatement
E100000001918,E100001000520,restatement
E100000001918,E100001015587,restatement
E100000001937,E100001001127,restatement
E100000001937,E100001001128,restatement
E100000001940,E100001000520,restatement
E100000001940,E100001015587,restatement
E100000001941,E100001010853,restatement
E100000001941,E100001010854,restatement
E100000001982,E100001000178,restatement
E100000001984,E100001000178,restatement
E100000001984,E100001000179,restatement
E100000001984,E100001015587,restatement
E100000001986,E100001000178,restatement
E100000001986,E100001015587,restatement
E100000001986,E100002000067,restatement
E100000001996,E100002001210,restatement
E100000002023,E100001000081,restatement
E100000002048,E100000123261,restatement
E100000002051,E100000000863,restatement
E100000002063,E100000001648,restatement
E100000002073,E100001000306,restatement
E100000002073,E100001000307,restatement
E100000002075,E100000123261,restatement
E100000002078,E100001000404,restatement
E100000002081,E100001010702,restatement
E100000002086,E100001000335,restatement
E100000002087,E100001010702,restatement
E100000002087,E100001011056,restatement
E100000002114,E100000001647,restatement
E100000002128,E100001000277,restatement
E100000002130,E100001010887,restatement
E100000002130,E100001011114,restatement
E100000002130,E100001011115,restatement
E100000002155,E100000001078,restatement
E100000002162,E100001011405,restatement
E100000002162,E100002007765,restatement
E100000002167,E100000123261,restatement
E100000002169,E100001015587,restatement
E100000002169,E100001015832,restatement
E100000002169,E100001015833,restatement
E100000002182,E100000123261,restatement
E100000002182,E100000132429,restatement
E100000002185,E100000132428,restatement
E100000002194,E100000001262,restatement
E100000002236,E100000002236,restatement
E100000002251,E100002007946,restatement
E100000002251,E100002007947,restatement
E100000002252,E100000001155,restatement
E100000002252,E100000123261,restatement
E100000002252,E100000132390,restatement
E100000002263,E100000001148,restatement
E100000002272,E100000001173,restatement
E100000002273,E100001001338,restatement
E100000002305,E100001000348,restatement
E100000002305,E100001010595,restatement
E100000002305,E100001011289,restatement
E100000002328,E100000001642,restatement
E100000002330,E100000001293,restatement
E100000002359,E100000000817,restatement
E100000002366,E100000000746,restatement
E100000002366,E100000001213,restatement
E100000002371,E100000001305,restatement
E100000002380,E100001010111,restatement
E100000002383,E100000001173,restatement
E100000002389,E100000000018,restatement
E100000002391,E100000001104,restatement
E100000002393,E100000000638,restatement
E100000002393,E100000001079,restatement
E100000002393,E100000001096,restatement
E100000002396,E100000000912,restatement
E100000002407,E100002001108,restatement
E100000002409,E100001011232,restatement
E100000002411,E100000001061,restatement
E100000002414,E100001000966,restatement
E100000002414,E100001000967,restatement
E100000002420,E100000001048,restatement
E100000002425,E100000000484,restatement
E100000002428,E100000000995,restatement
E100000002428,E100000000996,restatement
E100000002428,E100000000997,restatement
E100000002428,E100000001004,restatement
E100000002429,E100000000993,restatement
E100000002429,E100000000995,restatement
E100000002429,E100000001002,restatement
E100000002432,E100000000102,restatement
E100000002433,E100000001138,restatement
E100000002437,E100000000336,restatement
E100000002442,E100000000359,restatement
E100000002444,E100000001042,restatement
E100000002446,E100000000508,restatement
E100000002464,E100000000436,restatement
E100000002464,E100000000621,restatement
E100000002465,E100000001248,restatement
E100000002467,E100000001262,restatement
E100000002468,E100000000083,restatement
E100000002472,E100000000428,restatement
E100000002472,E100000000582,restatement
E100000002472,E100000000583,restatement
E100000002472,E100000000733,restatement
E100000002472,E100000001236,restatement
E100000002473,E100000000131,restatement
E100000002473,E100000000382,restatement
E100000002473,E100000000428,restatement
E100000002473,E100000000582,restatement
E100000002473,E100000000583,restatement
E100000002473,E100000000733,restatement
E100000002473,E100000001232,restatement
E100000002473,E100000001236,restatement
E100000002475,E100000002248,restatement
E100000002476,E100001000376,restatement
E100000002476,E100001000377,restatement
E100000002485,E100000000752,restatement
E100000002486,E100000000672,restatement
E100000002486,E100000000769,restatement
E100000002486,E100000001099,restatement
E100000002487,E100000000067,restatement
E100000002497,E100000000104,restatement
E100000002498,E100000000388,restatement
E100000002499,E100000001053,restatement
E100000002507,E100001000278,restatement
E100000002511,E100000000610,restatement
E100000002511,E100000000694,restatement
E100000002511,E100000000745,restatement
E100000002511,E100000000874,restatement
E100000002511,E100000001173,restatement
E100000002513,E100000001143,restatement
E100000002514,E100000001163,restatement
E100000002515,E100000001267,restatement
E100000002517,E100000123848,restatement
E100000002533,E100000001705,restatement
E100000002535,E100000001154,restatement
E100000002535,E100000001158,restatement
E100000002537,E100000000963,restatement
E100000002541,E100000001007,restatement
E100000002542,E100000001157,restatement
E100000002548,E100000001325,restatement
E100000002557,E100000000084,restatement
E100000002559,E100000001173,restatement
E100000002561,E100000001146,restatement
E100000002576,E100000001212,restatement
E100000002577,E100000001297,restatement
E100000002588,E100000000481,restatement
E100000002588,E100001000379,restatement
E100000002589,E100000001164,restatement
E100000002598,E100000000245,restatement
E100000002600,E100000000167,restatement
E100000002600,E100000000495,restatement
E100000002606,E100000001185,restatement
E100000002608,E100000001185,restatement
E100000002610,E100000001165,restatement
E100000002612,E100000001150,restatement
E100000002613,E100000001150,restatement
E100000002614,E100000001150,restatement
E100000002615,E100000001150,restatement
E100000002621,E100000001323,restatement
E100000002639,E100000001642,restatement
E100000002640,E100000001072,restatement
E100000002644,E100000000107,restatement
E100000002648,E100000001226,restatement
E100000002649,E100001011234,restatement
E100000002650,E100000000049,restatement
E100000002650,E100000000630,restatement
E100000002650,E100000000659,restatement
E100000002650,E100000000989,restatement
E100000002650,E100000001301,restatement
E100000002650,E100000001317,restatement
E100000002651,E100000001134,restatement
E100000002653,E100000001145,restatement
E100000002658,E100000001218,restatement
E100000002661,E100000000740,restatement
E100000002661,E100000000753,restatement
E100000002661,E100000000922,restatement
E100000002661,E100000000925,restatement
E100000002663,E100000000081,restatement
E100000002663,E100000000083,restatement
E100000002663,E100000001794,restatement
E100000002665,E100000000059,restatement
E100000002665,E100000000076,restatement
E100000002667,E100000150134,restatement
E100000002670,E100000000551,restatement
E100000002674,E100000000760,restatement
E100000002675,E100000000992,restatement
E100000002682,E100000001248,restatement
E100000002686,E100000001008,restatement
E100000002717,E100000001182,restatement
E100000002718,E100000001184,restatement
E100000002722,E100000001297,restatement
E100000002729,E100000002248,restatement
E100000002735,E100000000273,restatement
E100000002740,E100000000691,restatement
E100000002751,E100000001155,restatement
E100000002760,E100000000650,restatement
E100000002761,E100000001109,restatement
E100000002763,E100000000452,restatement
E100000002764,E100000001103,restatement
E100000002769,E100000001311,restatement
E100000002770,E100000000588,restatement
E100000002770,E100000000590,restatement
E100000002770,E100000001360,restatement
E100000002772,E100000000557,restatement
E100000002774,E100000000955,restatement
E100000002777,E100000001642,restatement
E100000002791,E100000001322,restatement
E100000002793,E100000001164,restatement
E100000002798,E100000000746,restatement
E100000002800,E100000000585,restatement
E100000002804,E100000001293,restatement
E100000002805,E100002000926,restatement
E100000002806,E100000001262,restatement
E100000002810,E100000000064,restatement
E100000002811,E100000001222,restatement
E100000002812,E100000001297,restatement
E100000002816,E100000001244,restatement
E100000002819,E100000000947,restatement
E100000002819,E100001000793,restatement
E100000002832,E100000000586,restatement
E100000002832,E100000001073,restatement
E100000002833,E100000001248,restatement
E100000002836,E100000001306,restatement
E100000002841,E100000001194,restatement
E100000002844,E100000001322,restatement
E100000002846,E100000001322,restatement
E100000002849,E100000001454,restatement
E100000002853,E100000001870,restatement
E100000002859,E100000001223,restatement
E100000002867,E100000000382,restatement
E100000002890,E100000001143,restatement
E100000002891,E100000000963,restatement
E100000002892,E100000000320,restatement
E100000002897,E100000001135,restatement
E100000002899,E100000001870,restatement
E100000002905,E100000001861,restatement
E100000002907,E100000001184,restatement
E100000002909,E100000001107,restatement
E100000002910,E100000000678,restatement
E100000002910,E100001011295,restatement
E100000002918,E100000000854,restatement
E100000002925,E100000001169,restatement
E100000002928,E100000000111,restatement
E100000002932,E100000001252,restatement
E100000002934,E100000000066,restatement
E100000002934,E100000000089,restatement
E100000002934,E100000123261,restatement
E100000002937,E100001016339,restatement
E100000002938,E100001001028,restatement
E100000002945,E100000000436,restatement
E100000002945,E100000000968,restatement
E100000002950,E100000000413,restatement
E100000002950,E100000000425,restatement
E100000002950,E100000000430,restatement
E100000002952,E100000000138,restatement
E100000002954,E100000001184,restatement
E100000002959,E100000001475,restatement
E100000002960,E100000001475,restatement
E100000002983,E100000001322,restatement
E100000002986,E100000001063,restatement
E100000002989,E100000001209,restatement
E100000002990,E100000001209,restatement
E100000002998,E100000001173,restatement
E100000003003,E100000001210,restatement
E100000003007,E100000000815,restatement
E100000003009,E100000001213,restatement
E100000003018,E100000000864,restatement
E100000003020,E100000000552,restatement
E100000003032,E100001011244,restatement
E100000003037,E100000001216,restatement
E100000003039,E100000001218,restatement
E100000003042,E100000000786,restatement
E100000003042,E100000000807,restatement
E100000003046,E100000000410,restatement
E100000003056,E100001000977,restatement
E100000003061,E100000000511,restatement
E100000003062,E100000000511,restatement
E100000003065,E100000000935,restatement
E100000003067,E100000000516,restatement
E100000003076,E100000000898,restatement
E100000003076,E100000001492,restatement
E100000003082,E100000000406,restatement
E100000003084,E100000001149,restatement
E100000003084,E100000001184,restatement
E100000003085,E100000001149,restatement
E100000003086,E100000001222,restatement
E100000003088,E100002000697,restatement
E100000003092,E100000001381,restatement
E100000003095,E100000000090,restatement
E100000003095,E100000000092,restatement
E100000003095,E100000001507,restatement
E100000003096,E100000000834,restatement
E100000003097,E100000000757,restatement
E100000003099,E100000000543,restatement
E100000003102,E100000001291,restatement
E100000003104,E100000000811,restatement
E100000003105,E100000001029,restatement
E100000003106,E100000001272,restatement
E100000003107,E100000000544,restatement
E100000003107,E100000000558,restatement
E100000003107,E100001000427,restatement
E100000003112,E100000000388,restatement
E100000003114,E100000000641,restatement
E100000003115,E100000001170,restatement
E100000003120,E100000000646,restatement
E100000003147,E100000001165,restatement
E100000003149,E100000000516,restatement
E100000003153,E100000000641,restatement
E100000003165,E100000002328,restatement
E100000003167,E100000001515,restatement
E100000003171,E100000001325,restatement
E100000003172,E100000001508,restatement
E100000003179,E100000001173,restatement
E100000003180,E100000001173,restatement
E100000003181,E100000001064,restatement
E100000003182,E100000001212,restatement
E100000003187,E100000001231,restatement
E100000003189,E100000001296,restatement
E100000003195,E100000001297,restatement
E100000003203,E100000000453,restatement
E100000003204,E100000000461,restatement
E100000003205,E100000001248,restatement
E100000003206,E100000001248,restatement
E100000003208,E100000000561,restatement
E100000003210,E100000001170,restatement
E100000003215,E100000001383,restatement
E100000003215,E100000001384,restatement
E100000003215,E100000001582,restatement
E100000003218,E100000001212,restatement
E100000003221,E100000000649,restatement
E100000003221,E100000001011,restatement
E100000003231,E100000000213,restatement
E100000003267,E100000001248,restatement
E100000003268,E100000000171,restatement
E100000003279,E100000001110,restatement
E100000003282,E100000000869,restatement
E100000003291,E100000000084,restatement
E100000003299,E100000001238,restatement
E100000003301,E100000001238,restatement
E100000003302,E100000001238,restatement
E100000003303,E100000001238,restatement
E100000003305,E100000001454,restatement
E100000003305,E100000001492,restatement
E100000003307,E100000001110,restatement
E100000003308,E100000001110,restatement
E100000003312,E100000000965,restatement
E100000003313,E100000001234,restatement
E100000003317,E100002007777,restatement
E100000003322,E100000000555,restatement
E100000003326,E100000001122,restatement
E100000003339,E100000000874,restatement
E100000003345,E100000000876,restatement
E100000003353,E100001000094,restatement
E100000003356,E100000000641,restatement
E100000003357,E100000000562,restatement
E100000003358,E100000001480,restatement
E100000003360,E100000000794,restatement
E100000003386,E100000000036,restatement
E100000003387,E100000001454,restatement
E100000003388,E100000001146,restatement
E100000003389,E100000002111,restatement
E100000003390,E100000002111,restatement
E100000003403,E100000000657,restatement
E100000003403,E100000000659,restatement
E100000003404,E100000000868,restatement
E100000003404,E100001000979,restatement
E100000003405,E100000003464,restatement
E100000003406,E100000000635,restatement
E100000003410,E100000001052,restatement
E100000003412,E100000001379,restatement
E100000003418,E100000000554,restatement
E100000003419,E100000001180,restatement
E100000003419,E100000001198,restatement
E100000003421,E100000001285,restatement
E100000003422,E100000000542,restatement
E100000003422,E100000000546,restatement
E100000003433,E100000000648,restatement
E100000003433,E100000000654,restatement
E100000003433,E100000001143,restatement
E100000003433,E100000001982,restatement
E100000003435,E100000123261,restatement
E100000003435,E100001015587,restatement
E100000003438,E100000000532,restatement
E100000003444,E100000001454,restatement
E100000003446,E100000000697,restatement
E100000003446,E100000004342,restatement
E100000003450,E100000001471,restatement
E100000003452,E100000000875,restatement
E100000003460,E100000000861,restatement
E100000003461,E100000000869,restatement
E100000003462,E100000000869,restatement
E100000003466,E100000001248,restatement
E100000003472,E100000001322,restatement
E100000003473,E100000001297,restatement
E100000003474,E100000001297,restatement
E100000003477,E100000001922,restatement
E100000003479,E100000001222,restatement
E100000003481,E100000001143,restatement
E100000003485,E100000001143,restatement
E100000003485,E100000001158,restatement
E100000003487,E100000001202,restatement
E100000003489,E100000000654,restatement
E100000003489,E100000001218,restatement
E100000003490,E100000001219,restatement
E100000003493,E100000001163,restatement
E100000003495,E100000001642,restatement
E100000003503,E100000000552,restatement
E100000003507,E100000000913,restatement
E100000003508,E100000001642,restatement
E100000003513,E100000001065,restatement
E100000003514,E100000150492,restatement
E100000003515,E100000000169,restatement
E100000003515,E100000000598,restatement
E100000003516,E100000001253,restatement
E100000003521,E100000000553,restatement
E100000003524,E100000000572,restatement
E100000003526,E100000001173,restatement
E100000003527,E100000002008,restatement
E100000003527,E100001000414,restatement
E100000003528,E100000001297,restatement
E100000003529,E100000000524,restatement
E100000003531,E100000001712,restatement
E100000003538,E100000000398,restatement
E100000003538,E100000000399,restatement
E100000003538,E100000000432,restatement
E100000003541,E100000001275,restatement
E100000003543,E100000001131,restatement
E100000003545,E100000001200,restatement
E100000003545,E100000001223,restatement
E100000003545,E100000001264,restatement
E100000003550,E100000001108,restatement
E100000003550,E100000001125,restatement
E100000003552,E100000000697,restatement
E100000003552,E100000000885,restatement
E100000003555,E100001000732,restatement
E100000003555,E100001000899,restatement
E100000003555,E100001000900,restatement
E100000003559,E100000001272,restatement
E100000003564,E100000001253,restatement
E100000003566,E100000000115,restatement
E100000003566,E100000000125,restatement
E100000003569,E100000001150,restatement
E100000003572,E100000001322,restatement
E100000003575,E100000001642,restatement
E100000003583,E100000000637,restatement
E100000003583,E100000000650,restatement
E100000003587,E100000000557,restatement
E100000003588,E100000001259,restatement
E100000003598,E100000001234,restatement
E100000003599,E100000001976,restatement
E100000003602,E100000001261,restatement
E100000003606,E100000001042,restatement
E100000003608,E100000001173,restatement
E100000003609,E100000002168,restatement
E100000003609,E100001011099,restatement
E100000003613,E100000001262,restatement
E100000003619,E100000000654,restatement
E100000003620,E100000120900,restatement
E100000003632,E100000001026,restatement
E100000003634,E100000001029,restatement
E100000003634,E100000001636,restatement
E100000003640,E100000001642,restatement
E100000003644,E100000000017,restatement
E100000003644,E100000000657,restatement
E100000003646,E100000000123,restatement
E100000003648,E100000001190,restatement
E100000003656,E100000120936,restatement
E100000003664,E100000000794,restatement
E100000003665,E100000001005,restatement
E100000003665,E100000001231,restatement
E100000003665,E100000002192,restatement
E100000003670,E100001011122,restatement
E100000003675,E100000000654,restatement
E100000003676,E100001016123,restatement
E100000003676,E100001016124,restatement
E100000003681,E100000000513,restatement
E100000003681,E100000000524,restatement
E100000003681,E100001015587,restatement
E100000003683,E100000000903,restatement
E100000003689,E100000000549,restatement
E100000003692,E100000001263,restatement
E100000003694,E100000000653,restatement
E100000003705,E100000000466,restatement
E100000003705,E100000001204,restatement
E100000003705,E100000001223,restatement
E100000003705,E100000002248,restatement
E100000003706,E100001010459,restatement
E100000003711,E100000001005,restatement
E100000003711,E100000001231,restatement
E100000003711,E100000002192,restatement
E100000003714,E100000001182,restatement
E100000003716,E100000123261,restatement
E100000003716,E100001000252,restatement
E100000003723,E100000001005,restatement
E100000003723,E100000001147,restatement
E100000003723,E100000001231,restatement
E100000003723,E100000002192,restatement
E100000003725,E100000000654,restatement
E100000003734,E100000001281,restatement
E100000003735,E100000001001,restatement
E100000003738,E100000000973,restatement
E100000003741,E100001000272,restatement
E100000003743,E100002001118,restatement
E100000003746,E100000000865,restatement
E100000003749,E100000001280,restatement
E100000003750,E100000001023,restatement
E100000003750,E100000001043,restatement
E100000003760,E100000000534,restatement
E100000003760,E100000000539,restatement
E100000003760,E100000000540,restatement
E100000003760,E100000000900,restatement
E100000003761,E100000000541,restatement
E100000003770,E100000000486,restatement
E100000003770,E100000000813,restatement
E100000003771,E100000000165,restatement
E100000003773,E100000000799,restatement
E100000003779,E100000001280,restatement
E100000003785,E100000001162,restatement
E100000003785,E100000001262,restatement
E100000003785,E100000001328,restatement
E100000003789,E100000000545,restatement
E100000003789,E100000000556,restatement
E100000003789,E100000000562,restatement
E100000003789,E100000000563,restatement
E100000003790,E100000001170,restatement
E100000003791,E100000000597,restatement
E100000003800,E100000001306,restatement
E100000003807,E100000000635,restatement
E100000003807,E100000001262,restatement
E100000003809,E100000001337,restatement
E100000003812,E100000001628,restatement
E100000003813,E100000001282,restatement
E100000003814,E100000000924,restatement
E100000003820,E100000001284,restatement
E100000003821,E100000000971,restatement
E100000003826,E100000001384,restatement
E100000003828,E100000000888,restatement
E100000003832,E100000000649,restatement
E100000003832,E100000001044,restatement
E100000003834,E100000000165,restatement
E100000003835,E100000000520,restatement
E100000003843,E100000000323,restatement
E100000003849,E100000002574,restatement
E100000003856,E100000000543,restatement
E100000003858,E100000000566,restatement
E100000003859,E100000000769,restatement
E100000003859,E100000001099,restatement
E100000003861,E100000001118,restatement
E100000003864,E100000000108,restatement
E100000003864,E100000000622,restatement
E100000003865,E100000000874,restatement
E100000003877,E100000001590,restatement
E100000003879,E100000000526,restatement
E100000003883,E100001000329,restatement
E100000003884,E100000001061,restatement
E100000003885,E100000000552,restatement
E100000003885,E100000000559,restatement
E100000003885,E100000000567,restatement
E100000003887,E100000001320,restatement
E100000003890,E100000001533,restatement
E100000003890,E100001000083,restatement
E100000003893,E100000000445,restatement
E100000003894,E100000001173,restatement
E100000003895,E100000001628,restatement
E100000003906,E100000001143,restatement
E100000003926,E100000000459,restatement
E100000003929,E100000000649,restatement
E100000003939,E100000000732,restatement
E100000003939,E100000001025,restatement
E100000003939,E100000001037,restatement
E100000003941,E100000000434,restatement
E100000003946,E100000000705,restatement
E100000003946,E100000000706,restatement
E100000003947,E100000000889,restatement
E100000003950,E100000123261,restatement
E100000003950,E100001015587,restatement
E100000003952,E100000000795,restatement
E100000003956,E100000001100,restatement
E100000003957,E100000000959,restatement
E100000003971,E100000001222,restatement
E100000003981,E100000000909,restatement
E100000003985,E100000000382,restatement
E100000003985,E100000000644,restatement
E100000003985,E100000000646,restatement
E100000003985,E100000000648,restatement
E100000003985,E100000000649,restatement
E100000003988,E100000001223,restatement
E100000003991,E100000000564,restatement
E100000004019,E100000001222,restatement
E100000004022,E100000000746,restatement
E100000004038,E100000000700,restatement
E100000004039,E100000001022,restatement
E100000004048,E100000001155,restatement
E100000004053,E100000000975,restatement
E100000004060,E100000000610,restatement
E100000004062,E100001000952,restatement
E100000004067,E100000000004,restatement
E100000004074,E100000000415,restatement
E100000004074,E100000000552,restatement
E100000004083,E100000000706,restatement
E100000004083,E100000123261,restatement
E100000004086,E100000001187,restatement
E100000004086,E100000001227,restatement
E100000004086,E100000001228,restatement
E100000004086,E100000001310,restatement
E100000004089,E100000001195,restatement
E100000004090,E100000000529,restatement
E100000004092,E100000001318,restatement
E100000004095,E100000000408,restatement
E100000004105,E100000001017,restatement
E100000004106,E100000001017,restatement
E100000004115,E100000000134,restatement
E100000004117,E100000000110,restatement
E100000004117,E100000001350,restatement
E100000004117,E100000001356,restatement
E100000004129,E100000000731,restatement
E100000004134,E100000001180,restatement
E100000004134,E100000001198,restatement
E100000004135,E100000000117,restatement
E100000004140,E100000000746,restatement
E100000004140,E100000001180,restatement
E100000004140,E100000001213,restatement
E100000004141,E100000000325,restatement
E100000004144,E100000000706,restatement
E100000004157,E100001011249,restatement
E100000004161,E100000000550,restatement
E100000004166,E100000000566,restatement
E100000004173,E100000000706,restatement
E100000004174,E100000000769,restatement
E100000004174,E100000001099,restatement
E100000004175,E100000001300,restatement
E100000004177,E100001010071,restatement
E100000004178,E100000001533,restatement
E100000004178,E100000001705,restatement
E100000004178,E100000001720,restatement
E100000004193,E100000001205,restatement
E100000004196,E100000001180,restatement
E100000004201,E100000000882,restatement
E100000004201,E100000001603,restatement
E100000004202,E100001015600,restatement
E100000004202,E100001015601,restatement
E100000004202,E100001015602,restatement
E100000004202,E100001015603,restatement
E100000004202,E100001015604,restatement
E100000004223,E100000000639,restatement
E100000004225,E100000000710,restatement
E100000004225,E100000000723,restatement
E100000004225,E100000001092,restatement
E100000004236,E100000000387,restatement
E100000004236,E100000000509,restatement
E100000004236,E100000000523,restatement
E100000004236,E100000000651,restatement
E100000004236,E100000000725,restatement
E100000004236,E100000000728,restatement
E100000004236,E100000001034,restatement
E100000004239,E100000000661,restatement
E100000004239,E100000001032,restatement
E100000004243,E100000000764,restatement
E100000004247,E100000123261,restatement
E100000004250,E100000000217,restatement
E100000004252,E100000130895,restatement
E100000004253,E100000000970,restatement
E100000004258,E100000000372,restatement
E100000004259,E100000000892,restatement
E100000004259,E100001010061,restatement
E100000004262,E100000001317,restatement
E100000004268,E100000000091,restatement
E100000004273,E100000000047,restatement
E100000004274,E100000000047,restatement
E100000004275,E100000000047,restatement
E100000004278,E100000000047,restatement
E100000004280,E100000001391,restatement
E100000004280,E100000001591,restatement
E100000004280,E100000001629,restatement
E100000004280,E100000001726,restatement
E100000004283,E100000000082,restatement
E100000004289,E100000000075,restatement
E100000004290,E100000001272,restatement
E100000004291,E100000001321,restatement
E100000004298,E100001000092,restatement
E100000004308,E100000000869,restatement
E100000004314,E100000001173,restatement
E100000004315,E100000001222,restatement
E100000004332,E100000001289,restatement
E100000004333,E100000001289,restatement
E100000004335,E100000000530,restatement
E100000004341,E100000000120,restatement
E100000004343,E100000001108,restatement
E100000004343,E100000001125,restatement
E100000004347,E100000001115,restatement
E100000004351,E100000000707,restatement
E100000004352,E100000000707,restatement
E100000004388,E100000001073,restatement
E100000120012,E100000001305,restatement
E100000120012,E100000129143,restatement
E100000120024,E100000134268,restatement
E100000120024,E100002000306,restatement
E100000120063,E100000120064,restatement
E100000120071,E100000121166,restatement
E100000120081,E100000120080,restatement
E100000120081,E100000120932,restatement
E100000120102,E100000120760,restatement
E100000120116,E100001010888,restatement
E100000120117,E100000000039,restatement
E100000120117,E100000001781,restatement
E100000120147,E100000123261,restatement
E100000120153,E100000001914,restatement
E100000120156,E100001010155,restatement
E100000120158,E100000120517,restatement
E100000120192,E100000120242,restatement
E100000120192,E100000123211,restatement
E100000120210,E100001011370,restatement
E100000120218,E100000001051,restatement
E100000120218,E100000120043,restatement
E100000120224,E100000120114,restatement
E100000120233,E100000120849,restatement
E100000120254,E100000000864,restatement
E100000120265,E100000120263,restatement
E100000120278,E100000000849,restatement
E100000120290,E100000121359,restatement
E100000120294,E100001011592,restatement
E100000120309,E100001000178,restatement
E100000120309,E100001011399,restatement
E100000120309,E100001011400,restatement
E100000120312,E100000000533,restatement
E100000120331,E100001010086,restatement
E100000120343,E100000001104,restatement
E100000120354,E100000004269,restatement
E100000120355,E100000120289,restatement
E100000120383,E100000120205,restatement
E100000120389,E100001010041,restatement
E100000120400,E100000120399,restatement
E100000120402,E100000001827,restatement
E100000120435,E100000000510,restatement
E100000120442,E100000123261,restatement
E100000120444,E100000123261,restatement
E100000120447,E100000120446,restatement
E100000120451,E100000120452,restatement
E100000120453,E100002007991,restatement
E100000120473,E100000001714,restatement
E100000120473,E100001010877,restatement
E100000120474,E100000000814,restatement
E100000120478,E100000000512,restatement
E100000120517,E100000123261,restatement
E100000120517,E100001000520,restatement
E100000120517,E100001010420,restatement
E100000120517,E100001015587,restatement
E100000120541,E100000000940,restatement
E100000120541,E100000123261,restatement
E100000120541,E100001000730,restatement
E100000120541,E100001015587,restatement
E100000120551,E100000120550,restatement
E100000120551,E100001010134,restatement
E100000120556,E100000120731,restatement
E100000120560,E100000123261,restatement
E100000120560,E100001000520,restatement
E100000120560,E100001010420,restatement
E100000120560,E100001015587,restatement
E100000120561,E100000121514,restatement
E100000120561,E100001000397,restatement
E100000120563,E100000120562,restatement
E100000120569,E100000121375,restatement
E100000120577,E100000000170,restatement
E100000120586,E100000120460,restatement
E100000120600,E100001011626,restatement
E100000120600,E100001011627,restatement
E100000120600,E100001011628,restatement
E100000120603,E100000000975,restatement
E100000120615,E100000120439,restatement
E100000120618,E100000120439,restatement
E100000120629,E100001010889,restatement
E100000120631,E100001016716,restatement
E100000120631,E100001016717,restatement
E100000120645,E100001011276,restatement
E100000120648,E100000120647,restatement
E100000120652,E100001011386,restatement
E100000120664,E100001000738,restatement
E100000120720,E100001000404,restatement
E100000120747,E100001010920,restatement
E100000120749,E100001000178,restatement
E100000120749,E100001000179,restatement
E100000120749,E100001011617,restatement
E100000120768,E100000120767,restatement
E100000120776,E100000120777,restatement
E100000120829,E100001011606,restatement
E100000120829,E100001011607,restatement
E100000120837,E100000120836,restatement
E100000120874,E100002003327,restatement
E100000120887,E100000121181,restatement
E100000120893,E100000120765,restatement
E100000120900,E100000125809,restatement
E100000120900,E100000132805,restatement
E100000120931,E100001000178,restatement
E100000120931,E100001000179,restatement
E100000120931,E100001015587,restatement
E100000120933,E100000000652,restatement
E100000120943,E100001000404,restatement
E100000120951,E100000123261,restatement
E100000120951,E100001015587,restatement
E100000120959,E100001011554,restatement
E100000120963,E100000001642,restatement
E100000120964,E100000003709,restatement
E100000120984,E100000000826,restatement
E100000120985,E100000000826,restatement
E100000120988,E100001000691,restatement
E100000120999,E100000121138,restatement
E100000120999,E100001000921,restatement
E100000121000,E100000120173,restatement
E100000121004,E100000120669,restatement
E100000121011,E100001010924,restatement
E100000121011,E100001010925,restatement
E100000121017,E100001013557,restatement
E100000121020,E100000120543,restatement
E100000121020,E100000120928,restatement
E100000121022,E100001010086,restatement
E100000121035,E100000120495,restatement
E100000121037,E100001010086,restatement
E100000121042,E100000121153,restatement
E100000121042,E100000126280,restatement
E100000121042,E100000128998,restatement
E100000121044,E100000121447,restatement
E100000121046,E100001010086,restatement
E100000121047,E100000120543,restatement
E100000121047,E100000120928,restatement
E100000121051,E100000120086,restatement
E100000121062,E100000001220,restatement
E100000121063,E100001010086,restatement
E100000121077,E100000121030,restatement
E100000121077,E100000121058,restatement
E100000121085,E100000120543,restatement
E100000121091,E100000000804,restatement
E100000121093,E100001000068,restatement
E100000121116,E100001001129,restatement
E100000121120,E100001000404,restatement
E100000121121,E100000120883,restatement
E100000121125,E100000120607,restatement
E100000121126,E100000000369,restatement
E100000121126,E100000151577,restatement
E100000121126,E100001011534,restatement
E100000121126,E100001015587,restatement
E100000121126,E100002000150,restatement
E100000121126,E100002000151,restatement
E100000121128,E100000121129,restatement
E100000121154,E100000004303,restatement
E100000121154,E100000121528,restatement
E100000121154,E100001000537,restatement
E100000121155,E100000002130,restatement
E100000121162,E100000001454,restatement
E100000121170,E100000000484,restatement
E100000121175,E100001015587,restatement
E100000121175,E100001015964,restatement
E100000121175,E100001015965,restatement
E100000121175,E100001015966,restatement
E100000121175,E100001015967,restatement
E100000121176,E100001000178,restatement
E100000121176,E100001000179,restatement
E100000121179,E100001011225,restatement
E100000121201,E100000000608,restatement
E100000121201,E100000001454,restatement
E100000121206,E100000123261,restatement
E100000121206,E100001010948,restatement
E100000121208,E100002000673,restatement
E100000121216,E100001000694,restatement
E100000121231,E100000000382,restatement
E100000121231,E100000120910,restatement
E100000121235,E100001010822,restatement
E100000121235,E100001011107,restatement
E100000121254,E100000000975,restatement
E100000121263,E100000001492,restatement
E100000121263,E100001011300,restatement
E100000121296,E100000001052,restatement
E100000121296,E100000120477,restatement
E100000121304,E100000121305,restatement
E100000121317,E100000120972,restatement
E100000121322,E100000123261,restatement
E100000121331,E100001000388,restatement
E100000121339,E100000121514,restatement
E100000121361,E100000121360,restatement
E100000121376,E100000120530,restatement
E100000121380,E100001000404,restatement
E100000121381,E100001000404,restatement
E100000121395,E100000123261,restatement
E100000121408,E100001010018,restatement
E100000121447,E100001013557,restatement
E100000121460,E100000000641,restatement
E100000121460,E100000000655,restatement
E100000121460,E100001000932,restatement
E100000121498,E100002000119,restatement
E100000121508,E100000121509,restatement
E100000121519,E100000001772,restatement
E100000121521,E100001000083,restatement
E100000121531,E100000126498,restatement
E100000121576,E100000000826,restatement
E100000121601,E100001010797,restatement
E100000121876,E100000121901,restatement
E100000123048,E100000123961,restatement
E100000123057,E100000123951,restatement
E100000123951,E100000001366,restatement
E100000123951,E100000123439,restatement
E100000123961,E100000123261,restatement
E100000123961,E100000124677,restatement
E100000123961,E100000124678,restatement
E100000124677,E100000125231,restatement
E100000124678,E100000123261,restatement
E100000125231,E100000126087,restatement
E100000126377,E100000123983,restatement
E100000126489,E100000122410,restatement
E100000126489,E100000127986,restatement
E100000126489,E100000130575,restatement
E100000126981,E100000122410,restatement
E100000126981,E100000130574,restatement
E100000127986,E100000123261,restatement
E100000129837,E100000123261,restatement
E100000130690,E100000130966,restatement
E100000130693,E100000130695,restatement
E100000130706,E100001015587,restatement
E100000130706,E100001016276,restatement
E100000130709,E100000000652,restatement
E100000130709,E100001000178,restatement
E100000130709,E100001015587,restatement
E100000130710,E100000000652,restatement
E100000130710,E100001000178,restatement
E100000130710,E100001015587,restatement
E100000130710,E100001016208,restatement
E100000130710,E100001016209,restatement
E100000130712,E100000000652,restatement
E100000130712,E100001000178,restatement
E100000130712,E100001000179,restatement
E100000130712,E100001015587,restatement
E100000130713,E100000123261,restatement
E100000130713,E100001015587,restatement
E100000130713,E100001016166,restatement
E100000130714,E100000000643,restatement
E100000130714,E100000123261,restatement
E100000130714,E100001000730,restatement
E100000130714,E100001016189,restatement
E100000130720,E100000123261,restatement
E100000130720,E100001016247,restatement
E100000130723,E100000123261,restatement
E100000130723,E100001015587,restatement
E100000130724,E100001015587,restatement
E100000130724,E100001016312,restatement
E100000130730,E100000123261,restatement
E100000130730,E100001015587,restatement
E100000130730,E100001016238,restatement
E100000130735,E100001016220,restatement
E100000130736,E100000130737,restatement
E100000130736,E100001015587,restatement
E100000130738,E100001016260,restatement
E100000130738,E100001016261,restatement
E100000130738,E100001016262,restatement
E100000130738,E100001016263,restatement
E100000130738,E100001016264,restatement
E100000130748,E100000123261,restatement
E100000130748,E100001015587,restatement
E100000130748,E100001016307,restatement
E100000130748,E100001016308,restatement
E100000130756,E100001014573,restatement
E100000130756,E100001015587,restatement
E100000130756,E100001015832,restatement
E100000130756,E100001015833,restatement
E100000130783,E100000131157,restatement
E100000130792,E100000123261,restatement
E100000130792,E100001016149,restatement
E100000130816,E100000131035,restatement
E100000130816,E100000131161,restatement
E100000130816,E100001000695,restatement
E100000130816,E100001015587,restatement
E100000130841,E100001016284,restatement
E100000130846,E100000123261,restatement
E100000130846,E100001015587,restatement
E100000130851,E100001016179,restatement
E100000130853,E100000123261,restatement
E100000130853,E100001015587,restatement
E100000130876,E100000123261,restatement
E100000130881,E100000120333,restatement
E100000130927,E100000130718,restatement
E100000130929,E100001016333,restatement
E100000130968,E100000123261,restatement
E100000130977,E100000130931,restatement
E100000130979,E100000130703,restatement
E100000130981,E100000130980,restatement
E100000130987,E100000123261,restatement
E100000130987,E100001015587,restatement
E100000130999,E100000123261,restatement
E100000131026,E100000130850,restatement
E100000131026,E100001015587,restatement
E100000131028,E100002004685,restatement
E100000131043,E100000124668,restatement
E100000131045,E100000123261,restatement
E100000131045,E100001015587,restatement
E100000131070,E100001016320,restatement
E100000131077,E100000000543,restatement
E100000131077,E100000000561,restatement
E100000131094,E100001015587,restatement
E100000131118,E100001016248,restatement
E100000131130,E100002003653,restatement
E100000131142,E100000000563,restatement
E100000131174,E100001016277,restatement
E100000131174,E100001016278,restatement
E100000131180,E100001016285,restatement
E100000131184,E100001010117,restatement
E100000131188,E100000131200,restatement
E100000131189,E100000131078,restatement
E100000131228,E100000123261,restatement
E100000131228,E100001010403,restatement
E100000131236,E100000123261,restatement
E100000131245,E100000131316,restatement
E100000131246,E100001000348,restatement
E100000131246,E100001010595,restatement
E100000131246,E100001010596,restatement
E100000131246,E100001014573,restatement
E100000131246,E100001015587,restatement
E100000131301,E100001010429,restatement
E100000131301,E100001016581,restatement
E100000131301,E100001016583,restatement
E100000131353,E100000123261,restatement
E100000131353,E100001015587,restatement
E100000131353,E100001016487,restatement
E100000131353,E100001016488,restatement
E100000131353,E100001016489,restatement
E100000131360,E100000131258,restatement
E100000131420,E100000131246,restatement
E100000131447,E100000131814,restatement
E100000131448,E100001000765,restatement
E100000131448,E100001000766,restatement
E100000131448,E100001010436,restatement
E100000131458,E100001000348,restatement
E100000131458,E100001010595,restatement
E100000131469,E100000001332,restatement
E100000131469,E100001000402,restatement
E100000131502,E100000123261,restatement
E100000131502,E100001015587,restatement
E100000131502,E100001016422,restatement
E100000131502,E100001016423,restatement
E100000131502,E100001016424,restatement
E100000131502,E100001016425,restatement
E100000131502,E100001016426,restatement
E100000131504,E100001016497,restatement
E100000131509,E100000123261,restatement
E100000131509,E100001010429,restatement
E100000131509,E100001010437,restatement
E100000131509,E100001010438,restatement
E100000131509,E100001015587,restatement
E100000131535,E100002004696,restatement
E100000131545,E100000001140,restatement
E100000131546,E100000123261,restatement
E100000131546,E100001016420,restatement
E100000131560,E100000123261,restatement
E100000131563,E100000123261,restatement
E100000131563,E100001016536,restatement
E100000131594,E100000130429,restatement
E100000131594,E100000132161,restatement
E100000131594,E100001010415,restatement
E100000131681,E100000123261,restatement
E100000131681,E100001015587,restatement
E100000131685,E100000123261,restatement
E100000131685,E100001000520,restatement
E100000131685,E100001010637,restatement
E100000131685,E100001015587,restatement
E100000131694,E100001010133,restatement
E100000131703,E100000000718,restatement
E100000131707,E100001016568,restatement
E100000131713,E100000132113,restatement
E100000131821,E100000131742,restatement
E100000131832,E100000123261,restatement
E100000131832,E100001000930,restatement
E100000131832,E100001015587,restatement
E100000131832,E100001016435,restatement
E100000131852,E100000131246,restatement
E100000131854,E100000002080,restatement
E100000131854,E100001016346,restatement
E100000131897,E100000131256,restatement
E100000131970,E100000123261,restatement
E100000131970,E100001015587,restatement
E100000131970,E100001016478,restatement
E100000131987,E100000000953,restatement
E100000131987,E100000001237,restatement
E100000131987,E100000131722,restatement
E100000131987,E100001000431,restatement
E100000132044,E100000131256,restatement
E100000132053,E100000131990,restatement
E100000132106,E100000132107,restatement
E100000132133,E100000121182,restatement
E100000132135,E100000131657,restatement
E100000132144,E100000123261,restatement
E100000132165,E100000123261,restatement
E100000132165,E100001010567,restatement
E100000132165,E100001015587,restatement
E100000132195,E100000132331,restatement
E100000132196,E100001016434,restatement
E100000132201,E100000131595,restatement
E100000132201,E100000131748,restatement
E100000132201,E100000132301,restatement
E100000132208,E100000002054,restatement
E100000132208,E100000120245,restatement
E100000132208,E100000120513,restatement
E100000132208,E100001016620,restatement
E100000132208,E100002003291,restatement
E100000132208,E100002003292,restatement
E100000132215,E100001015587,restatement
E100000132215,E100001016517,restatement
E100000132215,E100001016518,restatement
E100000132230,E100001011568,restatement
E100000132242,E100001013522,restatement
E100000132247,E100001000764,restatement
E100000132247,E100001010575,restatement
E100000132247,E100001010576,restatement
E100000132258,E100000132372,restatement
E100000132284,E100000000018,restatement
E100000132284,E100001010573,restatement
E100000132284,E100001016343,restatement
E100000132331,E100001000683,restatement
E100000132340,E100001010627,restatement
E100000132350,E100000131558,restatement
E100000132350,E100001015587,restatement
E100000132384,E100000132150,restatement
E100000132419,E100001011058,restatement
E100000132444,E100001010899,restatement
E100000132524,E100001000113,restatement
E100000132544,E100000001205,restatement
E100000132554,E100001000060,restatement
E100000132567,E100001010905,restatement
E100000132579,E100002001553,restatement
E100000132609,E100002002692,restatement
E100000132609,E100002002693,restatement
E100000132614,E100002000809,restatement
E100000132625,E100001000230,restatement
E100000132677,E100001011048,restatement
E100000132722,E100000120419,restatement
E100000132771,E100000132867,restatement
E100000132771,E100001000130,restatement
E100000132771,E100002003002,restatement
E100000132846,E100000123261,restatement
E100000132872,E100001000178,restatement
E100000132872,E100001015587,restatement
E100000132877,E100002003001,restatement
E100000132887,E100000123261,restatement
E100000132887,E100001015587,restatement
E100000132887,E100002002958,restatement
E100000132908,E100002003006,restatement
E100000132919,E100000001237,restatement
E100000132946,E100002003021,restatement
E100000132947,E100001011051,restatement
E100000132953,E100002002705,restatement
E100000132960,E100000123261,restatement
E100000132960,E100001015587,restatement
E100000132985,E100000001247,restatement
E100000132995,E100000121126,restatement
E100000133759,E100000123261,restatement
E100000134268,E100000123261,restatement
E100000134268,E100002000310,restatement
E100000134363,E100001012055,restatement
E100000137486,E100000000662,restatement
E100000140514,E100000123261,restatement
E100000140514,E100001010427,restatement
E100000140514,E100001010429,restatement
E100000140514,E100001013280,restatement
E100000140514,E100001015587,restatement
E100000150238,E100000001293,restatement
E100000150310,E100001000348,restatement
E100000150310,E100002000837,restatement
E100000150598,E100000123261,restatement
E100000151634,E100000133834,restatement
E100000152934,E100000001534,restatement
E100000152934,E100001000346,restatement
E100000152934,E100001014648,restatement
E100000153018,E100001000557,restatement
E100000153028,E100001000520,restatement
E100000153028,E100001015587,restatement
E100000153083,E100000123261,restatement
E100000154539,E100002001103,restatement
E100000155483,E100001000348,restatement
E100000155483,E100001010595,restatement
E100000155483,E100001010596,restatement
E100000155483,E100001014141,restatement
E100000155483,E100001014208,restatement
E100001000044,E100001000045,restatement
E100001000049,E100001000050,restatement
E100001000049,E100001000051,restatement
E100001000066,E100001000067,restatement
E100001000067,E100002004722,restatement
E100001000070,E100001000071,restatement
E100001000076,E100001000077,restatement
E100001000137,E100001000138,restatement
E100001000139,E100001000140,restatement
E100001000150,E100001000152,restatement
E100001000160,E100001000161,restatement
E100001000164,E100000000053,restatement
E100001000164,E100001000166,restatement
E100001000167,E100001000071,restatement
E100001000168,E100001000071,restatement
E100001000181,E100001000182,restatement
E100001000199,E100000001096,restatement
E100001000202,E100001000071,restatement
E100001000203,E100000000453,restatement
E100001000212,E100000000781,restatement
E100001000212,E100000001558,restatement
E100001000216,E100000000480,restatement
E100001000217,E100000001305,restatement
E100001000227,E100000000066,restatement
E100001000227,E100002001096,restatement
E100001000227,E100002001097,restatement
E100001000227,E100002001098,restatement
E100001000235,E100000001385,restatement
E100001000242,E100001000243,restatement
E100001000244,E100001000247,restatement
E100001000247,E100000001005,restatement
E100001000262,E100001015587,restatement
E100001000262,E100002006637,restatement
E100001000262,E100002006638,restatement
E100001000310,E100000001104,restatement
E100001000313,E100001000314,restatement
E100001000314,E100001000311,restatement
E100001000329,E100001000331,restatement
E100001000350,E100001014755,restatement
E100001000374,E100001000375,restatement
E100001000376,E100001000233,restatement
E100001000384,E100001015587,restatement
E100001000384,E100001015848,restatement
E100001000394,E100001000092,restatement
E100001000396,E100001000397,restatement
E100001000396,E100001000520,restatement
E100001000396,E100001015587,restatement
E100001000400,E100000123261,restatement
E100001000400,E100001000330,restatement
E100001000400,E100001000901,restatement
E100001000400,E100001015587,restatement
E100001000402,E100001000348,restatement
E100001000402,E100001010595,restatement
E100001000405,E100001016362,restatement
E100001000439,E100001010036,restatement
E100001000439,E100001015587,restatement
E100001000440,E100001015587,restatement
E100001000440,E100001016559,restatement
E100001000441,E100000123261,restatement
E100001000441,E100001011402,restatement
E100001000479,E100001015587,restatement
E100001000479,E100001016214,restatement
E100001000479,E100001016215,restatement
E100001000480,E100001000348,restatement
E100001000480,E100001015587,restatement
E100001000480,E100002001097,restatement
E100001000481,E100001000482,restatement
E100001000482,E100001000483,restatement
E100001000489,E100000123261,restatement
E100001000489,E100001015587,restatement
E100001000489,E100001016561,restatement
E100001000489,E100001016564,restatement
E100001000499,E100000123261,restatement
E100001000499,E100001010090,restatement
E100001000499,E100001015587,restatement
E100001000505,E100000000687,restatement
E100001000507,E100001000493,restatement
E100001000516,E100001000519,restatement
E100001000516,E100001000520,restatement
E100001000516,E100001010148,restatement
E100001000520,E100000123261,restatement
E100001000520,E100001015587,restatement
E100001000522,E100001000516,restatement
E100001000522,E100001000520,restatement
E100001000522,E100001001119,restatement
E100001000522,E100001010037,restatement
E100001000522,E100001010823,restatement
E100001000522,E100001010824,restatement
E100001000522,E100001015587,restatement
E100001000523,E100001000516,restatement
E100001000545,E100001010253,restatement
E100001000548,E100001000546,restatement
E100001000549,E100001000546,restatement
E100001000550,E100001000546,restatement
E100001000551,E100001000546,restatement
E100001000552,E100001000546,restatement
E100001000558,E100000123261,restatement
E100001000558,E100001015587,restatement
E100001000558,E100001016340,restatement
E100001000558,E100001016342,restatement
E100001000560,E100001000558,restatement
E100001000566,E100001000902,restatement
E100001000571,E100000123261,restatement
E100001000571,E100001015587,restatement
E100001000577,E100000123261,restatement
E100001000577,E100001000407,restatement
E100001000580,E100001000581,restatement
E100001000587,E100001000585,restatement
E100001000591,E100001011734,restatement
E100001000597,E100000000652,restatement
E100001000597,E100000123261,restatement
E100001000597,E100001000178,restatement
E100001000597,E100001000179,restatement
E100001000597,E100001015587,restatement
E100001000610,E100001000609,restatement
E100001000622,E100000001140,restatement
E100001000636,E100001000348,restatement
E100001000641,E100001000348,restatement
E100001000641,E100001010596,restatement
E100001000644,E100000132845,restatement
E100001000649,E100001000348,restatement
E100001000649,E100001010595,restatement
E100001000652,E100001012199,restatement
E100001000652,E100001012200,restatement
E100001000652,E100001016314,restatement
E100001000669,E100000123261,restatement
E100001000669,E100001015587,restatement
E100001000670,E100000120525,restatement
E100001000679,E100001001106,restatement
E100001000686,E100000123261,restatement
E100001000686,E100001000520,restatement
E100001000686,E100001015587,restatement
E100001000703,E100001000520,restatement
E100001000703,E100001015587,restatement
E100001000736,E100001001048,restatement
E100001000736,E100001010637,restatement
E100001000736,E100001015587,restatement
E100001000737,E100000000652,restatement
E100001000737,E100001000178,restatement
E100001000739,E100001011280,restatement
E100001000739,E100001015587,restatement
E100001000740,E100001000441,restatement
E100001000742,E100001000397,restatement
E100001000746,E100001000828,restatement
E100001000747,E100000120543,restatement
E100001000747,E100000121080,restatement
E100001000747,E100000121551,restatement
E100001000748,E100000121397,restatement
E100001000751,E100001000632,restatement
E100001000751,E100002003226,restatement
E100001000761,E100000123261,restatement
E100001000761,E100001015587,restatement
E100001000761,E100001016340,restatement
E100001000771,E100001000407,restatement
E100001000772,E100001000774,restatement
E100001000774,E100000123261,restatement
E100001000774,E100001010403,restatement
E100001000774,E100001015587,restatement
E100001000774,E100001016396,restatement
E100001000774,E100001016397,restatement
E100001000774,E100001016398,restatement
E100001000775,E100001000776,restatement
E100001000775,E100001000781,restatement
E100001000776,E100000000651,restatement
E100001000778,E100001000781,restatement
E100001000779,E100000000652,restatement
E100001000779,E100001000781,restatement
E100001000779,E100001015587,restatement
E100001000782,E100000123261,restatement
E100001000782,E100001010432,restatement
E100001000782,E100001015587,restatement
E100001000783,E100001000553,restatement
E100001000787,E100000123261,restatement
E100001000791,E100001000782,restatement
E100001000791,E100001016469,restatement
E100001000791,E100001016471,restatement
E100001000794,E100000123261,restatement
E100001000816,E100001000400,restatement
E100001000824,E100001000400,restatement
E100001000828,E100001000084,restatement
E100001000840,E100001000404,restatement
E100001000842,E100001000404,restatement
E100001000859,E100000000869,restatement
E100001000859,E100000001723,restatement
E100001000861,E100001000273,restatement
E100001000863,E100000001940,restatement
E100001000869,E100001000755,restatement
E100001000870,E100001016480,restatement
E100001000871,E100001016403,restatement
E100001000884,E100001000879,restatement
E100001000884,E100001000885,restatement
E100001000884,E100001015587,restatement
E100001000887,E100001000402,restatement
E100001000930,E100001010887,restatement
E100001000930,E100001015587,restatement
E100001000930,E100002005999,restatement
E100001000932,E100001000178,restatement
E100001000932,E100001000179,restatement
E100001000944,E100001000945,restatement
E100001000946,E100001000546,restatement
E100001000966,E100002007778,restatement
E100001000967,E100001000905,restatement
E100001000967,E100001010061,restatement
E100001000977,E100000001223,restatement
E100001001059,E100001000348,restatement
E100001001059,E100001010595,restatement
E100001001059,E100001015587,restatement
E100001001059,E100002000023,restatement
E100001001059,E100002000024,restatement
E100001001101,E100001001102,restatement
E100001001110,E100001001106,restatement
E100001001110,E100001001109,restatement
E100001001112,E100001001106,restatement
E100001001112,E100001001109,restatement
E100001001130,E100001010887,restatement
E100001001130,E100001015587,restatement
E100001001143,E100000123261,restatement
E100001001143,E100001015587,restatement
E100001001148,E100001015587,restatement
E100001001153,E100001001156,restatement
E100001001156,E100000000336,restatement
E100001001156,E100001000408,restatement
E100001001188,E100000001283,restatement
E100001001219,E100000001164,restatement
E100001001257,E100001000208,restatement
E100001001276,E100000001322,restatement
E100001001279,E100001011573,restatement
E100001001280,E100001001374,restatement
E100001001283,E100001001205,restatement
E100001001328,E100001001302,restatement
E100001001392,E100000002262,restatement
E100001001393,E100001001388,restatement
E100001001411,E100000001193,restatement
E100001001419,E100001000208,restatement
E100001010018,E100000121405,restatement
E100001010018,E100001000520,restatement
E100001010018,E100001015587,restatement
E100001010019,E100000123261,restatement
E100001010023,E100001010020,restatement
E100001010033,E100000123261,restatement
E100001010033,E100001015587,restatement
E100001010039,E100000120611,restatement
E100001010039,E100001016551,restatement
E100001010050,E100001010051,restatement
E100001010061,E100000000380,restatement
E100001010084,E100001010085,restatement
E100001010084,E100001015587,restatement
E100001010085,E100001015587,restatement
E100001010094,E100001015587,restatement
E100001010094,E100001016411,restatement
E100001010105,E100001016486,restatement
E100001010116,E100000000687,restatement
E100001010116,E100001010117,restatement
E100001010118,E100000000652,restatement
E100001010118,E100000000687,restatement
E100001010124,E100000123261,restatement
E100001010124,E100001010123,restatement
E100001010124,E100001010672,restatement
E100001010124,E100001015587,restatement
E100001010128,E100000000953,restatement
E100001010128,E100000122410,restatement
E100001010128,E100001010132,restatement
E100001010131,E100001010129,restatement
E100001010132,E100000000953,restatement
E100001010151,E100001010138,restatement
E100001010152,E100000120868,restatement
E100001010154,E100001010138,restatement
E100001010155,E100001000516,restatement
E100001010155,E100001016144,restatement
E100001010162,E100001010018,restatement
E100001010165,E100001001041,restatement
E100001010174,E100001010097,restatement
E100001010180,E100001016148,restatement
E100001010181,E100001000348,restatement
E100001010181,E100001015587,restatement
E100001010185,E100000000985,restatement
E100001010196,E100001016145,restatement
E100001010205,E100000123261,restatement
E100001010228,E100001000825,restatement
E100001010228,E100001010229,restatement
E100001010229,E100001016575,restatement
E100001010229,E100001016576,restatement
E100001010250,E100001000402,restatement
E100001010255,E100000000544,restatement
E100001010255,E100001010256,restatement
E100001010255,E100001012492,restatement
E100001010255,E100001012493,restatement
E100001010265,E100001015587,restatement
E100001010265,E100001016157,restatement
E100001010271,E100001016142,restatement
E100001010271,E100001016143,restatement
E100001010277,E100001010270,restatement
E100001010280,E100001000730,restatement
E100001010280,E100001016244,restatement
E100001010285,E100001000931,restatement
E100001010287,E100000000656,restatement
E100001010288,E100001010290,restatement
E100001010288,E100001015587,restatement
E100001010296,E100001010270,restatement
E100001010310,E100000123261,restatement
E100001010310,E100001015587,restatement
E100001010314,E100000123261,restatement
E100001010315,E100001015587,restatement
E100001010315,E100001016139,restatement
E100001010315,E100001016140,restatement
E100001010326,E100001000663,restatement
E100001010327,E100001000663,restatement
E100001010334,E100000130950,restatement
E100001010337,E100001015587,restatement
E100001010337,E100001016389,restatement
E100001010340,E100001016386,restatement
E100001010344,E100000000953,restatement
E100001010350,E100001000269,restatement
E100001010362,E100001011734,restatement
E100001010372,E100000120682,restatement
E100001010377,E100001001102,restatement
E100001010378,E100001016580,restatement
E100001010385,E100001010381,restatement
E100001010387,E100000000641,restatement
E100001010387,E100000001237,restatement
E100001010390,E100001000653,restatement
E100001010399,E100001010400,restatement
E100001010400,E100001010398,restatement
E100001010421,E100000131246,restatement
E100001010423,E100000000656,restatement
E100001010428,E100000001534,restatement
E100001010448,E100001010449,restatement
E100001010448,E100001010450,restatement
E100001010455,E100000001487,restatement
E100001010478,E100001011207,restatement
E100001010478,E100001011208,restatement
E100001010478,E100001011209,restatement
E100001010479,E100000002770,restatement
E100001010479,E100001010480,restatement
E100001010508,E100000000533,restatement
E100001010509,E100000001647,restatement
E100001010523,E100001011086,restatement
E100001010523,E100001011087,restatement
E100001010523,E100001011088,restatement
E100001010524,E100001011221,restatement
E100001010532,E100000001358,restatement
E100001010546,E100001011605,restatement
E100001010558,E100000000962,restatement
E100001010569,E100001016365,restatement
E100001010596,E100001010595,restatement
E100001010596,E100001015587,restatement
E100001010596,E100001015644,restatement
E100001010627,E100000003740,restatement
E100001010637,E100001010783,restatement
E100001010637,E100001015587,restatement
E100001010637,E100001016749,restatement
E100001010667,E100000131905,restatement
E100001010668,E100001016585,restatement
E100001010696,E100000131991,restatement
E100001010700,E100001000489,restatement
E100001010708,E100001000730,restatement
E100001010709,E100001010710,restatement
E100001010710,E100000120009,restatement
E100001010750,E100000130895,restatement
E100001010752,E100001010796,restatement
E100001010767,E100001010847,restatement
E100001010797,E100000000337,restatement
E100001010802,E100000132214,restatement
E100001010803,E100000132214,restatement
E100001010804,E100000132214,restatement
E100001010809,E100001016579,restatement
E100001010811,E100000123261,restatement
E100001010818,E100000131999,restatement
E100001010830,E100000131854,restatement
E100001010835,E100000131997,restatement
E100001010867,E100001010869,restatement
E100001010868,E100001010869,restatement
E100001010868,E100001010870,restatement
E100001010877,E100000001371,restatement
E100001010877,E100001010878,restatement
E100001010888,E100001001130,restatement
E100001010902,E100001001070,restatement
E100001010904,E100001015587,restatement
E100001010905,E100000001096,restatement
E100001010905,E100002007652,restatement
E100001010929,E100000001197,restatement
E100001010935,E100001000535,restatement
E100001010965,E100000131264,restatement
E100001010967,E100000131264,restatement
E100001010981,E100001010998,restatement
E100001010984,E100000000173,restatement
E100001010984,E100000180733,restatement
E100001011053,E100001010887,restatement
E100001011066,E100001000730,restatement
E100001011079,E100000002078,restatement
E100001011103,E100000123261,restatement
E100001011103,E100001011104,restatement
E100001011107,E100000000864,restatement
E100001011107,E100001011108,restatement
E100001011113,E100001000197,restatement
E100001011142,E100001011143,restatement
E100001011152,E100000000875,restatement
E100001011208,E100002007640,restatement
E100001011221,E100001011222,restatement
E100001011222,E100000123261,restatement
E100001011222,E100001015587,restatement
E100001011233,E100001011711,restatement
E100001011233,E100001011713,restatement
E100001011247,E100001000348,restatement
E100001011247,E100001010595,restatement
E100001011247,E100001010596,restatement
E100001011247,E100001015587,restatement
E100001011249,E100001011250,restatement
E100001011267,E100000123261,restatement
E100001011267,E100001000348,restatement
E100001011267,E100001010595,restatement
E100001011267,E100001010596,restatement
E100001011267,E100001015587,restatement
E100001011285,E100000123261,restatement
E100001011295,E100000131639,restatement
E100001011297,E100000001331,restatement
E100001011314,E100002000335,restatement
E100001011314,E100002003472,restatement
E100001011389,E100000002765,restatement
E100001011563,E100001000178,restatement
E100001011563,E100001000179,restatement
E100001011563,E100001011564,restatement
E100001011573,E100001011574,restatement
E100001011574,E100000001209,restatement
E100001011575,E100001010705,restatement
E100001011575,E100001014543,restatement
E100001011575,E100001015644,restatement
E100001011592,E100000120308,restatement
E100001011664,E100000001196,restatement
E100001011665,E100000000723,restatement
E100001011665,E100000001092,restatement
E100001011696,E100001000723,restatement
E100001011759,E100001011761,restatement
E100001011793,E100000000565,restatement
E100001011793,E100001011817,restatement
E100001011793,E100001011818,restatement
E100001011916,E100000001262,restatement
E100001011930,E100000123261,restatement
E100001011943,E100000000657,restatement
E100001011965,E100000001196,restatement
E100001011974,E100001000605,restatement
E100001011982,E100001011983,restatement
E100001011983,E100001011984,restatement
E100001011984,E100001011985,restatement
E100001012003,E100000000170,restatement
E100001012003,E100000000863,restatement
E100001012008,E100000000758,restatement
E100001012021,E100000001755,restatement
E100001012048,E100000137052,restatement
E100001012048,E100001012049,restatement
E100001012048,E100001012050,restatement
E100001012048,E100001012051,restatement
E100001012048,E100001012052,restatement
E100001012048,E100001012053,restatement
E100001012053,E100001000177,restatement
E100001012123,E100000123261,restatement
E100001012134,E100000123261,restatement
E100001012134,E100001015587,restatement
E100001012160,E100001015587,restatement
E100001012212,E100001012213,restatement
E100001012213,E100000123261,restatement
E100001012220,E100001016120,restatement
E100001012226,E100000123261,restatement
E100001012226,E100001016306,restatement
E100001012233,E100000000339,restatement
E100001012293,E100000120682,restatement
E100001012383,E100001012387,restatement
E100001012522,E100000000547,restatement
E100001012537,E100000000561,restatement
E100001012537,E100000001959,restatement
E100001012537,E100001011239,restatement
E100001012537,E100001011682,restatement
E100001012537,E100001015587,restatement
E100001012563,E100001014686,restatement
E100001012563,E100001015587,restatement
E100001012762,E100000123261,restatement
E100001012762,E100001015587,restatement
E100001012802,E100001000576,restatement
E100001012802,E100001012803,restatement
E100001012815,E100001015587,restatement
E100001012815,E100002003559,restatement
E100001012815,E100002005039,restatement
E100001012966,E100001012967,restatement
E100001012976,E100001012977,restatement
E100001012987,E100001012989,restatement
E100001013025,E100000131323,restatement
E100001013039,E100000130745,restatement
E100001013138,E100001013139,restatement
E100001013139,E100002007648,restatement
E100001013154,E100001013156,restatement
E100001013165,E100000131400,restatement
E100001013179,E100000003294,restatement
E100001013179,E100000003765,restatement
E100001013198,E100001000569,restatement
E100001013202,E100001000537,restatement
E100001013205,E100001000537,restatement
E100001013235,E100000131296,restatement
E100001013239,E100001013240,restatement
E100001013253,E100001013254,restatement
E100001013253,E100001013255,restatement
E100001013253,E100001013256,restatement
E100001013253,E100001013257,restatement
E100001013253,E100001013258,restatement
E100001013254,E100002007671,restatement
E100001013256,E100002005458,restatement
E100001013256,E100002007783,restatement
E100001013257,E100002005443,restatement
E100001013258,E100002007663,restatement
E100001013263,E100001013264,restatement
E100001013264,E100001000488,restatement
E100001013279,E100000123261,restatement
E100001013279,E100001015587,restatement
E100001013279,E100001016507,restatement
E100001013307,E100001013308,restatement
E100001013307,E100001013309,restatement
E100001013317,E100001013318,restatement
E100001013342,E100001000400,restatement
E100001013347,E100001013348,restatement
E100001013355,E100000131704,restatement
E100001013382,E100001013279,restatement
E100001013409,E100000000476,restatement
E100001013425,E100001001109,restatement
E100001013425,E100001013427,restatement
E100001013427,E100001001106,restatement
E100001013427,E100001001109,restatement
E100001013433,E100001013435,restatement
E100001013461,E100001013462,restatement
E100001013462,E100001013463,restatement
E100001013463,E100000131519,restatement
E100001013472,E100000132114,restatement
E100001013473,E100000120627,restatement
E100001013473,E100001010018,restatement
E100001013475,E100000131921,restatement
E100001013477,E100000131921,restatement
E100001013479,E100000123261,restatement
E100001013479,E100001013480,restatement
E100001013479,E100001013484,restatement
E100001013492,E100001013494,restatement
E100001013495,E100000132074,restatement
E100001013495,E100001013496,restatement
E100001013521,E100000132242,restatement
E100001013548,E100001013549,restatement
E100001013549,E100001013550,restatement
E100001013550,E100001013463,restatement
E100001013585,E100001001109,restatement
E100001013620,E100000133214,restatement
E100001013620,E100001013621,restatement
E100001013641,E100001013279,restatement
E100001013654,E100001013279,restatement
E100001013672,E100001013673,restatement
E100001013683,E100000132142,restatement
E100001013684,E100001013685,restatement
E100001013685,E100001013686,restatement
E100001013688,E100001000761,restatement
E100001013700,E100001013701,restatement
E100001013710,E100000123261,restatement
E100001013713,E100000131448,restatement
E100001013734,E100001000613,restatement
E100001013737,E100000120513,restatement
E100001013746,E100001013747,restatement
E100001013753,E100000132368,restatement
E100001013764,E100001013765,restatement
E100001013782,E100001013783,restatement
E100001013783,E100000120628,restatement
E100001013801,E100000004244,restatement
E100001013803,E100001000543,restatement
E100001013815,E100001013298,restatement
E100001013832,E100001013833,restatement
E100001013895,E100000123261,restatement
E100001013917,E100002003646,restatement
E100001014069,E100000001096,restatement
E100001014077,E100001014078,restatement
E100001014106,E100002000638,restatement
E100001014142,E100001014143,restatement
E100001014142,E100001014144,restatement
E100001014142,E100001015587,restatement
E100001014210,E100001010929,restatement
E100001014210,E100001011247,restatement
E100001014225,E100001014226,restatement
E100001014225,E100001014227,restatement
E100001014225,E100001014228,restatement
E100001014229,E100000001200,restatement
E100001014229,E100001014230,restatement
E100001014229,E100001014231,restatement
E100001014283,E100001010427,restatement
E100001014283,E100001010428,restatement
E100001014283,E100001010429,restatement
E100001014285,E100001014286,restatement
E100001014289,E100001014290,restatement
E100001014304,E100000001534,restatement
E100001014311,E100001014312,restatement
E100001014311,E100001014315,restatement
E100001014342,E100001000348,restatement
E100001014342,E100001015587,restatement
E100001014344,E100000002016,restatement
E100001014345,E100001014346,restatement
E100001014345,E100002001416,restatement
E100001014348,E100001014349,restatement
E100001014349,E100002001426,restatement
E100001014368,E100001014369,restatement
E100001014369,E100001014370,restatement
E100001014380,E100000001001,restatement
E100001014386,E100001010596,restatement
E100001014386,E100001015832,restatement
E100001014386,E100001015833,restatement
E100001014386,E100001015834,restatement
E100001014394,E100001014397,restatement
E100001014430,E100001000348,restatement
E100001014430,E100001010595,restatement
E100001014433,E100001014434,restatement
E100001014495,E100001010595,restatement
E100001014505,E100000123261,restatement
E100001014505,E100001000348,restatement
E100001014529,E100001014530,restatement
E100001014542,E100001000348,restatement
E100001014546,E100001014547,restatement
E100001014547,E100000002239,restatement
E100001014576,E100002003591,restatement
E100001014576,E100002003592,restatement
E100001014583,E100001014584,restatement
E100001014599,E100001014600,restatement
E100001014599,E100001014601,restatement
E100001014601,E100000000103,restatement
E100001014602,E100001000348,restatement
E100001014602,E100001014064,restatement
E100001014602,E100001014849,restatement
E100001014602,E100001015409,restatement
E100001014602,E100001015410,restatement
E100001014602,E100001015411,restatement
E100001014602,E100001015412,restatement
E100001014605,E100000001245,restatement
E100001014609,E100001010474,restatement
E100001014610,E100001014611,restatement
E100001014610,E100001014612,restatement
E100001014610,E100001014613,restatement
E100001014621,E100001014622,restatement
E100001014626,E100000001158,restatement
E100001014646,E100001000346,restatement
E100001014646,E100001014647,restatement
E100001014646,E100001014648,restatement
E100001014652,E100001014653,restatement
E100001014693,E100001014694,restatement
E100001014694,E100001000348,restatement
E100001014694,E100001010595,restatement
E100001014694,E100001010706,restatement
E100001014694,E100001014695,restatement
E100001014732,E100000000112,restatement
E100001014732,E100002003591,restatement
E100001014732,E100002003592,restatement
E100001014774,E100000000516,restatement
E100001014788,E100000000574,restatement
E100001014800,E100002004424,restatement
E100001014803,E100000153201,restatement
E100001014803,E100001014534,restatement
E100001014805,E100000153201,restatement
E100001014805,E100001014534,restatement
E100001014808,E100001014809,restatement
E100001014813,E100001014815,restatement
E100001014819,E100001014821,restatement
E100001014831,E100001014832,restatement
E100001014841,E100001010596,restatement
E100001014841,E100001015832,restatement
E100001014841,E100001015833,restatement
E100001014859,E100000123261,restatement
E100001014932,E100000001245,restatement
E100001014932,E100001014933,restatement
E100001015021,E100001010428,restatement
E100001015021,E100001010429,restatement
E100001015021,E100001015024,restatement
E100001015045,E100001010595,restatement
E100001015045,E100001010596,restatement
E100001015045,E100001015587,restatement
E100001015054,E100000001254,restatement
E100001015062,E100001015065,restatement
E100001015066,E100000123261,restatement
E100001015066,E100001015069,restatement
E100001015114,E100000001158,restatement
E100001015196,E100001015197,restatement
E100001015196,E100001015198,restatement
E100001015199,E100001000100,restatement
E100001015206,E100001000348,restatement
E100001015206,E100001010928,restatement
E100001015218,E100000001492,restatement
E100001015285,E100001000346,restatement
E100001015285,E100001000348,restatement
E100001015285,E100001010595,restatement
E100001015285,E100001010596,restatement
E100001015290,E100001000348,restatement
E100001015295,E100001014605,restatement
E100001015315,E100000123261,restatement
E100001015315,E100001015316,restatement
E100001015331,E100000001267,restatement
E100001015331,E100001015332,restatement
E100001015331,E100001015333,restatement
E100001015331,E100002003589,restatement
E100001015365,E100000000650,restatement
E100001015365,E100000000651,restatement
E100001015365,E100000000746,restatement
E100001015365,E100000001492,restatement
E100001015391,E100000123261,restatement
E100001015416,E100000000027,restatement
E100001015416,E100000000095,restatement
E100001015416,E100000000433,restatement
E100001015416,E100000000505,restatement
E100001015416,E100001014253,restatement
E100001015416,E100001015417,restatement
E100001015543,E100001000348,restatement
E100001015543,E100001010595,restatement
E100001015543,E100001010596,restatement
E100001015556,E100001015560,restatement
E100001015563,E100000000395,restatement
E100001015563,E100002005446,restatement
E100001015594,E100001015595,restatement
E100001015622,E100000000660,restatement
E100001015622,E100001010932,restatement
E100001015622,E100001015623,restatement
E100001015643,E100000000394,restatement
E100001015672,E100001015045,restatement
E100001015672,E100001015674,restatement
E100001015715,E100001015716,restatement
E100001015726,E100000000034,restatement
E100001015726,E100000000387,restatement
E100001015726,E100000000766,restatement
E100001015726,E100000000869,restatement
E100001015726,E100000001096,restatement
E100001015726,E100001014223,restatement
E100001015728,E100000000610,restatement
E100001015731,E100001015732,restatement
E100001015733,E100001015734,restatement
E100001015752,E100001015757,restatement
E100001015755,E100001015754,restatement
E100001015756,E100001010427,restatement
E100001015756,E100001010438,restatement
E100001015779,E100001000346,restatement
E100001015779,E100001015587,restatement
E100001015801,E100000000136,restatement
E100001015819,E100001015646,restatement
E100001015837,E100000000022,restatement
E100001015837,E100000000029,restatement
E100001015837,E100000151297,restatement
E100001015837,E100001015587,restatement
E100001015837,E100001015840,restatement
E100001015837,E100001015841,restatement
E100001015848,E100000123261,restatement
E100001015854,E100001015856,restatement
E100001015889,E100001015587,restatement
E100001015889,E100002001386,restatement
E100001015905,E100001015587,restatement
E100001015905,E100001015906,restatement
E100001015934,E100001015587,restatement
E100001015934,E100002004437,restatement
E100001015950,E100001015954,restatement
E100001015954,E100001015957,restatement
E100001015954,E100001015959,restatement
E100001015954,E100002007790,restatement
E100001015972,E100001015974,restatement
E100001015974,E100000000980,restatement
E100001016000,E100000123261,restatement
E100001016000,E100001015587,restatement
E100001016031,E100001016032,restatement
E100001016033,E100000123261,restatement
E100001016035,E100000001270,restatement
E100001016035,E100001014648,restatement
E100001016035,E100001015782,restatement
E100001016037,E100001016038,restatement
E100001016039,E100001015587,restatement
E100001016039,E100001016040,restatement
E100001016039,E100001016041,restatement
E100001016039,E100001016042,restatement
E100001016039,E100001016043,restatement
E100001016047,E100001016048,restatement
E100001016048,E100000000102,restatement
E100001016050,E100001016051,restatement
E100001016056,E100000001647,restatement
E100001016063,E100001016064,restatement
E100001016064,E100001014430,restatement
E100001016083,E100001010596,restatement
E100001016083,E100001016377,restatement
E100001016148,E100001010018,restatement
E100001016179,E100000123261,restatement
E100001016240,E100001015587,restatement
E100001016247,E100000123261,restatement
E100001016255,E100000123261,restatement
E100001016255,E100001000178,restatement
E100001016255,E100001000179,restatement
E100001016255,E100001015587,restatement
E100001016298,E100001016295,restatement
E100001016307,E100000123261,restatement
E100001016316,E100001012199,restatement
E100001016355,E100001016356,restatement
E100001016362,E100001015677,restatement
E100001016372,E100000001223,restatement
E100001016386,E100000000652,restatement
E100001016386,E100000000953,restatement
E100001016386,E100001010337,restatement
E100001016389,E100000129143,restatement
E100001016401,E100000123261,restatement
E100001016445,E100000001035,restatement
E100001016481,E100001016479,restatement
E100001016507,E100000123261,restatement
E100001016537,E100000123261,restatement
E100001016549,E100001010038,restatement
E100001016579,E100001010811,restatement
E100001016586,E100000123261,restatement
E100001016616,E100000123261,restatement
E100001016623,E100001000558,restatement
E100001016813,E100002003313,restatement
E100001016927,E100000149058,restatement
E100001016927,E100002003321,restatement
E100002000015,E100002003380,restatement
E100002000038,E100000001297,restatement
E100002000048,E100000000436,restatement
E100002000249,E100000123261,restatement
E100002000249,E100001015587,restatement
E100002000249,E100002003311,restatement
E100002000306,E100002000310,restatement
E100002000448,E100002001203,restatement
E100002000567,E100000123261,restatement
E100002000567,E100001015587,restatement
E100002000600,E100002000601,restatement
E100002000641,E100000123261,restatement
E100002000874,E100002000880,restatement
E100002000880,E100002000886,restatement
E100002000886,E100002000887,restatement
E100002000887,E100002000914,restatement
E100002000887,E100002007662,restatement
E100002000916,E100000000561,restatement
E100002000918,E100001015595,restatement
E100002000929,E100002000931,restatement
E100002000969,E100001000177,restatement
E100002001096,E100000001790,restatement
E100002001101,E100002001102,restatement
E100002001102,E100000154539,restatement
E100002001210,E100002001212,restatement
E100002001210,E100002001214,restatement
E100002001268,E100002001269,restatement
E100002001274,E100002001276,restatement
E100002001370,E100002003530,restatement
E100002001426,E100000001763,restatement
E100002002700,E100001016651,restatement
E100002002725,E100002002727,restatement
E100002002727,E100000123261,restatement
E100002002780,E100000123261,restatement
E100002002780,E100002002781,restatement
E100002002847,E100001010595,restatement
E100002002847,E100001010596,restatement
E100002002847,E100001015587,restatement
E100002002882,E100001000520,restatement
E100002002882,E100001015587,restatement
E100002002905,E100000124354,restatement
E100002002923,E100000123261,restatement
E100002002923,E100001000686,restatement
E100002002923,E100001015587,restatement
E100002002965,E100002002972,restatement
E100002002966,E100002002965,restatement
E100002002966,E100002002967,restatement
E100002002972,E100002002973,restatement
E100002002973,E100002002974,restatement
E100002003001,E100001000514,restatement
E100002003021,E100002003022,restatement
E100002003022,E100002003023,restatement
E100002003023,E100002003024,restatement
E100002003024,E100002003025,restatement
E100002003025,E100002003026,restatement
E100002003026,E100002003027,restatement
E100002003237,E100000000746,restatement
E100002003327,E100000000345,restatement
E100002003367,E100000000388,restatement
E100002003379,E100000123261,restatement
E100002003398,E100001014855,restatement
E100002003398,E100002003399,restatement
E100002003399,E100001014855,restatement
E100002003399,E100002003404,restatement
E100002003404,E100002003400,restatement
E100002003441,E100002003442,restatement
E100002003442,E100002003443,restatement
E100002003472,E100000123261,restatement
E100002003526,E100001000178,restatement
E100002003526,E100001015587,restatement
E100002003526,E100002003527,restatement
E100002003526,E100002003528,restatement
E100002003558,E100000123261,restatement
E100002003558,E100002003559,restatement
E100002003589,E100002003590,restatement
E100002003590,E100000123261,restatement
E100002003590,E100001000348,restatement
E100002003590,E100001010595,restatement
E100002003590,E100001015587,restatement
E100002003618,E100000123261,restatement
E100002003623,E100002003624,restatement
E100002003646,E100000123261,restatement
E100002003652,E100002003653,restatement
E100002003712,E100000000510,restatement
E100002003738,E100002003739,restatement
E100002003769,E100002003770,restatement
E100002003828,E100002003829,restatement
E100002003887,E100001010879,restatement
E100002003893,E100001015587,restatement
E100002003893,E100002003895,restatement
E100002003947,E100001000558,restatement
E100002003989,E100001015587,restatement
E100002003989,E100002003990,restatement
E100002003989,E100002003991,restatement
E100002003999,E100001000605,restatement
E100002004052,E100001000605,restatement
E100002004057,E100000123261,restatement
E100002004058,E100000123261,restatement
E100002004097,E100000000870,restatement
E100002004100,E100000001237,restatement
E100002004100,E100001000652,restatement
E100002004182,E100000123261,restatement
E100002004257,E100001016129,restatement
E100002004266,E100001010323,restatement
E100002004274,E100000002088,restatement
E100002004376,E100002004377,restatement
E100002004409,E100000000610,restatement
E100002004409,E100002004413,restatement
E100002004413,E100000000874,restatement
E100002004457,E100001013560,restatement
E100002004553,E100000003335,restatement
E100002004553,E100001000516,restatement
E100002004722,E100002004726,restatement
E100002004748,E100001014543,restatement
E100002004826,E100001015587,restatement
E100002004979,E100002005404,restatement
E100002005244,E100001015587,restatement
E100002005244,E100002005248,restatement
E100002005345,E100001015587,restatement
E100002005345,E100002005666,restatement
E100002005404,E100002005405,restatement
E100002005404,E100002005406,restatement
E100002005405,E100000123261,restatement
E100002005406,E100000123261,restatement
E100002005507,E100000126498,restatement
E100002005507,E100002005670,restatement
E100002007640,E100002007807,restatement
E100002007648,E100000123261,restatement
E100002007652,E100002007701,restatement
E100002007662,E100002007808,restatement
E100002007663,E100002007809,restatement
E100002007671,E100002007717,restatement
E100002007701,E100000001096,restatement
E100002007717,E100002007745,restatement
E100002007745,E100002005438,restatement
E100002007778,E100001000905,restatement
E100002007778,E100001010061,restatement
E100002007869,E100000123261,restatement
E100002007946,E100001000348,restatement
E100002007946,E100001010595,restatement
E100002007946,E100002007947,restatement
E100002007946,E100002007948,restatement
E100002007948,E100000123261,restatement
E100002007948,E100002007949,restatement
E100002007989,E100002008132,restatement
E100002008132,E100000123261,restatement
E100002008132,E100002008133,restatement
E100002008132,E100002008135,restatement
E100002008273,E100000000953,restatement
E100002008273,E100001010196,restatement
