subject,party,party_name,bucket,residual
E100000003462,E100002015961,VDK-Energo,build-out,False
E100000134522,E100002005724,Pharaon Investment Group Limited Holding,build-out,False
E100000120972,E100001000179,Custody Bank of Japan,build-out,False
E100000003528,E100000001322,Vistra,build-out,False
E100002017443,E100001000605,Metinvest,build-out,False
E100000131907,E100002017444,Mercuria Energy Group,build-out,False
E100001015708,E100002022359,Pinnacle Investment Management Group,build-out,False
E100000001091,E100002020933,Aberdeen Corporate Services,build-out,False
E100001000411,E100001010643,Government of Malaysia,build-out,False
E100001010226,E100000123261,natural person(s),build-out,True
E100000001262,E100001010596,State Street,build-out,False
E100002004494,E100001014282,Enterprise Products Partners,build-out,False
E100001015326,E100000001213,Exxon Mobil,build-out,False
E100001014210,E100000000019,Origin Energy,build-out,False
E100002015457,E100001015587,small shareholder(s),build-out,True
E100000003789,E100000003357,Jam Energy Development,build-out,False
E100002015968,E100000129153,Zhejiang HENGYI Group,build-out,False
E100002009640,E100000123261,natural person(s),build-out,True
E100002010773,E100000123261,natural person(s),build-out,True
E100002006803,E100002005572,Sagar Cements,build-out,False
E100000001114,E100002017536,Coronation Fund Managers,build-out,False
E100002006289,E100002006053,Votorantim Cimentos International,build-out,False
E100001014615,E100001014807,Gasdotti Italia,build-out,False
E100001015799,E100000001079,Abu Dhabi National Oil,build-out,False
E100000190325,E100000123261,natural person(s),build-out,True
E100000120102,E100002024477,Arvind Farms,build-out,False
E100002006355,E100002006358,Calicom Industries,build-out,False
E100001015908,E100001015906,Corporación Financiera Colombiana,build-out,False
E100002010810,E100002010815,PT Borneo Berkat Sentosa,build-out,False
E100002015196,E100000001044,National Enterprises,build-out,False
E100002006280,E100001015587,small shareholder(s),build-out,True
E100002015538,E100002015540,Corporación Real Marzul,build-out,False
E100002004816,E100000000651,Mitsui &,build-out,False
E100001001411,E100002017015,SCANA,build-out,False
E100002024959,E100002024961,Ironclad Energy Management,build-out,False
E100002020379,E100001015821,Tallgrass Energy Partners,build-out,False
E100002019404,E100002019407,O.G. Oil & Gas (Singapore),build-out,False
E100000190256,E100000123261,natural person(s),build-out,True
E100001014831,E100002004766,Venture Global Plaquemines LNG,build-out,False
E100001015374,E100001014618,Ministry of Energy (Republic of Lithuania),build-out,False
E100002006546,E100002006550,Shwe Taung Group,build-out,False
E100002016954,E100000123261,natural person(s),build-out,True
E100000132384,E100002017572,Graftonex Investments,build-out,False
E100001015933,E100001015935,Canada Development Investment,build-out,False
E100002006605,E100000123261,natural person(s),build-out,True
E100000000863,E100001011056,Centrenergoholding,build-out,False
E100002003764,E100000123261,natural person(s),build-out,True
E100000004343,E100002015649,St. Modwen Developments,build-out,False
E100000120035,E100001000179,Custody Bank of Japan,build-out,False
E100001015845,E100000001384,Ares Management,build-out,False
E100002017679,E100002017689,Encyclis Holdco,build-out,False
E100002017721,E100000000700,Melewar Industrial Group,build-out,False
E100000190223,E100000123261,natural person(s),build-out,True
E100001014634,E100002022333,Saudi Investment Recycling,build-out,False
E100002015454,E100002016746,City of Espinho,build-out,False
E100001014280,E100002022138,TIGAS-Wärme Tirol,build-out,False
E100000002777,E100002024389,Dartmouth Power Holding Company,build-out,False
E100000121841,E100000122821,Shandong SUN Paper,build-out,False
E100002020384,E100002020385,Enstor Gas,build-out,False
E100000125331,E100000158306,China Three Gorges,build-out,False
E100002011958,E100002016344,Andina Turbomecánica,build-out,False
E100002023196,E100002024112,United WA State Party,build-out,False
E100002017223,E100002017224,Bain Capital,build-out,False
E100000133586,E100002016700,Voltalia Investissement,build-out,False
E100000000700,E100001015587,small shareholder(s),build-out,True
E100002016553,E100000123261,natural person(s),build-out,True
E100002004937,E100000123261,natural person(s),build-out,True
E100002015779,E100000123261,natural person(s),build-out,True
E100001015159,E100002022094,Keihai,build-out,False
E100001014343,E100000002574,Compañía Española de Petróleos,build-out,False
E100001000661,E100000000834,EDP,build-out,False
E100000001265,E100002022243,Energy Transition Holdings,build-out,False
E100002004329,E100000000424,Linde,build-out,False
E100001000670,E100000123261,natural person(s),build-out,True
E100000128136,E100000121880,Cpi Guizhou Jinyuan Group,build-out,False
E100001014581,E100000001321,Valero Energy,build-out,False
E100000003828,E100001000322,Saudi Aramco Power,build-out,False
E100002004376,E100002017805,National Petroleum Services Company,build-out,False
E100000120192,E100002019170,CCCC Industrial Investment Holding,build-out,False
E100002006169,E100000123261,natural person(s),build-out,True
E100002006822,E100000123261,natural person(s),build-out,True
E100000000730,E100001000258,Government of Myanmar,build-out,False
E100001000730,E100002025041,Ministry of Health and Welfare,build-out,False
E100000004038,E100001015587,small shareholder(s),build-out,True
E100002016190,E100000123261,natural person(s),build-out,True
E100000120102,E100001015587,small shareholder(s),build-out,True
E100000003587,E100001015587,small shareholder(s),build-out,True
E100000000806,E100002008182,PCD Nominee (Filipino),build-out,False
E100001010156,E100001011136,Government of Japan,build-out,False
E100002023939,E100002023943,Hebei Pingle Flour Machinery Group,build-out,False
E100000190319,E100000123261,natural person(s),build-out,True
E100000000554,E100001015587,small shareholder(s),build-out,True
E100002017280,E100000123261,natural person(s),build-out,True
E100002015744,E100000123261,natural person(s),build-out,True
E100002004816,E100001014354,CNOOC,build-out,False
E100001014841,E100001000348,BlackRock,build-out,False
E100002006312,E100001015587,small shareholder(s),build-out,True
E100002005712,E100001015587,small shareholder(s),build-out,True
E100000125325,E100001000328,HKSCC Nominees,build-out,False
E100000120182,E100002009441,Southern Point Resource Partners,build-out,False
E100002015475,E100002015479,Normex,build-out,False
E100002006238,E100001000282,Government of Syria,build-out,False
E100002006753,E100000120173,PT Bosowa Corporindo,build-out,False
E100002011285,E100001015587,small shareholder(s),build-out,True
E100001000859,E100001015587,small shareholder(s),build-out,True
E100000003406,E100000003355,ENEOS,build-out,False
E100001014630,E100001014631,National Gas and Industrialization,build-out,False
E100001015045,E100001000348,BlackRock,build-out,False
E100001010804,E100002010146,Holding Company Yuzhugol,build-out,False
E100002024879,E100000120684,Jindal Power,build-out,False
E100002005104,E100000000583,Clal Insurance Enterprises Holdings,build-out,False
E100000000135,E100001014312,Royal Bank of Canada,build-out,False
E100002006582,E100001015587,small shareholder(s),build-out,True
E100001011660,E100001015587,small shareholder(s),build-out,True
E100002006255,E100001015587,small shareholder(s),build-out,True
E100000002874,E100000188948,AXA,build-out,False
E100001016051,E100002017683,Braeburn Equityco,build-out,False
E100000150171,E100000135552,Ardian France,build-out,False
E100002005704,E100001015587,small shareholder(s),build-out,True
E100000001758,E100001011471,Government of Argentina,build-out,False
E100001000551,E100001000653,Core Natural Resources,build-out,False
E100000132524,E100002016526,Arauco Wood,build-out,False
E100002004464,E100000123261,natural person(s),build-out,True
E100000001758,E100000123261,natural person(s),build-out,True
E100001010967,E100001010964,Government of Tajikistan,build-out,False
E100000002576,E100001010043,Constellation Energy Generation,build-out,False
E100001000618,E100001015587,small shareholder(s),build-out,True
E100000135826,E100001000348,BlackRock,build-out,False
E100002020376,E100000001245,Kinder Morgan,build-out,False
E100000120706,E100000120823,Marubeni Clean Power,build-out,False
E100002015538,E100002004544,Grupo Estrella Holdings,build-out,False
E100000002293,E100002001974,member/employee owned,build-out,False
E100002017265,E100002010531,BNP Paribas Nominees Pty Ltd Acf Clearstream,build-out,False
E100000001001,E100002006770,UBS Fund Management (Switzerland),build-out,False
E100001015906,E100001015587,small shareholder(s),build-out,True
E100000002475,E100000002874,ERANOVE,build-out,False
E100000133645,E100000000407,EnBW Energie Baden-Württemberg,build-out,False
E100001014835,E100002022325,City of Geneva,build-out,False
E100002002452,E100000123261,natural person(s),build-out,True
E100002002641,E100001015587,small shareholder(s),build-out,True
E100001000618,E100002021192,Intrepid Holdings,build-out,False
E100001015944,E100000001282,Phillips 66,build-out,False
E100002017729,E100000135873,Novatus Energy,build-out,False
E100001011965,E100000001322,Vistra,build-out,False
E100002016845,E100001015587,small shareholder(s),build-out,True
E100000133592,E100000000781,OQ,build-out,False
E100002017722,E100001000903,Adani Global,build-out,False
E100002006061,E100001011407,UNACEM Corp,build-out,False
E100002016682,E100002016687,Wholton Company,build-out,False
E100001010593,E100000000372,UPM-Kymmene,build-out,False
E100001015530,E100001015531,CEPS,build-out,False
E100000132208,E100001015587,small shareholder(s),build-out,True
E100000153651,E100001016782,China Southern Power Grid International (HK),build-out,False
E100000001552,E100000000960,Samsung C&T,build-out,False
E100002020705,E100000003431,Kindle Energy,build-out,False
E100002006053,E100000187709,Votorantim Cimentos,build-out,False
E100002006276,E100002006277,InterCement Participações,build-out,False
E100001015944,E100000000746,Shell,build-out,False
E100002019658,E100002019659,Foundry Ridge Holdings,build-out,False
E100001001276,E100002016095,Dynegy Resources Generating Holdco,build-out,False
E100001015821,E100001015114,Tallgrass Energy,build-out,False
E100002022084,E100000000648,Kyushu Electric Power,build-out,False
E100002006306,E100000179513,Anhui Conch Cement,build-out,False
E100002006343,E100001015587,small shareholder(s),build-out,True
E100002016620,E100002016631,Capline,build-out,False
E100002005575,E100001015587,small shareholder(s),build-out,True
E100002020086,E100000000112,Enbridge,build-out,False
E100002001297,E100001000520,Life Insurance Corporation of India,build-out,False
E100002020549,E100000123261,natural person(s),build-out,True
E100000004141,E100002016280,Inversiones René Fernández Weisser EIRL,build-out,False
E100002006868,E100002005912,CG Cement Global,build-out,False
E100002006922,E100002006924,Fossil Mines,build-out,False
E100002004539,E100001015587,small shareholder(s),build-out,True
E100001015202,E100000000669,National Company KazMunayGas,build-out,False
E100002007107,E100002007108,Asamar Libya,build-out,False
E100002017012,E100002017687,Paprec Uk,build-out,False
E100001011585,E100001015587,small shareholder(s),build-out,True
E100001011149,E100002011840,Mesco Denmark,build-out,False
E100000131741,E100001010053,State of Jharkand,build-out,False
E100002004998,E100002004999,Holding Company for Chemical Industries,build-out,False
E100002019820,E100000004318,W.E. Power,build-out,False
E100002010789,E100001015587,small shareholder(s),build-out,True
E100001015404,E100001014874,NGL Energy Partners,build-out,False
E100002006236,E100002006237,Hong Leong Investment Holdings,build-out,False
E100002015096,E100002016731,Stadtreinigung Hamburg AÖR,build-out,False
E100001014229,E100002017453,Fluxys International,build-out,False
E100002007015,E100002007017,Al Rashed Trade & Industry,build-out,False
E100002017479,E100000001043,Univentures,build-out,False
E100001000208,E100001010596,State Street,build-out,False
E100000003056,E100000001223,General Electric,build-out,False
E100000130841,E100002002825,Sandur Manganese and Iron Ores,build-out,False
E100002007440,E100002007445,Societe Generale Des Travaux Du Maroc,build-out,False
E100002022273,E100002022987,Marianne and Marcus Wallenberg Foundation,build-out,False
E100001014645,E100001010595,The Vanguard Group,build-out,False
E100000190120,E100002025116,ISBG,build-out,False
E100002024932,E100002024977,Azizi Group,build-out,False
E100001011267,E100000001179,Chevron,build-out,False
E100001001220,E100000002206,City of Colorado Springs (Colorado),build-out,False
E100002002419,E100001015587,small shareholder(s),build-out,True
E100002017066,E100000123261,natural person(s),build-out,True
E100002024417,E100000001158,Blackstone,build-out,False
E100001016858,E100001001266,DTE Energy Services,build-out,False
E100001013027,E100001015587,small shareholder(s),build-out,True
E100002017317,E100000123261,natural person(s),build-out,True
E100002007202,E100002007204,Märker Beteiligungs,build-out,False
E100001014630,E100001014635,Saudi Arabian Amiantit,build-out,False
E100002007167,E100002007170,Bloomingdale Investment & Finance,build-out,False
E100002009540,E100000132087,QCoal,build-out,False
E100000000875,E100001000094,Government of Russia,build-out,False
E100002023930,E100000123261,natural person(s),build-out,True
E100001010234,E100001010596,State Street,build-out,False
E100002010758,E100001013285,PT Tuah Turangga Agung,build-out,False
E100002016541,E100002016925,Havajeh Energy Holdings,build-out,False
E100001000771,E100001000781,Anglo American Steelmaking Coal Holdings,build-out,False
E100000000707,E100001015587,small shareholder(s),build-out,True
E100002015984,E100000123261,natural person(s),build-out,True
E100002007215,E100002007216,Vision Holdings Middle East,build-out,False
E100002002905,E100002018537,Angang Group Investment (Australia),build-out,False
E100001000937,E100001015587,small shareholder(s),build-out,True
E100000001157,E100001000348,BlackRock,build-out,False
E100002012039,E100002016712,Empresa Preparadora de Terrenos Empreterra,build-out,False
E100000131028,E100002016172,Assets-M,build-out,False
E100000004067,E100001012015,Government of Equatorial Guinea,build-out,False
E100000003911,E100002000048,Siemens Project Ventures,build-out,False
E100002004828,E100000123261,natural person(s),build-out,True
E100000132266,E100000132377,Yukas Holding Investment Company,build-out,False
E100002016530,E100002022273,Wallenberg Investments,build-out,False
E100002016951,E100000132807,Mizuho Leasing,build-out,False
E100002007286,E100002007287,Mir Group of Companies,build-out,False
E100000000106,E100000000053,CK Infrastructure Holdings,build-out,False
E100000190330,E100000123261,natural person(s),build-out,True
E100001015273,E100000000651,Mitsui &,build-out,False
E100001015912,E100001015288,Mardi Gras Transportation System,build-out,False
E100002009642,E100002009643,Boich Investment Group,build-out,False
E100001010855,E100002022048,Yayasan Pelaburan Bumiputra,build-out,False
E100002017317,E100002017319,Lucara Diamond,build-out,False
E100002016697,E100002008598,Hartree Partners,build-out,False
E100001000580,E100002007167,Prism Johnson,build-out,False
E100002015845,E100001000161,Shree Renuka Sugars,build-out,False
E100001010783,E100001000520,Life Insurance Corporation of India,build-out,False
E100000121041,E100000000170,China Huadian,build-out,False
E100002016197,E100000133660,International Finance,build-out,False
E100002016642,E100000123261,natural person(s),build-out,True
E100002006432,E100002006433,China Building Material Industrial Corporatation for Foreign Econo-Technical,build-out,False
E100000131279,E100002002924,Mineral Resources,build-out,False
E100000128138,E100000128620,Bijie Anfang Construction Investment (Group),build-out,False
E100002006390,E100002005941,Western Diamond Cement,build-out,False
E100002005544,E100000123261,natural person(s),build-out,True
E100000190234,E100002025122,Valorgas Participacoes Societarias,build-out,False
E100002025175,E100000123261,natural person(s),build-out,True
E100000120012,E100002021131,Stable Investment,build-out,False
E100002002429,E100002002182,J K Cement,build-out,False
E100001013161,E100000001270,Occidental Petroleum,build-out,False
E100000003112,E100001001434,Vicinity Energy,build-out,False
E100000000106,E100001000165,Power Assets Holdings,build-out,False
E100000132061,E100002010531,BNP Paribas Nominees Pty Ltd Acf Clearstream,build-out,False
E100002005869,E100002005870,UV Asset Reconstruction,build-out,False
E100002011944,E100000001143,ArcLight Capital Partners,build-out,False
E100001011696,E100000004351,YTL Power International,build-out,False
E100001011690,E100001000348,BlackRock,build-out,False
E100002015372,E100001015587,small shareholder(s),build-out,True
E100000120779,E100001015587,small shareholder(s),build-out,True
E100002007205,E100001015587,small shareholder(s),build-out,True
E100002015418,E100002015419,Shahbulag Mining,build-out,False
E100002018956,E100002018957,Sibur-RT,build-out,False
E100001015656,E100000001764,Pan American Energy,build-out,False
E100002015987,E100000000013,YPF,build-out,False
E100001011696,E100000123261,natural person(s),build-out,True
E100002022649,E100001001143,PT Indo Tambangraya Megah,build-out,False
E100002004127,E100000123261,natural person(s),build-out,True
E100002005858,E100002005864,Egypt Kuwait Holding Company,build-out,False
E100002006462,E100002017441,Ministry of Defense (Egypt),build-out,False
E100002020992,E100002003379,The Trustee for Zhu Family Trust,build-out,False
E100001014280,E100001015587,small shareholder(s),build-out,True
E100002019210,E100002021576,Fonte GreenMet Investments Fund OEIC,build-out,False
E100002016569,E100002017160,Constantia Industries,build-out,False
E100002015751,E100000123261,natural person(s),build-out,True
E100002017474,E100002017475,QR Partners,build-out,False
E100002022727,E100000001332,Petróleos de Venezuela,build-out,False
E100002005990,E100002005993,Titan Cement Netherlands,build-out,False
E100002017696,E100002017701,Twins (Scot),build-out,False
E100002006867,E100000123261,natural person(s),build-out,True
E100002006449,E100002006450,Lori Trading,build-out,False
E100002015575,E100002015492,Inversiones Aspi,build-out,False
E100001014401,E100001000099,Government of Sri Lanka,build-out,False
E100002016729,E100001015587,small shareholder(s),build-out,True
E100002015790,E100002006251,Ciments Calcia,build-out,False
E100002015578,E100002015580,Shaanxi Xiangsheng Group,build-out,False
E100000001169,E100002016340,Solar Projects,build-out,False
E100002015499,E100000123261,natural person(s),build-out,True
E100001015883,E100001015884,Star Petroleum Refining,build-out,False
E100001016448,E100002021899,Endeavour Trade and Investment,build-out,False
E100000003541,E100002024946,PBF Energy Western Region,build-out,False
E100002006775,E100002006777,SZV Unternehmensbeteiligungs,build-out,False
E100002016001,E100000002660,Cengiz Enerji Sanayii ve Ticaret,build-out,False
E100000120754,E100000123261,natural person(s),build-out,True
E100001016438,E100000123261,natural person(s),build-out,True
E100002001361,E100001014426,Enterprise Products Operating,build-out,False
E100002024072,E100002024074,Abdul Lateef Mohsin Al Geetan,build-out,False
E100000131029,E100000123261,natural person(s),build-out,True
E100002006343,E100001000932,Taiheiyo Cement,build-out,False
E100001015564,E100000002496,BP Europa,build-out,False
E100002007139,E100001015587,small shareholder(s),build-out,True
E100002010594,E100002001974,member/employee owned,build-out,False
E100000001523,E100000000111,Emera,build-out,False
E100002016952,E100001014866,Government of China,build-out,False
E100001016083,E100001010428,JP Morgan Nominees Australia,build-out,False
E100002019719,E100002022242,FINCO I,build-out,False
E100000001361,E100000123261,natural person(s),build-out,True
E100000190258,E100002025106,Erechim Energia - Investimentos e Participacoes,build-out,False
E100000132220,E100000123261,natural person(s),build-out,True
E100001015160,E100002022127,Symphony Financial Partners,build-out,False
E100002011842,E100000123261,natural person(s),build-out,True
E100000131908,E100000120034,Agritrade Resources,build-out,False
E100000120838,E100002009039,U.P. Rajya Vidyut Utpadan Nigam,build-out,False
E100002021813,E100001015587,small shareholder(s),build-out,True
E100002007314,E100002007316,Egyptian Federation for Construction & Building Contractors,build-out,False
E100002016705,E100000123261,natural person(s),build-out,True
E100000003493,E100002019610,Big Pelican,build-out,False
E100002006131,E100001015587,small shareholder(s),build-out,True
E100001010674,E100002024165,Aéroports de Paris,build-out,False
E100002007373,E100002007532,Amir Kabir Tourist Complex,build-out,False
E100002005586,E100000001358,Public Investment Fund (Saudi Arabia),build-out,False
E100000002409,E100001015587,small shareholder(s),build-out,True
E100002011840,E100001016899,Mitsui E&S,build-out,False
E100002019761,E100002022386,Midocean Energy Holdings,build-out,False
E100000003415,E100002024832,Kindle Energy,build-out,False
E100002008972,E100002017156,RLC Industries,build-out,False
E100001014222,E100000001096,BP,build-out,False
E100002015989,E100000123261,natural person(s),build-out,True
E100002007380,E100001000932,Taiheiyo Cement,build-out,False
E100002015697,E100000123261,natural person(s),build-out,True
E100002005175,E100002007691,Aggregate Industries Holdings,build-out,False
E100000001177,E100001014543,Capital Research Global Investors,build-out,False
E100000132308,E100001013557,PT TBS Energi Utama,build-out,False
E100001015906,E100002004084,Grupo Popular,build-out,False
E100001013034,E100000123261,natural person(s),build-out,True
E100001000202,E100002002715,Atvos Agroindustrial Participações,build-out,False
E100001010816,E100002021786,Zweckverband Oberschwäbische Elektrizitätswerke,build-out,False
E100002002606,E100001015587,small shareholder(s),build-out,True
E100000150163,E100002016619,Aspiravi Holding,build-out,False
E100000190260,E100002024816,GN Verde Participações,build-out,False
E100000000005,E100000189189,Cnooc International,build-out,False
E100001011053,E100001015587,small shareholder(s),build-out,True
E100002016278,E100000001384,Ares Management,build-out,False
E100002006955,E100000000806,Aboitiz Equity Ventures,build-out,False
E100001015599,E100001014648,ALPS Advisors,build-out,False
E100001015645,E100000000851,Government of Romania,build-out,False
E100000001616,E100000000671,Samruk-Kazyna,build-out,False
E100001014700,E100000188471,ExxonMobil Australia,build-out,False
E100002004332,E100002004334,Dow Investment Argentina,build-out,False
E100000001689,E100001011087,Sumitomo Metal Mining,build-out,False
E100001011703,E100001015587,small shareholder(s),build-out,True
E100002017044,E100001015569,European Diversified Infrastructure Fund II,build-out,False
E100002015626,E100000123261,natural person(s),build-out,True
E100002007199,E100002007206,Berger Slovakia,build-out,False
E100001014370,E100002022128,Disvol Generación,build-out,False
E100002015833,E100000123261,natural person(s),build-out,True
E100002004539,E100002016408,Ministry of Finance (Russia),build-out,False
E100002006068,E100000121281,Shree Cement,build-out,False
E100002007065,E100001000571,Holcim,build-out,False
E100001015128,E100001015131,OTP Banka,build-out,False
E100000002328,E100001010595,The Vanguard Group,build-out,False
E100002003763,E100002003764,Melrose Private Capital,build-out,False
E100000002497,E100002004300,Brookfield Asset Management,build-out,False
E100002006269,E100002006272,AB Axel Granlund,build-out,False
E100002015797,E100000123261,natural person(s),build-out,True
E100002019305,E100002019306,CU,build-out,False
E100002010829,E100002010830,PT Duta Pertiwi Nusantara,build-out,False
E100000125234,E100000125331,Three Gorges Technology,build-out,False
E100002006958,E100002006064,Reliance Group Nepal,build-out,False
E100001000313,E100001000311,Government of Brazil,build-out,False
E100002017726,E100002017727,SWG Finco,build-out,False
E100002023166,E100001015587,small shareholder(s),build-out,True
E100000002087,E100001015587,small shareholder(s),build-out,True
E100002004318,E100002016535,Kazakhstan Petrochemicals,build-out,False
E100002005910,E100002005911,ASAMER Baustoff Holding Wien,build-out,False
E100001015944,E100000000610,Eni,build-out,False
E100002005572,E100001015587,small shareholder(s),build-out,True
E100000188824,E100000189040,Truong Thanh Viet Nam,build-out,False
E100002004998,E100002005001,Misr Insurance Holding,build-out,False
E100000126073,E100002022275,Gold Stone Enterprise,build-out,False
E100002016254,E100001014294,Energy Transfer,build-out,False
E100002005937,E100001015587,small shareholder(s),build-out,True
E100002007197,E100002007695,Mannok Build Holdings,build-out,False
E100001010063,E100002021743,EP Investment S.à r.l.,build-out,False
E100000131678,E100002017525,Chearsley Investments,build-out,False
E100001010196,E100002015327,SMBC Trust Bank,build-out,False
E100000121583,E100002017201,Daiwa CM Singapore,build-out,False
E100002024162,E100000123261,natural person(s),build-out,True
E100002006109,E100002006110,Cemos Group,build-out,False
E100000190226,E100000123261,natural person(s),build-out,True
E100002015561,E100002017033,Seshasayee Paper and Boards,build-out,False
E100001001389,E100001016832,ReEnergy Holdings,build-out,False
E100000120378,E100001015587,small shareholder(s),build-out,True
E100000003082,E100002024680,TOBI Gaskraftwerksbeteiligungs,build-out,False
E100002006419,E100002006398,Groupe industriel des ciments d'Algérie,build-out,False
E100002024982,E100000123261,natural person(s),build-out,True
E100002005585,E100002005586,Eastern Province Cement Company,build-out,False
E100002017756,E100000003551,PT Medco Power Indonesia,build-out,False
E100002016665,E100002016589,FGV Palm Industries,build-out,False
E100001015653,E100002004372,Sakhalin Project,build-out,False
E100001010465,E100000002579,China General Nuclear Power New Energy Holdings,build-out,False
E100002005943,E100002005944,West China Cement,build-out,False
E100000120556,E100000186569,Koloğlu Holding,build-out,False
E100000000050,E100002022283,DME Advisors,build-out,False
E100000190162,E100000123261,natural person(s),build-out,True
E100002005791,E100000123261,natural person(s),build-out,True
E100002007280,E100001000268,CEMROS,build-out,False
E100000152139,E100002017061,City of Rome,build-out,False
E100001015543,E100001015587,small shareholder(s),build-out,True
E100001015806,E100001014505,Enagás,build-out,False
E100002006262,E100000120487,Gecamines,build-out,False
E100002000918,E100001015587,small shareholder(s),build-out,True
E100001016062,E100000001194,Duke Energy,build-out,False
E100000130756,E100000136525,Toyota Tsusho America,build-out,False
E100002009674,E100002009676,Q Global Commodities,build-out,False
E100002001076,E100002022446,Starwood Capital Group Holdings,build-out,False
E100001010039,E100001013271,PT Petrindo Jaya Kreasi,build-out,False
E100001015913,E100002007681,Elf Petroleum Uk,build-out,False
E100002018874,E100000188387,Keppel,build-out,False
E100002016566,E100000123261,natural person(s),build-out,True
E100001015300,E100002018983,Ecofin Sustainable and Social Impact Term Fund,build-out,False
E100002005808,E100002005811,Sardar Mohammad Ashraf d Baluch,build-out,False
E100001015374,E100000000684,Achemos Grupe,build-out,False
E100000003440,E100001015587,small shareholder(s),build-out,True
E100001016143,E100001010271,Metalúrgica Gerdau,build-out,False
E100002007314,E100002007319,Kuwaiti Egyptian Investment Company,build-out,False
E100002016957,E100001000277,Government of Taiwan,build-out,False
E100000003357,E100000000553,Arian MahTaab Gostar,build-out,False
E100002025166,E100001014815,Molgas Energy Holding,build-out,False
E100002016257,E100002016917,3S Holding,build-out,False
E100000191876,E100001000089,Canada Pension Plan Investment,build-out,False
E100000002891,E100002024890,Vertex Bioenergy Solutions,build-out,False
E100000001422,E100000000273,State Power Investment,build-out,False
E100002008799,E100001000558,Adani Power,build-out,False
E100000132361,E100000123261,natural person(s),build-out,True
E100002000015,E100002016399,RT-Invest Finance,build-out,False
E100002009305,E100002011943,Mirae Asset Securities,build-out,False
E100002006976,E100002006979,HEX2M Energy Holdings,build-out,False
E100002017161,E100002017164,Dato Mah Pooi Soo Realty,build-out,False
E100001014053,E100000123261,natural person(s),build-out,True
E100000002661,E100000133932,African Infrastructure Investment Managers,build-out,False
E100002006014,E100002005786,Vietnam Cement Industry,build-out,False
E100000001241,E100001014543,Capital Research Global Investors,build-out,False
E100002024954,E100002024955,Capital Power Investments,build-out,False
E100002016121,E100002016122,Ullico Investment Advisors,build-out,False
E100001000427,E100002022000,Ghadir International Industries and Mines Development,build-out,False
E100001016091,E100001000348,BlackRock,build-out,False
E100002006377,E100002005937,Cementos Molins,build-out,False
E100002016612,E100000123261,natural person(s),build-out,True
E100002015367,E100000187501,Greenko Energies,build-out,False
E100000133209,E100002016958,Yao-Hwa Glass Co Ltd Administration Committee,build-out,False
E100002024697,E100002024698,GS Inima Environment,build-out,False
E100002010440,E100000123261,natural person(s),build-out,True
E100000152472,E100001015587,small shareholder(s),build-out,True
E100000001139,E100001010595,The Vanguard Group,build-out,False
E100001013005,E100001013006,Arnot HoldCo,build-out,False
E100001015857,E100002022134,Sizewell C,build-out,False
E100002006164,E100002006166,Siam City Cement,build-out,False
E100001000702,E100000123261,natural person(s),build-out,True
E100000150340,E100002016166,CVC Capital Partners,build-out,False
E100001014572,E100001000348,BlackRock,build-out,False
E100002018826,E100001015587,small shareholder(s),build-out,True
E100002022537,E100002022758,Press Metal International Resources (HK),build-out,False
E100002005586,E100001015587,small shareholder(s),build-out,True
E100002015830,E100001000281,Government of Venezuela,build-out,False
E100001014153,E100001014155,Gabon Oil,build-out,False
E100001014132,E100000000676,Kuwait Investment Authority,build-out,False
E100002005413,E100002001366,The Shell Petroleum,build-out,False
E100002017445,E100002017451,Smolokowski Foundation,build-out,False
E100000132554,E100001000065,Bioenergia Barra,build-out,False
E100002007015,E100001015587,small shareholder(s),build-out,True
E100000151245,E100002017239,Primary Energy,build-out,False
E100002017815,E100002017816,Golf BidCo,build-out,False
E100002016242,E100000123261,natural person(s),build-out,True
E100002017156,E100000123261,natural person(s),build-out,True
E100000003182,E100001010043,Constellation Energy Generation,build-out,False
E100002021959,E100000001077,Abu Dhabi Investment Authority,build-out,False
E100002005702,E100002005704,Titan Cement International,build-out,False
E100002005181,E100000123261,natural person(s),build-out,True
E100002023984,E100002023985,Coastline Holding France,build-out,False
E100000127431,E100000123697,Linyi Mining Group,build-out,False
E100002009382,E100000136729,Enovos Luxembourg,build-out,False
E100000131287,E100002009259,Sharp Victory Holdings,build-out,False
E100002025121,E100002024862,Solví Participações,build-out,False
E100000001624,E100000000563,Pasargad Financial Group,build-out,False
E100001015098,E100001015587,small shareholder(s),build-out,True
E100002007453,E100000123261,natural person(s),build-out,True
E100000190317,E100002024578,Mandacaru Comercial,build-out,False
E100000000360,E100001015587,small shareholder(s),build-out,True
E100001010711,E100001010712,Privado Holdings,build-out,False
E100000125324,E100000125345,China Merchants Wealth Asset Management,build-out,False
E100000190179,E100000123261,natural person(s),build-out,True
E100002024279,E100002024278,Beijing Enterprises Investment,build-out,False
E100002013914,E100000000549,Social Security Investment Company (Iran),build-out,False
E100002021528,E100002021667,Pentwater Capital Management,build-out,False
E100000002986,E100002013989,Türkiye Petrol Rafinerileri,build-out,False
E100002024129,E100002001974,member/employee owned,build-out,False
E100000002735,E100000001422,China Power International,build-out,False
E100002019418,E100000123261,natural person(s),build-out,True
E100000132150,E100000123261,natural person(s),build-out,True
E100001000242,E100001010004,Ministry of Economy (Slovakia),build-out,False
E100000190290,E100001000074,Açucareira Quatá,build-out,False
E100002017296,E100001010760,State of Punjab,build-out,False
E100002001563,E100002001564,Edward C Levy,build-out,False
E100000000465,E100000123261,natural person(s),build-out,True
E100002005971,E100000000414,Heidelberg Materials,build-out,False
E100002002164,E100002001512,Adbri,build-out,False
E100002017081,E100000123261,natural person(s),build-out,True
E100002016273,E100002016781,Waipa Corporation,build-out,False
E100002001108,E100002016894,Rubicond Enterprises,build-out,False
E100001017601,E100001000068,Veolia Energia Magyarország,build-out,False
E100002015696,E100002005110,Titan Cement Company,build-out,False
E100002000450,E100002025348,The Hongkong and Shanghai Banking,build-out,False
E100002017018,E100000123261,natural person(s),build-out,True
E100002016338,E100001014849,FMR,build-out,False
E100001015352,E100001015353,United Energy Group,build-out,False
E100002007387,E100002007389,Development Bank of Namibia,build-out,False
E100001014235,E100001014668,BG U K Holdings,build-out,False
E100000000975,E100001015587,small shareholder(s),build-out,True
E100000128153,E100000123940,Agricultural Bank Financial Assets Investment,build-out,False
E100000125323,E100000125369,Guizhou Aluminium,build-out,False
E100002005838,E100001000571,Holcim,build-out,False
E100002008772,E100002016599,Convergen Energy,build-out,False
E100000155483,E100001015587,small shareholder(s),build-out,True
E100002015971,E100000123261,natural person(s),build-out,True
E100002006913,E100002005618,Arkoz Madencilik Enerji Sanayi Ve Ticaret,build-out,False
E100002016398,E100002016401,Clean Russia Closed-End Combined Mutual Investment Fund,build-out,False
E100000186670,E100000000030,Verbund,build-out,False
E100002005127,E100002005130,ABSA Group,build-out,False
E100002018550,E100002018551,GE Vernova,build-out,False
E100002005872,E100000123261,natural person(s),build-out,True
E100000131228,E100002015346,Frans du Toit Trust,build-out,False
E100001016860,E100000001224,Georgia-Pacific,build-out,False
E100002014048,E100002016338,Range Resources,build-out,False
E100002007008,E100002007011,Gangdong Concrete,build-out,False
E100002016633,E100002016635,Province of Flemish Brabant,build-out,False
E100002017064,E100000000376,Caisse des dépôts et consignations,build-out,False
E100000132195,E100001010919,State Assets Management Agency (Uzbekistan),build-out,False
E100002006033,E100002006036,National Investment of Iran,build-out,False
E100002015757,E100001000274,Government of Belarus,build-out,False
E100002005979,E100002005975,Vissai Ninh Binh,build-out,False
E100002006402,E100002006003,Buzzi Unicem,build-out,False
E100000125906,E100000120243,China Hongqiao Group,build-out,False
E100000000054,E100001015587,small shareholder(s),build-out,True
E100001011660,E100001016718,Investor,build-out,False
E100002005205,E100002005210,MENAF,build-out,False
E100002019455,E100002021647,NFE Atlantic Holdings,build-out,False
E100000125323,E100000125371,Chongqing High End Nonferrous Metal Materials,build-out,False
E100002016631,E100002016632,Belfius Bank,build-out,False
E100001015158,E100001015587,small shareholder(s),build-out,True
E100002016913,E100002017200,Brea Parent 2007,build-out,False
E100001014581,E100001014325,Plains All American Pipeline,build-out,False
E100001000597,E100001011617,Meiji Yasuda Life Insurance,build-out,False
E100001014524,E100001015015,HF Sinclair,build-out,False
E100000003893,E100000120470,GEW Köln,build-out,False
E100000002297,E100002001974,member/employee owned,build-out,False
E100000134685,E100001000730,National Pension Service (South Korea),build-out,False
E100002000351,E100002021873,TUiR Allianz Polska,build-out,False
E100002001038,E100000123261,natural person(s),build-out,True
E100000120290,E100000123261,natural person(s),build-out,True
E100000127327,E100000127809,Yangcheng County State Owned Capital Investment and Operation,build-out,False
E100002017313,E100000123261,natural person(s),build-out,True
E100002016989,E100000123261,natural person(s),build-out,True
E100002015735,E100001015587,small shareholder(s),build-out,True
E100000130675,E100002022266,SAIC Motor,build-out,False
E100002007434,E100002007435,Aktualnye Investitsii,build-out,False
E100000000641,E100001000179,Custody Bank of Japan,build-out,False
E100000003360,E100000186635,Pakistan Water and Power Development Authority,build-out,False
E100002007111,E100000120772,Limak Holding,build-out,False
E100000004089,E100002016053,Veolia Energy North America Holdings,build-out,False
E100002001404,E100001015587,small shareholder(s),build-out,True
E100002017593,E100002017594,Gruppa Kompanii Azot,build-out,False
E100002015118,E100000132633,EEW Energy From Waste,build-out,False
E100000152701,E100002012072,Canton of Vaud,build-out,False
E100002006457,E100002006455,Ecocem Materials,build-out,False
E100002009263,E100002009264,RPR Sons Advisors,build-out,False
E100001016064,E100002025249,Cheniere Energy Partners GP,build-out,False
E100000152472,E100000001492,Gazprom,build-out,False
E100001015119,E100002022284,Fundação Antonio e Helena Zerrenner,build-out,False
E100002019356,E100001015587,small shareholder(s),build-out,True
E100002007148,E100002002779,CITIC,build-out,False
E100001000105,E100002022070,GT Capital Holdings,build-out,False
E100002017445,E100002017447,Mercuria Esop,build-out,False
E100002016270,E100002016986,Evergreen Fibreboard,build-out,False
E100000120586,E100002016037,Nam A Commercial,build-out,False
E100000126216,E100000123261,natural person(s),build-out,True
E100002006680,E100002006683,Housing Foundation of Islamic Revolution,build-out,False
E100002024442,E100000001322,Vistra,build-out,False
E100000132334,E100002009449,Energy Coal Resources,build-out,False
E100002016013,E100002022199,Quanta Services,build-out,False
E100002016474,E100002016476,Kinergy Advancement,build-out,False
E100000003665,E100001001371,Northern Star Generation,build-out,False
E100002006021,E100000000414,Heidelberg Materials,build-out,False
E100001010196,E100002015325,Inoue Real Estate,build-out,False
E100001016376,E100001001130,Banpu,build-out,False
E100000132016,E100001016447,PT Sinar Mas Multiartha,build-out,False
E100002015093,E100002016983,Evs Gesellschaft Fur Abfallwirtschaft,build-out,False
E100002007188,E100000123261,natural person(s),build-out,True
E100000120147,E100002015943,Aydem Enerji Yatırımları,build-out,False
E100002015366,E100001015587,small shareholder(s),build-out,True
E100002022503,E100000120439,Eternal Tsingshan Group,build-out,False
E100000001003,E100001015587,small shareholder(s),build-out,True
E100000131049,E100001016335,Tsingshan Steel Group,build-out,False
E100002015897,E100002015899,Invest Energiya,build-out,False
E100001014222,E100000000638,INPEX,build-out,False
E100002002605,E100002001598,Boral Cement,build-out,False
E100002004300,E100000000104,Brookfield,build-out,False
E100000000960,E100000123261,natural person(s),build-out,True
E100000000654,E100001000179,Custody Bank of Japan,build-out,False
E100001015830,E100001000194,Government of Panama,build-out,False
E100002004827,E100000123261,natural person(s),build-out,True
E100000003410,E100002016517,WE Soda,build-out,False
E100001010932,E100002022091,Suzuyo & Co.,build-out,False
E100002005477,E100002005480,WIG Wietersdorfer Holding,build-out,False
E100001010448,E100000003834,Powertek Energy,build-out,False
E100002016308,E100000123261,natural person(s),build-out,True
E100000000636,E100002017620,GLP Japan,build-out,False
E100002006067,E100000123261,natural person(s),build-out,True
E100002010794,E100002010797,PT Modal Investasi Mineral,build-out,False
E100001014841,E100001010595,The Vanguard Group,build-out,False
E100002016731,E100001014812,City of Hamburg,build-out,False
E100000190159,E100002025108,Senges Participacoes,build-out,False
E100002007387,E100002003298,Development Bank of Southern Africa,build-out,False
E100002016640,E100002016642,Precise Corporation,build-out,False
E100001015595,E100002022221,Énergir Development,build-out,False
E100001014280,E100002005034,SWM Gasbeteiligungs,build-out,False
E100001014602,E100001015587,small shareholder(s),build-out,True
E100000001534,E100000123261,natural person(s),build-out,True
E100002009423,E100000123261,natural person(s),build-out,True
E100000002800,E100002016033,B.G.M.,build-out,False
E100000121583,E100001015587,small shareholder(s),build-out,True
E100001015938,E100000123261,natural person(s),build-out,True
E100002010608,E100000123261,natural person(s),build-out,True
E100000003791,E100002018696,More Investment House,build-out,False
E100000001135,E100001000348,BlackRock,build-out,False
E100002015782,E100000123261,natural person(s),build-out,True
E100002025078,E100002025079,Indofood Singapore Holdings,build-out,False
E100000003473,E100000001322,Vistra,build-out,False
E100002016642,E100001015587,small shareholder(s),build-out,True
E100001000522,E100000120686,Jindal Stainless,build-out,False
E100000001226,E100002015950,Global Infrastructure Management,build-out,False
E100002015722,E100002015723,Intercement Trading e Inversiones Argentina,build-out,False
E100002006363,E100000131458,CRH,build-out,False
E100002015777,E100002015779,Turlov Private Holding,build-out,False
E100001015726,E100001015730,Southern Gas Corridor,build-out,False
E100000003474,E100000001322,Vistra,build-out,False
E100001016065,E100001016066,Black Diamond Gathering,build-out,False
E100000152186,E100001015587,small shareholder(s),build-out,True
E100002016951,E100000132875,SMFL Mirai Partners,build-out,False
E100001011585,E100002016451,Billion Power,build-out,False
E100000132283,E100002009535,PT Belida Karya Lestari,build-out,False
E100000135826,E100001010595,The Vanguard Group,build-out,False
E100002015636,E100002016907,SIL Investments,build-out,False
E100000001209,E100001015587,small shareholder(s),build-out,True
E100001000402,E100002000938,Pacer Advisors,build-out,False
E100002015784,E100002005897,YTL Cement,build-out,False
E100001011030,E100002003009,Norges Bank,build-out,False
E100001001322,E100001000178,The Master Trust Bank of Japan,build-out,False
E100002007876,E100000000746,Shell,build-out,False
E100002017398,E100002017399,Arc Logistics,build-out,False
E100002016111,E100000001322,Vistra,build-out,False
E100002017089,E100001010930,Kruger,build-out,False
E100001015113,E100001015115,Silver Creek Midstream,build-out,False
E100002016212,E100001000089,Canada Pension Plan Investment,build-out,False
E100002010463,E100002011893,Hunt Energy,build-out,False
E100002016468,E100000123261,natural person(s),build-out,True
E100002007063,E100001000571,Holcim,build-out,False
E100000127866,E100000123261,natural person(s),build-out,True
E100001016065,E100001014325,Plains All American Pipeline,build-out,False
E100002001603,E100001010419,IGH Holdings,build-out,False
E100000001759,E100001015587,small shareholder(s),build-out,True
E100002016077,E100000120627,International Coal Ventures,build-out,False
E100002010146,E100000123261,natural person(s),build-out,True
E100001001328,E100001001371,Northern Star Generation,build-out,False
E100002023036,E100002023141,"Ministry of Commerce, Trade and Industry (Zambia)",build-out,False
E100002016753,E100000001337,Vietnam Oil and Gas Group,build-out,False
E100002015944,E100000123261,natural person(s),build-out,True
E100002017207,E100000123261,natural person(s),build-out,True
E100001016090,E100001016091,EQT,build-out,False
E100002006771,E100001000571,Holcim,build-out,False
E100002006211,E100002006225,M. Dias Branco,build-out,False
E100001000413,E100002022970,Amanah Raya,build-out,False
E100002016786,E100002016787,BTG Pactual Global Asset Management,build-out,False
E100002019359,E100000190746,Woodside Browse,build-out,False
E100000000870,E100002016446,Holding Company Interros,build-out,False
E100000002833,E100002015623,Lightning Power,build-out,False
E100001016498,E100001000179,Custody Bank of Japan,build-out,False
E100002007069,E100002007072,Cemolins Internacional,build-out,False
E100002006402,E100002006398,Groupe industriel des ciments d'Algérie,build-out,False
E100002006888,E100002006129,Steppe Cement (M),build-out,False
E100000004115,E100001000649,Cleveland-Cliffs,build-out,False
E100000004019,E100002007956,Heritage Power,build-out,False
E100002015380,E100001015587,small shareholder(s),build-out,True
E100000132252,E100000123261,natural person(s),build-out,True
E100002022382,E100002022391,Totalenergies Ep Company Uk,build-out,False
E100001011030,E100001015587,small shareholder(s),build-out,True
E100002020087,E100001014940,Hiranandani Group,build-out,False
E100000000528,E100000123261,natural person(s),build-out,True
E100001016507,E100001015587,small shareholder(s),build-out,True
E100001014849,E100000123261,natural person(s),build-out,True
E100002015777,E100000123261,natural person(s),build-out,True
E100002007068,E100002007069,Surma Holding,build-out,False
E100000120776,E100001000730,National Pension Service (South Korea),build-out,False
E100000121047,E100002024547,Lygend New Power (Hong Kong),build-out,False
E100000003809,E100001015587,small shareholder(s),build-out,True
E100000001895,E100001015587,small shareholder(s),build-out,True
E100002006814,E100001000571,Holcim,build-out,False
E100000003911,E100001015587,small shareholder(s),build-out,True
E100002016107,E100001011023,Oji Holdings,build-out,False
E100002016395,E100000123261,natural person(s),build-out,True
E100001016268,E100000123261,natural person(s),build-out,True
E100001010004,E100001000243,Government of Slovakia,build-out,False
E100001015159,E100002022095,Hikari Tsushin,build-out,False
E100002005496,E100000131527,Dalmia Cement (Bharat),build-out,False
E100001015677,E100002022355,Fountain City Investment,build-out,False
E100002005959,E100002005915,Omnium des industries et de la promotion,build-out,False
E100002004097,E100002016442,Holding Company Bystra,build-out,False
E100002016516,E100002016234,Thachang Green Energy,build-out,False
E100000001137,E100001000348,BlackRock,build-out,False
E100000131915,E100001012205,Thriveni Earthmovers,build-out,False
E100001015808,E100000123261,natural person(s),build-out,True
E100002005845,E100002005850,CSGlobal,build-out,False
E100001015882,E100000002130,Electricity Generating,build-out,False
E100002012102,E100002016812,I.D.E.A. SC,build-out,False
E100002007008,E100002007009,Kangdong Remicon HS,build-out,False
E100002015628,E100000135427,Cementos Argos,build-out,False
E100000002185,E100000001247,KKR & Co.,build-out,False
E100001000152,E100002025056,Tether Holdings,build-out,False
E100002003521,E100002016953,Shanghai Municipal People’s Government,build-out,False
E100001014305,E100001014307,Spirit Energy Resources,build-out,False
E100000001641,E100002023094,Energijas Risinajumi,build-out,False
E100002015532,E100002016728,City of Gdańsk,build-out,False
E100000001157,E100001010595,The Vanguard Group,build-out,False
E100002006003,E100002005243,Buzzi,build-out,False
E100002006770,E100000001005,UBS Group,build-out,False
E100000120772,E100000123261,natural person(s),build-out,True
E100002006458,E100001000571,Holcim,build-out,False
E100002004998,E100001015587,small shareholder(s),build-out,True
E100001015944,E100000000998,Gunvor Group,build-out,False
E100002016311,E100000123261,natural person(s),build-out,True
E100002005958,E100002005960,Zachry Construction & Materials,build-out,False
E100000121053,E100001015587,small shareholder(s),build-out,True
E100002010803,E100001013073,PT Optima Persada Energy,build-out,False
E100001014861,E100000123261,natural person(s),build-out,True
E100002002885,E100000001935,Rashtriya Ispat Nigam,build-out,False
E100000121051,E100002016297,PT APP Purinusa Ekapersada,build-out,False
E100001000188,E100000123261,natural person(s),build-out,True
E100002004151,E100000123261,natural person(s),build-out,True
E100000133586,E100001015587,small shareholder(s),build-out,True
E100000002932,E100002024421,Empire Gen Holdco,build-out,False
E100000190270,E100000123261,natural person(s),build-out,True
E100002015961,E100000000869,LUKOIL,build-out,False
E100001012710,E100000123261,natural person(s),build-out,True
E100000120451,E100002025174,Fatima Holdings,build-out,False
E100002006737,E100000000543,Ghadir Investment Company,build-out,False
E100002006287,E100002005092,Aalborg Portland Holding,build-out,False
E100001010271,E100001014849,FMR,build-out,False
E100002015335,E100002016656,Adie Broswon Breweries,build-out,False
E100002016528,E100001015600,ND Western,build-out,False
E100002016571,E100000123261,natural person(s),build-out,True
E100002017492,E100000000621,Renco,build-out,False
E100001014371,E100001015587,small shareholder(s),build-out,True
E100000002477,E100002005144,Attock Oil Company,build-out,False
E100000151577,E100002017132,Seinäjoen Energia,build-out,False
E100000002846,E100002024418,Luminant Power,build-out,False
E100000000324,E100001015587,small shareholder(s),build-out,True
E100002006926,E100002006927,EQS Group,build-out,False
E100002019782,E100001015587,small shareholder(s),build-out,True
E100001011595,E100002022227,Sun Jupiter Parent,build-out,False
E100002005595,E100001015587,small shareholder(s),build-out,True
E100002009548,E100002012008,CIEL Agro,build-out,False
E100002006425,E100000000414,Heidelberg Materials,build-out,False
E100000190746,E100000137427,Woodside Energy,build-out,False
E100002005507,E100002021580,Tongren Zhongwei Hongling No. 1 Enterprise Management Consulting Partnership,build-out,False
E100000127088,E100000127433,Shandong Shengyang Holding Group,build-out,False
E100001015565,E100000000874,Rosneft,build-out,False
E100001011690,E100001010595,The Vanguard Group,build-out,False
E100002006899,E100001000930,Siam Cement,build-out,False
E100002024650,E100000000438,Stadt Bochum,build-out,False
E100000190195,E100001000060,Raizen Energia,build-out,False
E100000126744,E100000123056,Xinjiang BAYI Iron & Steel,build-out,False
E100000190214,E100000123261,natural person(s),build-out,True
E100001010205,E100002022052,ACHP II,build-out,False
E100002015612,E100002015614,Corporation DANAKE,build-out,False
E100001000654,E100002015971,CCPG Participacoes e Gestao,build-out,False
E100001010205,E100002022051,ACHP,build-out,False
E100002012001,E100000131935,Mohegan Energy Trustees,build-out,False
E100002020902,E100002020901,Northern Ireland Gas Transmission Holdings,build-out,False
E100001000402,E100002021984,Key Group Long Term Investments,build-out,False
E100002005176,E100002005848,Lansdowne Partners,build-out,False
E100002019711,E100002004848,Government of Nisga’a Lisims,build-out,False
E100000001262,E100001000348,BlackRock,build-out,False
E100001015218,E100002019648,Haupas,build-out,False
E100001015695,E100001000095,Emirate of Abu Dhabi (United Arab Emirates),build-out,False
E100000190131,E100001015587,small shareholder(s),build-out,True
E100002001416,E100000123261,natural person(s),build-out,True
E100002000938,E100000123261,natural person(s),build-out,True
E100002022984,E100002023139,U.S. Medical Glove Company,build-out,False
E100000001001,E100000123261,natural person(s),build-out,True
E100002001934,E100001000348,BlackRock,build-out,False
E100000120224,E100000153024,ITC,build-out,False
E100002005605,E100000135427,Cementos Argos,build-out,False
E100002016082,E100000001262,NRG Energy,build-out,False
E100000003082,E100000133003,swb,build-out,False
E100001016315,E100000123261,natural person(s),build-out,True
E100002024963,E100002024965,Fengate FIF IV Aggregator IN AIV-1,build-out,False
E100000190166,E100002024993,Contex Corp,build-out,False
E100002008953,E100002016792,Malaga Power Investors,build-out,False
E100002017028,E100000123261,natural person(s),build-out,True
E100002004457,E100002022033,State Grid Europe,build-out,False
E100000000669,E100001010042,Ministry of Finance (Kazakhstan),build-out,False
E100002012046,E100000150163,Aspiravi,build-out,False
E100002007168,E100001000268,CEMROS,build-out,False
E100002007273,E100001010631,Druk Holding and Investments,build-out,False
E100000132196,E100002018574,Nihan Holdings,build-out,False
E100002006005,E100000134798,Dragon Capital Group,build-out,False
E100000134070,E100002019160,Ministry of Economy (Afghanistan),build-out,False
E100000121022,E100002016297,PT APP Purinusa Ekapersada,build-out,False
E100002024966,E100002024968,Fengate Fund IV GP (International),build-out,False
E100000132218,E100000123261,natural person(s),build-out,True
E100001016002,E100001016009,Vostok Oil,build-out,False
E100000003884,E100000002411,Aksa Enerji Uretim,build-out,False
E100001016076,E100002016013,Quanta Capital Solutions,build-out,False
E100001014390,E100000123261,natural person(s),build-out,True
E100002008896,E100001011030,Smurfit Westrock,build-out,False
E100000000903,E100002022075,Ansonia Holdings Singapore,build-out,False
E100000003646,E100002021625,Province of Newfoundland and Labrador,build-out,False
E100002021923,E100002022961,Singapore Telecommunications,build-out,False
E100001015948,E100001014325,Plains All American Pipeline,build-out,False
E100002005575,E100000153072,Chettinad Cement Corporation,build-out,False
E100002017088,E100002017089,Kruger Energy Holding,build-out,False
E100000132249,E100002009594,PT Sumber Mitra Jaya,build-out,False
E100002006405,E100002006398,Groupe industriel des ciments d'Algérie,build-out,False
E100001015966,E100000123261,natural person(s),build-out,True
E100002007476,E100002006314,San Miguel Equity Investments,build-out,False
E100002006355,E100001015587,small shareholder(s),build-out,True
E100000189189,E100001014354,CNOOC,build-out,False
E100002008582,E100000001224,Georgia-Pacific,build-out,False
E100002006793,E100002006797,Mehta Investments Mauritius,build-out,False
E100001015011,E100000001245,Kinder Morgan,build-out,False
E100000130720,E100002015331,Maybank Securities Nominees (Asing),build-out,False
E100002021703,E100002021727,Ezra Business Solutions,build-out,False
E100000120137,E100000002078,Siberian Generating Company,build-out,False
E100002004994,E100001000639,Ambuja Cements,build-out,False
E100002007105,E100000000414,Heidelberg Materials,build-out,False
E100002006984,E100002005815,Fars & Khuzestan Cement,build-out,False
E100002000327,E100002010760,Trimex International,build-out,False
E100002020077,E100001015729,Southern Cone Energy Holding Company Inc.,build-out,False
E100000000740,E100001015587,small shareholder(s),build-out,True
E100001015697,E100001015702,State Life Insurance Corporation of Pakistan,build-out,False
E100002017542,E100002022416,MEF Holdings,build-out,False
E100000001812,E100001014413,Cobra Instalaciones y Servicios,build-out,False
E100000003831,E100001015587,small shareholder(s),build-out,True
E100000133932,E100002016371,Old Mutual Investment Group,build-out,False
E100000000111,E100001014314,Bank of Montreal,build-out,False
E100001012160,E100002018524,Youming Investment,build-out,False
E100001014568,E100001015587,small shareholder(s),build-out,True
E100000121182,E100002010219,Murowa Diamonds,build-out,False
E100000120506,E100002017141,Turkcom Turizm Enerji İnşaat Gıda Yatırımlar,build-out,False
E100002019595,E100002020928,Ithaca Energy (UK),build-out,False
E100000135427,E100001000262,Grupo Argos,build-out,False
E100001013560,E100001015587,small shareholder(s),build-out,True
E100002004418,E100002004419,Ineos Industries Holdings,build-out,False
E100002002395,E100002002398,Wagner Property Operations,build-out,False
E100002016945,E100000123261,natural person(s),build-out,True
E100002007214,E100000131458,CRH,build-out,False
E100002015632,E100000123261,natural person(s),build-out,True
E100002016382,E100000123261,natural person(s),build-out,True
E100000003743,E100002016241,Link Business Solution,build-out,False
E100002018984,E100001015852,Tortoise Capital Advisors,build-out,False
E100002004334,E100002017737,Dow Canada Material Sciences,build-out,False
E100002010298,E100000120627,International Coal Ventures,build-out,False
E100000003543,E100002007455,Mashav - Initiating And Development,build-out,False
E100001010335,E100001015587,small shareholder(s),build-out,True
E100001015660,E100002021959,Vier Gas Services,build-out,False
E100002016159,E100002016160,City of Yokohama,build-out,False
E100000001278,E100001015587,small shareholder(s),build-out,True
E100002016871,E100001015587,small shareholder(s),build-out,True
E100002017739,E100000001306,The Dow Chemical Company,build-out,False
E100000003742,E100001015991,National Settlement Depository,build-out,False
E100002022268,E100002024282,New China Life Insurance Company,build-out,False
E100002007028,E100000123261,natural person(s),build-out,True
E100002006507,E100001015587,small shareholder(s),build-out,True
E100002014004,E100002025132,Associated Petroleum Investors,build-out,False
E100002017396,E100002017397,Arc Terminal Joliet Holdings,build-out,False
E100002004498,E100000001835,Empresa Nacional del Petróleo,build-out,False
E100002017817,E100002017818,Golf HoldCo,build-out,False
E100002006292,E100002006293,Hahn & Co Cement Holdings,build-out,False
E100002025256,E100002025266,BIA GP,build-out,False
E100000000136,E100002021864,Goldman Sachs Asset Management,build-out,False
E100001014129,E100002022234,Hotchkis and Wiley Capital Management,build-out,False
E100000135427,E100001015587,small shareholder(s),build-out,True
E100002007040,E100001015587,small shareholder(s),build-out,True
E100002005961,E100001015587,small shareholder(s),build-out,True
E100002006739,E100002006740,Cement Invest,build-out,False
E100002001928,E100000123261,natural person(s),build-out,True
E100002016976,E100000123261,natural person(s),build-out,True
E100002006897,E100000123261,natural person(s),build-out,True
E100001014077,E100002025090,Tanklate Investeeringud,build-out,False
E100002017352,E100000000655,Shikoku Electric Power,build-out,False
E100002015563,E100002015564,Livetouch Investments,build-out,False
E100001000304,E100000123261,natural person(s),build-out,True
E100002017445,E100002017449,CCPC (Hong Kong),build-out,False
E100002005003,E100002005004,Cemex Holdings Philippines,build-out,False
E100002004503,E100002004506,Ruana Copper AG Agencia Chile,build-out,False
E100001014426,E100001014282,Enterprise Products Partners,build-out,False
E100000128374,E100000130323,Luzhou State-owned Assets Supervision and Administration Commission,build-out,False
E100002001731,E100000123261,natural person(s),build-out,True
E100002017256,E100000123261,natural person(s),build-out,True
E100002011934,E100002011882,Foresight Energy Labor,build-out,False
E100000153024,E100002017217,Specified Undertaking of the Unit Trust of India,build-out,False
E100001011943,E100000120358,EGAT International,build-out,False
E100000001470,E100002017814,GETEC Infra NL,build-out,False
E100002020907,E100002020908,Natrium Holdings,build-out,False
E100000003167,E100001010556,Energyprima,build-out,False
E100002016380,E100002016640,Precise Power Producer,build-out,False
E100001014569,E100001010913,Government of Denmark,build-out,False
E100002006678,E100002006681,Medcem Global,build-out,False
E100000131652,E100001016406,Canadian Dehua Lvliang,build-out,False
E100002002717,E100002016504,Agriholding,build-out,False
E100000000931,E100001015587,small shareholder(s),build-out,True
E100000002511,E100001011111,Eni Deutschland,build-out,False
E100002017634,E100001000605,Metinvest,build-out,False
E100000002867,E100002019434,ENGIE Austral,build-out,False
E100002015780,E100001014061,Ministry of Mines and Petroleum (Afghanistan),build-out,False
E100001001019,E100002024788,Balıkesir–Bursa Pancar Ekicileri,build-out,False
E100000130793,E100000123261,natural person(s),build-out,True
E100000001013,E100000001016,Nan Ya Plastics,build-out,False
E100002018826,E100001015410,Paulson & Co,build-out,False
E100000152934,E100001015587,small shareholder(s),build-out,True
E100002005937,E100002006073,Cartera de Inversiones CM,build-out,False
E100001000402,E100002024163,Thomist Capital Management,build-out,False
E100001014553,E100001000730,National Pension Service (South Korea),build-out,False
E100001014499,E100001011247,ConocoPhillips,build-out,False
E100001014325,E100001015587,small shareholder(s),build-out,True
E100002017118,E100000000706,Tenaga Nasional,build-out,False
E100001014670,E100000000112,Enbridge,build-out,False
E100001015058,E100001014311,Brookfield Infrastructure Partners,build-out,False
E100002024995,E100002024997,KM Energy,build-out,False
E100002017494,E100000000436,Siemens,build-out,False
E100000002751,E100000150321,BHE Renewables,build-out,False
E100002012045,E100000001075,Naftogaz of Ukraine,build-out,False
E100000131472,E100001000638,Alliance Resource Partners,build-out,False
E100002006429,E100002005888,Dyckerhoff,build-out,False
E100001015124,E100001015587,small shareholder(s),build-out,True
E100001000130,E100001000178,The Master Trust Bank of Japan,build-out,False
E100002006013,E100002005786,Vietnam Cement Industry,build-out,False
E100002017322,E100002017323,Yashomann Industries,build-out,False
E100001014079,E100000123261,natural person(s),build-out,True
E100002001309,E100002017075,Thomas Prinzhorn Privatstiftung,build-out,False
E100002005627,E100002019230,Far Eastern Medical Foundation,build-out,False
E100000004166,E100001000255,Government of Iran,build-out,False
E100000000103,E100001010706,Capital International Investors,build-out,False
E100000120508,E100002020991,Asia Pacific Energy Holdings,build-out,False
E100001015967,E100000123261,natural person(s),build-out,True
E100000000103,E100001015587,small shareholder(s),build-out,True
E100002001297,E100000123261,natural person(s),build-out,True
E100000002141,E100001015587,small shareholder(s),build-out,True
E100002007295,E100002024068,RMC Group,build-out,False
E100002024051,E100000123261,natural person(s),build-out,True
E100002005099,E100001000761,Adani Enterprises,build-out,False
E100000003402,E100002018775,Powergroup SA,build-out,False
E100002016274,E100000001289,Rockland Capital,build-out,False
E100000120448,E100002015973,FDC Utilities,build-out,False
E100002019785,E100001014311,Brookfield Infrastructure Partners,build-out,False
E100002006519,E100000151221,FICO,build-out,False
E100002007394,E100001015587,small shareholder(s),build-out,True
E100002005506,E100000123261,natural person(s),build-out,True
E100002016809,E100001000348,BlackRock,build-out,False
E100002016760,E100000001107,European Bank for Reconstruction and Development,build-out,False
E100001010428,E100002015130,JP Morgan Holdings Australia,build-out,False
E100000132722,E100001011026,ENGIE Brasil Energias Complementares Participações,build-out,False
E100002000306,E100001015587,small shareholder(s),build-out,True
E100000000715,E100000123261,natural person(s),build-out,True
E100002021877,E100001015587,small shareholder(s),build-out,True
E100000003521,E100001015587,small shareholder(s),build-out,True
E100000191876,E100000192682,Kimmeridge Energy Management,build-out,False
E100002002442,E100000123261,natural person(s),build-out,True
E100001014732,E100002022462,Peninsula Group,build-out,False
E100000131960,E100000131983,Nippon Steel Australia,build-out,False
E100000003388,E100002024458,Webb Energy LLC,build-out,False
E100002007374,E100002007375,MYINT Investment Group,build-out,False
E100002006920,E100001000268,CEMROS,build-out,False
E100002024072,E100002024075,Lamassu Babylon General Trading,build-out,False
E100002004205,E100000123261,natural person(s),build-out,True
E100002016271,E100001000178,The Master Trust Bank of Japan,build-out,False
E100002001393,E100000000746,Shell,build-out,False
E100001016091,E100001010595,The Vanguard Group,build-out,False
E100000001231,E100000123261,natural person(s),build-out,True
E100001010524,E100001011222,Arabian Cement Company,build-out,False
E100001010819,E100001000094,Government of Russia,build-out,False
E100001015959,E100002022497,Compass Investment,build-out,False
E100002021888,E100002022918,ERMAN Participações,build-out,False
E100002017020,E100000123261,natural person(s),build-out,True
E100002024006,E100002024007,EGIN Holding,build-out,False
E100002004330,E100002016549,Entrust (New Zealand),build-out,False
E100000001276,E100001011510,Massachusetts Financial Services,build-out,False
E100002005923,E100002005921,Cahya Mata Sarawak,build-out,False
E100001014211,E100000000053,CK Infrastructure Holdings,build-out,False
E100002017234,E100000002130,Electricity Generating,build-out,False
E100000000981,E100002017821,Banco Santander,build-out,False
E100002019355,E100001014386,Targa Resources,build-out,False
E100000001293,E100001010706,Capital International Investors,build-out,False
E100001016509,E100000131638,State of Gujarat,build-out,False
E100001014728,E100000001213,Exxon Mobil,build-out,False
E100002024699,E100001000730,National Pension Service (South Korea),build-out,False
E100000001293,E100001015587,small shareholder(s),build-out,True
E100001014572,E100001010595,The Vanguard Group,build-out,False
E100000000809,E100001015587,small shareholder(s),build-out,True
E100000150007,E100002022220,Énergir Group,build-out,False
E100002010557,E100002011718,Sepah Bank,build-out,False
E100002008769,E100002017016,Rahr,build-out,False
E100001014645,E100000001534,JPMorgan Chase & Co,build-out,False
E100002025108,E100000123261,natural person(s),build-out,True
E100001011383,E100002001974,member/employee owned,build-out,False
E100002006222,E100001015587,small shareholder(s),build-out,True
E100001016054,E100000000104,Brookfield,build-out,False
E100002017076,E100002021935,Miletus holdings,build-out,False
E100000132326,E100002009460,CV Cahaya Abadi,build-out,False
E100000003082,E100000003523,Mainova,build-out,False
E100002010769,E100002010770,PT STT Tunas Bara,build-out,False
E100000190354,E100002024858,Thopen Energia,build-out,False
E100002007139,E100002007141,Zementwerk Lübeck,build-out,False
E100002004333,E100000000084,Petróleo Brasileiro,build-out,False
E100002017186,E100002017187,OPAL Fuels,build-out,False
E100002004459,E100000001306,The Dow Chemical Company,build-out,False
E100002016155,E100000123261,natural person(s),build-out,True
E100002016690,E100000123261,natural person(s),build-out,True
E100000133096,E100000000388,Veolia Environnement,build-out,False
E100002016099,E100000001237,ITOCHU,build-out,False
E100000003208,E100002011718,Sepah Bank,build-out,False
E100000000606,E100001015587,small shareholder(s),build-out,True
E100002006286,E100000123261,natural person(s),build-out,True
E100000152662,E100002016388,Skandinaviska Enskilda Banken,build-out,False
E100000134737,E100002017180,Ecogreen Enerji Holding,build-out,False
E100000000067,E100002021660,GQG Partners,build-out,False
E100002004403,E100002004425,Zenith Energy U.S.,build-out,False
E100000001021,E100001015587,small shareholder(s),build-out,True
E100000000712,E100000123261,natural person(s),build-out,True
E100000126992,E100000124749,Tibet Shannan Jinrui Investment Partnership Enterprise,build-out,False
E100000000651,E100000136108,State Street Bank and Trust,build-out,False
E100000125967,E100000000947,Korea Electric Power,build-out,False
E100002022907,E100002022908,SS&C Technologies Holdings,build-out,False
E100002006092,E100002006093,Polen Zement Beteiligungsgesellschaft,build-out,False
E100001016328,E100001015587,small shareholder(s),build-out,True
E100002005897,E100000000707,YTL Corporation,build-out,False
E100002012048,E100000150163,Aspiravi,build-out,False
E100000003218,E100000002265,Hoosier Energy Rural Electric Cooperative,build-out,False
E100000003305,E100002018482,SEEHG Securing Energy For Europe Holding,build-out,False
E100002021552,E100000123261,natural person(s),build-out,True
E100000001272,E100002017731,Onward Energy Financial Holdco,build-out,False
E100002015734,E100000123261,natural person(s),build-out,True
E100002021999,E100001016092,Shahrood Steel,build-out,False
E100001014364,E100001014366,Triangle Petroleum,build-out,False
E100002007188,E100001015587,small shareholder(s),build-out,True
E100002016834,E100000123261,natural person(s),build-out,True
E100001010438,E100002005443,BNP Paribas,build-out,False
E100002004548,E100001001359,Mountain State Energy Holdings,build-out,False
E100002015341,E100000123261,natural person(s),build-out,True
E100002016234,E100001015587,small shareholder(s),build-out,True
E100001011111,E100000000610,Eni,build-out,False
E100002022501,E100000123261,natural person(s),build-out,True
E100002008402,E100002017222,Ahlstrom,build-out,False
E100000121583,E100002017204,Ueda Yagi Tanshi,build-out,False
E100001014424,E100001014425,Enterprise TE Partners,build-out,False
E100002007405,E100002007408,Al Ghurair Investment,build-out,False
E100002024374,E100002004726,Tereos SCA,build-out,False
E100001014853,E100002006553,Government of Ghana,build-out,False
E100002004827,E100001015587,small shareholder(s),build-out,True
E100002005226,E100002005227,Qatari Investors Group,build-out,False
E100002005243,E100001015587,small shareholder(s),build-out,True
E100002015826,E100001011407,UNACEM Corp,build-out,False
E100002006010,E100002005786,Vietnam Cement Industry,build-out,False
E100000003293,E100001015587,small shareholder(s),build-out,True
E100002007209,E100000123261,natural person(s),build-out,True
E100001011617,E100002001974,member/employee owned,build-out,False
E100000002934,E100002017462,Arys Fundo de Investimento Multimercado Crédito Privado,build-out,False
E100000004289,E100000123261,natural person(s),build-out,True
E100000000890,E100001015587,small shareholder(s),build-out,True
E100000132362,E100002009412,Galena Private Equity Resources Fund,build-out,False
E100000003609,E100000123261,natural person(s),build-out,True
E100002016911,E100002017140,Consus Enerji Isletmeciligi ve Hizmetleri,build-out,False
E100000134057,E100002007336,Value Capital Partners,build-out,False
E100002003939,E100001015587,small shareholder(s),build-out,True
E100002016446,E100002016448,MK Interros Invest,build-out,False
E100000152013,E100002001974,member/employee owned,build-out,False
E100002006023,E100002006027,George S. Galatariotis & Sons,build-out,False
E100002016737,E100000151854,Kirkbi Invest,build-out,False
E100002005660,E100002004994,ACC,build-out,False
E100002010750,E100002010751,PT Ocean Metal Indo,build-out,False
E100002025099,E100002025100,FKS Strategic Investment,build-out,False
E100002016888,E100000123261,natural person(s),build-out,True
E100000000387,E100001000348,BlackRock,build-out,False
E100001000515,E100000123261,natural person(s),build-out,True
E100002006527,E100002006530,Wafra International Investment Company,build-out,False
E100000132111,E100000123261,natural person(s),build-out,True
E100002016915,E100000123261,natural person(s),build-out,True
E100001016064,E100002025248,CQP Target Holdco,build-out,False
E100002006240,E100000000414,Heidelberg Materials,build-out,False
E100000188723,E100001015587,small shareholder(s),build-out,True
E100002007254,E100002007256,Treasury Registrar (Tanzania),build-out,False
E100001000217,E100002016121,Ullico Infrastructure Fund,build-out,False
E100002008955,E100002001974,member/employee owned,build-out,False
E100000120210,E100002024530,Refex Holding,build-out,False
E100002017016,E100000123261,natural person(s),build-out,True
E100002025140,E100002025142,Invermay Nominees,build-out,False
E100002006894,E100000123261,natural person(s),build-out,True
E100000000091,E100000123261,natural person(s),build-out,True
E100001011093,E100002021585,PT Sumber Gemilang Persada,build-out,False
E100001010818,E100000123261,natural person(s),build-out,True
E100002017035,E100002022385,Lvs Investments,build-out,False
E100002025017,E100000123261,natural person(s),build-out,True
E100001016088,E100001015587,small shareholder(s),build-out,True
E100002015300,E100001015587,small shareholder(s),build-out,True
E100002004935,E100002004951,Yemen Gas Company,build-out,False
E100002018561,E100000001331,Thermal Power Stations,build-out,False
E100001015880,E100001015881,Cresta Fund Management,build-out,False
E100002006926,E100002005196,Schwenk Zement Beteiligungen,build-out,False
E100001000347,E100001015587,small shareholder(s),build-out,True
E100002024414,E100002024417,Blackstone Infrastructure Advisors,build-out,False
E100002006842,E100000000561,Omid Investment Management,build-out,False
E100002008085,E100002008086,ONEOK Partners,build-out,False
E100001014436,E100002020928,Ithaca Energy (UK),build-out,False
E100002016519,E100000123261,natural person(s),build-out,True
E100002012011,E100001011317,Corporacion Romero Group,build-out,False
E100002016547,E100002022003,Great Lakes Global Holdings,build-out,False
E100001010596,E100001000348,BlackRock,build-out,False
E100002025074,E100002025078,Indofood Agri Resources,build-out,False
E100002008616,E100002017197,Hood Companies,build-out,False
E100000122622,E100000123691,Datang Shaanxi Power Generation,build-out,False
E100002019660,E100001015045,Santos,build-out,False
E100000001183,E100002016568,Paxton,build-out,False
E100002009539,E100000123261,natural person(s),build-out,True
E100000190344,E100001000060,Raizen Energia,build-out,False
E100002021868,E100002022907,SS&C GIDS,build-out,False
E100002017187,E100002000636,Electron Capital Partners,build-out,False
E100000153651,E100002022298,Banque et Caisse d'Epargne de l'Etat,build-out,False
E100000000501,E100000120767,Lee & Man Paper Manufacturing,build-out,False
E100002006494,E100002005625,Espandar Civil Industries,build-out,False
E100002011859,E100002011860,Ingeniería de Minas,build-out,False
E100002015516,E100002015517,Chechen Republic,build-out,False
E100001015136,E100001015137,FTAI Infrastructure,build-out,False
E100002009535,E100002009536,PT Pembangunan Graha Lestari Indah,build-out,False
E100002005719,E100001014342,CEMEX,build-out,False
E100002006768,E100002006769,Cougnaud,build-out,False
E100000002090,E100002000664,Russian Energy Consortium,build-out,False
E100002022893,E100000131435,Bumech,build-out,False
E100000001789,E100000003108,Hygo Energy Transition,build-out,False
E100000003339,E100002015316,Sanors,build-out,False
E100001014579,E100001014826,Nederlandse Gasunie,build-out,False
E100000128639,E100000123424,China's Agriculture Development Key Construction Fund,build-out,False
E100002006367,E100000121067,PT Semen Indonesia (Persero),build-out,False
E100002017445,E100001015587,small shareholder(s),build-out,True
E100000131940,E100000123261,natural person(s),build-out,True
E100002019786,E100000002892,Ecopetrol,build-out,False
E100002016549,E100000123261,natural person(s),build-out,True
E100000002805,E100000123261,natural person(s),build-out,True
E100001000070,E100002002715,Atvos Agroindustrial Participações,build-out,False
E100002006072,E100002006074,Ultratech Cement Middle East Investments,build-out,False
E100002006446,E100001014867,Government of Kenya,build-out,False
E100002015470,E100002016845,JITF Infralogistics,build-out,False
E100001015410,E100000123261,natural person(s),build-out,True
E100000126690,E100000121890,Guizhou Qiangui Power Generation,build-out,False
E100001013385,E100000000015,BHP Group,build-out,False
E100000002925,E100001010206,California Resources Elk Hills,build-out,False
E100000190316,E100001000060,Raizen Energia,build-out,False
E100002024960,E100002024964,Fengate FIF IV US Aggregator,build-out,False
E100000001052,E100000123261,natural person(s),build-out,True
E100000130929,E100002017635,Asia Paragon International,build-out,False
E100002015702,E100002015703,International Cement Holdings,build-out,False
E100000188824,E100000003449,Kyuden International,build-out,False
E100002016001,E100002016313,Kalyon GES Enerji Yatırımları,build-out,False
E100000000936,E100000123261,natural person(s),build-out,True
E100002007405,E100002007407,Al Ghurair Private Co,build-out,False
E100000002867,E100001015587,small shareholder(s),build-out,True
E100002006521,E100000131458,CRH,build-out,False
E100001000111,E100002025118,Forestal O'Higgins,build-out,False
E100002016712,E100001015587,small shareholder(s),build-out,True
E100002015824,E100002016297,PT APP Purinusa Ekapersada,build-out,False
E100002024496,E100002024497,Veolia Holding America Latina,build-out,False
E100002021525,E100002021662,DigiCo Infrastructure REIT,build-out,False
E100001014222,E100000000034,State Oil Company of Azerbaijan Republic,build-out,False
E100002022061,E100002001974,member/employee owned,build-out,False
E100002006905,E100002005888,Dyckerhoff,build-out,False
E100002010134,E100002010138,Zapadno-Sibirskaya Kompaniya,build-out,False
E100002022338,E100002001974,member/employee owned,build-out,False
E100002016839,E100000123261,natural person(s),build-out,True
E100002006380,E100002006388,Dewan Farooque Motors,build-out,False
E100002022385,E100000123261,natural person(s),build-out,True
E100002017570,E100000123261,natural person(s),build-out,True
E100000001794,E100000123261,natural person(s),build-out,True
E100000132774,E100000001563,Lappeenrannan Energia,build-out,False
E100000003512,E100001015827,Petroleum Projects And Technical Consultations Co,build-out,False
E100001000045,E100001015587,small shareholder(s),build-out,True
E100001014065,E100001014066,Aiteo,build-out,False
E100000003049,E100000000654,Osaka Gas,build-out,False
E100001010577,E100002001974,member/employee owned,build-out,False
E100002006591,E100002006415,Heidelberg Materials US,build-out,False
E100002009641,E100002009642,Global Mining Group,build-out,False
E100000002606,E100002024339,HS Three Rivers,build-out,False
E100002006592,E100002006596,Shanker Group,build-out,False
E100001011985,E100001015587,small shareholder(s),build-out,True
E100002022534,E100000000025,Lenzing,build-out,False
E100000002083,E100002015897,Holding Company Ecological Systems,build-out,False
E100000126402,E100000123261,natural person(s),build-out,True
E100002006190,E100001015587,small shareholder(s),build-out,True
E100000152388,E100002007681,Elf Petroleum Uk,build-out,False
E100000003515,E100002016021,Generation Rapac Holdings MRC General Partnership,build-out,False
E100000001712,E100000120046,Alcantara Group,build-out,False
E100000002468,E100000123261,natural person(s),build-out,True
E100002017688,E100001011234,Forsa Energy Gas Holdings,build-out,False
E100002004058,E100002022054,Grandel Singapore,build-out,False
E100000001135,E100001010595,The Vanguard Group,build-out,False
E100000120243,E100001015587,small shareholder(s),build-out,True
E100001014861,E100001015587,small shareholder(s),build-out,True
E100002016170,E100002016171,Satelait,build-out,False
E100000190258,E100002025104,Creral- Cooperativa de Geracao de Energia e Desenvolvimento,build-out,False
E100000002807,E100001015587,small shareholder(s),build-out,True
E100000000865,E100000000879,TAIF,build-out,False
E100002007146,E100000123261,natural person(s),build-out,True
E100002015501,E100002001974,member/employee owned,build-out,False
E100001015220,E100001015587,small shareholder(s),build-out,True
E100002007101,E100000123261,natural person(s),build-out,True
E100002020067,E100002022382,Totalenergies Offshore Gb,build-out,False
E100002009039,E100001000486,State of Uttar Pradesh,build-out,False
E100001016002,E100000000523,ONGC Videsh,build-out,False
E100001016481,E100001016480,Sibcapital,build-out,False
E100002008955,E100002016976,Charles Stewart Mott Foundation,build-out,False
E100002017136,E100001015587,small shareholder(s),build-out,True
E100001015158,E100001015157,K&O Energy Group,build-out,False
E100002020067,E100000000387,TotalEnergies,build-out,False
E100000002772,E100001015587,small shareholder(s),build-out,True
E100002007387,E100002005198,SCHWENK Zement,build-out,False
E100000120586,E100002016040,Formosa Taffeta,build-out,False
E100002016016,E100000001183,Clean Energy Systems,build-out,False
E100002017073,E100002000639,PVG Geschäftsführungs,build-out,False
E100002016724,E100000003523,Mainova,build-out,False
E100000001481,E100002022036,Ilmarinen Mutual Pension Insurance,build-out,False
E100001015653,E100000000651,Mitsui &,build-out,False
E100002015138,E100002016998,EVI Abfallverwertung,build-out,False
E100002006785,E100001000571,Holcim,build-out,False
E100002015468,E100002015457,Cemento Polpaico,build-out,False
E100002006315,E100000003324,Ministry of Industry and Minerals (Iraq),build-out,False
E100002002707,E100000123261,natural person(s),build-out,True
E100002015278,E100000152139,ACEA,build-out,False
E100000001169,E100001000348,BlackRock,build-out,False
E100002015795,E100001011057,My Home Industries,build-out,False
E100001013136,E100002009391,Aydın Linyit Madencilik,build-out,False
E100002004419,E100002000914,INEOS Industries,build-out,False
E100000000828,E100001015587,small shareholder(s),build-out,True
E100000001283,E100001010596,State Street,build-out,False
E100002006508,E100001015587,small shareholder(s),build-out,True
E100001014455,E100001000328,HKSCC Nominees,build-out,False
E100002007361,E100002007364,CRH Serbia Holdings UK,build-out,False
E100001010597,E100002001974,member/employee owned,build-out,False
E100002016338,E100001010595,The Vanguard Group,build-out,False
E100002022500,E100000123261,natural person(s),build-out,True
E100000188471,E100000001213,Exxon Mobil,build-out,False
E100002004951,E100001015807,Government of Yemen,build-out,False
E100002006733,E100000000414,Heidelberg Materials,build-out,False
E100002004984,E100002005413,Shell Holdings (U.K.),build-out,False
E100002022580,E100002022583,Rodina PG,build-out,False
E100000001247,E100001000348,BlackRock,build-out,False
E100002007398,E100002007399,Huaxin (Hong Kong) International Holdings,build-out,False
E100002006817,E100002006816,Hongshi Holding Group,build-out,False
E100001011103,E100001015587,small shareholder(s),build-out,True
E100000132196,E100001015587,small shareholder(s),build-out,True
E100001011093,E100001015587,small shareholder(s),build-out,True
E100000003985,E100000000911,Sembcorp Utilities,build-out,False
E100000132245,E100000123261,natural person(s),build-out,True
E100002002418,E100002002419,Vicat,build-out,False
E100000120963,E100002009162,ResInvest Group,build-out,False
E100000124944,E100000121680,Chongqing Zhongfulan Thermal Power,build-out,False
E100001014875,E100000001254,Marathon Petroleum,build-out,False
E100000131072,E100002006462,National Service Products Organization,build-out,False
E100002015475,E100002015480,Pionero Fondo de Inversión,build-out,False
E100002007006,E100001015587,small shareholder(s),build-out,True
E100000002760,E100000001445,Diamond Generating,build-out,False
E100001010712,E100000123261,natural person(s),build-out,True
E100000004318,E100000001324,WEC Energy Group,build-out,False
E100000190341,E100002002694,Companhia Mineira de Açúcar e Álcool Participações,build-out,False
E100000000756,E100002022559,Davis Peak Holdings,build-out,False
E100000126135,E100000123666,Guizhou Shuicheng Mining,build-out,False
E100001015907,E100000000324,Grupo Energía Bogotá,build-out,False
E100002017760,E100001000346,Invesco,build-out,False
E100001015368,E100000000874,Rosneft,build-out,False
E100002016965,E100000123261,natural person(s),build-out,True
E100002009609,E100000000121,Maxim Power,build-out,False
E100002006808,E100001000571,Holcim,build-out,False
E100002010807,E100001013619,PT Bhakti Coal Resources,build-out,False
E100001014819,E100000188975,GasLog Cyprus Investments,build-out,False
E100001016326,E100000000677,Kuwait Public Institution for Social Security,build-out,False
E100002007262,E100000123261,natural person(s),build-out,True
E100000130693,E100001015587,small shareholder(s),build-out,True
E100002025064,E100002025065,Foxx Holding,build-out,False
E100000000826,E100001015587,small shareholder(s),build-out,True
E100000189056,E100000123261,natural person(s),build-out,True
E100000132243,E100000123261,natural person(s),build-out,True
E100002022475,E100002001974,member/employee owned,build-out,False
E100000002428,E100001016662,Alpiq Holding,build-out,False
E100000132496,E100002017078,Promendo Investimentos,build-out,False
E100001015896,E100001015587,small shareholder(s),build-out,True
E100001000056,E100000123261,natural person(s),build-out,True
E100002006154,E100001015587,small shareholder(s),build-out,True
E100002011847,E100002011848,Knight Hawk Holdings,build-out,False
E100002017180,E100000123261,natural person(s),build-out,True
E100001015327,E100000001213,Exxon Mobil,build-out,False
E100002020325,E100001000001,EdgeConneX,build-out,False
E100002022009,E100000123261,natural person(s),build-out,True
E100001010423,E100001000614,Sojitz Development,build-out,False
E100001016009,E100002018780,Amur Investments,build-out,False
E100000001688,E100001000178,The Master Trust Bank of Japan,build-out,False
E100000188879,E100001014348,Compañía de Inversiones de Energía,build-out,False
E100001013537,E100001015587,small shareholder(s),build-out,True
E100001010856,E100001010643,Government of Malaysia,build-out,False
E100001011237,E100002017631,Bilkent University,build-out,False
E100002005069,E100001015587,small shareholder(s),build-out,True
E100002017141,E100000123261,natural person(s),build-out,True
E100002006937,E100001012481,Government of Moldova,build-out,False
E100002005944,E100000179513,Anhui Conch Cement,build-out,False
E100000001250,E100001015587,small shareholder(s),build-out,True
E100002006137,E100002006138,Bangladesh Chemical Industries,build-out,False
E100000000978,E100002021949,Rioja Acquisition,build-out,False
E100000001123,E100002023035,Barclays Bank,build-out,False
E100000000557,E100001015106,Ministry of Petroleum (Iran),build-out,False
E100001013464,E100001015587,small shareholder(s),build-out,True
E100002006413,E100002006415,Heidelberg Materials US,build-out,False
E100001014610,E100002017663,EMED Pipeline Holding,build-out,False
E100002015632,E100001015587,small shareholder(s),build-out,True
E100000002667,E100002016506,Instituto de Financiamiento Promoción y Desarrollo de Caldas,build-out,False
E100002005914,E100002005915,Omnium des industries et de la promotion,build-out,False
E100000001061,E100000123261,natural person(s),build-out,True
E100002002416,E100000123261,natural person(s),build-out,True
E100002009415,E100002004737,Trafigura Beheer,build-out,False
E100002015897,E100002015898,Smarttekh,build-out,False
E100002010703,E100000000460,WSW Wuppertaler Stadtwerke,build-out,False
E100002015214,E100002016844,Fulida Group Holdings,build-out,False
E100002024647,E100000123261,natural person(s),build-out,True
E100002023806,E100002024129,Dickey Alternative Investment Trust,build-out,False
E100002007056,E100002007059,Dubai Holding,build-out,False
E100001014933,E100000001282,Phillips 66,build-out,False
E100000120102,E100002024476,Aagam Holdings,build-out,False
E100000002411,E100001015587,small shareholder(s),build-out,True
E100002001928,E100001015587,small shareholder(s),build-out,True
E100002017109,E100002017112,State of Pahang,build-out,False
E100001000044,E100001015587,small shareholder(s),build-out,True
E100002004726,E100002001974,member/employee owned,build-out,False
E100001000172,E100000123261,natural person(s),build-out,True
E100001015906,E100002022312,Adminegocios,build-out,False
E100001014078,E100002022500,Kasperwiki Laevaomanikud,build-out,False
E100001000402,E100002010734,Walleye Capital,build-out,False
E100002015987,E100000001763,Pampa Energia,build-out,False
E100001014222,E100000000505,MOL Magyar Olajes Gazipari,build-out,False
E100000003018,E100001011107,RAO ES Vostoka,build-out,False
E100002016367,E100001015587,small shareholder(s),build-out,True
E100002001300,E100002003523,Olympus Capital Holdings Asia,build-out,False
E100002016797,E100001015587,small shareholder(s),build-out,True
E100002001731,E100001015587,small shareholder(s),build-out,True
E100002005807,E100002007768,Crescent Trade Finance,build-out,False
E100001014433,E100001015587,small shareholder(s),build-out,True
E100000188960,E100000123261,natural person(s),build-out,True
E100000002535,E100001015587,small shareholder(s),build-out,True
E100000002729,E100000002874,ERANOVE,build-out,False
E100002022861,E100000131392,Bisichi,build-out,False
E100000190127,E100001015587,small shareholder(s),build-out,True
E100000001262,E100001010595,The Vanguard Group,build-out,False
E100002008924,E100002001036,Veolia,build-out,False
E100000004335,E100002020947,Tata Chemicals Europe,build-out,False
E100000001186,E100001000348,BlackRock,build-out,False
E100002010815,E100002010816,Borneo Prima,build-out,False
E100000127454,E100000128318,Inner Mongolia Yitai Investment,build-out,False
E100002001934,E100001010595,The Vanguard Group,build-out,False
E100002015419,E100002015420,Azerbaijan Investment Company,build-out,False
E100001015288,E100001014674,BP Midstream Partners,build-out,False
E100002006033,E100002006037,Bimeh Markazi Iran,build-out,False
E100002001716,E100000131527,Dalmia Cement (Bharat),build-out,False
E100000003065,E100000000943,IMM Investment,build-out,False
E100001015939,E100000000874,Rosneft,build-out,False
E100001011143,E100001015587,small shareholder(s),build-out,True
E100000132614,E100000132969,Usina Coruripe Açúcar e Álcool,build-out,False
E100000001189,E100000123261,natural person(s),build-out,True
E100002007008,E100002007010,Kangdong Ascon,build-out,False
E100000120747,E100000123261,natural person(s),build-out,True
E100000131755,E100000123261,natural person(s),build-out,True
E100000190370,E100002024474,Orizon Valorização de Resíduos,build-out,False
E100002011748,E100001010995,IC Power,build-out,False
E100002010830,E100000123261,natural person(s),build-out,True
E100002006731,E100001015587,small shareholder(s),build-out,True
E100001014132,E100000001086,Mubadala Investment Company,build-out,False
E100000131895,E100002010584,Africa Coal Partners,build-out,False
E100000000862,E100002015951,Mezhregionenergo,build-out,False
E100002021971,E100000123261,natural person(s),build-out,True
E100000002085,E100000000864,RusHydro,build-out,False
E100000127411,E100000128421,Shandong High-Speed Group,build-out,False
E100002005127,E100002005129,Nedbank Group,build-out,False
E100001015611,E100000123261,natural person(s),build-out,True
E100000000132,E100002022236,Investment Partners,build-out,False
E100002019400,E100000001835,Empresa Nacional del Petróleo,build-out,False
E100001014523,E100001014325,Plains All American Pipeline,build-out,False
E100001015067,E100000123261,natural person(s),build-out,True
E100002006221,E100000000543,Ghadir Investment Company,build-out,False
E100002016726,E100001015587,small shareholder(s),build-out,True
E100000120454,E100002016696,AL Gotianun,build-out,False
E100002017010,E100001015587,small shareholder(s),build-out,True
E100002017148,E100002017150,RHB Bank,build-out,False
E100000003102,E100002024428,Sammons Power Development,build-out,False
E100002007373,E100001015587,small shareholder(s),build-out,True
E100000152756,E100002011915,Valu-Trac Investment Management,build-out,False
E100002021528,E100002017189,Barclays,build-out,False
E100002005195,E100002005196,Schwenk Zement Beteiligungen,build-out,False
E100002016249,E100002005544,Element Fuels Holdings,build-out,False
E100000120378,E100002009685,Forest Nominees,build-out,False
E100000003656,E100002000642,Nishat Mills,build-out,False
E100002008993,E100002017214,Novolex Holdings,build-out,False
E100000128639,E100000130327,Xiushan Tujia and Miao Autonomous County People's Government Office,build-out,False
E100000003828,E100002024825,ARCH,build-out,False
E100001010287,E100002024571,Raffles International,build-out,False
E100000128302,E100000123318,Aluminum Corporation of China,build-out,False
E100001013687,E100000123261,natural person(s),build-out,True
E100002007459,E100001000268,CEMROS,build-out,False
E100002021869,E100000123261,natural person(s),build-out,True
E100002016794,E100002008886,IHI Power Generation,build-out,False
E100002011918,E100002016811,Organización Ardila Lülle,build-out,False
E100001016051,E100002015646,Bsip Uk Holdco,build-out,False
E100000000822,E100001015587,small shareholder(s),build-out,True
E100000002396,E100000001691,Summit Power,build-out,False
E100000131383,E100001013619,PT Bhakti Coal Resources,build-out,False
E100001014616,E100000001384,Ares Management,build-out,False
E100000000601,E100000123261,natural person(s),build-out,True
E100001000096,E100002016926,NongHyup Financial Group,build-out,False
E100002016753,E100002016754,Vietnam Mechanical Assembly,build-out,False
E100002016192,E100002016193,Nikos Holding,build-out,False
E100000190101,E100000123261,natural person(s),build-out,True
E100002016153,E100001011023,Oji Holdings,build-out,False
E100001011215,E100000123261,natural person(s),build-out,True
E100001000405,E100001015587,small shareholder(s),build-out,True
E100000120754,E100002024435,Causeway Capital Management Trust,build-out,False
E100000190318,E100001000150,Adecoagro Vale do Ivinhema,build-out,False
E100002011880,E100000123261,natural person(s),build-out,True
E100002007043,E100001000571,Holcim,build-out,False
E100002019612,E100001015827,Petroleum Projects And Technical Consultations Co,build-out,False
E100002017724,E100000123261,natural person(s),build-out,True
E100000001803,E100002018772,Mitsubishi Power Americas,build-out,False
E100002015538,E100002015542,Constructora del País,build-out,False
E100000001078,E100001015587,small shareholder(s),build-out,True
E100002015622,E100002016573,ARR ESS Leading Edge,build-out,False
E100002017626,E100002017627,Eastrade,build-out,False
E100002015138,E100002016999,Evi Afvalverwerkingseenheid Duitsland,build-out,False
E100002016832,E100001000082,Government of Sweden,build-out,False
E100002005200,E100002005202,National Investment,build-out,False
E100002017020,E100001015587,small shareholder(s),build-out,True
E100002007268,E100000121117,Phinma,build-out,False
E100002017080,E100000123261,natural person(s),build-out,True
E100000001013,E100001015587,small shareholder(s),build-out,True
E100002025044,E100002025045,BlackRock Holdco 4,build-out,False
E100002006697,E100001015587,small shareholder(s),build-out,True
E100002009421,E100000131400,Blackhawk Mining,build-out,False
E100002007232,E100002007237,Ri Kon Construction,build-out,False
E100000004351,E100001010832,Yeoh Tiong Lay & Sons Holdings,build-out,False
E100002007128,E100000123261,natural person(s),build-out,True
E100002003953,E100002017443,Metinvest Management,build-out,False
E100002022800,E100000131246,Alpha Metallurgical Resources,build-out,False
E100002006604,E100002005110,Titan Cement Company,build-out,False
E100001014875,E100000001282,Phillips 66,build-out,False
E100001015218,E100001015587,small shareholder(s),build-out,True
E100002016674,E100001000209,Government of Bahrain,build-out,False
E100002017367,E100000120031,Aditya Birla Management Corporation,build-out,False
E100002006790,E100002023960,Mombasa Maize,build-out,False
E100001010043,E100001000208,Constellation Energy,build-out,False
E100000000756,E100002010548,Caricement,build-out,False
E100002017352,E100002017353,Chugoku Electric Power Singapore,build-out,False
E100002006104,E100002006105,LASSELSBERGER,build-out,False
E100000132238,E100001013582,PT Baramulti Suksessarana,build-out,False
E100002007269,E100002006221,Tehran Cement,build-out,False
E100002006144,E100002005078,Suez Cement Company,build-out,False
E100000003531,E100001011143,Alsons Consolidated Resources,build-out,False
E100002011285,E100001000179,Custody Bank of Japan,build-out,False
E100002006878,E100000123261,natural person(s),build-out,True
E100000189601,E100000190061,Enel Spa,build-out,False
E100001014266,E100000001096,BP,build-out,False
E100000121004,E100002017179,PT Ketenagalistrikan Kalimantan Timur,build-out,False
E100002016500,E100002016867,Galaxy Digital,build-out,False
E100000001114,E100001015587,small shareholder(s),build-out,True
E100000128164,E100000123261,natural person(s),build-out,True
E100000002844,E100002024416,Luminant Power Generation,build-out,False
E100000131748,E100000123261,natural person(s),build-out,True
E100002016892,E100002016895,Milford Exports (Ceylon),build-out,False
E100002015397,E100000132496,Altri,build-out,False
E100001014533,E100001014505,Enagás,build-out,False
E100002022877,E100002022881,Liberty Coal,build-out,False
E100000001732,E100002021938,Drakes View Partners II,build-out,False
E100002007258,E100000120433,Eren Holding,build-out,False
E100002024964,E100002024966,Fengate Infrastructure Fund IV (U.S.),build-out,False
E100002001716,E100001015587,small shareholder(s),build-out,True
E100002015615,E100000123261,natural person(s),build-out,True
E100000000657,E100000136108,State Street Bank and Trust,build-out,False
E100001014799,E100000004170,Tecpetrol,build-out,False
E100002007314,E100002007321,Misr Life Insurance,build-out,False
E100002002182,E100002002183,Yadu International,build-out,False
E100000002498,E100002024592,Veolia BS|ENERGY Beteiligungs,build-out,False
E100002022268,E100002024279,Modern Orient,build-out,False
E100002007465,E100002007466,Espandar Holding,build-out,False
E100000127697,E100000123261,natural person(s),build-out,True
E100002025038,E100001015587,small shareholder(s),build-out,True
E100002022537,E100002022759,PT Alakasa Alumina Refineri,build-out,False
E100001014501,E100001011247,ConocoPhillips,build-out,False
E100002006440,E100002006314,San Miguel Equity Investments,build-out,False
E100002017324,E100001000479,Vedanta,build-out,False
E100001015677,E100001015587,small shareholder(s),build-out,True
E100002015552,E100000123261,natural person(s),build-out,True
E100002015723,E100002006276,InterCement Portugal,build-out,False
E100000120214,E100001015587,small shareholder(s),build-out,True
E100002016510,E100000123261,natural person(s),build-out,True
E100002005842,E100002005098,Oyak Cimento,build-out,False
E100002007110,E100002007113,Afrik BTP and Equipement Overseas Group,build-out,False
E100000124944,E100000125227,Three Gorges Electric Power,build-out,False
E100002016983,E100002016985,State of Saarland,build-out,False
E100002016512,E100002003006,LOLC Holdings,build-out,False
E100002005704,E100002022088,The Paul and Alexandra Canellopoulos Foundation,build-out,False
E100002005232,E100002005234,LCL Investment Holdings,build-out,False
E100002008565,E100000001148,Atlas Holdings,build-out,False
E100001000489,E100001000491,Namarong Investments,build-out,False
E100002020378,E100000001245,Kinder Morgan,build-out,False
E100002009004,E100000139810,Sierra Pacific Industries,build-out,False
E100002004992,E100002004993,Fujisan Viet Nam,build-out,False
E100002000395,E100002003394,ThomasLloyd CTI Asia Holdings,build-out,False
E100002006849,E100001015587,small shareholder(s),build-out,True
E100002003782,E100002017263,Investissement Québec,build-out,False
E100002004536,E100000000505,MOL Magyar Olajes Gazipari,build-out,False
E100000131241,E100001013279,PT Atlas Resources,build-out,False
E100002006818,E100000000561,Omid Investment Management,build-out,False
E100002008421,E100002017238,National Public Energy,build-out,False
E100002000600,E100000123261,natural person(s),build-out,True
E100002016801,E100002016802,City of Jyväskylä,build-out,False
E100002006899,E100002006902,Khaou Chuly Group,build-out,False
E100000126992,E100000124750,Tibet Shannan Jinqiang Investment Partnership Enterprise,build-out,False
E100001015713,E100000001213,Exxon Mobil,build-out,False
E100002007269,E100001016248,Kaveh Pars Mining Industries Development,build-out,False
E100002006142,E100002005953,Huaxin Cement,build-out,False
E100001011918,E100002025205,Ministry of Trade and Industry (Singapore),build-out,False
E100000000050,E100001015587,small shareholder(s),build-out,True
E100001015629,E100002020928,Ithaca Energy (UK),build-out,False
E100002016703,E100000123261,natural person(s),build-out,True
E100002017142,E100000123261,natural person(s),build-out,True
E100001000857,E100000123261,natural person(s),build-out,True
E100002024034,E100000003324,Ministry of Industry and Minerals (Iraq),build-out,False
E100002004127,E100002004544,Grupo Estrella Holdings,build-out,False
E100000000759,E100001015587,small shareholder(s),build-out,True
E100001015192,E100000191652,Mvp Holdings,build-out,False
E100001015098,E100001000089,Canada Pension Plan Investment,build-out,False
E100000002983,E100002024423,Vistra Asset,build-out,False
E100001011666,E100000133871,ARM-Harith Infrastructure Fund (ARMHIF),build-out,False
E100002010483,E100000000388,Veolia Environnement,build-out,False
E100002019661,E100002005714,Caisse Interprofessionnelle Marocaine de Retraites,build-out,False
E100002015213,E100002015216,Gren,build-out,False
E100002016484,E100000000747,Stellantis,build-out,False
E100002016197,E100001000252,Deutsche Investitions- und Entwicklungsgesellschaft,build-out,False
E100000000458,E100002016719,City of Hannover,build-out,False
E100002011771,E100001000488,Coronado Global Resources,build-out,False
E100002017445,E100002017448,Mercuria Energy Group Trustco,build-out,False
E100002008077,E100001015587,small shareholder(s),build-out,True
E100000001193,E100001015587,small shareholder(s),build-out,True
E100002018504,E100000150321,BHE Renewables,build-out,False
E100000131692,E100002010304,Belvedere Mining Holdings,build-out,False
E100001000840,E100002015978,Sibkor,build-out,False
E100000001976,E100002017474,QuattroR SGR,build-out,False
E100001015069,E100000123261,natural person(s),build-out,True
E100000004090,E100002024473,Sravanthi Infratech,build-out,False
E100001015372,E100000001075,Naftogaz of Ukraine,build-out,False
E100001012802,E100002018536,Barnes South Palace Holdings,build-out,False
E100001000012,E100001015587,small shareholder(s),build-out,True
E100002023313,E100000123261,natural person(s),build-out,True
E100001014568,E100001010234,Goldman Sachs Group,build-out,False
E100001014631,E100001015587,small shareholder(s),build-out,True
E100001015009,E100001015010,Saddle Butte Pipeline,build-out,False
E100001014107,E100001014108,GeoPark,build-out,False
E100002006700,E100000000414,Heidelberg Materials,build-out,False
E100000002128,E100001015587,small shareholder(s),build-out,True
E100000190313,E100000123261,natural person(s),build-out,True
E100001015721,E100000000004,Sonangol,build-out,False
E100001016922,E100000000649,Marubeni,build-out,False
E100001016863,E100002016648,Reworld Group,build-out,False
E100002002184,E100001015587,small shareholder(s),build-out,True
E100000133835,E100000001079,Abu Dhabi National Oil,build-out,False
E100000120618,E100001016250,Hanwa,build-out,False
E100002004321,E100001014426,Enterprise Products Operating,build-out,False
E100001014712,E100001015587,small shareholder(s),build-out,True
E100002016317,E100002016316,International Holding Company,build-out,False
E100002010789,E100002010792,PT Bagus Setia Giri,build-out,False
E100000003088,E100002017809,Grupo Ethuss,build-out,False
E100002006869,E100002006870,Sampyo Ind,build-out,False
E100000121176,E100001015587,small shareholder(s),build-out,True
E100000190236,E100002024474,Orizon Valorização de Resíduos,build-out,False
E100000188562,E100001011617,Meiji Yasuda Life Insurance,build-out,False
E100002016912,E100002017205,Egd Elektrik Elektronik Mak. Müh. San. Ve Tic.,build-out,False
E100000120080,E100002016149,Stiftelsen Industrifonden,build-out,False
E100000000817,E100002017457,JEG Development,build-out,False
E100000002989,E100002024424,Entergy Utility Holding,build-out,False
E100002017453,E100000153201,Fluxys,build-out,False
E100001010296,E100002016466,Industrial Assets Fund,build-out,False
E100001000480,E100001010705,Capital World Investors,build-out,False
E100000001262,E100002016336,Putnam Investments,build-out,False
E100002006023,E100001015587,small shareholder(s),build-out,True
E100000134222,E100001000178,The Master Trust Bank of Japan,build-out,False
E100002019760,E100002019761,MidOcean Vicuna Holdings,build-out,False
E100002004998,E100002005002,Misr International Contracting and Investment,build-out,False
E100002007261,E100002005598,Investment Corporation of Bangladesh,build-out,False
E100002005964,E100002005965,National Insurance Board of Trinidad & Tobago,build-out,False
E100002016620,E100002016625,City of Gent,build-out,False
E100000132334,E100000123261,natural person(s),build-out,True
E100002006353,E100002006292,Ssangyong C&E,build-out,False
E100002023939,E100002023942,Ture,build-out,False
E100002017033,E100002017036,Time Square Investments,build-out,False
E100002007409,E100000121375,TCC Group Holdings,build-out,False
E100000133209,E100001015587,small shareholder(s),build-out,True
E100002007015,E100000000676,Kuwait Investment Authority,build-out,False
E100002017190,E100000123261,natural person(s),build-out,True
E100002009299,E100002000745,Government of Fiji,build-out,False
E100002019227,E100002021404,Delta terminali,build-out,False
E100000000483,E100000001422,China Power International,build-out,False
E100002016357,E100000000961,City of Seoul,build-out,False
E100000190293,E100002024332,AMERRA Capital Management,build-out,False
E100000003820,E100002017222,Ahlstrom,build-out,False
E100000000490,E100000000245,PetroChina,build-out,False
E100002016465,E100000123261,natural person(s),build-out,True
E100002022055,E100000123261,natural person(s),build-out,True
E100002015666,E100001000571,Holcim,build-out,False
E100000001647,E100001015587,small shareholder(s),build-out,True
E100001015655,E100001010861,Marquard & Bahls,build-out,False
E100002015642,E100000001241,International Paper,build-out,False
E100002016380,E100002016641,Assiddeek Savings Cooperative,build-out,False
E100002021645,E100001010777,Government of Poland,build-out,False
E100002005185,E100000001057,Hacı Ömer Sabancı Holding,build-out,False
E100000002745,E100001010043,Constellation Energy Generation,build-out,False
E100002005220,E100001015587,small shareholder(s),build-out,True
E100001015211,E100000001254,Marathon Petroleum,build-out,False
E100000004259,E100002016723,Mindbridge,build-out,False
E100002012101,E100000001158,Blackstone,build-out,False
E100001000303,E100002016550,DEL Power,build-out,False
E100001014393,E100000002892,Ecopetrol,build-out,False
E100002015385,E100002015388,Fortier Capital,build-out,False
E100002004996,E100000130996,USM Holdings,build-out,False
E100001011866,E100000000565,Persian Gulf Petrochemical Industries,build-out,False
E100002017628,E100002017625,Global Steel Investments,build-out,False
E100000131271,E100002022523,PT Rental Perdana Putratama,build-out,False
E100002019373,E100000001768,APA Group,build-out,False
E100000000817,E100001015587,small shareholder(s),build-out,True
E100001011137,E100002016287,Dornier Profits,build-out,False
E100002025140,E100002025143,Cascades Capital,build-out,False
E100000190328,E100002025101,Água Bonita Holding,build-out,False
E100002004498,E100002004501,Infra Inversiones,build-out,False
E100001000620,E100000001445,Diamond Generating,build-out,False
E100002010830,E100002010831,PT Dutapermana Makmur,build-out,False
E100002016399,E100000123261,natural person(s),build-out,True
E100002006728,E100000000414,Heidelberg Materials,build-out,False
E100002010580,E100001010084,PT Dian Swastatika Sentosa,build-out,False
E100000190242,E100002024845,Fl - Gestao e Participacoes,build-out,False
E100001015013,E100001000178,The Master Trust Bank of Japan,build-out,False
E100000125234,E100000158306,China Three Gorges,build-out,False
E100001012387,E100001015587,small shareholder(s),build-out,True
E100002005228,E100002005232,Lucky Al Shumookh Holdings,build-out,False
E100002004369,E100001015520,NES Midstream,build-out,False
E100000000978,E100001015587,small shareholder(s),build-out,True
E100002016384,E100002016385,Burgundy Investments Holdings,build-out,False
E100001015391,E100002020048,North Aston,build-out,False
E100000120026,E100000123261,natural person(s),build-out,True
E100002007205,E100001014434,T. Rowe Price Investment Management,build-out,False
E100001013553,E100000132055,Polat Kömür,build-out,False
E100002019782,E100001014071,Folketrygdfondet,build-out,False
E100000131158,E100000123261,natural person(s),build-out,True
E100002007261,E100000123261,natural person(s),build-out,True
E100002017818,E100002017819,Golf TopCo,build-out,False
E100002007030,E100001000571,Holcim,build-out,False
E100002016276,E100000000652,Nippon Steel,build-out,False
E100000003743,E100002016239,Univita,build-out,False
E100000003859,E100000001158,Blackstone,build-out,False
E100002024067,E100002024068,RMC Group,build-out,False
E100002006441,E100001015587,small shareholder(s),build-out,True
E100002015714,E100001000571,Holcim,build-out,False
E100002017095,E100000132633,EEW Energy From Waste,build-out,False
E100001015869,E100001015587,small shareholder(s),build-out,True
E100001015301,E100000123261,natural person(s),build-out,True
E100002015529,E100002007041,Lafarge Ciment de M’sila,build-out,False
E100002024873,E100002017811,Lyon Capital Partners,build-out,False
E100001014362,E100001014325,Plains All American Pipeline,build-out,False
E100002015209,E100000133660,International Finance,build-out,False
E100001015062,E100001014294,Energy Transfer,build-out,False
E100000003042,E100002017780,Daharki Power Holdings,build-out,False
E100002006250,E100000123261,natural person(s),build-out,True
E100000127101,E100000127371,Shanxi Lu’an Environmental EnergyDev,build-out,False
E100002004994,E100001015587,small shareholder(s),build-out,True
E100000000870,E100001015587,small shareholder(s),build-out,True
E100000152695,E100002022326,Government of Switzerland,build-out,False
E100002016647,E100001000348,BlackRock,build-out,False
E100001013260,E100001015587,small shareholder(s),build-out,True
E100002010777,E100002010779,PT Widyanusa Mandiri,build-out,False
E100002019496,E100002019497,China Poly Group Corporation,build-out,False
E100002005078,E100000000414,Heidelberg Materials,build-out,False
E100002020375,E100001015732,Southwest Gas Holdings,build-out,False
E100002017084,E100002017085,Remgro,build-out,False
E100002006525,E100001014390,Grupo Carso,build-out,False
E100002025167,E100002025168,Greencountry Topco,build-out,False
E100002005938,E100002005939,Viettel Military Industry and Telecoms Group,build-out,False
E100002016197,E100000000672,Aga Khan Fund for Economic Development,build-out,False
E100001015597,E100002004300,Brookfield Asset Management,build-out,False
E100002023651,E100000000909,Sembcorp Industries,build-out,False
E100002017085,E100001015587,small shareholder(s),build-out,True
E100002002641,E100002002649,Krishnarama Industrial Investments,build-out,False
E100002016370,E100000123261,natural person(s),build-out,True
E100002006567,E100002024174,India Resurgence Fund,build-out,False
E100002020060,E100000000324,Grupo Energía Bogotá,build-out,False
E100002006166,E100002006520,Bangkok Broadcasting and Television,build-out,False
E100000132768,E100001015587,small shareholder(s),build-out,True
E100002003989,E100002017304,Zolen & Månen,build-out,False
E100001015108,E100001014069,BP Exploration Operating Company,build-out,False
E100001015059,E100002022418,Brookfield Infrastructure Fund,build-out,False
E100000190190,E100000123261,natural person(s),build-out,True
E100002006385,E100002006194,SECIL - Companhia Geral de Cal e Cimento,build-out,False
E100000120829,E100001010428,JP Morgan Nominees Australia,build-out,False
E100002013773,E100000132633,EEW Energy From Waste,build-out,False
E100002001425,E100000134810,Power Solution Technologies,build-out,False
E100002005701,E100000000414,Heidelberg Materials,build-out,False
E100002007297,E100001015587,small shareholder(s),build-out,True
E100000120720,E100000002078,Siberian Generating Company,build-out,False
E100002015608,E100002015609,Department of Chuquisaca,build-out,False
E100002011952,E100000123261,natural person(s),build-out,True
E100000000691,E100002015806,Cheyne European Strategic Value Credit Scs Sicav-Sif,build-out,False
E100001011137,E100001015587,small shareholder(s),build-out,True
E100000131049,E100000120164,PT Bintang Delapan Group,build-out,False
E100000120960,E100000132515,Albioma,build-out,False
E100001015950,E100001015959,CNIC,build-out,False
E100002006783,E100001000571,Holcim,build-out,False
E100002005710,E100001015587,small shareholder(s),build-out,True
E100000129971,E100000123748,Jianxin Financial Asset Investment,build-out,False
E100002015174,E100002001203,Government of Singapore,build-out,False
E100002005964,E100001015587,small shareholder(s),build-out,True
E100000190086,E100000123261,natural person(s),build-out,True
E100002000451,E100000123261,natural person(s),build-out,True
E100001015358,E100000123261,natural person(s),build-out,True
E100000003770,E100002016708,FPM Power Holdings,build-out,False
E100000000980,E100002003009,Norges Bank,build-out,False
E100000132169,E100001000569,PT Harum Energy,build-out,False
E100000001026,E100002011715,Sinsukjai,build-out,False
E100000190291,E100000123261,natural person(s),build-out,True
E100001014930,E100002022085,State of Tyrol,build-out,False
E100002017617,E100002001974,member/employee owned,build-out,False
E100002016469,E100002016955,DigitalBridge Group,build-out,False
E100002016664,E100002016005,GeoGenix,build-out,False
E100002008081,E100001014432,Transneft,build-out,False
E100002015172,E100002015173,MFN Partners Management,build-out,False
E100001011132,E100002022261,Li Ka Shing Foundation,build-out,False
E100002017689,E100002017694,Covert Uk Topco,build-out,False
E100002005727,E100002007005,Parficim,build-out,False
E100000135814,E100001015587,small shareholder(s),build-out,True
E100000131251,E100001015587,small shareholder(s),build-out,True
E100001000262,E100001015909,Amalfi,build-out,False
E100002012045,E100002022531,Ministry of Defense of Ukraine,build-out,False
E100000001276,E100001010596,State Street,build-out,False
E100002005234,E100000120779,Lucky Cement,build-out,False
E100000003856,E100000003098,Ghadir Electricity and Energy Investment Company,build-out,False
E100002015735,E100000002080,Magnitogorskiy Metallurgicheskiy Kombinat,build-out,False
E100000132856,E100002017072,Schwarz Corporate Affairs,build-out,False
E100000187841,E100001013528,Government of Afghanistan,build-out,False
E100000132767,E100000132631,E.ON Sverige,build-out,False
E100000120136,E100001015587,small shareholder(s),build-out,True
E100000190276,E100000123261,natural person(s),build-out,True
E100000000991,E100000186491,Groupe E,build-out,False
E100001014067,E100001014068,Aker Capital,build-out,False
E100001016276,E100000123261,natural person(s),build-out,True
E100001015782,E100001000346,Invesco,build-out,False
E100000132107,E100001015587,small shareholder(s),build-out,True
E100002005714,E100002001974,member/employee owned,build-out,False
E100000001429,E100000130346,"State-owned Assets Supervision and Administration Commission of Qianjiang District, Chongqing",build-out,False
E100000003832,E100002015197,MaruEnergy Trinidad,build-out,False
E100000003466,E100002024460,Gridiron Funding,build-out,False
E100001016565,E100000123261,natural person(s),build-out,True
E100002025113,E100000123261,natural person(s),build-out,True
E100002016809,E100001000901,The Capital Group Companies,build-out,False
E100002006351,E100002006352,Leo,build-out,False
E100001011759,E100000000652,Nippon Steel,build-out,False
E100002015122,E100002016837,Index Invest International,build-out,False
E100002021663,E100000123261,natural person(s),build-out,True
E100000131685,E100000136992,Deutsche Bank,build-out,False
E100001011672,E100002017544,Sapphire Holding,build-out,False
E100002020382,E100001014933,DCP Midstream,build-out,False
E100001014566,E100002007789,Ministry Of Trade Industry And Energy (South Korea),build-out,False
E100002004979,E100000123261,natural person(s),build-out,True
E100002002416,E100001015587,small shareholder(s),build-out,True
E100000132094,E100002010425,Quinwood Partners,build-out,False
E100002006862,E100002005659,Asia Cement,build-out,False
E100001013673,E100002009539,PT Sentosa Laju Energy,build-out,False
E100001000778,E100002009261,PT Bukit Makmur Internasional,build-out,False
E100001014879,E100000000524,Oil and Natural Gas,build-out,False
E100002001364,E100001016070,West Texas Gas,build-out,False
E100002007299,E100002000745,Government of Fiji,build-out,False
E100002021959,E100002004426,British Columbia Investment Management,build-out,False
E100000120776,E100002024872,LOTTE Holdings,build-out,False
E100002007381,E100001015587,small shareholder(s),build-out,True
E100002006064,E100000123261,natural person(s),build-out,True
E100002006793,E100002006799,Galaxy Technologies,build-out,False
E100000002653,E100002024360,Carville Power Holdings,build-out,False
E100002016919,E100002016918,Dwarikesh Trading Company,build-out,False
E100002017187,E100001015587,small shareholder(s),build-out,True
E100000132700,E100002016861,Carman Participacoes e Incorporacao,build-out,False
E100000153651,E100002022297,Société Nationale de Crédit et d'Investissement,build-out,False
E100002025041,E100000000962,Government of South Korea,build-out,False
E100000190285,E100002001689,Cargill Agrícola,build-out,False
E100002025078,E100002025080,CGS International Securities Singapore,build-out,False
E100000001035,E100002016070,Mutual Fund Vayupak One,build-out,False
E100002016378,E100002010580,PT DSSE Energi Mas Utama,build-out,False
E100002005805,E100001011713,Istanbul Portfoy Ikinci Serbest Fon,build-out,False
E100002004155,E100002016435,Greger International,build-out,False
E100000127412,E100000123261,natural person(s),build-out,True
E100000001169,E100001010595,The Vanguard Group,build-out,False
E100000122704,E100000122784,Shandong Chenming Paper Holdings,build-out,False
E100000120012,E100001010410,Sev.en Global Investments,build-out,False
E100000002648,E100000002718,Clearway Energy,build-out,False
E100001015098,E100002022204,Ultra,build-out,False
E100002001295,E100002001296,Vista Energy,build-out,False
E100001014875,E100000000112,Enbridge,build-out,False
E100000001225,E100000123261,natural person(s),build-out,True
E100002015987,E100001012815,Harbour Energy,build-out,False
E100002002571,E100001011250,State of Tamil Nadu,build-out,False
E100002024043,E100002024044,Chhay Ching Heang Group,build-out,False
E100002005145,E100000123261,natural person(s),build-out,True
E100001011508,E100002022322,"Power, Oil & Gas Investments",build-out,False
E100002017005,E100002017007,Jaymart Group Holdings,build-out,False
E100000001247,E100001010595,The Vanguard Group,build-out,False
E100002021532,E100002022016,Greybull Capital,build-out,False
E100002007013,E100002007014,Overin,build-out,False
E100002025293,E100000002660,Cengiz Enerji Sanayii ve Ticaret,build-out,False
E100002005941,E100002005942,West African Cement,build-out,False
E100000000935,E100000123261,natural person(s),build-out,True
E100001015661,E100000000746,Shell,build-out,False
E100002004444,E100002004449,Hidrocarburos Del Norte,build-out,False
E100000126880,E100000127409,Fuhai Group New Energy Holding,build-out,False
E100000132947,E100002024746,UBE Gruppen,build-out,False
E100002018469,E100002019157,Manas Power Ventures,build-out,False
E100000131604,E100002009719,Wolf Hill Capital Management,build-out,False
E100001014293,E100001014294,Energy Transfer,build-out,False
E100000120182,E100002005458,Hargreaves Lansdown Asset Management,build-out,False
E100002010830,E100002010833,Bank Julius Baer and Co,build-out,False
E100002017438,E100000123261,natural person(s),build-out,True
E100001000165,E100000000053,CK Infrastructure Holdings,build-out,False
E100002010406,E100002012030,Manulife Investment Management,build-out,False
E100002020087,E100002005485,AG&P Industrial,build-out,False
E100000000571,E100001000278,Government of Iraq,build-out,False
E100001013832,E100001015587,small shareholder(s),build-out,True
E100002002187,E100000123261,natural person(s),build-out,True
E100002008955,E100002016979,Community Foundation of Greater Flint,build-out,False
E100002002395,E100002002401,Paradice Investment Management,build-out,False
E100002016781,E100002016782,Raukawa Farming Company,build-out,False
E100000136961,E100001015587,small shareholder(s),build-out,True
E100002015289,E100002016928,Varme Energy,build-out,False
E100000002598,E100000180733,China National Petroleum,build-out,False
E100000000472,E100002023014,Lexcor Master Fund,build-out,False
E100002016384,E100001000901,The Capital Group Companies,build-out,False
E100001014229,E100001014512,Corumbá Holding,build-out,False
E100000002772,E100001011817,Parsian Oil and Gas Development,build-out,False
E100000132135,E100001000959,Hancock Prospecting,build-out,False
E100000127558,E100000128374,Luzhou State Owned Capital Operation Management,build-out,False
E100002015273,E100001015587,small shareholder(s),build-out,True
E100002016386,E100001010595,The Vanguard Group,build-out,False
E100002019782,E100002022417,DNB Savings Bank Foundation,build-out,False
E100002002184,E100002002185,Bengal & Assum,build-out,False
E100002006850,E100000000414,Heidelberg Materials,build-out,False
E100000153006,E100000001077,Abu Dhabi Investment Authority,build-out,False
E100002025090,E100001014078,AVH Grupp,build-out,False
E100002017594,E100002017595,Azot Invest,build-out,False
E100000000747,E100001015587,small shareholder(s),build-out,True
E100002009541,E100002011853,Welkino,build-out,False
E100002015664,E100002015665,Hengyuan International Engineering Group,build-out,False
E100000000840,E100001015587,small shareholder(s),build-out,True
E100002005907,E100002005717,CEMEX España,build-out,False
E100001016142,E100000123261,natural person(s),build-out,True
E100000125383,E100000125135,China Merchants SECURITIES,build-out,False
E100000000735,E100001015587,small shareholder(s),build-out,True
E100000132412,E100000132845,Domtar,build-out,False
E100002016020,E100000123261,natural person(s),build-out,True
E100001013358,E100001015587,small shareholder(s),build-out,True
E100000001825,E100002023105,Borouge Group International,build-out,False
E100001015374,E100001015587,small shareholder(s),build-out,True
E100000129153,E100000129181,Hangzhou Wanyong Industrial Investment,build-out,False
E100000004083,E100002016206,SIPP Energy,build-out,False
E100000003791,E100001015587,small shareholder(s),build-out,True
E100001016964,E100000123261,natural person(s),build-out,True
E100002024996,E100000001245,Kinder Morgan,build-out,False
E100000190131,E100002024385,State of Sao Paulo,build-out,False
E100000003165,E100002024437,Raven FS Property Holdings,build-out,False
E100002006357,E100002006360,The Concrete Products and Aggregate,build-out,False
E100000121020,E100000121080,PT Trimegah Bangun Persada,build-out,False
E100002015376,E100002015703,International Cement Holdings,build-out,False
E100002011871,E100000123261,natural person(s),build-out,True
E100000002800,E100001015587,small shareholder(s),build-out,True
E100002006012,E100002005786,Vietnam Cement Industry,build-out,False
E100002016994,E100002016995,Shriram Group Pvt,build-out,False
E100000190192,E100002024375,Louis Dreyfus Company,build-out,False
E100001015257,E100000000869,LUKOIL,build-out,False
E100002005480,E100002015381,"Knoch, Kern & Co",build-out,False
E100002015522,E100002016947,Marvel Business,build-out,False
E100001016328,E100002007015,Kuwait Cement Company,build-out,False
E100002017255,E100001015587,small shareholder(s),build-out,True
E100002017778,E100000002544,Black Hills Power,build-out,False
E100002006063,E100000131458,CRH,build-out,False
E100000190240,E100000123261,natural person(s),build-out,True
E100001016964,E100000188387,Keppel,build-out,False
E100000004062,E100002017670,Social Protection Fund (Oman),build-out,False
E100000126364,E100000123278,Sinopec Great Wall Energy and Chemical,build-out,False
E100001015911,E100000000387,TotalEnergies,build-out,False
E100000002236,E100002001974,member/employee owned,build-out,False
E100002010770,E100002010771,PT Tunas Bara Abadi Tolindo,build-out,False
E100000001163,E100002022493,Cleco Group,build-out,False
E100002004227,E100000123261,natural person(s),build-out,True
E100002005704,E100002005705,E.D.Y.V.E.M.,build-out,False
E100002006891,E100002006892,Salt River Pima-Maricopa Indian Community,build-out,False
E100001000188,E100002016586,PPB Group,build-out,False
E100001000346,E100002022061,Massachusetts Mutual Life Insurance,build-out,False
E100001015911,E100002022391,Totalenergies Ep Company Uk,build-out,False
E100002006778,E100001000571,Holcim,build-out,False
E100002020411,E100000001143,ArcLight Capital Partners,build-out,False
E100002022039,E100000181249,Citibank National Association,build-out,False
E100002006203,E100000000414,Heidelberg Materials,build-out,False
E100002006687,E100002006682,Hanil Cement,build-out,False
E100000004352,E100000004351,YTL Power International,build-out,False
E100002007094,E100002007096,Al Mana Capital Holding,build-out,False
E100000120156,E100000003335,JFE Steel,build-out,False
E100002024002,E100000123261,natural person(s),build-out,True
E100002005213,E100002005216,PSS Energy Fundo de Investimento em Participações Multiestratégia - Ivestimento no Exterior,build-out,False
E100002006269,E100002006271,Ekhaga Utveckling,build-out,False
E100002007194,E100000123261,natural person(s),build-out,True
E100002005205,E100002005208,Sir Invest Holding - Netherlands,build-out,False
E100002015621,E100001000573,IL&FS Energy Development Company,build-out,False
E100002024968,E100002024970,Fengate Capital Management,build-out,False
E100000003356,E100002024456,Gulf Energy USA,build-out,False
E100001015290,E100001015587,small shareholder(s),build-out,True
E100001014854,E100001014855,M&G Investment Management,build-out,False
E100000001186,E100001010595,The Vanguard Group,build-out,False
E100002005966,E100001015587,small shareholder(s),build-out,True
E100002006857,E100002002182,J K Cement,build-out,False
E100000190271,E100002025111,Koblitz Energía,build-out,False
E100001015808,E100001015812,J&E Davy Unlimited,build-out,False
E100001014305,E100001014306,TAQA Bratani,build-out,False
E100001015882,E100002001425,Biggas Technology,build-out,False
E100000153651,E100002022299,POST Luxembourg,build-out,False
E100002022731,E100002022733,Shoalhaven Coal,build-out,False
E100000188456,E100000000953,POSCO Holdings,build-out,False
E100002006554,E100002006556,Cement Investment and Development,build-out,False
E100000000978,E100002021876,Criteria Caixa,build-out,False
E100002006308,E100002005815,Fars & Khuzestan Cement,build-out,False
E100002016986,E100000123261,natural person(s),build-out,True
E100000121175,E100001000520,Life Insurance Corporation of India,build-out,False
E100000003738,E100002024901,Losán Gestión Integral,build-out,False
E100001000161,E100001000188,Wilmar International,build-out,False
E100000000591,E100001011133,Israel Corporation,build-out,False
E100001000168,E100002016058,Soneva Energias Renováveis,build-out,False
E100002006540,E100002006538,Gayur Group,build-out,False
E100002010845,E100001001106,PT Bayan Resources,build-out,False
E100000132080,E100000123261,natural person(s),build-out,True
E100002010214,E100000123261,natural person(s),build-out,True
E100002006901,E100002005937,Cementos Molins,build-out,False
E100002016288,E100002016289,PT Buanacitra Alamsemesta,build-out,False
E100000189153,E100000189181,INEOS,build-out,False
E100001000573,E100000001528,Infrastructure Leasing & Financial Services,build-out,False
E100001010508,E100000003551,PT Medco Power Indonesia,build-out,False
E100002005572,E100002006807,R V Consulting Services,build-out,False
E100002016054,E100002008825,ND Paper,build-out,False
E100000002959,E100001015587,small shareholder(s),build-out,True
E100002016427,E100002016866,Eleven Ventures,build-out,False
E100001000937,E100001000348,BlackRock,build-out,False
E100000132022,E100002022643,PT Petro Energy,build-out,False
E100001000441,E100002015322,Fridingen Investments,build-out,False
E100000004239,E100002017352,TTCL Gas Power,build-out,False
E100000125234,E100000001427,China Yangtze Power,build-out,False
E100000000947,E100001015587,small shareholder(s),build-out,True
E100002010723,E100001013765,PT Arkara Wira Sanjaya,build-out,False
E100002016113,E100002016933,Union Energy Corporation,build-out,False
E100001011666,E100001000374,Anergi Group,build-out,False
E100002016403,E100001015587,small shareholder(s),build-out,True
E100000132196,E100002018572,SHG Holdings 2,build-out,False
E100000121567,E100000001704,TAURON Wytwarzanie,build-out,False
E100001014281,E100001014282,Enterprise Products Partners,build-out,False
E100001015204,E100001015205,China National Oil and Gas Exploration and Development,build-out,False
E100002006284,E100002006070,Al-Abdullatif Group Holding,build-out,False
E100001015054,E100001015587,small shareholder(s),build-out,True
E100000003941,E100001000203,Thüga,build-out,False
E100001015121,E100002004403,Zenith Energy U.S. Logistics Holdings,build-out,False
E100000190173,E100002024998,Nova Aralco Indústria e Comércio,build-out,False
E100001015653,E100000001492,Gazprom,build-out,False
E100001001322,E100001015587,small shareholder(s),build-out,True
E100002005903,E100002005904,Cemex Investments,build-out,False
E100002011931,E100002011932,City of Mölndal,build-out,False
E100002017249,E100002017250,Atro Group,build-out,False
E100001016645,E100001015587,small shareholder(s),build-out,True
E100002006854,E100000131458,CRH,build-out,False
E100001010262,E100001015587,small shareholder(s),build-out,True
E100002017576,E100001000489,Tigers Realm Coal,build-out,False
E100002018561,E100000001086,Mubadala Investment Company,build-out,False
E100001014132,E100001014135,Kuwait Pipes Industries & Oil Services Co,build-out,False
E100002011758,E100000131246,Alpha Metallurgical Resources,build-out,False
E100000181249,E100000135826,Citigroup,build-out,False
E100000120523,E100000131638,State of Gujarat,build-out,False
E100001014233,E100000000746,Shell,build-out,False
E100000190336,E100002025064,Foxx Inova Ambiental,build-out,False
E100001000161,E100000131685,ICICI Bank,build-out,False
E100001011865,E100000000549,Social Security Investment Company (Iran),build-out,False
E100000121381,E100000002078,Siberian Generating Company,build-out,False
E100000131794,E100000123261,natural person(s),build-out,True
E100001010523,E100001015587,small shareholder(s),build-out,True
E100000121046,E100002015824,PT Pindo Deli Pulp and Paper Mills,build-out,False
E100002005145,E100002005146,Orca Malta,build-out,False
E100001014099,E100001014102,Shell USA,build-out,False
E100002021870,E100000123261,natural person(s),build-out,True
E100000000885,E100000123261,natural person(s),build-out,True
E100000121304,E100001015587,small shareholder(s),build-out,True
E100002016646,E100000123261,natural person(s),build-out,True
E100002006793,E100001015587,small shareholder(s),build-out,True
E100000000905,E100000123261,natural person(s),build-out,True
E100002007103,E100002005712,Ciments du Maroc,build-out,False
E100001013277,E100001015587,small shareholder(s),build-out,True
E100002007205,E100001000348,BlackRock,build-out,False
E100002005792,E100002005796,Standard Chartered Nominees RESD A/C KE11396,build-out,False
E100002006456,E100002006455,Ecocem Materials,build-out,False
E100000191246,E100000123261,natural person(s),build-out,True
E100002005152,E100001010234,Goldman Sachs Group,build-out,False
E100002019441,E100000001137,Alphabet,build-out,False
E100002025348,E100002025349,HSBC Asia Holdings,build-out,False
E100000001164,E100001015587,small shareholder(s),build-out,True
E100002006960,E100000133745,Islamic Development Bank,build-out,False
E100002011772,E100000000372,UPM-Kymmene,build-out,False
E100002008827,E100002016697,NE Renewable Power,build-out,False
E100001014788,E100001000023,Government of Ireland,build-out,False
E100000190097,E100000152086,ASJA Ambiente Italia,build-out,False
E100002007094,E100000000845,Qatar Investment Authority,build-out,False
E100002006925,E100000123261,natural person(s),build-out,True
E100002005151,E100001014071,Folketrygdfondet,build-out,False
E100001015384,E100001015114,Tallgrass Energy,build-out,False
E100002006466,E100001000571,Holcim,build-out,False
E100001015883,E100001015587,small shareholder(s),build-out,True
E100000001283,E100001014543,Capital Research Global Investors,build-out,False
E100002015403,E100000001164,CMS Energy,build-out,False
E100001000150,E100000132505,Adecoagro Brasil Participações,build-out,False
E100002024072,E100002024073,Al Geetan Commercial Agencies,build-out,False
E100000003676,E100002024625,Fletcher Group Holdings,build-out,False
E100002015899,E100000123261,natural person(s),build-out,True
E100002016499,E100000003330,Italiana Petroli,build-out,False
E100002005905,E100002005717,CEMEX España,build-out,False
E100002015700,E100000123261,natural person(s),build-out,True
E100002008077,E100001010911,Baillie Gifford &,build-out,False
E100002017310,E100000123261,natural person(s),build-out,True
E100002025038,E100002025040,BlackRock Fund Advisors,build-out,False
E100001011023,E100002016862,Fortis,build-out,False
E100000151586,E100001000348,BlackRock,build-out,False
E100000000565,E100002011231,Justice Shares Broker,build-out,False
E100000002639,E100002024372,"PowerTransitions Buyer, LLC",build-out,False
E100002021888,E100002022916,AEM Participações,build-out,False
E100002010815,E100000123261,natural person(s),build-out,True
E100002024481,E100001015587,small shareholder(s),build-out,True
E100002007167,E100002007171,Matsyagandha Investment & Finance,build-out,False
E100000003452,E100002016186,TPE-Siti,build-out,False
E100001000871,E100001000094,Government of Russia,build-out,False
E100002007691,E100002007730,Holcim Participations (Uk),build-out,False
E100002017437,E100002017438,IMR Holding,build-out,False
E100002006461,E100002006462,National Service Products Organization,build-out,False
E100000001283,E100001000348,BlackRock,build-out,False
E100002012021,E100000123261,natural person(s),build-out,True
E100002024035,E100002003265,Zhongjin Heli Energy,build-out,False
E100000185988,E100001010582,Government of Ethiopia,build-out,False
E100000120442,E100002016041,Merve Enterprises,build-out,False
E100001010449,E100002017467,Aljomaih Automotive Company,build-out,False
E100001010569,E100001015587,small shareholder(s),build-out,True
E100002016305,E100002016306,Banpu North America,build-out,False
E100002006965,E100000123261,natural person(s),build-out,True
E100002008894,E100001011030,Smurfit Westrock,build-out,False
E100002001300,E100000123261,natural person(s),build-out,True
E100002016993,E100002016994,SVL,build-out,False
E100002015362,E100002001512,Adbri,build-out,False
E100000153072,E100000123261,natural person(s),build-out,True
E100002016099,E100002016761,Philippine Bioethanol and Energy Investments,build-out,False
E100002025079,E100000123261,natural person(s),build-out,True
E100002006131,E100001000348,BlackRock,build-out,False
E100000131835,E100002010552,Rhino Resources,build-out,False
E100001015906,E100002022311,Bank of Bogota,build-out,False
E100002015330,E100002016836,City of Bengaluru,build-out,False
E100001014348,E100002015945,PCT,build-out,False
E100000002135,E100001015587,small shareholder(s),build-out,True
E100002015463,E100002015465,Grupo Corripio,build-out,False
E100001011137,E100002016284,Parallax Holdings,build-out,False
E100002021517,E100002021518,I Squared Capital,build-out,False
E100000000319,E100001015587,small shareholder(s),build-out,True
E100002016427,E100000123261,natural person(s),build-out,True
E100001014821,E100002022442,Alexander S. Onassis Foundation,build-out,False
E100002005601,E100002005602,Siddhartha Group,build-out,False
E100000003450,E100002015847,EN+ Teplo Volga,build-out,False
E100001001397,E100000002535,Heorot Power Holdings,build-out,False
E100002005715,E100002005717,CEMEX España,build-out,False
E100002001711,E100000131527,Dalmia Cement (Bharat),build-out,False
E100001010421,E100002011758,Elk Run Coal,build-out,False
E100000121380,E100000002078,Siberian Generating Company,build-out,False
E100002016868,E100002003264,Remondis,build-out,False
E100000190358,E100000123261,natural person(s),build-out,True
E100001001019,E100002024787,Alpullu Pancar Ekicileri,build-out,False
E100000132298,E100000123261,natural person(s),build-out,True
E100001014364,E100001014365,BlackRock Global Energy & Power Infrastructure Fund I,build-out,False
E100000003481,E100000001247,KKR & Co.,build-out,False
E100002015200,E100000123261,natural person(s),build-out,True
E100002016515,E100002017234,Generating Electric,build-out,False
E100000190332,E100002024862,Solví Participações,build-out,False
E100000000747,E100002016498,Bpifrance Participations,build-out,False
E100002016057,E100002016041,Merve Enterprises,build-out,False
E100001000747,E100002024587,ONC International Trading (Ningbo),build-out,False
E100001010116,E100001016677,Government of Italy,build-out,False
E100000001026,E100001015587,small shareholder(s),build-out,True
E100000003387,E100002018481,E.ON Energy Projects,build-out,False
E100000130016,E100000130394,Hubei Provincial People's Government State-owned Assets Supervision and Administration Commission,build-out,False
E100000121331,E100000001615,PGNiG Termika,build-out,False
E100002015612,E100002015613,Gezhouba Group Cement,build-out,False
E100000000770,E100001011662,UBS Europe,build-out,False
E100001014266,E100000000387,TotalEnergies,build-out,False
E100000127809,E100000130300,Yangcheng County Bureau of Industry and Information Technology,build-out,False
E100002007159,E100002007164,Silam Resources,build-out,False
E100001011064,E100000001155,Berkshire Hathaway,build-out,False
E100000191789,E100001015587,small shareholder(s),build-out,True
E100002016649,E100001015587,small shareholder(s),build-out,True
E100002008428,E100000132450,Packaging Corporation of America,build-out,False
E100002007002,E100002007003,ANS Capital,build-out,False
E100000128157,E100000128638,Chongqing Xinyu Investment (Group),build-out,False
E100002013739,E100001015587,small shareholder(s),build-out,True
E100001000328,E100000125903,Hong Kong Securities Clearing,build-out,False
E100002017819,E100002017820,Golf Investment Holding,build-out,False
E100001010839,E100002016520,Genesis Digital Assets,build-out,False
E100002000200,E100002021981,Allan & Gill Gray Foundation,build-out,False
E100001014610,E100002017665,Sphinx EG,build-out,False
E100002005206,E100001014233,BG Group,build-out,False
E100002016721,E100002016722,Kom9 Verwaltungs,build-out,False
E100002016620,E100002016623,Efin,build-out,False
E100002007296,E100002007297,Fijian Holdings,build-out,False
E100000126279,E100000123261,natural person(s),build-out,True
E100000003564,E100000152192,Partners Group Holding,build-out,False
E100000135814,E100002016795,Grantham Mayo Van Otterloo &,build-out,False
E100000125323,E100000125370,Chongqing Dongyin Tianxin Industry,build-out,False
E100002021322,E100002021601,Kibing Group (M),build-out,False
E100002020077,E100001014799,GasInvest,build-out,False
E100001016832,E100000123261,natural person(s),build-out,True
E100001013495,E100002024568,PT Agata Nugraha Nastari,build-out,False
E100002006132,E100002006133,Century Peak Holdings,build-out,False
E100002016234,E100002016927,TCG Holdings,build-out,False
E100002021863,E100002022020,Wenox Holdings,build-out,False
E100001014203,E100000123261,natural person(s),build-out,True
E100000002486,E100002016197,Industrial Promotion Services (West Africa),build-out,False
E100002005727,E100001015587,small shareholder(s),build-out,True
E100001010050,E100001015587,small shareholder(s),build-out,True
E100002006057,E100002006059,Fortaleza Materiales,build-out,False
E100000188771,E100000189021,Huaying Investment Holding Group,build-out,False
E100002025225,E100002025226,Stonepeak GP Holdings III,build-out,False
E100002016924,E100001015587,small shareholder(s),build-out,True
E100000003879,E100002024472,Government of Rajasthan,build-out,False
E100000126529,E100000125036,Sinochem Group,build-out,False
E100001014864,E100001014865,Belneftekhim Concern GP,build-out,False
E100000003832,E100002015196,NEL Power Holdings,build-out,False
E100000120214,E100000001371,Aboitiz Power,build-out,False
E100001001036,E100000003873,RWE Generation,build-out,False
E100002007108,E100002007109,Libya Holdings Group,build-out,False
E100000003357,E100002016502,Parsian Energy Management Development,build-out,False
E100001015208,E100001015587,small shareholder(s),build-out,True
E100000188387,E100002000445,Citibank Nominees Singapore,build-out,False
E100002019602,E100002021546,Government of Palestine,build-out,False
E100002021305,E100002021513,Pacifico Energy Group,build-out,False
E100002012003,E100000123261,natural person(s),build-out,True
E100002006768,E100000123261,natural person(s),build-out,True
E100000151666,E100002011717,Kanton of Basel-Stadt,build-out,False
E100000001454,E100001015587,small shareholder(s),build-out,True
E100002007461,E100000123261,natural person(s),build-out,True
E100002005601,E100002005603,Kedia Group,build-out,False
E100002005176,E100001015587,small shareholder(s),build-out,True
E100002019403,E100000150031,Alberta Teachers Retirement Fund (ATRF),build-out,False
E100002019782,E100001000085,Government of Norway,build-out,False
E100001014821,E100001000348,BlackRock,build-out,False
E100000002514,E100000002200,City of Alexandria (Louisiana),build-out,False
E100002006408,E100002006398,Groupe industriel des ciments d'Algérie,build-out,False
E100001014111,E100001000827,Andhra Pradesh Power Generation,build-out,False
E100000131344,E100002009374,PT Mitrabara Adiperdana,build-out,False
E100002011885,E100000123261,natural person(s),build-out,True
E100002000451,E100001015587,small shareholder(s),build-out,True
E100002006000,E100002002419,Vicat,build-out,False
E100002009523,E100000000902,Indorama,build-out,False
E100002016952,E100002003521,Shanghai Industrial Holdings,build-out,False
E100000186635,E100001000370,Government of Pakistan,build-out,False
E100002012036,E100000000863,Territorial Generating Company No 2,build-out,False
E100002007133,E100002007135,Talentis International Construction Investments,build-out,False
E100001014604,E100001015278,ONEOK,build-out,False
E100000002905,E100001014613,Egyptian Natural Gas,build-out,False
E100001016058,E100001015838,Phillips 66 Partners,build-out,False
E100002015695,E100000123261,natural person(s),build-out,True
E100000120124,E100000123261,natural person(s),build-out,True
E100001015281,E100000192495,ONGC-Videsh,build-out,False
E100002017686,E100002017693,Gh Bio-Power,build-out,False
E100000133542,E100002022203,Daiichi Life Group,build-out,False
E100002001393,E100002021795,Cosan Nove Participações,build-out,False
E100002007293,E100002007295,Rajesh Metal Crafts,build-out,False
E100000127016,E100000123261,natural person(s),build-out,True
E100001014505,E100002022328,Partler Participaciones,build-out,False
E100001014482,E100000000118,Inter Pipeline,build-out,False
E100000120615,E100002018828,Qingshan Industrial,build-out,False
E100002016442,E100002016446,Holding Company Interros,build-out,False
E100002019592,E100002019593,EIV Capital,build-out,False
E100002017140,E100000120506,Global Yatırım Holding,build-out,False
E100002005585,E100002005587,Saudi BinLadin Group,build-out,False
E100002015711,E100000123261,natural person(s),build-out,True
E100002008598,E100000123261,natural person(s),build-out,True
E100000190098,E100002025097,Tramontina S.A. Cutelaria,build-out,False
E100000002169,E100001000089,Canada Pension Plan Investment,build-out,False
E100002016471,E100002016484,Stellantis Polska,build-out,False
E100002004764,E100002025219,Calcasieu Pass Pledgor,build-out,False
E100000003009,E100002024649,Mobil Erdgas Verwaltungsgesellschaft,build-out,False
E100002006524,E100001015587,small shareholder(s),build-out,True
E100002007946,E100002025009,George Kaiser Family Foundation,build-out,False
E100002000351,E100002021872,TU Allianz Życie Polska,build-out,False
E100000003061,E100002017765,Synergy Investments Holding,build-out,False
E100002006577,E100001000531,JSW Cement,build-out,False
E100002007275,E100002007276,Endowment Fund for the Rehabilitation of Tigray,build-out,False
E100000000347,E100001015587,small shareholder(s),build-out,True
E100002017147,E100002017151,Citibank,build-out,False
E100002009947,E100002016759,Porres Group,build-out,False
E100000000372,E100001015587,small shareholder(s),build-out,True
E100002009942,E100000123261,natural person(s),build-out,True
E100001015413,E100000000746,Shell,build-out,False
E100001011197,E100000123261,natural person(s),build-out,True
E100001015203,E100000000781,OQ,build-out,False
E100002005964,E100002005717,CEMEX España,build-out,False
E100002007448,E100001015587,small shareholder(s),build-out,True
E100001000604,E100002022704,JTC,build-out,False
E100002016305,E100001015587,small shareholder(s),build-out,True
E100002005155,E100000000846,QatarEnergy,build-out,False
E100000002162,E100002015805,Atlantica Sustainable Infrastructure Group,build-out,False
E100002005127,E100002005132,Ninety One Group,build-out,False
E100000134468,E100002017207,Jakel Capital,build-out,False
E100000000479,E100002022268,Beijing Enterprises Holdings,build-out,False
E100002005481,E100002005243,Buzzi,build-out,False
E100000121035,E100002017195,PT Hero Inti Pratama,build-out,False
E100002015608,E100002015610,City of Sucre,build-out,False
E100002015891,E100000123261,natural person(s),build-out,True
E100000000050,E100001010234,Goldman Sachs Group,build-out,False
E100001014312,E100001015587,small shareholder(s),build-out,True
E100002007947,E100002025008,Excelerate Holdings,build-out,False
E100001014630,E100001014633,Saudi Paper Manufacturing,build-out,False
E100002007454,E100002007455,Mashav - Initiating And Development,build-out,False
E100000003877,E100000000649,Marubeni,build-out,False
E100001015617,E100001000730,National Pension Service (South Korea),build-out,False
E100002007357,E100000001107,European Bank for Reconstruction and Development,build-out,False
E100002019496,E100000120508,Golden Concord Holdings,build-out,False
E100000125325,E100001015587,small shareholder(s),build-out,True
E100002015236,E100001000208,Constellation Energy,build-out,False
E100002016647,E100001010595,The Vanguard Group,build-out,False
E100000131392,E100001015587,small shareholder(s),build-out,True
E100002016666,E100002017136,VibroPower Corporation,build-out,False
E100001010271,E100001000286,Dynamo Administracao de Recursos,build-out,False
E100000133116,E100000000724,Office National de l'Electricité et de l'Eau Potable (Morocco),build-out,False
E100002015359,E100002005092,Aalborg Portland Holding,build-out,False
E100002005885,E100002005887,RC Lonestar,build-out,False
E100002016271,E100000139852,JPMorgan Chase Bank,build-out,False
E100000001247,E100000123261,natural person(s),build-out,True
E100000003545,E100000001322,Vistra,build-out,False
E100000131824,E100002012059,Luchshee Reshenie,build-out,False
E100001010296,E100002016465,Fundacion Jose Luis Gabriel,build-out,False
E100000003527,E100001015587,small shareholder(s),build-out,True
E100001011006,E100000000652,Nippon Steel,build-out,False
E100000000021,E100001015587,small shareholder(s),build-out,True
E100001000641,E100001015587,small shareholder(s),build-out,True
E100002024380,E100000123261,natural person(s),build-out,True
E100002005127,E100001016501,Standard Bank Group,build-out,False
E100000132026,E100000132021,PT Pacific Samudra Perkasa,build-out,False
E100000000561,E100001015587,small shareholder(s),build-out,True
E100001015098,E100001000348,BlackRock,build-out,False
E100001015312,E100001015313,TROF,build-out,False
E100001010886,E100002001974,member/employee owned,build-out,False
E100001014630,E100001014634,Arab Paper Manufacturing,build-out,False
E100000190364,E100002024884,Central Açucareira Santo Antônio,build-out,False
E100000000893,E100002021869,Abunayyan Holding,build-out,False
E100002019673,E100000128088,TSINGSHAN Holding Group,build-out,False
E100002011960,E100000123261,natural person(s),build-out,True
E100000190138,E100002024980,Aegea Saneamento e Participações,build-out,False
E100002021528,E100002021666,Citadel Securities GP,build-out,False
E100002003441,E100001014737,Igneo Infrastructure Partners,build-out,False
E100000121020,E100002024548,Lygend Resources & Technology,build-out,False
E100000001813,E100001015805,CS Energia,build-out,False
E100000152186,E100002017106,Heineken Holding,build-out,False
E100002017760,E100000123261,natural person(s),build-out,True
E100002022711,E100000001015,Formosa Plastics,build-out,False
E100002016032,E100000000585,Delek Group,build-out,False
E100002004155,E100002016433,Y F Chee Holdings,build-out,False
E100000188975,E100001014821,GasLog,build-out,False
E100002016814,E100000123261,natural person(s),build-out,True
E100001010711,E100002021936,Master Year,build-out,False
E100000002907,E100002024419,Clearway West Holdings,build-out,False
E100000000893,E100002021870,Al Muhaidib Group,build-out,False
E100002007876,E100002007877,Pan American Sur,build-out,False
E100002016861,E100000123261,natural person(s),build-out,True
E100002017730,E100002017731,Onward Energy Financial Holdco,build-out,False
E100002016670,E100002016671,Asia Biogas Singapore,build-out,False
E100002005205,E100000123261,natural person(s),build-out,True
E100002021131,E100000129143,China Investment,build-out,False
E100002007136,E100002007137,Luks Group (Vietnam Holdings),build-out,False
E100002004063,E100000001180,Chevron USA,build-out,False
E100002024960,E100002024963,Fengate Cogen BlockerCo,build-out,False
E100000001768,E100001010428,JP Morgan Nominees Australia,build-out,False
E100001015935,E100001014359,Government of Canada,build-out,False
E100002016677,E100000000955,SK Gas,build-out,False
E100002019810,E100001015587,small shareholder(s),build-out,True
E100002016858,E100002017137,Kartallar Holding,build-out,False
E100002016271,E100001015587,small shareholder(s),build-out,True
E100002007074,E100002015717,Al Mada,build-out,False
E100000004239,E100000121395,TTCL,build-out,False
E100000004347,E100002015659,Npl Energy Holdings,build-out,False
E100000132677,E100001000065,Bioenergia Barra,build-out,False
E100002021959,E100000153201,Fluxys,build-out,False
E100002016811,E100000123261,natural person(s),build-out,True
E100002017315,E100002017316,T S Global Minerals Holdings,build-out,False
E100002015485,E100002017083,Blue Ocean Biotech,build-out,False
E100000190312,E100002025094,CD Administração e Participação,build-out,False
E100002005105,E100000123261,natural person(s),build-out,True
E100000002364,E100001015587,small shareholder(s),build-out,True
E100000002770,E100002011797,Meshek Energy - Renewable Energies,build-out,False
E100002006304,E100002006305,Akirasap Construction,build-out,False
E100002020078,E100002003927,EMG Fund II Management,build-out,False
E100002004327,E100002004328,Vector Investment Holdings,build-out,False
E100002002722,E100002022388,Low Carbon Holdco,build-out,False
E100000188634,E100000000555,National Iranian Gas,build-out,False
E100002006069,E100002006070,Al-Abdullatif Group Holding,build-out,False
E100002025042,E100002025043,BlackRock Holdco 6,build-out,False
E100002017062,E100002017063,La Banque Postale,build-out,False
E100002004498,E100002004502,Invexans,build-out,False
E100001014645,E100001015587,small shareholder(s),build-out,True
E100000002905,E100002008793,Sidi Kerir Petrochemicals,build-out,False
E100002007033,E100001010360,Luossavaara-Kiirunavaara,build-out,False
E100002016143,E100002017059,City of Omuta,build-out,False
E100000002134,E100001015587,small shareholder(s),build-out,True
E100000003587,E100000000565,Persian Gulf Petrochemical Industries,build-out,False
E100000148900,E100001000148,Government of Egypt,build-out,False
E100001014361,E100000000112,Enbridge,build-out,False
E100002006486,E100002006492,Arab Petroleum Investments,build-out,False
E100002024646,E100002024647,Aliança Battistella Agro Pastoril e Administradora de Bens,build-out,False
E100001011297,E100002009060,JSC Uzbekenergo,build-out,False
E100000120652,E100002016057,Andrat Holdings,build-out,False
E100002005788,E100001000268,CEMROS,build-out,False
E100002006339,E100000123261,natural person(s),build-out,True
E100002022220,E100002022222,Noverco,build-out,False
E100002015703,E100002006851,International Cement Group,build-out,False
E100000126073,E100001015587,small shareholder(s),build-out,True
E100002011721,E100000132633,EEW Energy From Waste,build-out,False
E100002016216,E100002016707,Sobono,build-out,False
E100002005908,E100002005909,CEMEX,build-out,False
E100002005185,E100000000414,Heidelberg Materials,build-out,False
E100000001705,E100000001302,Tenaska Energy,build-out,False
E100002016528,E100001015601,Aradel Energy,build-out,False
E100002015778,E100000123261,natural person(s),build-out,True
E100000120618,E100000128088,TSINGSHAN Holding Group,build-out,False
E100002015128,E100002017057,Grupo Cadelga,build-out,False
E100002002624,E100002001512,Adbri,build-out,False
E100001014437,E100002005012,ENI UK,build-out,False
E100002016001,E100002016314,Power International USA,build-out,False
E100000003939,E100000001023,B.Grimm Power,build-out,False
E100001000441,E100001015587,small shareholder(s),build-out,True
E100002016893,E100000123261,natural person(s),build-out,True
E100000131392,E100002009413,Stonehage Fleming Investment Management,build-out,False
E100001011389,E100002016533,GPL Ingen Power,build-out,False
E100002010825,E100001001106,PT Bayan Resources,build-out,False
E100001014633,E100001015587,small shareholder(s),build-out,True
E100002019744,E100002007558,Jamnalal Sons,build-out,False
E100002002392,E100002002395,Wagners Holding,build-out,False
E100002016943,E100001015587,small shareholder(s),build-out,True
E100002015719,E100000123261,natural person(s),build-out,True
E100002005887,E100002005243,Buzzi,build-out,False
E100002016257,E100001015587,small shareholder(s),build-out,True
E100000131625,E100000123261,natural person(s),build-out,True
E100000001552,E100001010708,POSCO International,build-out,False
E100001015391,E100001010428,JP Morgan Nominees Australia,build-out,False
E100002006988,E100000123261,natural person(s),build-out,True
E100000001245,E100001000348,BlackRock,build-out,False
E100002010753,E100001001106,PT Bayan Resources,build-out,False
E100000001276,E100001014849,FMR,build-out,False
E100001010007,E100002021916,Essess Aluminum Holdings,build-out,False
E100000000879,E100000123261,natural person(s),build-out,True
E100001015423,E100001015157,K&O Energy Group,build-out,False
E100000000172,E100000179968,National Council for Social Security Fund,build-out,False
E100000121154,E100000120373,EVNGENCO 1,build-out,False
E100002016620,E100002016632,Belfius Bank,build-out,False
E100000132609,E100001014506,Novonor,build-out,False
E100000004278,E100001015587,small shareholder(s),build-out,True
E100002006265,E100002000297,National Cement Company,build-out,False
E100002005712,E100000000414,Heidelberg Materials,build-out,False
E100001015294,E100001015278,ONEOK,build-out,False
E100002015472,E100000123261,natural person(s),build-out,True
E100002019407,E100002022452,Ofer Global group,build-out,False
E100002015201,E100002015341,SNJ Sugars and Products,build-out,False
E100002015683,E100002015684,Compañía de Cemento Camba,build-out,False
E100000120488,E100002016294,Ministry of Finance and Public Credit (Colombia),build-out,False
E100002006088,E100001014013,Administracion Nacional de Combustibles Alcohol y Portland,build-out,False
E100000001265,E100001014861,Rubric Capital Management,build-out,False
E100000000619,E100002016899,City of Bologna,build-out,False
E100001013538,E100002010757,PT Bhakti Panjiwira,build-out,False
E100002009263,E100002009265,Aegle Cherry,build-out,False
E100000190100,E100002024697,GS Inima Brasil,build-out,False
E100000191789,E100002021549,Netwealth Investments,build-out,False
E100000000943,E100002025200,IMM,build-out,False
E100002022089,E100001010702,Gazprom Energoholding,build-out,False
E100002016218,E100000133798,Vidullanka,build-out,False
E100001000789,E100000123261,natural person(s),build-out,True
E100001015281,E100000000173,China Petrochemical,build-out,False
E100000131353,E100002022581,HPRY Holdings,build-out,False
E100002025222,E100001014832,Venture Global LNG,build-out,False
E100000120430,E100000123261,natural person(s),build-out,True
E100000120182,E100002009442,Business Venture Investments No. 973,build-out,False
E100000000077,E100002025149,Alaska Investimentos,build-out,False
E100002007657,E100000001247,KKR & Co.,build-out,False
E100001014879,E100001014880,SUDAPET,build-out,False
E100000128638,E100000123424,China's Agriculture Development Key Construction Fund,build-out,False
E100002019281,E100002019607,Tumen Ayl Coal,build-out,False
E100002005784,E100001015587,small shareholder(s),build-out,True
E100002022397,E100002022402,Wren House Infrastructure Gp,build-out,False
E100000120776,E100002024871,LOTTE Property & Development,build-out,False
E100001014712,E100001014718,Zubita Investments Holding,build-out,False
E100002006235,E100002006236,Hong Leong Corporation Holdings,build-out,False
E100002008949,E100002017146,Broadrock Biopower I,build-out,False
E100002017580,E100000123261,natural person(s),build-out,True
E100002010786,E100001013619,PT Bhakti Coal Resources,build-out,False
E100002015411,E100000149649,AFG Holding,build-out,False
E100001014432,E100001015587,small shareholder(s),build-out,True
E100002020994,E100002021641,PG Energia,build-out,False
E100000190247,E100000123261,natural person(s),build-out,True
E100000190228,E100002024382,4F Capital,build-out,False
E100001015106,E100001000255,Government of Iran,build-out,False
E100000004243,E100002015195,Woodrock Energy Resources,build-out,False
E100000131963,E100000123261,natural person(s),build-out,True
E100002016334,E100000123261,natural person(s),build-out,True
E100002007266,E100002007267,Stein und Krogbeumker,build-out,False
E100002016154,E100002016615,Prefecture of Hiroshima,build-out,False
E100001013701,E100000121182,RioZim,build-out,False
E100000001043,E100002017480,Adelfos,build-out,False
E100000000091,E100002016226,Vila Velha S.A. Administração e Participações,build-out,False
E100000190077,E100002024301,Grupo Balbo Hm Empreendimentos,build-out,False
E100000002086,E100001015587,small shareholder(s),build-out,True
E100002006883,E100000131458,CRH,build-out,False
E100002007272,E100002007274,Pan-United,build-out,False
E100001015045,E100001010428,JP Morgan Nominees Australia,build-out,False
E100000000856,E100000001471,En+ Group,build-out,False
E100002004457,E100001015587,small shareholder(s),build-out,True
E100000001129,E100002001974,member/employee owned,build-out,False
E100000003791,E100002018695,More Provident Funds & Pension,build-out,False
E100001010700,E100002017576,Rosmiro Investments,build-out,False
E100001015697,E100001000370,Government of Pakistan,build-out,False
E100002016315,E100002016318,Kalyon İnşaat Sanayi Ve Ticaret,build-out,False
E100001014837,E100001014834,Gaznat,build-out,False
E100002019612,E100000148900,Egyptian Natural Gas Holding,build-out,False
E100002017669,E100000000975,Iberdrola,build-out,False
E100000120156,E100001000516,JSW Steel,build-out,False
E100000003299,E100002024446,Indeck Energy Services of Corinth,build-out,False
E100002008953,E100002016794,IPGC Fresno,build-out,False
E100000120419,E100001015587,small shareholder(s),build-out,True
E100000134742,E100000001086,Mubadala Investment Company,build-out,False
E100002004375,E100000000827,ORLEN,build-out,False
E100000190090,E100000123261,natural person(s),build-out,True
E100000003062,E100002017765,Synergy Investments Holding,build-out,False
E100002016142,E100000000648,Kyushu Electric Power,build-out,False
E100002005954,E100002005959,Ciments de L'Atlas,build-out,False
E100002005103,E100000123261,natural person(s),build-out,True
E100002007080,E100002007081,Yunnan Qianhan Technology Network,build-out,False
E100000134222,E100000123261,natural person(s),build-out,True
E100001016033,E100002025140,Equus Energy,build-out,False
E100000128153,E100000123427,ICBC Financial Asset Investment,build-out,False
E100000003835,E100002024470,Government of National Capital Territory of Delhi,build-out,False
E100000129317,E100000123261,natural person(s),build-out,True
E100002016367,E100002016370,Atlas Capital Resources GP,build-out,False
E100001000779,E100001000407,Anglo American,build-out,False
E100002005925,E100000131458,CRH,build-out,False
E100002014004,E100002025133,EHIL Southern Cone,build-out,False
E100002023161,E100002024130,Exergy Africa,build-out,False
E100002005889,E100002005890,New Group,build-out,False
E100002006313,E100002006314,San Miguel Equity Investments,build-out,False
E100001012003,E100000000901,Huadian Singapore Jiening,build-out,False
E100002000664,E100002016136,Oriental Kompani,build-out,False
E100000000857,E100002017574,GSR Energy Investments,build-out,False
E100002016877,E100002016879,District of Düren,build-out,False
E100001015806,E100000001197,EIG Global Energy Partners,build-out,False
E100002010763,E100001013664,Altura Asia,build-out,False
E100000131509,E100002017643,AMR Investment,build-out,False
E100001014136,E100000000888,Saudi Arabian Oil,build-out,False
E100002002995,E100002017104,City of Kalmar,build-out,False
E100001010853,E100000123261,natural person(s),build-out,True
E100000004351,E100002016089,Cornerstone Crest,build-out,False
E100002003441,E100000123261,natural person(s),build-out,True
E100001015976,E100002017813,Fonds de solidarité FTQ,build-out,False
E100002005079,E100002005080,ASO,build-out,False
E100001015839,E100000000245,PetroChina,build-out,False
E100001011030,E100001000348,BlackRock,build-out,False
E100000001235,E100001014141,Wellington Management Group,build-out,False
E100000003489,E100002024938,Lockport Energy,build-out,False
E100000125967,E100001000730,National Pension Service (South Korea),build-out,False
E100002004274,E100002016544,Holding Mining Company,build-out,False
E100000121064,E100001015587,small shareholder(s),build-out,True
E100000121155,E100002025194,Quezon Power,build-out,False
E100001013669,E100001015587,small shareholder(s),build-out,True
E100001015620,E100001015621,Empire Paloma,build-out,False
E100000132330,E100000123261,natural person(s),build-out,True
E100002012105,E100000001148,Atlas Holdings,build-out,False
E100002005869,E100001015587,small shareholder(s),build-out,True
E100002015188,E100002004426,British Columbia Investment Management,build-out,False
E100001014765,E100001016035,Western Midstream Partners,build-out,False
E100000001895,E100001000348,BlackRock,build-out,False
E100000002328,E100001015587,small shareholder(s),build-out,True
E100002007080,E100001015587,small shareholder(s),build-out,True
E100002015612,E100000187489,China Gezhouba Group Overseas Investment,build-out,False
E100002016932,E100002017685,Gemini Energy,build-out,False
E100002021514,E100000001158,Blackstone,build-out,False
E100002015629,E100000123261,natural person(s),build-out,True
E100000153072,E100001015587,small shareholder(s),build-out,True
E100002000401,E100002003458,Jardine-Davies Investments,build-out,False
E100000131546,E100001015587,small shareholder(s),build-out,True
E100000132160,E100000123261,natural person(s),build-out,True
E100000001133,E100002022295,Edgepoint Investment Group,build-out,False
E100002016228,E100000123261,natural person(s),build-out,True
E100002016103,E100000000658,Tohoku Electric Power,build-out,False
E100000003357,E100000001954,Energy Development North & South,build-out,False
E100001000776,E100002024719,Mitsui & (Australia),build-out,False
E100002021649,E100002021650,NFE Sub,build-out,False
E100002005814,E100002005815,Fars & Khuzestan Cement,build-out,False
E100001000937,E100001010595,The Vanguard Group,build-out,False
E100000130614,E100000123261,natural person(s),build-out,True
E100001011886,E100001011887,Government of the Republic of Liberia,build-out,False
E100002015680,E100001000278,Government of Iraq,build-out,False
E100002016023,E100002022198,Enstor Pipeline Holdings,build-out,False
E100001014266,E100000000505,MOL Magyar Olajes Gazipari,build-out,False
E100002025227,E100002025228,Stonepeak GP Investors Holdings,build-out,False
E100000126073,E100000125246,Sinochem Holdings,build-out,False
E100002007074,E100001000571,Holcim,build-out,False
E100002005887,E100002005888,Dyckerhoff,build-out,False
E100002025148,E100001015098,Ultrapar Participações,build-out,False
E100001000350,E100001015587,small shareholder(s),build-out,True
E100001014764,E100000001282,Phillips 66,build-out,False
E100002004936,E100002004937,Hunt Consolidated,build-out,False
E100002023239,E100002023243,Rs Holdings,build-out,False
E100000121017,E100002007801,PT Kalibiru Sulawesi Abadi,build-out,False
E100002016383,E100002016384,Bridgepoint Group,build-out,False
E100000001309,E100001010596,State Street,build-out,False
E100000121118,E100000123261,natural person(s),build-out,True
E100000133835,E100000001078,Abu Dhabi National Energy Company,build-out,False
E100002004504,E100002004505,Luksburg Foundation,build-out,False
E100002016781,E100000123261,natural person(s),build-out,True
E100002016526,E100001000113,Celulosa Arauco y Constitución,build-out,False
E100000001276,E100001000348,BlackRock,build-out,False
E100002017569,E100002017570,A.P. Moller Foundation,build-out,False
E100002015538,E100002004543,Ingenieria Estrella,build-out,False
E100002015401,E100002015402,Multi Group,build-out,False
E100002004906,E100000131937,Mongolian Mining,build-out,False
E100000000740,E100001014679,Government of the Netherlands,build-out,False
E100002015622,E100002016576,Indian Bank,build-out,False
E100002006677,E100002005627,Asia Cement,build-out,False
E100000132373,E100002009300,PT Jhonlin Baratama,build-out,False
E100002009681,E100000123261,natural person(s),build-out,True
E100002007373,E100002007531,Sharif Development and Supply,build-out,False
E100002016205,E100001015587,small shareholder(s),build-out,True
E100000000464,E100001012491,Social Security and National Insurance Trust (Ghana),build-out,False
E100000131028,E100002016170,Podvizhnik,build-out,False
E100002021813,E100002022843,Ping An Asset Management,build-out,False
E100002006361,E100000121067,PT Semen Indonesia (Persero),build-out,False
E100000001284,E100002023077,H.I.G. Capital,build-out,False
E100000003307,E100002024678,INEOS Deutschland,build-out,False
E100000003303,E100002024453,Indeck-Yerkes Cogeneration,build-out,False
E100000003575,E100002024957,Gate City Power - NE Generation,build-out,False
E100002007205,E100001010595,The Vanguard Group,build-out,False
E100002016838,E100002016839,Fiducie Biothermica,build-out,False
E100002010316,E100000132355,White Forest Resources,build-out,False
E100000003337,E100002017574,GSR Energy Investments,build-out,False
E100000131678,E100002017524,Southern African Clothing and Textile Workers Union,build-out,False
E100002007314,E100001015587,small shareholder(s),build-out,True
E100002017269,E100002017270,Groupe BOCOM,build-out,False
E100001014142,E100002017724,ADZ Energy,build-out,False
E100002001214,E100000123261,natural person(s),build-out,True
E100001015992,E100000000874,Rosneft,build-out,False
E100000131604,E100001015587,small shareholder(s),build-out,True
E100000191789,E100001010427,HSBC Custody Nominees (Australia),build-out,False
E100001010420,E100000123261,natural person(s),build-out,True
E100002019388,E100001015587,small shareholder(s),build-out,True
E100001010668,E100001015587,small shareholder(s),build-out,True
E100000002769,E100002001974,member/employee owned,build-out,False
E100002006375,E100002006378,Deshbandhu Sugar Mills,build-out,False
E100001014382,E100001014325,Plains All American Pipeline,build-out,False
E100002006284,E100001015587,small shareholder(s),build-out,True
E100002003769,E100002018716,Ivanhoe Atlantic,build-out,False
E100001013134,E100002015639,Brockwell Energy Group,build-out,False
E100002021333,E100001001205,Babcock & Wilcox Enterprises,build-out,False
E100002006269,E100001015587,small shareholder(s),build-out,True
E100002016877,E100002016880,District of Euskirchen,build-out,False
E100000120117,E100002017822,"Ministry of Power, Energy and Mineral Resources",build-out,False
E100002017693,E100002017697,Gresham House (Nominees),build-out,False
E100000000764,E100001015587,small shareholder(s),build-out,True
E100001010868,E100002018827,Financial Resources Group,build-out,False
E100002006775,E100002005196,Schwenk Zement Beteiligungen,build-out,False
E100002016269,E100000123261,natural person(s),build-out,True
E100002013977,E100002016952,SIIC Environment Holdings,build-out,False
E100001001070,E100002003008,AMF Fonder,build-out,False
E100002007462,E100001015587,small shareholder(s),build-out,True
E100000151586,E100001010595,The Vanguard Group,build-out,False
E100002007285,E100000123261,natural person(s),build-out,True
E100002006190,E100002006192,Sky Pak Holding,build-out,False
E100000130785,E100001010777,Government of Poland,build-out,False
E100002016609,E100002017219,Amat Abadi,build-out,False
E100002015348,E100002017028,STFL Trading and Finance,build-out,False
E100001015667,E100000001275,PBF Energy,build-out,False
E100002016669,E100000133522,KLP Norfund Investments,build-out,False
E100002004984,E100000000746,Shell,build-out,False
E100002008864,E100002017004,NPS Capital,build-out,False
E100001014697,E100001015587,small shareholder(s),build-out,True
E100000001139,E100001015587,small shareholder(s),build-out,True
E100001000618,E100002008182,PCD Nominee (Filipino),build-out,False
E100002004502,E100001015587,small shareholder(s),build-out,True
E100000001157,E100001010596,State Street,build-out,False
E100000003826,E100002012101,Blackstone Energy Transition Partners IV,build-out,False
E100000001641,E100001011259,Ministry of Economics (Latvia),build-out,False
E100000132016,E100001015587,small shareholder(s),build-out,True
E100000131888,E100000131716,Itochu Coal Resources Australia,build-out,False
E100000001283,E100001010595,The Vanguard Group,build-out,False
E100002015947,E100000123261,natural person(s),build-out,True
E100002015818,E100000123261,natural person(s),build-out,True
E100000155371,E100002011892,Orix Corporation Europe,build-out,False
E100000001688,E100001015587,small shareholder(s),build-out,True
E100002005247,E100002005110,Titan Cement Company,build-out,False
E100001013270,E100001015587,small shareholder(s),build-out,True
E100002022006,E100000123261,natural person(s),build-out,True
E100002016809,E100002001934,Artisan Partners Asset Management,build-out,False
E100002022908,E100000123261,natural person(s),build-out,True
E100002015636,E100002016903,New India Retailing & Investment,build-out,False
E100002015998,E100000123261,natural person(s),build-out,True
E100002004187,E100001015587,small shareholder(s),build-out,True
E100001014423,E100001014424,Enterprise Midstream Companies,build-out,False
E100002006131,E100001010595,The Vanguard Group,build-out,False
E100000120951,E100002024791,Burak Altay,build-out,False
E100001016427,E100002021919,Indenelem establishment,build-out,False
E100002001108,E100002016892,Melstacorp,build-out,False
E100002015407,E100002017030,Celebrity Group,build-out,False
E100000190337,E100000123261,natural person(s),build-out,True
E100000131227,E100001015725,CEF SOC,build-out,False
E100002007101,E100002006912,Karoon Cement,build-out,False
E100000003952,E100001015587,small shareholder(s),build-out,True
E100002017613,E100000123261,natural person(s),build-out,True
E100002015154,E100000000671,Samruk-Kazyna,build-out,False
E100001011985,E100001014434,T. Rowe Price Investment Management,build-out,False
E100000002764,E100002024610,DS Smith Packaging Deutschland,build-out,False
E100000128153,E100000123583,Guizhou Panjiang Investment Holding (Group),build-out,False
E100001016013,E100002001293,Viva Energy Group,build-out,False
E100000132869,E100000132845,Domtar,build-out,False
E100002010547,E100002011950,Pégase 53,build-out,False
E100002016544,E100000002088,Severstal,build-out,False
E100000191789,E100002021548,Jeach,build-out,False
E100000003312,E100002024898,"Cobra Servicios, Comunicaciones y Energía",build-out,False
E100002010768,E100001013664,Altura Asia,build-out,False
E100000188824,E100000000660,Tokyo Gas,build-out,False
E100002016646,E100002017147,Citigroup Nominees (Asing),build-out,False
E100000190146,E100000123261,natural person(s),build-out,True
E100000000990,E100001015587,small shareholder(s),build-out,True
E100000125371,E100000123261,natural person(s),build-out,True
E100000132877,E100000134944,CPFL Energias Renováveis,build-out,False
E100001011690,E100001010596,State Street,build-out,False
E100001015557,E100000151441,Pension Danmark,build-out,False
E100000000481,E100002022215,The Mikado Private Trust,build-out,False
E100002016669,E100000185990,Berkeley Partners,build-out,False
E100002016208,E100000000566,Saba Power and Energy Group,build-out,False
E100002016518,E100002016519,Ciner Soda Holdings (Uk),build-out,False
E100002011872,E100000132138,Robindale Energy Services,build-out,False
E100001014067,E100001014069,BP Exploration Operating Company,build-out,False
E100000000563,E100001015720,Pars Aryan Investment,build-out,False
E100001015265,E100001015262,M Vest Energy,build-out,False
E100002020926,E100002020902,Belfast Gas Transmission Holdings,build-out,False
E100002007304,E100000123261,natural person(s),build-out,True
E100002008955,E100002016978,Mott Children’s Health Center,build-out,False
E100000001803,E100000188767,Grupo Vale Azul Participações,build-out,False
E100002006696,E100002006221,Tehran Cement,build-out,False
E100002016829,E100001015587,small shareholder(s),build-out,True
E100002016667,E100000123261,natural person(s),build-out,True
E100002007255,E100000123261,natural person(s),build-out,True
E100001016138,E100001000056,Royal Golden Eagle,build-out,False
E100002020890,E100002021617,E-Infra,build-out,False
E100002016791,E100000133123,Obayashi,build-out,False
E100002005942,E100000123261,natural person(s),build-out,True
E100002004332,E100000000013,YPF,build-out,False
E100000002859,E100002018550,Power Holding,build-out,False
E100002016652,E100002016653,City of Magdeburg,build-out,False
E100000125370,E100000125389,Chongqing Yujian Holding (Group),build-out,False
E100000122704,E100000123749,Weifang Chenchuang Equity Investment Fund Partnership,build-out,False
E100000002606,E100002024335,CPV Three Rivers Investment,build-out,False
E100000132107,E100002022229,Discovery Capital Management,build-out,False
E100000120636,E100002008189,Zuma Energy Nigeria,build-out,False
E100000002330,E100000150238,Infraestructura Energética Nova,build-out,False
E100000002328,E100001014861,Rubric Capital Management,build-out,False
E100000001183,E100000001305,AES,build-out,False
E100002006680,E100002006690,Sazman Tose Maskan Iran,build-out,False
E100002000664,E100000123261,natural person(s),build-out,True
E100002006429,E100001015587,small shareholder(s),build-out,True
E100002014202,E100002016657,SWN Stadtwerke Neumünster Beteiligungen,build-out,False
E100001015993,E100000000746,Shell,build-out,False
E100001014129,E100001010596,State Street,build-out,False
E100002012104,E100002012107,ACR IV (AP) Frontier,build-out,False
E100001014669,E100000001835,Empresa Nacional del Petróleo,build-out,False
E100002015668,E100001000571,Holcim,build-out,False
E100001016056,E100000003931,SK E&S,build-out,False
E100001010387,E100001013231,J-Power Australia,build-out,False
E100002015431,E100001000094,Government of Russia,build-out,False
E100000002774,E100000000946,Korea East-West Power,build-out,False
E100002016528,E100001015602,First Exploration & Petroleum Development,build-out,False
E100000001691,E100000001690,Summit,build-out,False
E100001000049,E100001000348,BlackRock,build-out,False
E100002005151,E100002005152,Goldman Sachs & Co.,build-out,False
E100002006842,E100001015587,small shareholder(s),build-out,True
E100002024332,E100002024334,AMERRA Capital Management,build-out,False
E100002017021,E100000123261,natural person(s),build-out,True
E100002023187,E100002023190,Clal Astoria Blocker,build-out,False
E100000000408,E100000000438,Stadt Bochum,build-out,False
E100000190230,E100000123261,natural person(s),build-out,True
E100002005800,E100001011233,Baticim Bati Anadolu Cimento Sanayii,build-out,False
E100002005880,E100002005815,Fars & Khuzestan Cement,build-out,False
E100002016202,E100000000700,Melewar Industrial Group,build-out,False
E100002004331,E100000000869,LUKOIL,build-out,False
E100000000050,E100002022282,Solvac,build-out,False
E100000130876,E100001015587,small shareholder(s),build-out,True
E100002006399,E100002005975,Vissai Ninh Binh,build-out,False
E100002017805,E100002004377,Kuwait Projects Company Holding,build-out,False
E100002016097,E100000001322,Vistra,build-out,False
E100001014154,E100001015587,small shareholder(s),build-out,True
E100002016967,E100002022249,Vistra Holdings,build-out,False
E100002006726,E100002006731,Sephaku Holdings,build-out,False
E100000134468,E100000123261,natural person(s),build-out,True
E100002024953,E100000001296,Southwest Generation Operating Company,build-out,False
E100002007351,E100002022492,Pro Construção Empreendimentos,build-out,False
E100000127433,E100000123261,natural person(s),build-out,True
E100002007751,E100000001205,Energy Capital Partners Management,build-out,False
E100000131753,E100000123261,natural person(s),build-out,True
E100002016753,E100000000649,Marubeni,build-out,False
E100000133592,E100001015587,small shareholder(s),build-out,True
E100000151577,E100002017130,Vaasan Sähkö,build-out,False
E100000151245,E100001015587,small shareholder(s),build-out,True
E100001010558,E100000002109,Korea Land & Housing,build-out,False
E100002006709,E100000000414,Heidelberg Materials,build-out,False
E100002005710,E100002007409,CIMPOR Global Holdings,build-out,False
E100001015159,E100001015587,small shareholder(s),build-out,True
E100000179968,E100001014866,Government of China,build-out,False
E100000152466,E100002016409,Deposit Insurance Agency,build-out,False
E100001015391,E100001015587,small shareholder(s),build-out,True
E100000128153,E100000123329,China Cinda Asset Management,build-out,False
E100000003714,E100001000623,Indiana Michigan Power,build-out,False
E100000000103,E100001000348,BlackRock,build-out,False
E100002010759,E100000120792,MEC Coal,build-out,False
E100002015547,E100002016596,Ambadi Investments,build-out,False
E100002016951,E100000000634,Development Bank of Japan,build-out,False
E100000002437,E100001000296,Government of Nigeria,build-out,False
E100002017780,E100000000786,Fauji Foundation,build-out,False
E100000136961,E100002012070,Cox ABG Group,build-out,False
E100000000978,E100001016252,Corporación Financiera Alba,build-out,False
E100002006099,E100002005717,CEMEX España,build-out,False
E100001000346,E100002022062,Trian Fund Management,build-out,False
E100001010007,E100002021918,Minorum Holding,build-out,False
E100002016386,E100001010706,Capital International Investors,build-out,False
E100002011556,E100002017281,Purple Star Holdings,build-out,False
E100000004105,E100000001533,JERA,build-out,False
E100002011718,E100001000255,Government of Iran,build-out,False
E100002005944,E100002005945,Asia Gain,build-out,False
E100002000074,E100002001974,member/employee owned,build-out,False
E100002016265,E100002017005,Buriram Sugar,build-out,False
E100000132887,E100002018953,MCFSL- Trustee JS Growth Fund (CDC),build-out,False
E100002005491,E100002005495,Al-Khayat Group,build-out,False
E100000001080,E100001011044,Abu Dhabi Developmental Holding Company,build-out,False
E100002017617,E100002005069,Perpetual,build-out,False
E100000001690,E100000000912,Summit Power International,build-out,False
E100002005585,E100002005590,Yemeni Group for Development of Yemen,build-out,False
E100002016604,E100000123261,natural person(s),build-out,True
E100001014953,E100001014954,EOG Resources,build-out,False
E100001016175,E100000000528,Shapoorji Pallonji And Company,build-out,False
E100002016546,E100001000230,Mitr Phol Sugar,build-out,False
E100000000021,E100002021929,NOE Landes-Beteiligungsholding,build-out,False
E100001015342,E100000123261,natural person(s),build-out,True
E100002006404,E100002006398,Groupe industriel des ciments d'Algérie,build-out,False
E100000133798,E100000123261,natural person(s),build-out,True
E100001014132,E100000001860,Egyptian General Petroleum,build-out,False
E100002015197,E100000000649,Marubeni,build-out,False
E100002021341,E100000001242,Invenergy,build-out,False
E100002010290,E100001011301,Government of Serbia,build-out,False
E100002015416,E100000123261,natural person(s),build-out,True
E100002004766,E100001014832,Venture Global LNG,build-out,False
E100002015457,E100002015461,Empresa Minera Paragsha,build-out,False
E100002009626,E100000000590,Hiram-Epsilon,build-out,False
E100002019370,E100001015587,small shareholder(s),build-out,True
E100001011087,E100001000178,The Master Trust Bank of Japan,build-out,False
E100001014755,E100001000350,First Philippine Holdings,build-out,False
E100002025245,E100001016064,Cheniere Energy Partners,build-out,False
E100002006804,E100001000571,Holcim,build-out,False
E100000002804,E100000003959,San Diego Gas & Electric,build-out,False
E100002023254,E100000123261,natural person(s),build-out,True
E100000000927,E100002000200,Allan Gray,build-out,False
E100000002515,E100001010585,MPH Rockaway Peakers,build-out,False
E100000121182,E100002010218,Gem Riozim Investments,build-out,False
E100001014697,E100002022170,City of Zurich,build-out,False
E100000190258,E100002025103,Cooperativa de Geracao de Energia e Desenvolvimento Social,build-out,False
E100002016405,E100000152466,Gazprombank,build-out,False
E100002016127,E100002016695,Pacific Sugar Holdings,build-out,False
E100001000441,E100002015319,Brandes Investments,build-out,False
E100002004763,E100001014832,Venture Global LNG,build-out,False
E100002006280,E100000123261,natural person(s),build-out,True
E100000127075,E100000123261,natural person(s),build-out,True
E100000001293,E100001000348,BlackRock,build-out,False
E100002022525,E100001010708,POSCO International,build-out,False
E100002006161,E100002006162,Cemindo Investments,build-out,False
E100002016409,E100001000094,Government of Russia,build-out,False
E100002017572,E100000132150,Rutek Alliance,build-out,False
E100000000770,E100001011660,Byggma,build-out,False
E100002005108,E100000000746,Shell,build-out,False
E100000126852,E100000123261,natural person(s),build-out,True
E100002007436,E100002006461,El Arish Cement Company,build-out,False
E100001015662,E100000000845,Qatar Investment Authority,build-out,False
E100002019387,E100000000324,Grupo Energía Bogotá,build-out,False
E100000187293,E100001001129,Refrigeration Electrical Engineering,build-out,False
E100002007306,E100000179513,Anhui Conch Cement,build-out,False
E100002007349,E100002007351,Polimix Concreto,build-out,False
E100002014046,E100001014573,Dimensional Fund Advisors,build-out,False
E100002016476,E100002016477,Stocqtech,build-out,False
E100000002610,E100002024341,LI Generation Holdings,build-out,False
E100000003208,E100002017499,Alvand Power Plant Management,build-out,False
E100000001250,E100002017617,"Barrow, Hanley, Mewhinney & Strauss",build-out,False
E100002016017,E100001015587,small shareholder(s),build-out,True
E100000001197,E100002005039,EIG Asset Management,build-out,False
E100002006982,E100002005997,SCG Cement-Building Materials,build-out,False
E100000003746,E100001015587,small shareholder(s),build-out,True
E100000002661,E100000133893,Africa Finance,build-out,False
E100001000329,E100001015587,small shareholder(s),build-out,True
E100000190185,E100002001974,member/employee owned,build-out,False
E100000002450,E100002008788,McKinley Paper,build-out,False
E100000000842,E100001000331,General Retirement and Social Insurance Authority (Qatar),build-out,False
E100002006862,E100001015587,small shareholder(s),build-out,True
E100000003772,E100002016366,Providus Capital,build-out,False
E100000004315,E100002007956,Heritage Power,build-out,False
E100000190333,E100002025114,São Eutiquiano Participações,build-out,False
E100000190212,E100002024858,Thopen Energia,build-out,False
E100000003791,E100002018693,Menora Mivtachim Holdings,build-out,False
E100001001073,E100002001974,member/employee owned,build-out,False
E100001000181,E100002001689,Cargill Agrícola,build-out,False
E100002011880,E100000131610,Foresight Energy,build-out,False
E100000136108,E100001010596,State Street,build-out,False
E100001015277,E100000003733,PCK Raffinerie,build-out,False
E100002003012,E100000123261,natural person(s),build-out,True
E100000190368,E100000123261,natural person(s),build-out,True
E100002000188,E100001016645,T. Rowe Price Group,build-out,False
E100000130720,E100002015329,CIMSEC Nominees (Asing),build-out,False
E100001014348,E100000001763,Pampa Energia,build-out,False
E100000188879,E100001015587,small shareholder(s),build-out,True
E100002015454,E100002016748,Municipality of Maia,build-out,False
E100002024723,E100002024724,Hancock Energy Corporation,build-out,False
E100002006954,E100002006596,Shanker Group,build-out,False
E100002006731,E100002006732,Citiclient Nominees No8 NY GW,build-out,False
E100002006896,E100002006767,Hoang Long Cement,build-out,False
E100002005789,E100000123261,natural person(s),build-out,True
E100002016793,E100001001367,North American Power Group,build-out,False
E100002008764,E100002001974,member/employee owned,build-out,False
E100002007254,E100002007257,National Social Security Fund (Tanzania),build-out,False
E100002007447,E100002007449,Cement Industries of Malaysia,build-out,False
E100001011389,E100002016532,DTEK Holdings,build-out,False
E100000000560,E100002017619,Tavan Sarmeh Pouya,build-out,False
E100002017264,E100001015587,small shareholder(s),build-out,True
E100002006183,E100002005110,Titan Cement Company,build-out,False
E100002006312,E100000123261,natural person(s),build-out,True
E100001010787,E100002022079,Cbc Co Pty,build-out,False
E100000149997,E100002017088,Kruger Energy GP,build-out,False
E100000190353,E100002001372,Acucar e Etanol Oswaldo Ribeiro de Mendonca,build-out,False
E100002012002,E100000123261,natural person(s),build-out,True
E100002007107,E100002005203,Economic and Social Development Fund,build-out,False
E100001016091,E100001010596,State Street,build-out,False
E100000132037,E100002010732,Province of Riau,build-out,False
E100001010901,E100002012071,Gävle Stadshus,build-out,False
E100002006052,E100002006053,Votorantim Cimentos International,build-out,False
E100002006551,E100000000414,Heidelberg Materials,build-out,False
E100000002511,E100001011106,Rosneft Deutschland,build-out,False
E100002013771,E100000123261,natural person(s),build-out,True
E100002015790,E100002002419,Vicat,build-out,False
E100002006538,E100000123261,natural person(s),build-out,True
E100000002990,E100002024424,Entergy Utility Holding,build-out,False
E100002006582,E100000123261,natural person(s),build-out,True
E100000120766,E100002016115,HNG Capital,build-out,False
E100002004229,E100000123261,natural person(s),build-out,True
E100002008086,E100001015278,ONEOK,build-out,False
E100001015590,E100002022258,JP Morgan Asset Management Holdings,build-out,False
E100000190120,E100002025115,Ambiental Participações,build-out,False
E100002016196,E100002016571,Kallis Family Trust,build-out,False
E100002022010,E100001016269,ASCOTEC Holding,build-out,False
E100002005704,E100000123261,natural person(s),build-out,True
E100002015130,E100002015131,JP Morgan International Finance,build-out,False
E100001000111,E100001011687,Forestal Cominco,build-out,False
E100002005144,E100002005145,Coral Holding,build-out,False
E100000001809,E100002019789,9 West Finance,build-out,False
E100001014626,E100001000348,BlackRock,build-out,False
E100000131925,E100000123261,natural person(s),build-out,True
E100000120586,E100002016038,Dai Hoa,build-out,False
E100001014027,E100000001079,Abu Dhabi National Oil,build-out,False
E100000190186,E100002001974,member/employee owned,build-out,False
E100002015747,E100000123261,natural person(s),build-out,True
E100002015466,E100000001247,KKR & Co.,build-out,False
E100000131604,E100002009718,Grupo Villar Mir,build-out,False
E100000001183,E100002016566,Nexus Development Capital,build-out,False
E100002002641,E100000123261,natural person(s),build-out,True
E100000132149,E100002015892,Holding Company Dominant,build-out,False
E100002015978,E100001000404,Siberian Coal Energy Company,build-out,False
E100002006508,E100002006510,Muslim Commercial Bank,build-out,False
E100000001826,E100002021584,New Brunswick Power Holding,build-out,False
E100001014611,E100001015587,small shareholder(s),build-out,True
E100000000770,E100001011661,Drangsland Kapital,build-out,False
E100002006369,E100002006371,Solnhofer Holding,build-out,False
E100002010841,E100002010842,PT Petrosea,build-out,False
E100001015776,E100002015212,SSGC Employees Empowerment Trust,build-out,False
E100000131692,E100002010305,Belvedere Resources,build-out,False
E100001015128,E100001015130,Center for Restructuring and Sale,build-out,False
E100002019434,E100000000382,ENGIE,build-out,False
E100001014755,E100002008182,PCD Nominee (Filipino),build-out,False
E100000003065,E100000000934,GS Energy,build-out,False
E100000131716,E100000001237,ITOCHU,build-out,False
E100001015120,E100002017396,"Joliet Bulk, Barge & Rail",build-out,False
E100000134222,E100001015587,small shareholder(s),build-out,True
E100002006426,E100000000414,Heidelberg Materials,build-out,False
E100002025110,E100000123261,natural person(s),build-out,True
E100002007028,E100001012407,Government of Angola,build-out,False
E100002023228,E100000123261,natural person(s),build-out,True
E100002005205,E100002005211,Al Fozan Holding,build-out,False
E100001000066,E100002024374,NewCo Tereos Internacional (BR),build-out,False
E100000003640,E100002024957,Gate City Power - NE Generation,build-out,False
E100002025165,E100002025166,Pegasus Topco,build-out,False
E100002010834,E100001001106,PT Bayan Resources,build-out,False
E100000121263,E100001015587,small shareholder(s),build-out,True
E100000000598,E100002005106,The Phoenix Holdings,build-out,False
E100000003153,E100000001030,Gulf Development,build-out,False
E100002005901,E100002005717,CEMEX España,build-out,False
E100000120746,E100000123261,natural person(s),build-out,True
E100000130792,E100002024542,PT Apollo Visintama Putra,build-out,False
E100000001169,E100001015853,First Trust Portfolios,build-out,False
E100002004543,E100002004544,Grupo Estrella Holdings,build-out,False
E100002022745,E100001000400,Glencore,build-out,False
E100000187501,E100001015587,small shareholder(s),build-out,True
E100002000038,E100002017832,Starwood Energy Infrastructure Fund II TE,build-out,False
E100002017452,E100000001237,ITOCHU,build-out,False
E100002019328,E100001014947,Harvest Alaska,build-out,False
E100002006384,E100002006078,Cementos Portland Valderrivas,build-out,False
E100002007215,E100001015587,small shareholder(s),build-out,True
E100000003598,E100002024958,Cogeneration Operating Company,build-out,False
E100002006527,E100002006528,City of Fujairah,build-out,False
E100002016695,E100000120454,Filinvest Development,build-out,False
E100002003380,E100000000875,Rostec,build-out,False
E100000001607,E100000000766,Equinor,build-out,False
E100000132213,E100002009637,Royal Bafokeng Capital,build-out,False
E100002016448,E100000123261,natural person(s),build-out,True
E100002016095,E100002016079,EquiPower Resources,build-out,False
E100000188761,E100001015587,small shareholder(s),build-out,True
E100001015571,E100000152286,Norsk Hydro,build-out,False
E100000000079,E100000123261,natural person(s),build-out,True
E100000190150,E100002024646,Embpar Participacoes,build-out,False
E100001011585,E100002016452,King International,build-out,False
E100002022557,E100001010087,PT Golden Energy Mines,build-out,False
E100002021876,E100002002996,Fundación Bancaria Caixa d'Estalvis i Pensions de Barcelona,build-out,False
E100002000078,E100002001974,member/employee owned,build-out,False
E100002002419,E100000123261,natural person(s),build-out,True
E100002015491,E100002015493,JP Morgan Chase Bank N.A. FBO Holders Of,build-out,False
E100002016272,E100000000336,United Company RUSAL,build-out,False
E100002001293,E100001015587,small shareholder(s),build-out,True
E100002022392,E100002007722,Vpi Holding,build-out,False
E100001015203,E100000000669,National Company KazMunayGas,build-out,False
E100001016870,E100002016726,Graphic Packaging Holding,build-out,False
E100000120080,E100002016148,Linc,build-out,False
E100002004998,E100002005000,Arab Contractors Pension Fund,build-out,False
E100002005844,E100002005846,Sinoma Industry,build-out,False
E100001013540,E100001015587,small shareholder(s),build-out,True
E100001015013,E100001015587,small shareholder(s),build-out,True
E100002010787,E100001001106,PT Bayan Resources,build-out,False
E100000132160,E100001015587,small shareholder(s),build-out,True
E100000120378,E100002009681,Gathoni Muchai Investments,build-out,False
E100002005842,E100001015587,small shareholder(s),build-out,True
E100002023963,E100002023964,WIH Cement Developing,build-out,False
E100000128455,E100000123261,natural person(s),build-out,True
E100002004503,E100002004508,Inversiones Consolidadas,build-out,False
E100002016451,E100002016450,Vedan Enterprise,build-out,False
E100001011143,E100002016088,Alsons Development and Investment,build-out,False
E100002022406,E100002022912,Investment House Association of the Philippines,build-out,False
E100000003841,E100000001205,Energy Capital Partners Management,build-out,False
E100001015869,E100001015870,Hilcorp Energy,build-out,False
E100002005569,E100002005572,Sagar Cements,build-out,False
E100002010763,E100002010764,PT Unitras Jaya Investama,build-out,False
E100000000750,E100000123261,natural person(s),build-out,True
E100002016629,E100002016630,KBC Groep,build-out,False
E100002019343,E100000001017,Taiwan Cogeneration,build-out,False
E100002016729,E100001015161,CDP Equity,build-out,False
E100002004057,E100002022054,Grandel Singapore,build-out,False
E100002021528,E100002021670,Situational Awareness,build-out,False
E100000126135,E100000128137,Shougang Shuicheng Iron & Steel (Group),build-out,False
E100000150598,E100001014053,Tussen de Grachten,build-out,False
E100002008953,E100002016793,Ultrapower-Fresno,build-out,False
E100000132774,E100000121126,Pohjolan Voima,build-out,False
E100002014199,E100000000426,MVV Energie,build-out,False
E100000126364,E100000123583,Guizhou Panjiang Investment Holding (Group),build-out,False
E100000131142,E100001015720,Pars Aryan Investment,build-out,False
E100002016152,E100002016959,Tosaden Kotsu,build-out,False
E100001015820,E100001015821,Tallgrass Energy Partners,build-out,False
E100002009621,E100000123261,natural person(s),build-out,True
E100002007681,E100002007706,Totalenergies Holdings Uk,build-out,False
E100000003205,E100002024440,NRG East Generation Holdings,build-out,False
E100002020704,E100000003431,Kindle Energy,build-out,False
E100002007173,E100002007177,Jidong Development Group,build-out,False
E100002022273,E100002016389,Knut and Alice Wallenberg Foundation,build-out,False
E100000001579,E100000123261,natural person(s),build-out,True
E100000132340,E100001015587,small shareholder(s),build-out,True
E100002017093,E100002016845,JITF Infralogistics,build-out,False
E100001014734,E100001015587,small shareholder(s),build-out,True
E100002015720,E100002004326,Libyan Investment Authority,build-out,False
E100002019374,E100001014944,Haisla Nation,build-out,False
E100000003082,E100001015587,small shareholder(s),build-out,True
E100002015716,E100000123261,natural person(s),build-out,True
E100002022020,E100002022019,VS energy Structure,build-out,False
E100002015372,E100000123261,natural person(s),build-out,True
E100000120779,E100000123261,natural person(s),build-out,True
E100000131594,E100001015587,small shareholder(s),build-out,True
E100002015439,E100002007409,CIMPOR Global Holdings,build-out,False
E100002015712,E100002015713,Taborwood Holdings,build-out,False
E100000000960,E100001000730,National Pension Service (South Korea),build-out,False
E100000130981,E100002017715,CNR Group Holdings,build-out,False
E100000131207,E100000123261,natural person(s),build-out,True
E100002007173,E100002007176,Continental Cement Rf,build-out,False
E100000000824,E100001015587,small shareholder(s),build-out,True
E100001014285,E100002020926,Belfast Gas Transmission Financing,build-out,False
E100002004320,E100002004321,Enterprise GTM Holdings,build-out,False
E100001013205,E100001015587,small shareholder(s),build-out,True
E100001015320,E100001014780,NaTran,build-out,False
E100002019760,E100002004937,Hunt Consolidated,build-out,False
E100002021488,E100002021489,Creto Energy,build-out,False
E100000120451,E100002025176,Reliance Weaving Mills,build-out,False
E100002012013,E100000123261,natural person(s),build-out,True
E100002017423,E100000002088,Severstal,build-out,False
E100001000402,E100001010596,State Street,build-out,False
E100000190277,E100002024683,GEO Energética Participações,build-out,False
E100000003694,E100001015587,small shareholder(s),build-out,True
E100001014108,E100000123261,natural person(s),build-out,True
E100002009859,E100002022427,Vital Energi Utilities,build-out,False
E100002011727,E100000001237,ITOCHU,build-out,False
E100002015728,E100002016572,City of Thane,build-out,False
E100000132925,E100002003562,Tergopower,build-out,False
E100000002114,E100002017827,Meritz Securities,build-out,False
E100000001177,E100001010706,Capital International Investors,build-out,False
E100001014368,E100002022339,Italgas,build-out,False
E100002010570,E100002020914,Paladar Trading,build-out,False
E100000001177,E100001015587,small shareholder(s),build-out,True
E100001011030,E100001010595,The Vanguard Group,build-out,False
E100000120474,E100000003063,GNPower,build-out,False
E100001015645,E100001015587,small shareholder(s),build-out,True
E100002011383,E100002003019,Urbaser,build-out,False
E100002019531,E100001015583,TC Pipelines,build-out,False
E100000131761,E100000123261,natural person(s),build-out,True
E100001015755,E100002017542,Emma Alpha Holding,build-out,False
E100000120726,E100000123261,natural person(s),build-out,True
E100000000573,E100002001974,member/employee owned,build-out,False
E100002001293,E100001010429,Citicorp Nominees,build-out,False
E100002015822,E100002015823,Holding Cementero Del Peru,build-out,False
E100002000448,E100002015174,Ministry of Finance (Singapore),build-out,False
E100001011093,E100000000533,PT Medco Energi Internasional,build-out,False
E100002016373,E100002016399,RT-Invest Finance,build-out,False
E100002005246,E100002005247,Alexandria Development,build-out,False
E100002001297,E100001016341,Flourishing Trade And Investment,build-out,False
E100000002487,E100001015587,small shareholder(s),build-out,True
E100002011067,E100002003587,Ministry of Economy and Finance (Uzbekistan),build-out,False
E100000001267,E100001015587,small shareholder(s),build-out,True
E100002017013,E100002017014,City of Rauma,build-out,False
E100000120648,E100002024498,Bengal & Assam,build-out,False
E100002015838,E100000131940,Corporation Mosstroytrans,build-out,False
E100001015864,E100001015587,small shareholder(s),build-out,True
E100002016476,E100001015587,small shareholder(s),build-out,True
E100000192529,E100000000659,Tokyo Electric Power,build-out,False
E100002016909,E100002017157,Biberci Group,build-out,False
E100001000548,E100001000653,Core Natural Resources,build-out,False
E100002017663,E100001014611,NewMed Energy,build-out,False
E100002017024,E100002017686,Bio Newco A,build-out,False
E100002002606,E100000123261,natural person(s),build-out,True
E100000002675,E100002024619,Cerdia Finanz,build-out,False
E100002005069,E100001000348,BlackRock,build-out,False
E100002021395,E100000004244,Tri-State Generation and Transmission Association,build-out,False
E100002011861,E100002011862,Fortune Everrich,build-out,False
E100000134468,E100002017208,Pertubuhan Keselamatan Sosial,build-out,False
E100001014111,E100001014112,Andhra Pradesh Industrial Infrastructure,build-out,False
E100000001322,E100001014849,FMR,build-out,False
E100001014712,E100001014719,Castillo Spanish Holdings,build-out,False
E100002005937,E100002006076,Noumea,build-out,False
E100002011895,E100000003431,Kindle Energy,build-out,False
E100000000453,E100002016724,Integra,build-out,False
E100002010771,E100002010772,STT Coal Resources,build-out,False
E100000120972,E100001015587,small shareholder(s),build-out,True
E100002016143,E100002016144,City of Fukuoka,build-out,False
E100000131142,E100002020861,Tejarat Pishegan Mihan Negar Pars,build-out,False
E100002016304,E100001010888,Banpu Power,build-out,False
E100002022802,E100002022803,El Aguila Energy II,build-out,False
E100001011703,E100000123261,natural person(s),build-out,True
E100001016282,E100001015587,small shareholder(s),build-out,True
E100000000773,E100002020093,Invaw Invest,build-out,False
E100000002589,E100002018615,HYDRA‑CO Enterprises,build-out,False
E100000121168,E100001015587,small shareholder(s),build-out,True
E100001015869,E100000001213,Exxon Mobil,build-out,False
E100000001276,E100001010595,The Vanguard Group,build-out,False
E100001014373,E100001014862,Cobas Asset Management SGIIC,build-out,False
E100000003097,E100002009168,Libreville Power,build-out,False
E100002022528,E100002023136,City of Palu,build-out,False
E100002016408,E100001000094,Government of Russia,build-out,False
E100000188771,E100001015485,Sinopec Natural Gas,build-out,False
E100002015575,E100001000906,AFP Integra,build-out,False
E100002019367,E100000001247,KKR & Co.,build-out,False
E100002024699,E100000123261,natural person(s),build-out,True
E100000190287,E100002024873,Oxe Participações,build-out,False
E100002005547,E100001015865,Pluspetrol Resources Corporation,build-out,False
E100002010038,E100001010175,M Resources,build-out,False
E100002011862,E100002011863,Capital Asset Holdings (L),build-out,False
E100002006270,E100000121243,Sanko Holding,build-out,False
E100001000676,E100001015587,small shareholder(s),build-out,True
E100001001371,E100002008597,Harbert Power,build-out,False
E100000125383,E100000125400,China Merchants Bank,build-out,False
E100002004935,E100000000387,TotalEnergies,build-out,False
E100002017054,E100002017056,City of Struer,build-out,False
E100002009733,E100000123261,natural person(s),build-out,True
E100000125323,E100000125368,Chongqing Helong Industrial Development,build-out,False
E100000134685,E100001015587,small shareholder(s),build-out,True
E100000004247,E100001015587,small shareholder(s),build-out,True
E100001014226,E100001014826,Nederlandse Gasunie,build-out,False
E100002002425,E100002002184,JK Lakshmi Cement,build-out,False
E100001015115,E100001015648,Silver Creek Management,build-out,False
E100002025266,E100002004692,Blackstone Holdings I/Ii Gp,build-out,False
E100002005198,E100002006774,SCHWENK Geschäftsführungs,build-out,False
E100002005572,E100000123261,natural person(s),build-out,True
E100000002905,E100002007320,National Investment Bank (Egypt),build-out,False
E100001015159,E100002022096,Keiyo Jusetsu,build-out,False
E100002015273,E100002016737,Falck,build-out,False
E100000120577,E100000120199,Cambodia International Investment Development Group,build-out,False
E100002002413,E100000123261,natural person(s),build-out,True
E100001013782,E100002018580,Mirambo Mining,build-out,False
E100002016873,E100002016876,City of Krefeld,build-out,False
E100000131502,E100002022566,Goldway Capital Investment,build-out,False
E100002016309,E100000123261,natural person(s),build-out,True
E100000190239,E100000123261,natural person(s),build-out,True
E100001014732,E100002022461,FWNR Energy Holdings,build-out,False
E100002007314,E100002007322,QNB Financial Services,build-out,False
E100002013764,E100002016305,BKV,build-out,False
E100002002682,E100000123261,natural person(s),build-out,True
E100000002383,E100002023178,Southeast PowerGen Holdings,build-out,False
E100002000038,E100002017830,Starwood Energy Infrastructure Fund II Global,build-out,False
E100001015554,E100001015587,small shareholder(s),build-out,True
E100000131228,E100001010577,Government Employees Pension Fund (South Africa),build-out,False
E100001001279,E100000001209,Entergy,build-out,False
E100002009443,E100002001550,City of Borås (Sweden),build-out,False
E100000132180,E100000123261,natural person(s),build-out,True
E100002015454,E100002016752,City of Póvoa,build-out,False
E100000131785,E100000000947,Korea Electric Power,build-out,False
E100001014674,E100000001096,BP,build-out,False
E100000121395,E100001015587,small shareholder(s),build-out,True
E100001015955,E100000192399,MedcoEnergi,build-out,False
E100002016568,E100002016570,Paramount Resources,build-out,False
E100000190204,E100000123261,natural person(s),build-out,True
E100002010819,E100002001309,Prinzhorn Holding,build-out,False
E100002016724,E100000001906,enercity,build-out,False
E100002005827,E100001015587,small shareholder(s),build-out,True
E100000134707,E100000123261,natural person(s),build-out,True
E100001016813,E100002016468,Venus Investments International,build-out,False
E100000000901,E100000001418,China Huadian Hong Kong,build-out,False
E100000001452,E100002023080,TJC,build-out,False
E100002023141,E100001014872,Government of Zambia,build-out,False
E100001015119,E100001015587,small shareholder(s),build-out,True
E100000134468,E100001015587,small shareholder(s),build-out,True
E100002006321,E100001000261,Sönmez Endüstri Holding,build-out,False
E100000001324,E100001010596,State Street,build-out,False
E100002019359,E100001014254,BP Developments Australia,build-out,False
E100002013783,E100002016578,Putney Capital Management,build-out,False
E100002011727,E100001000431,American Metals & Coal International,build-out,False
E100001016057,E100000001237,ITOCHU,build-out,False
E100000001241,E100001010706,Capital International Investors,build-out,False
E100001014572,E100001015587,small shareholder(s),build-out,True
E100002012039,E100002016711,Hidrosan Inversiones,build-out,False
E100002017079,E100000123261,natural person(s),build-out,True
E100002006441,E100002006444,Associated International Cement,build-out,False
E100002020566,E100002021996,Jihad Nasr Holding,build-out,False
E100001016549,E100001015587,small shareholder(s),build-out,True
E100001016964,E100002000448,Temasek Holdings,build-out,False
E100002006454,E100000000687,ArcelorMittal,build-out,False
E100001015894,E100000000135,Suncor Energy,build-out,False
E100002017281,E100000123261,natural person(s),build-out,True
E100002007213,E100002005953,Huaxin Cement,build-out,False
E100002007462,E100002007463,Khorazmi Investment,build-out,False
E100002015794,E100002005953,Huaxin Cement,build-out,False
E100001015161,E100001013560,Cassa Depositi e Prestiti,build-out,False
E100002015143,E100000001893,STEAG,build-out,False
E100000120829,E100002024063,Velrosso,build-out,False
E100002016745,E100000001224,Georgia-Pacific,build-out,False
E100002015641,E100002017700,Jarvis Securities,build-out,False
E100002022203,E100001000178,The Master Trust Bank of Japan,build-out,False
E100000190346,E100002001974,member/employee owned,build-out,False
E100001011669,E100001010449,Pendekar Energy (L),build-out,False
E100000002577,E100000001170,Calpine,build-out,False
E100002007415,E100002007416,Hayel Saeed Anam Group,build-out,False
E100000130925,E100001015587,small shareholder(s),build-out,True
E100000000428,E100001015587,small shareholder(s),build-out,True
E100002020909,E100002020910,Gusiute Holdings (Uk),build-out,False
E100001015391,E100001010427,HSBC Custody Nominees (Australia),build-out,False
E100001012815,E100000000395,BASF,build-out,False
E100000003405,E100002016192,Gruppa Nikos,build-out,False
E100001001030,E100002022454,Publipart,build-out,False
E100000134634,E100002016655,ThomasLloyd Climate Solutions,build-out,False
E100000126135,E100000128136,Guizhou Nengfa Electric Power Fuel Development,build-out,False
E100000152756,E100001015587,small shareholder(s),build-out,True
E100002006278,E100002002419,Vicat,build-out,False
E100000126244,E100000123615,Guizhou Panjiang Refined Coal,build-out,False
E100000004177,E100002012104,ACR IV Frontier Holdings,build-out,False
E100002003887,E100000120428,Erdenes Mongol,build-out,False
E100002016827,E100000123261,natural person(s),build-out,True
E100002004370,E100001014294,Energy Transfer,build-out,False
E100002016528,E100001015603,Waltersmith Petroman Oil,build-out,False
E100000132530,E100001015587,small shareholder(s),build-out,True
E100002009633,E100001015587,small shareholder(s),build-out,True
E100000131888,E100000123261,natural person(s),build-out,True
E100002025221,E100002025222,Calcasieu Pass Funding,build-out,False
E100000000587,E100001000284,Government of Israel,build-out,False
E100002015568,E100002015570,Grupo Corona,build-out,False
E100000152472,E100000123261,natural person(s),build-out,True
E100002006023,E100002006026,K+G Complex,build-out,False
E100001014559,E100001014294,Energy Transfer,build-out,False
E100002016041,E100000123261,natural person(s),build-out,True
E100002005200,E100002005203,Economic and Social Development Fund,build-out,False
E100000121391,E100001015587,small shareholder(s),build-out,True
E100000000619,E100001015587,small shareholder(s),build-out,True
E100000120779,E100002015726,Yunus Textile Mills,build-out,False
E100001014346,E100002001416,Sociedad Comercial del Plata,build-out,False
E100000000565,E100000000557,National Iranian Petrochemical,build-out,False
E100002012100,E100002016804,CropEnergies,build-out,False
E100001011297,E100002015333,Central Asia Energy,build-out,False
E100000002169,E100000001226,Global Infrastructure Partners,build-out,False
E100000001758,E100002021950,Plusener,build-out,False
E100002001231,E100002022139,Seattle Holding,build-out,False
E100000132359,E100000123261,natural person(s),build-out,True
E100002016688,E100002016690,CBI Holding,build-out,False
E100002018826,E100000123261,natural person(s),build-out,True
E100002019501,E100000001917,Hindustan Petroleum Corporation,build-out,False
E100000004092,E100000002265,Hoosier Energy Rural Electric Cooperative,build-out,False
E100002010540,E100002011831,Paprec Holding,build-out,False
E100001015693,E100001015695,Pak-Arab Refinery,build-out,False
E100002005586,E100000123261,natural person(s),build-out,True
E100002005915,E100000123261,natural person(s),build-out,True
E100001015829,E100000000556,National Iranian Oil,build-out,False
E100002006001,E100002006004,Pacific Holdings Investment,build-out,False
E100002016384,E100002016386,Blue Owl Capital,build-out,False
E100000131251,E100002010765,Calida Holding,build-out,False
E100002019612,E100001014613,Egyptian Natural Gas,build-out,False
E100000003084,E100000140036,United Illuminating,build-out,False
E100002001603,E100001015587,small shareholder(s),build-out,True
E100002007720,E100000001247,KKR & Co.,build-out,False
E100002016356,E100000123261,natural person(s),build-out,True
E100002020376,E100000001309,Southern,build-out,False
E100002023236,E100002023239,Asian White Cement Holding,build-out,False
E100002016452,E100000123261,natural person(s),build-out,True
E100002007436,E100001015587,small shareholder(s),build-out,True
E100001015325,E100001010596,State Street,build-out,False
E100002015950,E100001000348,BlackRock,build-out,False
E100002006077,E100001015525,Government of Nepal,build-out,False
E100002015995,E100000123261,natural person(s),build-out,True
E100000003952,E100002017803,Saif Holdings,build-out,False
E100000152388,E100002007856,Neo Energy Holding,build-out,False
E100001013135,E100000123261,natural person(s),build-out,True
E100002016919,E100001015587,small shareholder(s),build-out,True
E100000001114,E100001000348,BlackRock,build-out,False
E100000002425,E100002023651,Sembcorp Energy Australia,build-out,False
E100000131717,E100000123261,natural person(s),build-out,True
E100001015115,E100001015647,The Energy & Minerals Group,build-out,False
E100002022081,E100000001533,JERA,build-out,False
E100002025228,E100002025229,Stonepeak GP Investors Upper Holdings,build-out,False
E100001016329,E100002006531,National Investment Company,build-out,False
E100002015124,E100002016682,Thai Rayon,build-out,False
E100002015137,E100002017000,District of Wesel,build-out,False
E100000126244,E100000121891,Guizhou Yueqian Electric Power,build-out,False
E100002004296,E100000191876,Caturus Energy,build-out,False
E100002011706,E100002016989,Swiss Krono Holding,build-out,False
E100002006178,E100000123261,natural person(s),build-out,True
E100002015521,E100000186788,China Energy International Group,build-out,False
E100000001322,E100001000348,BlackRock,build-out,False
E100001000550,E100001013685,Hunter Ridge,build-out,False
E100002004313,E100001014386,Targa Resources,build-out,False
E100002006188,E100001000930,Siam Cement,build-out,False
E100001014854,E100001015587,small shareholder(s),build-out,True
E100000003301,E100002024448,Indeck Energy Services of Olean,build-out,False
E100002021863,E100002022022,Crascoda Holdings,build-out,False
E100000120925,E100002009039,U.P. Rajya Vidyut Utpadan Nigam,build-out,False
E100000190263,E100000123261,natural person(s),build-out,True
E100000003416,E100002018873,Keppel Asia Infrastructure Fund,build-out,False
E100000001371,E100001015587,small shareholder(s),build-out,True
E100000151577,E100001015587,small shareholder(s),build-out,True
E100000004060,E100000188802,Eni Congo,build-out,False
E100000131289,E100001010066,State of Assam,build-out,False
E100001000347,E100000001155,Berkshire Hathaway,build-out,False
E100002006380,E100001015587,small shareholder(s),build-out,True
E100002008094,E100000000638,INPEX,build-out,False
E100000128375,E100000000270,Sichuan Development Holding,build-out,False
E100002017479,E100000001023,B.Grimm Power,build-out,False
E100001015045,E100001010427,HSBC Custody Nominees (Australia),build-out,False
E100001014067,E100001014071,Folketrygdfondet,build-out,False
E100002007283,E100002007585,Trade Kings Group,build-out,False
E100002006023,E100002006025,C.C.C. Holdings & Investments,build-out,False
E100002002885,E100001015587,small shareholder(s),build-out,True
E100002006045,E100000187709,Votorantim Cimentos,build-out,False
E100002010814,E100001013285,PT Tuah Turangga Agung,build-out,False
E100000190230,E100002024591,Palani Participações,build-out,False
E100002010776,E100000131687,ICRA SMM,build-out,False
E100002017082,E100000123261,natural person(s),build-out,True
E100002006593,E100002006221,Tehran Cement,build-out,False
E100001014222,E100001015587,small shareholder(s),build-out,True
E100002005694,E100001015587,small shareholder(s),build-out,True
E100000000635,E100001015587,small shareholder(s),build-out,True
E100000000645,E100001015587,small shareholder(s),build-out,True
E100002015683,E100000187709,Votorantim Cimentos,build-out,False
E100002017126,E100002017127,Yesil Yapi Endustrisi,build-out,False
E100002007002,E100001015587,small shareholder(s),build-out,True
E100000003208,E100002017498,Tana Energy Management,build-out,False
E100000120618,E100002024551,Tsingtuo,build-out,False
E100002004508,E100000123261,natural person(s),build-out,True
E100001001371,E100000002192,California Public Employees' Retirement System,build-out,False
E100001014112,E100001010088,State of Andhra Pradesh (India),build-out,False
E100002000015,E100001015587,small shareholder(s),build-out,True
E100000001809,E100002019788,EIG Prumo Equity Investment Fund,build-out,False
E100002015383,E100002015384,CIMAD Holdings,build-out,False
E100001013538,E100002010755,HT Investment Development,build-out,False
E100000126690,E100000123615,Guizhou Panjiang Refined Coal,build-out,False
E100000190117,E100002025112,Oleoplan S.A. Óleos Vegetais Planalto,build-out,False
E100002015718,E100002015719,East African Holding,build-out,False
E100000190288,E100002024873,Oxe Participações,build-out,False
E100001015291,E100000000538,PT Pertamina (Persero),build-out,False
E100000190286,E100002024873,Oxe Participações,build-out,False
E100002007357,E100002007358,Monpolymet,build-out,False
E100002015475,E100002015477,Yura Chile,build-out,False
E100002025219,E100002025221,Calcasieu Pass Holdings,build-out,False
E100000131550,E100002009651,PT Ever Pioneer,build-out,False
E100002023916,E100002023918,Cimsa Building Solutions,build-out,False
E100002007810,E100000123261,natural person(s),build-out,True
E100001015713,E100001015587,small shareholder(s),build-out,True
E100001013654,E100001013073,PT Optima Persada Energy,build-out,False
E100002001068,E100000123261,natural person(s),build-out,True
E100002016029,E100001011030,Smurfit Westrock,build-out,False
E100000003644,E100002024692,Summit Kwinana Power,build-out,False
E100001011189,E100002015807,Globeleq Africa Holdings,build-out,False
E100001016749,E100001011055,Crédit Agricole,build-out,False
E100000132110,E100000123261,natural person(s),build-out,True
E100000190152,E100002025109,Primary Products Investments,build-out,False
E100002006239,E100002006240,Scancem International DA,build-out,False
E100000004174,E100001011189,Globeleq Africa Investments,build-out,False
E100002016099,E100002016762,GCO,build-out,False
E100002006262,E100002006263,HMIE,build-out,False
E100000003218,E100000002341,Wabash Valley Power Association,build-out,False
E100002016596,E100000123261,natural person(s),build-out,True
E100001014683,E100000000610,Eni,build-out,False
E100002023989,E100002005803,Battambang Conch Cement,build-out,False
E100002010404,E100002015650,Spencer Engineering Group,build-out,False
E100002024409,E100001000178,The Master Trust Bank of Japan,build-out,False
E100002005475,E100000153494,Alghanim International,build-out,False
E100002006074,E100000000531,UltraTech Cement,build-out,False
E100002015161,E100000000453,Thüga Holding,build-out,False
E100002019709,E100002019710,NSMP Holdco 2,build-out,False
E100000001309,E100001000348,BlackRock,build-out,False
E100002015300,E100002017041,Barcelona de Serveis Municipals,build-out,False
E100002006746,E100001000571,Holcim,build-out,False
E100000001293,E100001010595,The Vanguard Group,build-out,False
E100000002905,E100001015587,small shareholder(s),build-out,True
E100000003276,E100001015587,small shareholder(s),build-out,True
E100002008898,E100002016954,Enpower,build-out,False
E100002007413,E100002002419,Vicat,build-out,False
E100001010787,E100002022080,Feroniella,build-out,False
E100002015637,E100000123261,natural person(s),build-out,True
E100000132166,E100001011057,My Home Industries,build-out,False
E100001015776,E100001015702,State Life Insurance Corporation of Pakistan,build-out,False
E100002011911,E100000123261,natural person(s),build-out,True
E100002004506,E100002004505,Luksburg Foundation,build-out,False
E100002019328,E100001014501,ConocoPhillips Transportation Alaska,build-out,False
E100000003389,E100000000947,Korea Electric Power,build-out,False
E100002016473,E100001010819,VTB Bank,build-out,False
E100001000427,E100002021999,Iranian Ghadir Iron and Steel,build-out,False
E100000120080,E100002016147,BVF Partners,build-out,False
E100001016345,E100000123261,natural person(s),build-out,True
E100000001135,E100001015587,small shareholder(s),build-out,True
E100002017086,E100000123261,natural person(s),build-out,True
E100000190268,E100000123261,natural person(s),build-out,True
E100001015713,E100000000746,Shell,build-out,False
E100002021872,E100000000394,Allianz,build-out,False
E100002006994,E100002007000,Hofmann Holding,build-out,False
E100000000646,E100001015587,small shareholder(s),build-out,True
E100000003789,E100002017209,Gostaresh Energy Pasargad,build-out,False
E100001015948,E100001014363,Delek Logistics Partners,build-out,False
E100000132196,E100002018576,Mogul Resources,build-out,False
E100001014623,E100001014325,Plains All American Pipeline,build-out,False
E100002016328,E100000000989,Advanced Power,build-out,False
E100002015625,E100001011507,City of Brno,build-out,False
E100002025253,E100002025255,BIP Holdings Manager,build-out,False
E100000001734,E100002017590,TTWF,build-out,False
E100000000756,E100001015587,small shareholder(s),build-out,True
E100001013695,E100000123261,natural person(s),build-out,True
E100002016071,E100002022202,Reworld Waste,build-out,False
E100002016258,E100002016670,Asia Biogas,build-out,False
E100002007856,E100002007728,Hv Invest Eta,build-out,False
E100002017298,E100000123261,natural person(s),build-out,True
E100000133036,E100000001305,AES,build-out,False
E100000190363,E100002001974,member/employee owned,build-out,False
E100000120340,E100000123261,natural person(s),build-out,True
E100000000842,E100001015587,small shareholder(s),build-out,True
E100002010849,E100000187270,Energo-Pro Georgia,build-out,False
E100002006476,E100000123261,natural person(s),build-out,True
E100000125234,E100000000307,Yunnan Energy Investment Group,build-out,False
E100002016338,E100001015587,small shareholder(s),build-out,True
E100001012160,E100002018523,Haiming Investment,build-out,False
E100000004243,E100001015587,small shareholder(s),build-out,True
E100002015777,E100002015778,Saikan,build-out,False
E100002020901,E100001014286,Mutual Energy,build-out,False
E100002000642,E100000123261,natural person(s),build-out,True
E100000137831,E100002017140,Consus Enerji Isletmeciligi ve Hizmetleri,build-out,False
E100000126690,E100000128137,Shougang Shuicheng Iron & Steel (Group),build-out,False
E100000000019,E100001010596,State Street,build-out,False
E100001014455,E100001015587,small shareholder(s),build-out,True
E100001015361,E100002022073,Fukuoka financial group,build-out,False
E100002017163,E100002017161,MHC Plantations,build-out,False
E100002005481,E100002005477,Wietersdorfer Alpacem,build-out,False
E100002016433,E100000123261,natural person(s),build-out,True
E100002019504,E100002018551,GE Vernova,build-out,False
E100002006130,E100002006131,Eagle Materials,build-out,False
E100002001293,E100001010427,HSBC Custody Nominees (Australia),build-out,False
E100002006259,E100001000932,Taiheiyo Cement,build-out,False
E100002006550,E100000123261,natural person(s),build-out,True
E100001000887,E100001000879,Peabody Energy Australia,build-out,False
E100002007056,E100001000571,Holcim,build-out,False
E100002016469,E100002016956,Silver Lake Technology Management,build-out,False
E100000000859,E100002016223,Advanced Investment Technologies,build-out,False
E100002015561,E100002017036,Time Square Investments,build-out,False
E100002019328,E100001014728,ExxonMobil Pipeline,build-out,False
E100002015393,E100000133959,H1 Holdings,build-out,False
E100000127412,E100000128609,"Shengli Oil Field Dongsheng Tianqin Science, Industry and Trade",build-out,False
E100002011883,E100000131885,Mark Energy Holdings,build-out,False
E100000004202,E100002016528,Renaissance Africa Energy,build-out,False
E100000002383,E100000150423,Gulf Pacific Power,build-out,False
E100002006340,E100002006341,Sonapur Minerals and Oil,build-out,False
E100002015790,E100001000571,Holcim,build-out,False
E100002006321,E100002006323,Türkün Holding,build-out,False
E100002015987,E100000001764,Pan American Energy,build-out,False
E100001014626,E100001010595,The Vanguard Group,build-out,False
E100001015850,E100001015587,small shareholder(s),build-out,True
E100000002950,E100000121543,Westfalen Weser Energie,build-out,False
E100001014357,E100002007656,Cnr International (U.K.) Investments,build-out,False
E100000132887,E100001015702,State Life Insurance Corporation of Pakistan,build-out,False
E100002015963,E100002015965,CEC Generation Partners,build-out,False
E100000127985,E100000130627,"Dong Huayou (the equity was pledged on January 30, 2011. Pledgee: Sinochem Corporation)",build-out,False
E100002007354,E100001015587,small shareholder(s),build-out,True
E100002005039,E100000123261,natural person(s),build-out,True
E100002001297,E100001016342,Emerging Market Investment,build-out,False
E100000190323,E100001000060,Raizen Energia,build-out,False
E100000190357,E100001000156,Pedra Agroindustrial,build-out,False
E100002006960,E100002006961,Abu Dhabi Fund for Development,build-out,False
E100002017700,E100000123261,natural person(s),build-out,True
E100002006790,E100002023962,Eldoret Grains,build-out,False
E100002002963,E100002020944,Pip Multi-Strategy Infrastructure PPP,build-out,False
E100002020076,E100001015905,Promigas,build-out,False
E100002010146,E100002016511,Primeclay Trading,build-out,False
E100000003171,E100002012060,WattBridge Texas,build-out,False
E100002006383,E100002006384,Corporación Uniland,build-out,False
E100002001364,E100001015054,MPLX,build-out,False
E100001000636,E100002010594,Eagle Capital Management,build-out,False
E100000120031,E100000123261,natural person(s),build-out,True
E100001014422,E100000000173,China Petrochemical,build-out,False
E100001000368,E100002021971,Indra Cita,build-out,False
E100002006702,E100000000414,Heidelberg Materials,build-out,False
E100002017435,E100002017437,IMR Metallurgical Resources,build-out,False
E100001011985,E100001011289,Zimmer Partners,build-out,False
E100000120070,E100001015587,small shareholder(s),build-out,True
E100000002606,E100002024336,Osaka Gas Three Rivers,build-out,False
E100000190126,E100000123261,natural person(s),build-out,True
E100001015636,E100001015637,OMV Exploration & Production,build-out,False
E100000002667,E100002016505,EPM Inversiones,build-out,False
E100002006131,E100000001534,JPMorgan Chase & Co,build-out,False
E100002006697,E100002006699,Heidelberg Materials Asia Holding,build-out,False
E100000132061,E100002010538,CD Capital Natural Resources Fund III,build-out,False
E100002015742,E100001015587,small shareholder(s),build-out,True
E100002017620,E100002017621,GLP Holdings,build-out,False
E100002022201,E100002022919,TortoiseEcofin Parent Holdco,build-out,False
E100002009221,E100002012068,Country of Burundi,build-out,False
E100000002836,E100002017952,Dow Olefinverbund,build-out,False
E100001014132,E100001014134,Kuwait Investment Company,build-out,False
E100002021929,E100002022985,Nö Holding,build-out,False
E100002015275,E100000123261,natural person(s),build-out,True
E100002015999,E100000123261,natural person(s),build-out,True
E100000000706,E100001015587,small shareholder(s),build-out,True
E100001014553,E100001015587,small shareholder(s),build-out,True
E100002015176,E100001014013,Administracion Nacional de Combustibles Alcohol y Portland,build-out,False
E100002015380,E100000123261,natural person(s),build-out,True
E100002008087,E100001015045,Santos,build-out,False
E100000153024,E100002017216,Tobacco Manufacturers (India),build-out,False
E100001014129,E100001000348,BlackRock,build-out,False
E100001010984,E100002017102,Andes Petroleum,build-out,False
E100000132107,E100002022228,Dayah Capital,build-out,False
E100002006251,E100000000414,Heidelberg Materials,build-out,False
E100002023239,E100002023240,Asian Paints,build-out,False
E100002017022,E100001000601,Meralco Powergen,build-out,False
E100002007042,E100001000537,Vietnam National Coal and Mineral Industries Holding,build-out,False
E100002015522,E100001015587,small shareholder(s),build-out,True
E100002007694,E100002007732,Lafarge Building Materials,build-out,False
E100002016581,E100001015587,small shareholder(s),build-out,True
E100000001210,E100001015587,small shareholder(s),build-out,True
E100000003067,E100002024467,Gujarat Energy,build-out,False
E100002005595,E100002005598,Investment Corporation of Bangladesh,build-out,False
E100000130735,E100002024634,United Metallurgical Company,build-out,False
E100002006410,E100002006398,Groupe industriel des ciments d'Algérie,build-out,False
E100000127031,E100000123373,Inner Mongolia Yitai Coal,build-out,False
E100002006122,E100001000932,Taiheiyo Cement,build-out,False
E100002001418,E100002003338,Seo Daegu Holdings,build-out,False
E100000004278,E100000004276,United Mymensingh Power,build-out,False
E100002015766,E100000123261,natural person(s),build-out,True
E100002006187,E100002006152,HK Sibcem,build-out,False
E100002016833,E100002022475,The Swedish Trade Union Confederation,build-out,False
E100000152756,E100002011916,Evelyn Partners Investment Management,build-out,False
E100000128140,E100000123647,Guizhou Wujiang Hydropower Development,build-out,False
E100000000922,E100001010403,Public Investment Corporation SOC,build-out,False
E100000004252,E100000131702,Industrial Metallurgical Holding Management Company,build-out,False
E100002019351,E100000002872,EP UK Investments,build-out,False
E100002019370,E100000120853,Mitsubishi Chemical,build-out,False
E100000126851,E100000000252,Shandong Energy Group,build-out,False
E100001000746,E100001011088,PT Mineral Industri Indonesia (Persero),build-out,False
E100000001262,E100001015587,small shareholder(s),build-out,True
E100002006447,E100002000297,National Cement Company,build-out,False
E100002006135,E100001015587,small shareholder(s),build-out,True
E100000135814,E100001000348,BlackRock,build-out,False
E100001014834,E100001015587,small shareholder(s),build-out,True
E100001014611,E100000000585,Delek Group,build-out,False
E100002024015,E100002024016,Djibouti Ports and Free Zones Authority,build-out,False
E100002015385,E100001015587,small shareholder(s),build-out,True
E100002006575,E100002006557,Bank Melli Iran Investment,build-out,False
E100000003460,E100000123261,natural person(s),build-out,True
E100002007232,E100002007236,Golden Legend Investment,build-out,False
E100002006212,E100000000414,Heidelberg Materials,build-out,False
E100002017444,E100002017445,Mercuria Energy Group Holding,build-out,False
E100000003773,E100000133192,Massader,build-out,False
E100002007876,E100002001295,Vista Energy Argentina,build-out,False
E100001016057,E100000000645,Japan Petroleum Exploration,build-out,False
E100002015640,E100000123261,natural person(s),build-out,True
E100001010674,E100001015587,small shareholder(s),build-out,True
E100002015476,E100000123261,natural person(s),build-out,True
E100000132107,E100001000348,BlackRock,build-out,False
E100002017728,E100000001296,Southwest Generation Operating Company,build-out,False
E100000120451,E100002025175,Fazal Cloth Mills,build-out,False
E100000001148,E100000123261,natural person(s),build-out,True
E100002007460,E100001011678,Les Ciment du Sahel,build-out,False
E100002016852,E100002016850,Viva Trust,build-out,False
E100002004440,E100002022320,Caixa Geral de Depositos,build-out,False
E100002017297,E100002017298,Filmrim,build-out,False
E100001014693,E100001016091,EQT,build-out,False
E100001015340,E100001015341,CNPC Exploration and Development,build-out,False
E100000001375,E100000000476,Public Power Corporation,build-out,False
E100002006464,E100002006398,Groupe industriel des ciments d'Algérie,build-out,False
E100002015790,E100002015791,Association Technique de l’Industrie des Liants Hydrauliques,build-out,False
E100001015344,E100002021518,I Squared Capital,build-out,False
E100002016403,E100002016405,FinProject,build-out,False
E100002006201,E100002006202,Government of Djibouti,build-out,False
E100002006417,E100002006398,Groupe industriel des ciments d'Algérie,build-out,False
E100000190248,E100000152086,ASJA Ambiente Italia,build-out,False
E100000120718,E100001015587,small shareholder(s),build-out,True
E100002009266,E100000123261,natural person(s),build-out,True
E100002023038,E100001001078,Westrock,build-out,False
E100000189563,E100000001086,Mubadala Investment Company,build-out,False
E100002006200,E100000121067,PT Semen Indonesia (Persero),build-out,False
E100002023989,E100002016177,Conch International Holdings Hong Kong,build-out,False
E100002007309,E100002007339,Barnet Group,build-out,False
E100001015608,E100002014014,Bangchak Corporation Public,build-out,False
E100000000565,E100002011251,Taban Farda Petrochemical Group,build-out,False
E100001011508,E100002022324,Esperaza Holding,build-out,False
E100000002819,E100000000949,Korea Western Power,build-out,False
E100002016324,E100000123261,natural person(s),build-out,True
E100002008183,E100002022406,Philippine Depository and Trust,build-out,False
E100000000936,E100001000730,National Pension Service (South Korea),build-out,False
E100002017719,E100000003765,PacifiCorp,build-out,False
E100000190127,E100002024433,Gerais Saneamento,build-out,False
E100002006752,E100002006754,Blue Diamond Cement,build-out,False
E100002024699,E100001015587,small shareholder(s),build-out,True
E100002017182,E100001015587,small shareholder(s),build-out,True
E100001000160,E100002015845,Shree Renuka São Paulo Participações,build-out,False
E100000004126,E100001000900,Summit Global Management II,build-out,False
E100001015612,E100000000746,Shell,build-out,False
E100002007154,E100002007156,Northern Cement Trading,build-out,False
E100002016056,E100000132402,City of Long Beach (California),build-out,False
E100000120577,E100000001418,China Huadian Hong Kong,build-out,False
E100002016306,E100001001130,Banpu,build-out,False
E100001000746,E100001015587,small shareholder(s),build-out,True
E100002006837,E100002006838,Hume Cement Industries,build-out,False
E100002001108,E100001015587,small shareholder(s),build-out,True
E100002007377,E100002007378,Myanmar Armed Forces,build-out,False
E100002010761,E100001001106,PT Bayan Resources,build-out,False
E100002012109,E100002016120,Freeport Oil Company,build-out,False
E100002020093,E100001016088,Investor,build-out,False
E100002009522,E100001000694,Sarda Energy & Minerals,build-out,False
E100002007034,E100000131458,CRH,build-out,False
E100001010162,E100001016146,T Steel Holdings,build-out,False
E100000001275,E100001010234,Goldman Sachs Group,build-out,False
E100001015972,E100000152388,Neo Next + Energy,build-out,False
E100002019357,E100002022231,Principal Global Investors Holding Company,build-out,False
E100001015855,E100001014325,Plains All American Pipeline,build-out,False
E100000130816,E100002017626,Midland Capital Management,build-out,False
E100002016207,E100000123261,natural person(s),build-out,True
E100001015945,E100001015587,small shareholder(s),build-out,True
E100001014532,E100000153201,Fluxys,build-out,False
E100001015117,E100002022257,Iroquois GP Holding Company,build-out,False
E100002010828,E100001013359,PT Resource Alam Indonesia,build-out,False
E100002020747,E100001014832,Venture Global LNG,build-out,False
E100002015475,E100002015476,Inversiones Cementeras,build-out,False
E100002006810,E100001000571,Holcim,build-out,False
E100000124944,E100000124276,Chongqing Liangjiang New Area Development & Investment Group,build-out,False
E100002015491,E100001015587,small shareholder(s),build-out,True
E100002016641,E100002001974,member/employee owned,build-out,False
E100001014380,E100000001247,KKR & Co.,build-out,False
E100002003569,E100002016046,Mac-V Andrade Participacoes,build-out,False
E100002021845,E100002001974,member/employee owned,build-out,False
E100002004272,E100000123261,natural person(s),build-out,True
E100001016749,E100001015587,small shareholder(s),build-out,True
E100002000077,E100002001974,member/employee owned,build-out,False
E100001010711,E100002021937,Far East Holdings,build-out,False
E100000127461,E100000128153,Liuzhi Industry and Mine (Group),build-out,False
E100002016120,E100002016310,FOCOL Holdings,build-out,False
E100000004134,E100002015631,Chevron Power Holdings,build-out,False
E100002019708,E100001011283,Government of North Macedonia,build-out,False
E100000132653,E100001014809,Ontario Teachers Pension Plan,build-out,False
E100002022569,E100002022570,Cosmo Coal,build-out,False
E100000131142,E100002020860,Rahbord Sarmaye Iranian,build-out,False
E100002015604,E100002015605,Fouta,build-out,False
E100002010533,E100000000376,Caisse des dépôts et consignations,build-out,False
E100002015147,E100000123261,natural person(s),build-out,True
E100002007387,E100001000576,Industrial Development Corporation of South Africa,build-out,False
E100002017731,E100002017732,Onward Energy Holdings,build-out,False
E100000134707,E100001015587,small shareholder(s),build-out,True
E100001000882,E100001000178,The Master Trust Bank of Japan,build-out,False
E100000003566,E100002024954,MCV Partners,build-out,False
E100002014046,E100001015587,small shareholder(s),build-out,True
E100002016497,E100000123261,natural person(s),build-out,True
E100001000071,E100002017143,Neo Invest,build-out,False
E100002016740,E100002001974,member/employee owned,build-out,False
E100001000427,E100001016282,Mining and Metals Development Investment Company,build-out,False
E100002016578,E100002015566,Inicia,build-out,False
E100002009037,E100001014214,SAK Holding,build-out,False
E100000002420,E100000120043,Alarko Holding,build-out,False
E100002025205,E100002001203,Government of Singapore,build-out,False
E100002006751,E100001015525,Government of Nepal,build-out,False
E100000128620,E100000130317,Bijie Municipal People's Government Office,build-out,False
E100002021528,E100002021668,Valiant Capital Management,build-out,False
E100001016146,E100001010018,Tata Steel,build-out,False
E100002015667,E100001000571,Holcim,build-out,False
E100002006355,E100000123261,natural person(s),build-out,True
E100002004935,E100001011066,Korea Gas,build-out,False
E100000150540,E100000136151,PKA,build-out,False
E100001000553,E100001015587,small shareholder(s),build-out,True
E100002017106,E100002017107,L'Arche Green,build-out,False
E100001010696,E100001010659,Mezhdurechye,build-out,False
E100000190148,E100001000110,CMPC Celulose Riograndense,build-out,False
E100000190381,E100002022268,Beijing Enterprises Holdings,build-out,False
E100000002774,E100002017010,Industrial bank of Korea,build-out,False
E100002007706,E100000000387,TotalEnergies,build-out,False
E100002007232,E100002007239,Lucky Construction,build-out,False
E100000003203,E100001000203,Thüga,build-out,False
E100002017265,E100001015587,small shareholder(s),build-out,True
E100002001731,E100002001733,DCL Exim,build-out,False
E100000121129,E100000123261,natural person(s),build-out,True
E100002002182,E100000123261,natural person(s),build-out,True
E100002009544,E100000123261,natural person(s),build-out,True
E100001016316,E100001016315,Rio Purus Participações,build-out,False
E100000002051,E100002012040,Project Management Consulting,build-out,False
E100002017316,E100001010162,T S Global Holding,build-out,False
E100002006860,E100000123261,natural person(s),build-out,True
E100002001364,E100001016071,WhiteWater Midstream,build-out,False
E100002005069,E100001010595,The Vanguard Group,build-out,False
E100000001713,E100001015587,small shareholder(s),build-out,True
E100000152466,E100000001492,Gazprom,build-out,False
E100001011115,E100002001974,member/employee owned,build-out,False
E100002000015,E100002016398,EcoProject,build-out,False
E100002015272,E100000000619,Hera,build-out,False
E100002006066,E100000120835,Meghna Group of Industries,build-out,False
E100002002411,E100001015587,small shareholder(s),build-out,True
E100002006441,E100002006443,Cementia Holding,build-out,False
E100001014361,E100001014325,Plains All American Pipeline,build-out,False
E100002015405,E100000135427,Cementos Argos,build-out,False
E100001014668,E100002005206,Bg Energy Holdings,build-out,False
E100002009548,E100002012010,IBL,build-out,False
E100001016051,E100000000104,Brookfield,build-out,False
E100002016132,E100002017040,Lamsan Holdings,build-out,False
E100001014566,E100000149031,Korea National Oil,build-out,False
E100002015687,E100000123261,natural person(s),build-out,True
E100000004038,E100002017720,Mperial Power,build-out,False
E100002006541,E100001000282,Government of Syria,build-out,False
E100002005691,E100000001057,Hacı Ömer Sabancı Holding,build-out,False
E100000000810,E100002008183,PCD Nominee (Non-Filipino),build-out,False
E100000132878,E100002017062,CNP Assurances,build-out,False
E100002016189,E100002016692,Noori Trading Corporation,build-out,False
E100001016063,E100002025243,Sabine Pass LNG-LP,build-out,False
E100000139852,E100000001534,JPMorgan Chase & Co,build-out,False
E100000000813,E100001000103,Beacon Electric Asset Holdings,build-out,False
E100002004826,E100000123261,natural person(s),build-out,True
E100002006047,E100002006048,Al Sadi Trading Group,build-out,False
E100002006264,E100002006266,TBS Transportbeton Rhein-Neckar Verwaltungsgesellschaft,build-out,False
E100002015816,E100002016883,Beasley Green Power,build-out,False
E100002001565,E100000131474,Cement Australia Holdings,build-out,False
E100002022140,E100001001050,EP Infrastructure,build-out,False
E100002016921,E100002017213,Alfa Kazan Enerji ve Çevre Yatirimlari,build-out,False
E100000003032,E100002016430,Aeroporti di Roma,build-out,False
E100000125227,E100000125234,Three Gorges Capital Holding,build-out,False
E100001010852,E100001011143,Alsons Consolidated Resources,build-out,False
E100001013538,E100001015587,small shareholder(s),build-out,True
E100000190115,E100002024831,Ibr Empreendimentos e Participacoes,build-out,False
E100001015413,E100000001096,BP,build-out,False
E100001000208,E100001010706,Capital International Investors,build-out,False
E100001014627,E100000000387,TotalEnergies,build-out,False
E100001000208,E100001015587,small shareholder(s),build-out,True
E100002005798,E100001015587,small shareholder(s),build-out,True
E100002016809,E100001015587,small shareholder(s),build-out,True
E100002003989,E100002016388,Skandinaviska Enskilda Banken,build-out,False
E100002022495,E100001000398,China Coal Energy,build-out,False
E100002016271,E100001000179,Custody Bank of Japan,build-out,False
E100000000931,E100000123261,natural person(s),build-out,True
E100002015124,E100000120517,Grasim Industries,build-out,False
E100002012049,E100000123261,natural person(s),build-out,True
E100002013739,E100002016851,Compass Small Cap Chile Fondo de Inversión,build-out,False
E100001015564,E100000004022,Shell Deutschland,build-out,False
E100002025194,E100001010851,New Growth,build-out,False
E100002004425,E100002004428,Zenith Energy U.S. GP,build-out,False
E100000128157,E100000001427,China Yangtze Power,build-out,False
E100000134057,E100002007337,M&G Investment Managers,build-out,False
E100001014311,E100002019356,Bank of Nova Scotia,build-out,False
E100001015998,E100000001179,Chevron,build-out,False
E100001015260,E100000001245,Kinder Morgan,build-out,False
E100002016849,E100002016852,Nueva Holding,build-out,False
E100001010234,E100001015587,small shareholder(s),build-out,True
E100001000262,E100001011382,Fondo de Pensiones Obligatorias Porvenir Moderado,build-out,False
E100002023214,E100001015587,small shareholder(s),build-out,True
E100001014813,E100002025165,Pegasus Midco,build-out,False
E100001015864,E100002022349,Petrol,build-out,False
E100000000922,E100002015221,Harith Holdings,build-out,False
E100000188387,E100002000448,Temasek Holdings,build-out,False
E100002002580,E100002001604,Pilani Investment and Industries,build-out,False
E100000003358,E100000001267,NextEra Energy,build-out,False
E100000003791,E100001011768,Clal Pension & Provident Funds,build-out,False
E100000121533,E100000000960,Samsung C&T,build-out,False
E100000002464,E100002017492,Renco Power,build-out,False
E100002009626,E100000000596,Orot Energy Holdings,build-out,False
E100002019336,E100000123261,natural person(s),build-out,True
E100002016079,E100002016096,Dynegy Resource II,build-out,False
E100001011023,E100001000179,Custody Bank of Japan,build-out,False
E100001014531,E100000000470,Copelouzos Group,build-out,False
E100001014825,E100001015743,Srbijagas,build-out,False
E100002016682,E100001015587,small shareholder(s),build-out,True
E100001011114,E100002022084,Kyuden International Europe,build-out,False
E100002022391,E100001015913,Totalenergies Upstream UK,build-out,False
E100002006441,E100002006446,National Social Security Fund (Kenya),build-out,False
E100002006781,E100001000571,Holcim,build-out,False
E100002005888,E100002005243,Buzzi,build-out,False
E100001000111,E100002025117,"Forestal, Constructora y Comercial del Pacífico Sur",build-out,False
E100002017353,E100000001982,The Chugoku Electric Power,build-out,False
E100002022204,E100001015587,small shareholder(s),build-out,True
E100002022268,E100001015587,small shareholder(s),build-out,True
E100002024029,E100002024030,MSG Group of Companies,build-out,False
E100000128647,E100000126312,Shanxi Coal Transportation and Marketing Group,build-out,False
E100002006507,E100000000786,Fauji Foundation,build-out,False
E100002006849,E100002022491,InterCement Trading e Inversiones,build-out,False
E100000128156,E100000128302,China Aluminum ENERGY,build-out,False
E100002016134,E100000000112,Enbridge,build-out,False
E100002005904,E100002005905,Cemex UK,build-out,False
E100000002130,E100001015587,small shareholder(s),build-out,True
E100000000978,E100000001226,Global Infrastructure Partners,build-out,False
E100002017251,E100000123261,natural person(s),build-out,True
E100000001871,E100002010849,EP Georgia Generation,build-out,False
E100001013806,E100002009479,Aydem Holding,build-out,False
E100000132061,E100001015587,small shareholder(s),build-out,True
E100000129814,E100000000221,Jiangmen Xinhui Yinhai Development,build-out,False
E100002016739,E100000123261,natural person(s),build-out,True
E100001014373,E100001015587,small shareholder(s),build-out,True
E100002004935,E100002004954,The General Authority for Social Security & Pensions,build-out,False
E100002006021,E100002006022,Holy Archbishopric of Cyprus,build-out,False
E100002015962,E100002015963,Q‐Generation Partners,build-out,False
E100002017010,E100000000962,Government of South Korea,build-out,False
E100001015748,E100002022226,Instar Group,build-out,False
E100002017033,E100002015561,Ponni Sugars (Erode),build-out,False
E100000000591,E100002005106,The Phoenix Holdings,build-out,False
E100000003859,E100000000758,NNPC,build-out,False
E100002006007,E100000179513,Anhui Conch Cement,build-out,False
E100000152778,E100001011055,Crédit Agricole,build-out,False
E100002007394,E100000123261,natural person(s),build-out,True
E100002015993,E100001015646,Tailwater Capital,build-out,False
E100002015538,E100001015587,small shareholder(s),build-out,True
E100000155483,E100001010706,Capital International Investors,build-out,False
E100002015612,E100000123261,natural person(s),build-out,True
E100001015112,E100001015113,Powder River Gateway,build-out,False
E100002009417,E100000131246,Alpha Metallurgical Resources,build-out,False
E100001014704,E100001010582,Government of Ethiopia,build-out,False
E100001015865,E100001015868,Endurance Corporation,build-out,False
E100002006126,E100002005704,Titan Cement International,build-out,False
E100002006078,E100001015587,small shareholder(s),build-out,True
E100002007173,E100002007178,China-Africa Development Fund,build-out,False
E100002002709,E100000123261,natural person(s),build-out,True
E100002016730,E100000123261,natural person(s),build-out,True
E100002017805,E100002022451,Afnan International Holding,build-out,False
E100000003307,E100002024679,INEOS Köln Beteiligungs,build-out,False
E100002015529,E100002006320,Souakri Group,build-out,False
E100001014630,E100001015587,small shareholder(s),build-out,True
E100000001210,E100001015832,Vanguard Fiduciary Trust,build-out,False
E100001015813,E100002007779,Third Platform Services,build-out,False
E100002016442,E100000000870,Norilsk Nickel Mining and Metallurgical Company,build-out,False
E100002006731,E100002006734,Safika Resources,build-out,False
E100001010432,E100002022078,PT Adaro Strategic Capital,build-out,False
E100002006954,E100002006598,Ambe Group,build-out,False
E100000001943,E100001015587,small shareholder(s),build-out,True
E100001000405,E100002005441,UBS Switzerland,build-out,False
E100001013136,E100002009394,Erdoğan Atay Yatırım Holding,build-out,False
E100000000810,E100001015587,small shareholder(s),build-out,True
E100001001030,E100000001572,Luminus,build-out,False
E100000002654,E100000150340,CVC DIF,build-out,False
E100000001013,E100001010778,Chang Gung Medical Foundation,build-out,False
E100000001830,E100001014064,Fidelity Management & Research,build-out,False
E100001013792,E100002001974,member/employee owned,build-out,False
E100002003769,E100001011738,Government of Guinea,build-out,False
E100000121116,E100002012053,Samarang UCITS - Samarang Asian Prosperity,build-out,False
E100002007167,E100001015587,small shareholder(s),build-out,True
E100002023237,E100002009595,Sunny Yi Feng,build-out,False
E100001016377,E100002001974,member/employee owned,build-out,False
E100002016384,E100001015587,small shareholder(s),build-out,True
E100000000388,E100002021876,Criteria Caixa,build-out,False
E100002006551,E100001015587,small shareholder(s),build-out,True
E100002006045,E100002005937,Cementos Molins,build-out,False
E100002004816,E100000180733,China National Petroleum,build-out,False
E100000001186,E100001010596,State Street,build-out,False
E100002025080,E100002025081,China Galaxy Securities,build-out,False
E100001011091,E100002015224,Profaktivy,build-out,False
E100002016712,E100002016714,Oaks Corporation Capital,build-out,False
E100002006527,E100002006531,National Investment Company,build-out,False
E100001014815,E100002025167,Greenriver Holdco,build-out,False
E100002022273,E100002022988,Marcus and Amalia Wallenberg Foundation,build-out,False
E100002017187,E100001015845,Ares Management,build-out,False
E100002006149,E100002006152,HK Sibcem,build-out,False
E100000000104,E100002001399,Partners Value Investments,build-out,False
E100001014277,E100001000278,Government of Iraq,build-out,False
E100002005456,E100000123261,natural person(s),build-out,True
E100002025047,E100001000348,BlackRock,build-out,False
E100002016284,E100000123261,natural person(s),build-out,True
E100002022503,E100002022737,Huafon Group,build-out,False
E100000001133,E100002022063,Fidelity Investments Canada,build-out,False
E100002024383,E100000123261,natural person(s),build-out,True
E100001013522,E100002022884,Root Mining,build-out,False
E100000120637,E100002008189,Zuma Energy Nigeria,build-out,False
E100002020829,E100002001974,member/employee owned,build-out,False
E100001015347,E100001015348,James Richardson & Sons,build-out,False
E100002000809,E100000123261,natural person(s),build-out,True
E100002015650,E100000123261,natural person(s),build-out,True
E100000000936,E100002017597,VIP Research & Management,build-out,False
E100000190139,E100002025096,Extra Participacoes e Administracao,build-out,False
E100002020373,E100001015646,Tailwater Capital,build-out,False
E100000131026,E100000123261,natural person(s),build-out,True
E100000190301,E100002024328,Galactus do Brasil,build-out,False
E100000001322,E100001010595,The Vanguard Group,build-out,False
E100000001021,E100000123261,natural person(s),build-out,True
E100002017182,E100002017183,Hedef Portföy Lotus Serbest Fon,build-out,False
E100002017352,E100000121395,TTCL,build-out,False
E100002015987,E100000000054,Golar LNG,build-out,False
E100002019784,E100002019785,Gas Natural,build-out,False
E100000002674,E100000123261,natural person(s),build-out,True
E100000000376,E100001000079,Government of France,build-out,False
E100002016676,E100002004681,Forces Electriques d'Andorra,build-out,False
E100000126842,E100000123561,Panzhihua Pannenghua,build-out,False
E100000131251,E100001010438,BNP Paribas Nominees,build-out,False
E100002012024,E100000123261,natural person(s),build-out,True
E100002006059,E100002006525,Condumex,build-out,False
E100002015326,E100002016672,PTC India Financial Services,build-out,False
E100000132294,E100002009522,Sarda Global Venture,build-out,False
E100001013538,E100002010756,Caravaggio Holdings,build-out,False
E100000002934,E100002017461,Phoenix Água e Energia,build-out,False
E100000002772,E100002011238,Social Security Organization and Armed Forces,build-out,False
E100002006886,E100000131458,CRH,build-out,False
E100000003106,E100002024430,SWG Goal Line Holdings,build-out,False
E100000126776,E100000124253,Tiefa Coal Industry (Group),build-out,False
E100001015361,E100001015587,small shareholder(s),build-out,True
E100002007008,E100001015587,small shareholder(s),build-out,True
E100000190190,E100002024471,Camil Investimentos,build-out,False
E100002007313,E100002007314,Misr Cement Qena,build-out,False
E100000131996,E100001015587,small shareholder(s),build-out,True
E100002015636,E100002016904,SCM Investment & Trading Company,build-out,False
E100002016234,E100000123261,natural person(s),build-out,True
E100000131130,E100001015587,small shareholder(s),build-out,True
E100002019404,E100001015587,small shareholder(s),build-out,True
E100000120080,E100001015587,small shareholder(s),build-out,True
E100000003322,E100000188634,National Iranian Gas Export,build-out,False
E100000002535,E100002015979,Freyr Dataenergy,build-out,False
E100000000832,E100001015587,small shareholder(s),build-out,True
E100002021566,E100001000605,Metinvest,build-out,False
E100002016587,E100000153006,Greenko Energy Holdings,build-out,False
E100001014266,E100000000766,Equinor,build-out,False
E100002006445,E100001014867,Government of Kenya,build-out,False
E100002005243,E100000123261,natural person(s),build-out,True
E100002015140,E100001010063,EP Group,build-out,False
E100002017722,E100001000902,Adani Global,build-out,False
E100002007040,E100002005897,YTL Cement,build-out,False
E100000120454,E100001015587,small shareholder(s),build-out,True
E100002015494,E100000123261,natural person(s),build-out,True
E100002005857,E100002005859,Yojin Construction & Engineering,build-out,False
E100000000031,E100001015587,small shareholder(s),build-out,True
E100002015960,E100002008886,IHI Power Generation,build-out,False
E100002000642,E100001015587,small shareholder(s),build-out,True
E100000003007,E100002017022,Chromite Gas Holdings,build-out,False
E100002015753,E100000120031,Aditya Birla Management Corporation,build-out,False
E100000001813,E100000123261,natural person(s),build-out,True
E100002017041,E100002017042,City of Barcelona,build-out,False
E100002019446,E100002021615,Blackstone Real Estate Income Trust,build-out,False
E100002023898,E100000120216,Cementos Progreso,build-out,False
E100000128638,E100000001429,Chongqing Hongye Industry (Group),build-out,False
E100002016599,E100002016600,NianticVista Energy,build-out,False
E100000126617,E100000125512,Henan Provincial Department of Finance,build-out,False
E100002005722,E100000123261,natural person(s),build-out,True
E100000136293,E100001014317,IFM Global Infrastructure Fund,build-out,False
E100001014879,E100000000702,Petroliam Nasional,build-out,False
E100000001552,E100000191206,SK earthon,build-out,False
E100002002164,E100002001513,Barro Group,build-out,False
E100000002832,E100002016185,Phoenix Financial,build-out,False
E100002006147,E100000123261,natural person(s),build-out,True
E100000002559,E100002015962,Cogentrix Energy Power Management,build-out,False
E100000129767,E100000130016,Hubei Province Changjiang Industry Investment Group,build-out,False
E100002025065,E100002024474,Orizon Valorização de Resíduos,build-out,False
E100000131399,E100001015587,small shareholder(s),build-out,True
E100000004273,E100000004278,United Power Generation & Distribution Company,build-out,False
E100002016182,E100000000720,Petróleos Mexicanos,build-out,False
E100002024334,E100000123261,natural person(s),build-out,True
E100000002114,E100000150921,E1,build-out,False
E100002001300,E100002003521,Shanghai Industrial Holdings,build-out,False
E100002022525,E100002022811,PT Krakatau Chandra Energi,build-out,False
E100000004250,E100002024854,SinoSing Power,build-out,False
E100002016194,E100002016809,Danone,build-out,False
E100002005091,E100002005092,Aalborg Portland Holding,build-out,False
E100002007340,E100001000932,Taiheiyo Cement,build-out,False
E100000004333,E100002016237,Whitetower Holdings,build-out,False
E100002006881,E100001013528,Government of Afghanistan,build-out,False
E100002015324,E100001015587,small shareholder(s),build-out,True
E100002017685,E100002017692,Gemini Finco,build-out,False
E100000001309,E100001010595,The Vanguard Group,build-out,False
E100001015282,E100001014605,Kinder Morgan Energy Partners,build-out,False
E100001000103,E100001000105,Metro Pacific Investments,build-out,False
E100002015846,E100001000161,Shree Renuka Sugars,build-out,False
E100000002472,E100002023187,Astoria Project Partners,build-out,False
E100001014382,E100001014383,BP Oil Pipeline,build-out,False
E100000132498,E100002009160,City of Augsburg,build-out,False
E100002012031,E100000123261,natural person(s),build-out,True
E100002007373,E100002007530,Kish Future Investment,build-out,False
E100000002588,E100002024464,CDPQ Infrastructures Asia II,build-out,False
E100000001716,E100002016311,Cataland,build-out,False
E100000190149,E100002024496,Veolia Serviços Ambientais,build-out,False
E100000003452,E100002016187,Unified Information Settlement and Consulting Center,build-out,False
E100002007261,E100002007271,Bangladesh Fund,build-out,False
E100002017498,E100000123261,natural person(s),build-out,True
E100002006071,E100001000268,CEMROS,build-out,False
E100002007372,E100000131458,CRH,build-out,False
E100001001371,E100000001094,Archmore International Infrastructure Fund,build-out,False
E100001015220,E100002022340,Boswell Consulting,build-out,False
E100000003027,E100002024682,Dessauer Versorgungs- und Verkehrsgesellschaft - DVV - Stadtwerke,build-out,False
E100000132609,E100002018470,Cochan,build-out,False
E100002006244,E100002006245,Nacional Cimentos Participações,build-out,False
E100002010724,E100001000479,Vedanta,build-out,False
E100000001095,E100001015587,small shareholder(s),build-out,True
E100002006335,E100002005937,Cementos Molins,build-out,False
E100000132054,E100002010667,Pipit Group,build-out,False
E100002006738,E100000000414,Heidelberg Materials,build-out,False
E100002021597,E100000123261,natural person(s),build-out,True
E100000000565,E100001015587,small shareholder(s),build-out,True
E100002006469,E100002006470,Tração,build-out,False
E100002017684,E100002017691,Wessex Water,build-out,False
E100002017279,E100002011556,Century Global Commodities,build-out,False
E100002010794,E100002010799,PT Batavia Energi Jaya,build-out,False
E100001000412,E100000135826,Citigroup,build-out,False
E100000002661,E100001015587,small shareholder(s),build-out,True
E100001015770,E100000001213,Exxon Mobil,build-out,False
E100000001454,E100001000348,BlackRock,build-out,False
E100002007131,E100002006221,Tehran Cement,build-out,False
E100002005127,E100002005131,Old Mutual Specialised Finance,build-out,False
E100001014284,E100001015391,SGH,build-out,False
E100002021647,E100002021648,New Fortress Intermediate,build-out,False
E100002005176,E100001000348,BlackRock,build-out,False
E100001001070,E100002016831,FRAPAG Beteiligungsholding,build-out,False
E100000152756,E100002005458,Hargreaves Lansdown Asset Management,build-out,False
E100001014382,E100000001254,Marathon Petroleum,build-out,False
E100001011511,E100002007863,Government of Austria,build-out,False
E100000131692,E100002010303,Finevest Investments,build-out,False
E100002007370,E100002007372,Opterra,build-out,False
E100000001184,E100000001226,Global Infrastructure Partners,build-out,False
E100001015196,E100002022434,ST Holding 1,build-out,False
E100000150862,E100001000730,National Pension Service (South Korea),build-out,False
E100001010779,E100002022269,Everred Corporate,build-out,False
E100000132062,E100002010462,Prairie State Energy Campus Management,build-out,False
E100002005832,E100002005575,Anjani Portland Cement,build-out,False
E100002015951,E100000123261,natural person(s),build-out,True
E100000001276,E100000001534,JPMorgan Chase & Co,build-out,False
E100000001169,E100001015587,small shareholder(s),build-out,True
E100001015896,E100000158493,Shuifa Group,build-out,False
E100002009511,E100002012016,Proad,build-out,False
E100000000112,E100001015587,small shareholder(s),build-out,True
E100002005989,E100000000414,Heidelberg Materials,build-out,False
E100002006800,E100001000571,Holcim,build-out,False
E100002024846,E100000123261,natural person(s),build-out,True
E100002007269,E100000123261,natural person(s),build-out,True
E100000000476,E100002017077,Hellenic Corporation of Assets & Participations,build-out,False
E100001016083,E100001010429,Citicorp Nominees,build-out,False
E100001012387,E100002016537,Ta Chen Empire,build-out,False
E100002016581,E100001010427,HSBC Custody Nominees (Australia),build-out,False
E100000002841,E100001001274,Duke Energy Ohio,build-out,False
E100002009263,E100000123261,natural person(s),build-out,True
E100000001324,E100001000348,BlackRock,build-out,False
E100002006851,E100000123261,natural person(s),build-out,True
E100001000045,E100000123261,natural person(s),build-out,True
E100002021528,E100001000348,BlackRock,build-out,False
E100000001299,E100000123261,natural person(s),build-out,True
E100000001370,E100000001830,TransAlta,build-out,False
E100001010546,E100001010995,IC Power,build-out,False
E100002023231,E100000123261,natural person(s),build-out,True
E100002006970,E100001015587,small shareholder(s),build-out,True
E100002005805,E100001011711,Çiftay Insaat Taahhut Ve Ticaret,build-out,False
E100000003195,E100000001322,Vistra,build-out,False
E100002015209,E100002017066,Baring Private Equity Partners (India),build-out,False
E100002022606,E100002022608,Bornfree Investments 112,build-out,False
E100000000764,E100002022264,HH Capital,build-out,False
E100000131992,E100000123261,natural person(s),build-out,True
E100002004127,E100002004543,Ingenieria Estrella,build-out,False
E100001016380,E100002022039,Citibank Overseas Investment,build-out,False
E100002007381,E100002000979,Oman Investment Authority,build-out,False
E100001015865,E100001015866,Willow Tree,build-out,False
E100002006347,E100001015587,small shareholder(s),build-out,True
E100002006735,E100000000414,Heidelberg Materials,build-out,False
E100002015400,E100002006152,HK Sibcem,build-out,False
E100001011793,E100000000557,National Iranian Petrochemical,build-out,False
E100000132160,E100002010287,SVPK Company,build-out,False
E100001010007,E100001015587,small shareholder(s),build-out,True
E100001010180,E100001010018,Tata Steel,build-out,False
E100002001364,E100001015946,Rattler Midstream,build-out,False
E100001016289,E100000123261,natural person(s),build-out,True
E100000002664,E100001015587,small shareholder(s),build-out,True
E100000127540,E100000130265,Employee Stock Ownership Association of Lihuayi Group,build-out,False
E100002015434,E100002015435,Sinoma International Engineering,build-out,False
E100000000407,E100001015587,small shareholder(s),build-out,True
E100002017136,E100000123261,natural person(s),build-out,True
E100002016207,E100002016806,31-A Estates,build-out,False
E100000125234,E100000125332,Zhejiang Guotong Investment,build-out,False
E100000126837,E100000128156,Chinalco Zunyi Mining,build-out,False
E100001016809,E100002024301,Grupo Balbo Hm Empreendimentos,build-out,False
E100000131286,E100002009256,Nusantara Mining,build-out,False
E100002007991,E100000000786,Fauji Foundation,build-out,False
E100002006196,E100002006197,Nova Cimangola,build-out,False
E100002022751,E100001010281,Alliance Coal,build-out,False
E100002006267,E100002006269,Peab,build-out,False
E100000121245,E100000000662,Toyota Tsusho,build-out,False
E100002008403,E100000123261,natural person(s),build-out,True
E100001000160,E100002015846,Grupo Equipav,build-out,False
E100002017046,E100002001492,First Sentier Investors Holding,build-out,False
E100001010007,E100002021917,Isan International,build-out,False
E100002017564,E100000123261,natural person(s),build-out,True
E100002019580,E100002015554,X.AI,build-out,False
E100002006649,E100000000414,Heidelberg Materials,build-out,False
E100002006802,E100001000571,Holcim,build-out,False
E100001013473,E100002016077,Minas De Benga (Mauritius),build-out,False
E100002016669,E100000000436,Siemens,build-out,False
E100000131534,E100002009618,PT Black Diamond Resources,build-out,False
E100001001029,E100000001870,Electricité de France,build-out,False
E100002006508,E100000123261,natural person(s),build-out,True
E100002015946,E100002015947,EMS Capital,build-out,False
E100002024946,E100002024947,PBF Holding,build-out,False
E100000131645,E100002010176,PT Batu Kaya Berkat,build-out,False
E100002022526,E100002004829,PT Nusatama Properta Panbil,build-out,False
E100002005700,E100001000204,Government of Vietnam,build-out,False
E100002006152,E100002006153,FPS Sibkonkord,build-out,False
E100002001405,E100001000730,National Pension Service (South Korea),build-out,False
E100001015045,E100002004378,State Street Global Advisors,build-out,False
E100000133214,E100002000444,DBS Group Holdings,build-out,False
E100000001013,E100000001012,Formosa Chemicals & Fibre,build-out,False
E100002025132,E100000123261,natural person(s),build-out,True
E100002012070,E100000123261,natural person(s),build-out,True
E100002006312,E100002006330,Dong Nai Roofsheet & Construction Material,build-out,False
E100000001139,E100001014434,T. Rowe Price Investment Management,build-out,False
E100001015942,E100001015945,NNK-Oil,build-out,False
E100002006969,E100002006970,Rain Industries,build-out,False
E100000121022,E100001015587,small shareholder(s),build-out,True
E100002009305,E100000003065,GS Power,build-out,False
E100000132149,E100002015891,Anthracite,build-out,False
E100001014238,E100001000534,Government of the Federation of Bosnia and Herzegovina,build-out,False
E100002015188,E100002016786,BTG Pactual Timberland Investment Group,build-out,False
E100002015812,E100000123261,natural person(s),build-out,True
E100000003791,E100001011707,Migdal Makefet Pension & Provident Funds,build-out,False
E100002025098,E100002001974,member/employee owned,build-out,False
E100002008986,E100002016969,Ryegate Holdings,build-out,False
E100002007159,E100002007161,Borneo Oil,build-out,False
E100002006567,E100001015587,small shareholder(s),build-out,True
E100002024993,E100000123261,natural person(s),build-out,True
E100000128124,E100000000252,Shandong Energy Group,build-out,False
E100002024997,E100000001245,Kinder Morgan,build-out,False
E100001014129,E100001010595,The Vanguard Group,build-out,False
E100002016845,E100001010037,Siddeshwari Tradex,build-out,False
E100001015808,E100001015813,Seguro Nominees,build-out,False
E100002022750,E100000121526,Vietnam Coal-Mineral Industry,build-out,False
E100002017187,E100001011289,Zimmer Partners,build-out,False
E100002006676,E100000001358,Public Investment Fund (Saudi Arabia),build-out,False
E100001000405,E100002024566,Treasure Global Investments,build-out,False
E100002015898,E100000123261,natural person(s),build-out,True
E100001014325,E100001014648,ALPS Advisors,build-out,False
E100001014064,E100001014849,FMR,build-out,False
E100001015325,E100001000348,BlackRock,build-out,False
E100002001928,E100002001936,Heidelberg Materials South Asia,build-out,False
E100002015624,E100000123261,natural person(s),build-out,True
E100001015312,E100001015054,MPLX,build-out,False
E100002016478,E100000000746,Shell,build-out,False
E100002006154,E100002006158,Marina Bay Holding And Investment,build-out,False
E100000000324,E100001011382,Fondo de Pensiones Obligatorias Porvenir Moderado,build-out,False
E100002021528,E100002021664,Two Seas Capital,build-out,False
E100002022053,E100000123261,natural person(s),build-out,True
E100002006960,E100002006962,Dolphin Drilling,build-out,False
E100002007035,E100002005944,West China Cement,build-out,False
E100000003301,E100002024449,Indeck-Olean Cogeneration,build-out,False
E100000002366,E100000001169,California Resources,build-out,False
E100001014874,E100001000346,Invesco,build-out,False
E100001016329,E100001015587,small shareholder(s),build-out,True
E100002016285,E100000125810,Jaslene,build-out,False
E100001015068,E100000123261,natural person(s),build-out,True
E100001014627,E100001014629,Tanzania Petroleum Development,build-out,False
E100002017222,E100002017223,Ahlstrom Holding 3,build-out,False
E100001015779,E100002017760,Summit Midstream,build-out,False
E100002014196,E100002010822,Steinbeis Holding,build-out,False
E100002016959,E100002016961,Prefecture of Kochi,build-out,False
E100002019742,E100001000439,Jindal Steel,build-out,False
E100000150238,E100001015873,Sempra Infrastructure Partners,build-out,False
E100000125369,E100000125388,Chinalco Asset Management,build-out,False
E100002007876,E100000001763,Pampa Energia,build-out,False
E100000135814,E100001010595,The Vanguard Group,build-out,False
E100000003516,E100002024944,SJ Power Holdings,build-out,False
E100002015639,E100002015652,Brockwell Holdings,build-out,False
E100001015139,E100001000514,State Grid Corporation of China,build-out,False
E100000120401,E100000002762,DL Energy,build-out,False
E100002016677,E100002004569,Korea Development Bank,build-out,False
E100002002182,E100001015587,small shareholder(s),build-out,True
E100002019355,E100002003586,WPC Joint Venture,build-out,False
E100002022843,E100000129050,Ping An Insurance (Group) Company of China,build-out,False
E100002006312,E100002006331,Financiere,build-out,False
E100002006335,E100002005243,Buzzi,build-out,False
E100002006486,E100002006490,GFH Financial Group,build-out,False
E100002023156,E100002001974,member/employee owned,build-out,False
E100002021999,E100002022013,Ghadir Industrial and Mining Development International,build-out,False
E100002016995,E100002016997,Shriram Ownership Trust,build-out,False
E100001013023,E100002010813,PT Sapphire Mulia Abadi,build-out,False
E100002007229,E100000123261,natural person(s),build-out,True
E100000121037,E100002015824,PT Pindo Deli Pulp and Paper Mills,build-out,False
E100001000237,E100001011023,Oji Holdings,build-out,False
E100000000746,E100001000348,BlackRock,build-out,False
E100002022003,E100000123261,natural person(s),build-out,True
E100000120243,E100002022920,China Hongqiao Holdings,build-out,False
E100002015959,E100002002411,KCP,build-out,False
E100002005912,E100002005913,CG Corp Global,build-out,False
E100002005931,E100002005932,Gruppo Speziali,build-out,False
E100002009823,E100000123261,natural person(s),build-out,True
E100001014430,E100001015587,small shareholder(s),build-out,True
E100002007468,E100001000932,Taiheiyo Cement,build-out,False
E100000130816,E100002017628,Kyiv Securities Group,build-out,False
E100002009162,E100002010775,ResInvest Holding,build-out,False
E100001016058,E100001014325,Plains All American Pipeline,build-out,False
E100000127037,E100000130258,Qinshui County State-owned Enterprise Assets Service Center,build-out,False
E100000189676,E100000192593,Satria Group,build-out,False
E100002023806,E100001000558,Adani Power,build-out,False
E100001015115,E100001015646,Tailwater Capital,build-out,False
E100001014266,E100001014271,Azerbaijan (BTC),build-out,False
E100001010152,E100001000516,JSW Steel,build-out,False
E100001014305,E100001014308,Neo Energy Petroleum,build-out,False
E100002017078,E100000123261,natural person(s),build-out,True
E100000002954,E100002024422,DB Energy Assets,build-out,False
E100001014283,E100001015587,small shareholder(s),build-out,True
E100002016550,E100002016551,DEL Processing,build-out,False
E100002018561,E100000001078,Abu Dhabi National Energy Company,build-out,False
E100000000458,E100002016720,Region of Hannover,build-out,False
E100000128112,E100000123261,natural person(s),build-out,True
E100001000957,E100002020869,FNI - Fonds National d’Investissement,build-out,False
E100002016618,E100002023166,Kalina Power,build-out,False
E100000003694,E100002001974,member/employee owned,build-out,False
E100002009078,E100001000155,Evonik Industries,build-out,False
E100002017264,E100002017265,European Lithium,build-out,False
E100002006343,E100000121067,PT Semen Indonesia (Persero),build-out,False
E100002004530,E100002004638,Enchanted Rock Holdings,build-out,False
E100001010312,E100000123261,natural person(s),build-out,True
E100002021863,E100002022023,Middleprime Limited,build-out,False
E100001015883,E100000002134,Thai Oil,build-out,False
E100002006741,E100000000414,Heidelberg Materials,build-out,False
E100002017297,E100001010427,HSBC Custody Nominees (Australia),build-out,False
E100002023166,E100002023167,Sinalunga,build-out,False
E100001011545,E100000135826,Citigroup,build-out,False
E100000000324,E100002016282,Bogotá Capital District,build-out,False
E100002017312,E100002017313,Aust-Sino Resources Group,build-out,False
E100001014764,E100001014282,Enterprise Products Partners,build-out,False
E100000131455,E100002009447,Canada Zhonghe Investment,build-out,False
E100002006486,E100002006488,BCC Building Materials,build-out,False
E100000003208,E100002000916,Omid Taban Hoor Energy Management,build-out,False
E100000190253,E100002024383,André Maggi Participações,build-out,False
E100002001934,E100002016810,Kayne Anderson Rudnick Investment Management,build-out,False
E100001015749,E100002001974,member/employee owned,build-out,False
E100000000817,E100002008182,PCD Nominee (Filipino),build-out,False
E100000190095,E100000123261,natural person(s),build-out,True
E100002006471,E100000131458,CRH,build-out,False
E100000131455,E100002009448,Shougang International (Canada) Investment,build-out,False
E100000190172,E100000123261,natural person(s),build-out,True
E100000152574,E100000123261,natural person(s),build-out,True
E100002006812,E100001000571,Holcim,build-out,False
E100002016710,E100001000516,JSW Steel,build-out,False
E100000003305,E100002018481,E.ON Energy Projects,build-out,False
E100000000786,E100002017466,Ministry of Defense (Pakistan),build-out,False
E100002017496,E100000002098,Delta Offshore Energy,build-out,False
E100002016467,E100002015787,Grupo Gloria,build-out,False
E100000004141,E100001015587,small shareholder(s),build-out,True
E100002010829,E100002010832,PT Sriwijaya Resources,build-out,False
E100002012104,E100002012105,Atlas Capital Resources (P) IV,build-out,False
E100002006558,E100002005815,Fars & Khuzestan Cement,build-out,False
E100001015887,E100000123261,natural person(s),build-out,True
E100002008774,E100002016745,GP Cellulose,build-out,False
E100000003120,E100000000947,Korea Electric Power,build-out,False
E100000134057,E100001015587,small shareholder(s),build-out,True
E100001015113,E100001015114,Tallgrass Energy,build-out,False
E100000152192,E100002006770,UBS Fund Management (Switzerland),build-out,False
E100000190305,E100002001974,member/employee owned,build-out,False
E100001016003,E100000000874,Rosneft,build-out,False
E100000000476,E100001015587,small shareholder(s),build-out,True
E100001017646,E100002017095,EEW Energy from Waste Saarbrücken,build-out,False
E100002021888,E100002022915,JEMF Participações,build-out,False
E100002000445,E100000181249,Citibank National Association,build-out,False
E100000000694,E100002001974,member/employee owned,build-out,False
E100002015404,E100000135427,Cementos Argos,build-out,False
E100000120506,E100001015587,small shareholder(s),build-out,True
E100002004500,E100001010923,Empresas Copec,build-out,False
E100002005108,E100000001213,Exxon Mobil,build-out,False
E100002016784,E100000123261,natural person(s),build-out,True
E100002022008,E100000123261,natural person(s),build-out,True
E100001013720,E100000123261,natural person(s),build-out,True
E100001000774,E100002000200,Allan Gray,build-out,False
E100000131504,E100001015587,small shareholder(s),build-out,True
E100002019612,E100002007320,National Investment Bank (Egypt),build-out,False
E100002006235,E100001015587,small shareholder(s),build-out,True
E100001016206,E100001015587,small shareholder(s),build-out,True
E100002007006,E100000000561,Omid Investment Management,build-out,False
E100002016943,E100002016945,GLV Capital,build-out,False
E100002016672,E100001000848,PTC India,build-out,False
E100002016769,E100002016697,NE Renewable Power,build-out,False
E100002007311,E100001015587,small shareholder(s),build-out,True
E100001015830,E100001015831,NIC Holding,build-out,False
E100002006539,E100001000930,Siam Cement,build-out,False
E100001015564,E100001015565,Ruhr Oel,build-out,False
E100002024409,E100000123261,natural person(s),build-out,True
E100000003988,E100000002318,Seminole Electric Cooperative,build-out,False
E100000003550,E100002015649,St. Modwen Developments,build-out,False
E100000131821,E100002017582,Highland Fund,build-out,False
E100002024004,E100000123261,natural person(s),build-out,True
E100001010585,E100000001233,Hull Street Energy,build-out,False
E100002019216,E100002005260,Gazprom Capital,build-out,False
E100001014280,E100002004584,SWU Stadtwerke Ulm/Neu-Ulm,build-out,False
E100002007309,E100000134057,PPC,build-out,False
E100002011878,E100001014841,Williams Companies,build-out,False
E100002005995,E100002005997,SCG Cement-Building Materials,build-out,False
E100002012067,E100000001205,Energy Capital Partners Management,build-out,False
E100002009431,E100001000488,Coronado Global Resources,build-out,False
E100002016015,E100002016991,Decker Energy Investments Management,build-out,False
E100002006153,E100000123261,natural person(s),build-out,True
E100002007346,E100000120856,Mitsubishi Materials,build-out,False
E100002016788,E100000123261,natural person(s),build-out,True
E100002017187,E100002017189,Barclays,build-out,False
E100002015621,E100002001149,AJR Infra and Tolling,build-out,False
E100002017110,E100001010643,Government of Malaysia,build-out,False
E100000003313,E100002015217,Nautilus Energy Holdings,build-out,False
E100002010822,E100000123261,natural person(s),build-out,True
E100002017760,E100002022245,Connect Midstream,build-out,False
E100001010263,E100001015587,small shareholder(s),build-out,True
E100002005092,E100002005093,Cementir Holding,build-out,False
E100000190187,E100002001974,member/employee owned,build-out,False
E100002024816,E100002024117,Urca Energia Participacoes,build-out,False
E100002015945,E100002015946,WES JV,build-out,False
E100002006430,E100002005888,Dyckerhoff,build-out,False
E100002016081,E100000003501,Luz y Fuerza de San Lorenzo,build-out,False
E100000003180,E100002024882,Hamilton Projects Acquiror,build-out,False
E100002004816,E100000152472,Novatek,build-out,False
E100002009541,E100002011854,Furmeil Holdings,build-out,False
E100000132247,E100002007924,Sungela Holdings,build-out,False
E100001014222,E100001014223,Türkiye Petrolleri Anonim Ortakligi,build-out,False
E100000121131,E100000132055,Polat Kömür,build-out,False
E100001000772,E100002024718,Exxaro Australia Holdings,build-out,False
E100001000346,E100001015587,small shareholder(s),build-out,True
E100002003284,E100000123261,natural person(s),build-out,True
E100000003883,E100000001305,AES,build-out,False
E100002006843,E100002006131,Eagle Materials,build-out,False
E100002021615,E100000001158,Blackstone,build-out,False
E100001015693,E100001015697,Pakistan State Oil,build-out,False
E100002016431,E100000123261,natural person(s),build-out,True
E100002021266,E100000001493,State of Tripura,build-out,False
E100000135873,E100002017730,Onward Energy Portfolio,build-out,False
E100002006970,E100002006971,Sujala Investments,build-out,False
E100002007217,E100002006960,Raysut Cement Company,build-out,False
E100000002051,E100002012041,Toplifikacija,build-out,False
E100002023239,E100002023244,Associated Soapstone Distributing Company,build-out,False
E100002017107,E100000123261,natural person(s),build-out,True
E100002025175,E100002025177,Fazal Holdings,build-out,False
E100001014421,E100001014422,Sinopec Overseas Oil and Gas,build-out,False
E100000001375,E100001014516,DEPA Commercial,build-out,False
E100001015870,E100000123261,natural person(s),build-out,True
E100000132177,E100002009575,GCB Coal,build-out,False
E100000190258,E100002025105,Energia203 Participacoes,build-out,False
E100002016414,E100000123261,natural person(s),build-out,True
E100002017154,E100000123261,natural person(s),build-out,True
E100002016402,E100002016403,GPB-Project,build-out,False
E100001014556,E100001014560,Phillips 66 DAPL Holdings,build-out,False
E100001011674,E100002017545,Noor Financial Investment Co,build-out,False
E100001015975,E100002001974,member/employee owned,build-out,False
E100002005205,E100002005207,Al Muhaidib Holding,build-out,False
E100002025221,E100002025223,Stonepeak Bayou Holdings,build-out,False
E100002021786,E100002021278,municipally owned,build-out,False
E100001015857,E100000186190,Taishan Nuclear Power Joint Venture,build-out,False
E100001015800,E100001014312,Royal Bank of Canada,build-out,False
E100002023319,E100002023326,American Lighting,build-out,False
E100000121521,E100001000558,Adani Power,build-out,False
E100000001943,E100000189056,PT Arthakencana Rayatama,build-out,False
E100001010867,E100001015587,small shareholder(s),build-out,True
E100000125227,E100000001427,China Yangtze Power,build-out,False
E100002012024,E100001015587,small shareholder(s),build-out,True
E100002016028,E100000123261,natural person(s),build-out,True
E100002015334,E100001015587,small shareholder(s),build-out,True
E100001015370,E100002016278,SCM Topco,build-out,False
E100002016248,E100002016328,Advanced Power Services (NA),build-out,False
E100000133522,E100001000085,Government of Norway,build-out,False
E100002019210,E100002003885,Dashkasan Iron Ore,build-out,False
E100002007368,E100001010582,Government of Ethiopia,build-out,False
E100002007924,E100000132288,Thungela Resources Australia,build-out,False
E100002015963,E100002015964,Trafigura US Holdings,build-out,False
E100000129181,E100000123261,natural person(s),build-out,True
E100000002087,E100002022089,Geh Engineering,build-out,False
E100000132184,E100000123261,natural person(s),build-out,True
E100001014605,E100002024996,Kinder Morgan GP,build-out,False
E100000129982,E100000123877,Guangzhou State-owned Development Holding,build-out,False
E100000190306,E100002025017,Klingele Paper & Packaging,build-out,False
E100000134222,E100001000179,Custody Bank of Japan,build-out,False
E100002016845,E100002016846,Four Seasons Investments,build-out,False
E100000002432,E100002018471,AltaGas Power Holdings (U.S.),build-out,False
E100002008190,E100000123261,natural person(s),build-out,True
E100002006361,E100002006364,PT Asuransi Jiwa IFG,build-out,False
E100002012007,E100000132352,Western Fuels Association,build-out,False
E100002010547,E100001015587,small shareholder(s),build-out,True
E100002006176,E100002006177,Genea Angola,build-out,False
E100002016657,E100002016658,City of Neumünster,build-out,False
E100002024054,E100002024056,Al-Shumookh Lucky Investment,build-out,False
E100001011145,E100002017569,A.P. Møller Holding,build-out,False
E100002016863,E100002016864,Acek Desarrollo y Gestión Industrial,build-out,False
E100000134810,E100001015587,small shareholder(s),build-out,True
E100000002761,E100002024615,Hargreaves Raw Material Services,build-out,False
E100001001030,E100001015587,small shareholder(s),build-out,True
E100002008917,E100000001307,The Procter & Gamble,build-out,False
E100002007311,E100002007312,Agro New Vision Distribution,build-out,False
E100002020379,E100000001282,Phillips 66,build-out,False
E100002019710,E100002022387,Selkie Investments Midstream Bidco,build-out,False
E100002017310,E100002017311,Hanlong (Africa) Mining Investment,build-out,False
E100002025133,E100000123261,natural person(s),build-out,True
E100000002328,E100002015172,MFN Partners,build-out,False
E100001011093,E100002021588,SAJIR 9,build-out,False
E100001016269,E100000000547,Iranian Mines & Mining Industries Development & Renovation Organization,build-out,False
E100000001450,E100001015587,small shareholder(s),build-out,True
E100000133123,E100001000178,The Master Trust Bank of Japan,build-out,False
E100000126837,E100000121676,Chongqing Nantong Mining,build-out,False
E100001016282,E100002022014,Social Insurance Fund of Farmers and Villagers,build-out,False
E100002025177,E100000123261,natural person(s),build-out,True
E100002021467,E100000123261,natural person(s),build-out,True
E100002007297,E100002007301,iTaukei Trust Fund Board,build-out,False
E100002006162,E100000121006,PT Cemindo Gemilang,build-out,False
E100001016083,E100001010427,HSBC Custody Nominees (Australia),build-out,False
E100002022021,E100000123261,natural person(s),build-out,True
E100000000132,E100002022224,Kyma Capital,build-out,False
E100002017282,E100000123261,natural person(s),build-out,True
E100002006793,E100002006796,Omna Enterprises,build-out,False
E100001015717,E100001014950,Harvest Midstream,build-out,False
E100002017697,E100002017698,Gresham House Holdings,build-out,False
E100001011508,E100002022323,Amorim Investimentos Energeticos,build-out,False
E100000127467,E100000123382,Inner Mongolia Yidong Investment Group,build-out,False
E100001014553,E100000001647,SK,build-out,False
E100002021959,E100000000428,Munich RE,build-out,False
E100000131251,E100002010766,Interra Resources,build-out,False
E100000000054,E100002023011,Naria,build-out,False
E100002017237,E100001011023,Oji Holdings,build-out,False
E100002025249,E100002025250,Cheniere GP Holding Company,build-out,False
E100002013773,E100002016652,Stadtische Werke Magdeburg,build-out,False
E100002006605,E100002006607,Göl Yatırım Holding,build-out,False
E100000002840,E100001010928,GIC,build-out,False
E100002009548,E100001015587,small shareholder(s),build-out,True
E100002006382,E100001011838,Government of Chad,build-out,False
E100002022395,E100002022398,Redwood Green Energy Holdings,build-out,False
E100001014631,E100000123261,natural person(s),build-out,True
E100002016386,E100001014849,FMR,build-out,False
E100000132196,E100002018573,SHG Holdings 1,build-out,False
E100000131663,E100000123261,natural person(s),build-out,True
E100002005805,E100002005806,Istanbul Portfoy Yonetimi A.S. Pre-Ipo Girisim Sermayesi Yatirim Fonu,build-out,False
E100002007189,E100002007190,KMC Participacoes,build-out,False
E100002011995,E100000123261,natural person(s),build-out,True
E100002005498,E100000123261,natural person(s),build-out,True
E100002002184,E100000123261,natural person(s),build-out,True
E100001012977,E100001000605,Metinvest,build-out,False
E100000126837,E100000128157,Chongqing Yurui Industrial,build-out,False
E100002007195,E100002007196,Royal Hi-Tech Group,build-out,False
E100001014100,E100000001179,Chevron,build-out,False
E100002015198,E100001001015,City of Delhi,build-out,False
E100002022019,E100000123261,natural person(s),build-out,True
E100001015748,E100000123261,natural person(s),build-out,True
E100002001363,E100001014432,Transneft,build-out,False
E100002007946,E100001014141,Wellington Management Group,build-out,False
E100002005151,E100001015587,small shareholder(s),build-out,True
E100002024038,E100002024039,Sanad Construction Resources,build-out,False
E100001015727,E100002022344,Naftiran Intertrade,build-out,False
E100002015532,E100002016729,Webuild,build-out,False
E100002000447,E100000133214,DBS Bank,build-out,False
E100002022198,E100002020385,Enstor Gas,build-out,False
E100002005827,E100002005829,Bestway International Holdings,build-out,False
E100002016411,E100002016413,Intertrust Group,build-out,False
E100002007309,E100000133660,International Finance,build-out,False
E100001016002,E100002024642,Vankor India,build-out,False
E100002015906,E100002016579,Kencana Holdings,build-out,False
E100001014078,E100001015587,small shareholder(s),build-out,True
E100002001512,E100002001513,Barro Group,build-out,False
E100000120509,E100000001647,SK,build-out,False
E100000120702,E100002018990,PT Cita Mineral Investindo,build-out,False
E100002019760,E100002004819,Shell Gas,build-out,False
E100002002725,E100000123261,natural person(s),build-out,True
E100000000383,E100002016501,Province of Cordoba,build-out,False
E100001014696,E100001015587,small shareholder(s),build-out,True
E100002002694,E100002025074,Ifar Brazil,build-out,False
E100002017005,E100001015587,small shareholder(s),build-out,True
E100000001139,E100001000348,BlackRock,build-out,False
E100000000132,E100001015587,small shareholder(s),build-out,True
E100001014020,E100000123261,natural person(s),build-out,True
E100001010534,E100002012033,Municipal Enterprise Production Management of Water Supply and Sewerage,build-out,False
E100002006138,E100001000100,Government of Bangladesh,build-out,False
E100002006609,E100002006610,Emirate of Sharjah,build-out,False
E100002024117,E100000123261,natural person(s),build-out,True
E100002019659,E100000001242,Invenergy,build-out,False
E100000120144,E100002020526,JINAN Group,build-out,False
E100000153024,E100001000520,Life Insurance Corporation of India,build-out,False
E100002005837,E100002005838,Holcim (Liban) SAL,build-out,False
E100002021407,E100002021561,PT Volta Daya Energi Indonesia,build-out,False
E100001000618,E100002021191,KEPCO Philippines Holdings,build-out,False
E100001014132,E100000000888,Saudi Arabian Oil,build-out,False
E100002007991,E100001015587,small shareholder(s),build-out,True
E100002017534,E100002017535,KSL Sugar Holding,build-out,False
E100000126467,E100000124223,Yankuang Guizhou Energy & Chemical,build-out,False
E100002016514,E100000134810,Power Solution Technologies,build-out,False
E100001013732,E100002012059,Luchshee Reshenie,build-out,False
E100002010806,E100001016471,PT Alam Tri Abadi,build-out,False
E100002017603,E100002018391,United Capital Fertilizer Zambia,build-out,False
E100002016682,E100002016686,Lovich,build-out,False
E100002015824,E100001015587,small shareholder(s),build-out,True
E100000004062,E100002017671,Qalhat Liquefied Natural Gas,build-out,False
E100001013023,E100001015587,small shareholder(s),build-out,True
E100000120893,E100000001941,Torrent Power,build-out,False
E100002017033,E100002017039,Tamil Nadu Industrial Investment Corporation,build-out,False
E100000004244,E100002001974,member/employee owned,build-out,False
E100001016057,E100000000649,Marubeni,build-out,False
E100000001043,E100002017481,Siribhakditham,build-out,False
E100002008788,E100002010145,Bio Pappel,build-out,False
E100002022682,E100000131973,New Hope,build-out,False
E100000002535,E100002015980,Mjolnir Energy,build-out,False
E100001014512,E100001014758,Fluxys Belgium,build-out,False
E100001014131,E100000000978,Naturgy Energy Group,build-out,False
E100002007297,E100002007299,iTaukei Affairs Board,build-out,False
E100000001123,E100001015587,small shareholder(s),build-out,True
E100002016162,E100002016348,Tres Power,build-out,False
E100002016682,E100002016685,Rama Trading,build-out,False
E100001015128,E100001015132,Hrvatska postanska banka,build-out,False
E100002024187,E100000002970,EnfraGen,build-out,False
E100000190251,E100000123261,natural person(s),build-out,True
E100002006851,E100001015587,small shareholder(s),build-out,True
E100002006563,E100002006562,Shun Shing Group,build-out,False
E100002007259,E100000120433,Eren Holding,build-out,False
E100000132240,E100000123261,natural person(s),build-out,True
E100002017364,E100000001114,Mondi,build-out,False
E100000126548,E100000123697,Linyi Mining Group,build-out,False
E100001010943,E100001011623,Alteo,build-out,False
E100000190255,E100002025098,Proterra Investment Partners,build-out,False
E100001013620,E100001015587,small shareholder(s),build-out,True
E100001014154,E100001015291,PT Pertamina Internasional Eksplorasi dan Produksi,build-out,False
E100002006910,E100002006911,Beyçim Beton Sanayi ve Ticaret,build-out,False
E100001016296,E100001015587,small shareholder(s),build-out,True
E100002016338,E100002000188,T. Rowe Price Associates,build-out,False
E100000190168,E100001000161,Shree Renuka Sugars,build-out,False
E100000131883,E100002010579,PT Andalan Satria Lestar,build-out,False
E100001011522,E100001015587,small shareholder(s),build-out,True
E100000120218,E100002025293,Bigacen Enerji Yatırımları,build-out,False
E100002004472,E100002021659,Magnolia Terminal,build-out,False
E100002006701,E100000000414,Heidelberg Materials,build-out,False
E100002015497,E100000123261,natural person(s),build-out,True
E100001015875,E100001015876,Mantucket Capital Management,build-out,False
E100000131301,E100001015587,small shareholder(s),build-out,True
E100001016586,E100001015587,small shareholder(s),build-out,True
E100002002580,E100001015587,small shareholder(s),build-out,True
E100002007231,E100002007233,Hai Duong Cement,build-out,False
E100001013239,E100002017482,Ascentia,build-out,False
E100002016619,E100002016621,Nuhma AC,build-out,False
E100002006884,E100002006885,Wataniya Group,build-out,False
E100000190161,E100002024878,Empresa de Mecanização Rural Participações e Empreendimentos Imobiliários,build-out,False
E100001000303,E100000134527,Crescent Steel & Allied Products,build-out,False
E100002006542,E100002006360,The Concrete Products and Aggregate,build-out,False
E100000132098,E100000123261,natural person(s),build-out,True
E100000120130,E100002017176,Avantha Holdings,build-out,False
E100002020947,E100002020907,Brunner Mond Group,build-out,False
E100001011020,E100002017529,Gissara Agropecuária,build-out,False
E100000003790,E100002016542,Pasadena Cogeneration,build-out,False
E100002009626,E100000000584,Daniel Caesarea Holdings,build-out,False
E100002016506,E100002003737,Government of Colombia,build-out,False
E100000000700,E100002022008,Melewar Khyra,build-out,False
E100000151577,E100001011534,Kymppivoima,build-out,False
E100001015878,E100001014282,Enterprise Products Partners,build-out,False
E100000000858,E100002015693,Ilim,build-out,False
E100002005712,E100002005714,Caisse Interprofessionnelle Marocaine de Retraites,build-out,False
E100000126073,E100002022274,Dehong Capital Partners,build-out,False
E100000186749,E100002021888,Hejoassu Administração,build-out,False
E100001014582,E100001015587,small shareholder(s),build-out,True
E100002015704,E100002017068,Rockland Mayo Holding Company,build-out,False
E100002010774,E100002009162,ResInvest Group,build-out,False
E100001015857,E100002022133,Coentreprise de Transport d’Électricité,build-out,False
E100002015963,E100000188622,Quantum Capital Group,build-out,False
E100002016772,E100002017126,Yeşil Global Enerji,build-out,False
E100000132496,E100002017082,1 Thing Investments,build-out,False
E100002001388,E100001014526,DCP Midstream,build-out,False
E100002011556,E100002017282,Earnlead Investments,build-out,False
E100002002671,E100001015587,small shareholder(s),build-out,True
E100001014766,E100001014524,Holly Energy Partners,build-out,False
E100002017579,E100001014841,Williams Companies,build-out,False
E100000190315,E100000123261,natural person(s),build-out,True
E100001015946,E100001014582,Diamondback Energy,build-out,False
E100002016401,E100002016402,AAA Capital Management,build-out,False
E100000004274,E100000004278,United Power Generation & Distribution Company,build-out,False
E100000002608,E100002024340,CPV Valley Holdings,build-out,False
E100000003403,E100000000652,Nippon Steel,build-out,False
E100000001177,E100001014434,T. Rowe Price Investment Management,build-out,False
E100000121156,E100000123261,natural person(s),build-out,True
E100000000934,E100000000935,GS Holdings,build-out,False
E100002006308,E100000000549,Social Security Investment Company (Iran),build-out,False
E100002012092,E100000001075,Naftogaz of Ukraine,build-out,False
E100001000783,E100002017758,Seriti New Largo,build-out,False
E100002015949,E100001001266,DTE Energy Services,build-out,False
E100002005969,E100000187709,Votorantim Cimentos,build-out,False
E100002012070,E100001015587,small shareholder(s),build-out,True
E100002021888,E100002022917,MRC Participações,build-out,False
E100002001362,E100001014426,Enterprise Products Operating,build-out,False
E100000128639,E100000128868,Chongqing Water Conservancy Investment (Group),build-out,False
E100002015575,E100001015587,small shareholder(s),build-out,True
E100002016598,E100000152055,ART Generation,build-out,False
E100001016016,E100000001860,Egyptian General Petroleum,build-out,False
E100002015636,E100001015587,small shareholder(s),build-out,True
E100002016669,E100000000740,Dutch Entrepreneurial Development Bank,build-out,False
E100000152701,E100000186491,Groupe E,build-out,False
E100002015182,E100002017054,Struer Energi Holding,build-out,False
E100002020939,E100000000975,Iberdrola,build-out,False
E100002022203,E100001015587,small shareholder(s),build-out,True
E100002015825,E100002015826,Inversiones Imbabura,build-out,False
E100002025176,E100000123261,natural person(s),build-out,True
E100000004140,E100000001169,California Resources,build-out,False
E100002007462,E100002007464,Ghadir Capital Development and Industry,build-out,False
E100002020866,E100002021637,Municipality of Arad,build-out,False
E100002017033,E100002017037,Synergy Investments,build-out,False
E100000133835,E100000001085,Mamoura Diversified Global Holding,build-out,False
E100002017760,E100001000348,BlackRock,build-out,False
E100002015155,E100000000671,Samruk-Kazyna,build-out,False
E100002005717,E100002005719,Cemex Operaciones México,build-out,False
E100002016924,E100000000960,Samsung C&T,build-out,False
E100002006876,E100002006877,Sharaf Industries,build-out,False
E100000121552,E100001015587,small shareholder(s),build-out,True
E100000001183,E100002016567,Carbon Direct,build-out,False
E100002010703,E100001015587,small shareholder(s),build-out,True
E100001015878,E100002016134,Enbridge Energy Partners,build-out,False
E100002021471,E100002022007,SPV NH Ostrava,build-out,False
E100000121154,E100001015587,small shareholder(s),build-out,True
E100002024723,E100001010708,POSCO International,build-out,False
E100000135814,E100000123261,natural person(s),build-out,True
E100001013231,E100000000641,Electric Power Development,build-out,False
E100002015561,E100001015587,small shareholder(s),build-out,True
E100002022502,E100000123261,natural person(s),build-out,True
E100001000783,E100001000790,Coalzar,build-out,False
E100000120243,E100002022921,Cti Capital Management,build-out,False
E100002006191,E100002006194,SECIL - Companhia Geral de Cal e Cimento,build-out,False
E100000190201,E100002025031,Asja Brasil Serviços para o Meio Ambiente,build-out,False
E100000001324,E100001010595,The Vanguard Group,build-out,False
E100002006994,E100002007001,Holcim Building Materials (Austria),build-out,False
E100000120337,E100000001647,SK,build-out,False
E100000125325,E100000129137,China CITIC Financial Holdings,build-out,False
E100002006189,E100002006360,The Concrete Products and Aggregate,build-out,False
E100000120887,E100001015587,small shareholder(s),build-out,True
E100001000729,E100000123261,natural person(s),build-out,True
E100001000591,E100001016267,Government of Donetsk People's Republic,build-out,False
E100000003115,E100000001322,Vistra,build-out,False
E100001015619,E100001015620,Paloma Pipe Line,build-out,False
E100002021528,E100001010595,The Vanguard Group,build-out,False
E100002006135,E100002006136,Faruque,build-out,False
E100002015603,E100002005942,West African Cement,build-out,False
E100002005601,E100002005604,Uma Cement Global,build-out,False
E100000125330,E100000158306,China Three Gorges,build-out,False
E100002024091,E100002005943,Yaobai International Holding,build-out,False
E100002007139,E100002007144,Ostholsteinische Baustoff-Handelsgesellschaft,build-out,False
E100000129971,E100000125082,Shuifa Group (Shanghai) Asset Management,build-out,False
E100000000172,E100001000086,State-owned Assets Supervision and Administration Commission,build-out,False
E100002005919,E100002005923,Cahya Mata Cement Properties,build-out,False
E100002011705,E100002011707,Sable Offshore,build-out,False
E100002007306,E100000124534,State Development and Investment,build-out,False
E100000125368,E100000123261,natural person(s),build-out,True
E100001014071,E100002005153,Ministry of Finance (Norway),build-out,False
E100000190197,E100000123261,natural person(s),build-out,True
E100002016632,E100002016628,Government of Belgium,build-out,False
E100002022387,E100002022394,Selkie Investments Midstream Midco 2,build-out,False
E100000152139,E100000132878,SUEZ,build-out,False
E100001000286,E100000123261,natural person(s),build-out,True
E100000001114,E100001010403,Public Investment Corporation SOC,build-out,False
E100001016206,E100001010705,Capital World Investors,build-out,False
E100001013801,E100000001335,Pacific Group,build-out,False
E100000190327,E100002024816,GN Verde Participações,build-out,False
E100000127558,E100000128375,Sichuan Provincial Railway Industry Investment Group,build-out,False
E100000190373,E100002024862,Solví Participações,build-out,False
E100002024875,E100002001974,member/employee owned,build-out,False
E100001016390,E100002021813,HSBC holdings plc,build-out,False
E100001016057,E100000000638,INPEX,build-out,False
E100002006823,E100002006398,Groupe industriel des ciments d'Algérie,build-out,False
E100002006197,E100002007446,Banco Angolano de Investimentos,build-out,False
E100001014712,E100001014713,Servet Investments,build-out,False
E100002019781,E100002019782,DNB Bank,build-out,False
E100002016505,E100000150134,Empresas Públicas de Medellín,build-out,False
E100002016920,E100002016893,Frontier Group of Companies,build-out,False
E100002000639,E100000123261,natural person(s),build-out,True
E100000120614,E100000131049,PT Indonesia Morowali Industrial Park,build-out,False
E100000132057,E100000123261,natural person(s),build-out,True
E100002018873,E100000188387,Keppel,build-out,False
E100000131955,E100002016429,Mwelase Investment Holdings,build-out,False
E100002010820,E100001000405,PT Bumi Resources,build-out,False
E100001014078,E100002022501,Hämmelbergi,build-out,False
E100002015796,E100002015797,Ontustik Financial Trade Industrial Corporation,build-out,False
E100000000388,E100002001974,member/employee owned,build-out,False
E100002005783,E100000123261,natural person(s),build-out,True
E100002006050,E100000188254,KL Dugar Group,build-out,False
E100000131563,E100001015587,small shareholder(s),build-out,True
E100000000436,E100001000348,BlackRock,build-out,False
E100000002023,E100000123261,natural person(s),build-out,True
E100000132496,E100002017079,Caderno Azul,build-out,False
E100002016655,E100000123261,natural person(s),build-out,True
E100002005711,E100002005712,Ciments du Maroc,build-out,False
E100002006527,E100001015587,small shareholder(s),build-out,True
E100000151051,E100002017135,Ortadoğu Holding,build-out,False
E100002011804,E100001011866,Iranian Investment Petrochemical Group,build-out,False
E100002010430,E100001000653,Core Natural Resources,build-out,False
E100000001315,E100001014849,FMR,build-out,False
E100000120378,E100002009686,JIM Nominees,build-out,False
E100001000641,E100001010595,The Vanguard Group,build-out,False
E100001016009,E100002018779,RN Trade,build-out,False
E100002005858,E100002005863,South Valley Cement Company,build-out,False
E100001015598,E100002022372,ExxonMobil Gas Marketing Deutschland,build-out,False
E100002015985,E100002000406,China Everbright International,build-out,False
E100000155371,E100000120972,ORIX,build-out,False
E100002016172,E100000123261,natural person(s),build-out,True
E100001011674,E100001015587,small shareholder(s),build-out,True
E100000132162,E100000123261,natural person(s),build-out,True
E100002006239,E100001015587,small shareholder(s),build-out,True
E100000003952,E100002017804,Orastar,build-out,False
E100002015669,E100001000571,Holcim,build-out,False
E100002006463,E100000123261,natural person(s),build-out,True
E100001000325,E100000123261,natural person(s),build-out,True
E100002017064,E100001000079,Government of France,build-out,False
E100002017397,E100002017398,Zenith Energy Terminals Holdings,build-out,False
E100001015325,E100001010595,The Vanguard Group,build-out,False
E100002015348,E100001015587,small shareholder(s),build-out,True
E100002005629,E100000001008,Asia Cement,build-out,False
E100002022205,E100002025150,Venus Quartz,build-out,False
E100000128144,E100000123583,Guizhou Panjiang Investment Holding (Group),build-out,False
E100002006372,E100000150759,Midroc Ethiopia,build-out,False
E100002006815,E100001000571,Holcim,build-out,False
E100002017100,E100002022272,Oil Pension Fund Investment,build-out,False
E100002017632,E100000123261,natural person(s),build-out,True
E100002006326,E100002005975,Vissai Ninh Binh,build-out,False
E100002016973,E100002017684,Wessex Water Enterprises,build-out,False
E100002007194,E100002007198,Arif Habib Equity,build-out,False
E100002010785,E100001001106,PT Bayan Resources,build-out,False
E100002004321,E100001015587,small shareholder(s),build-out,True
E100002017432,E100001000346,Invesco,build-out,False
E100002016892,E100000123261,natural person(s),build-out,True
E100000131285,E100002009252,PT Ithaca Resources,build-out,False
E100002006687,E100001015587,small shareholder(s),build-out,True
E100002025031,E100000152086,ASJA Ambiente Italia,build-out,False
E100000000619,E100002016900,City of Imola,build-out,False
E100002015565,E100002015566,Inicia,build-out,False
E100002019711,E100000189013,Western LNG,build-out,False
E100002007094,E100002007097,General Military Retirement and Social Insurance Authority (Qatar),build-out,False
E100001015576,E100001011247,ConocoPhillips,build-out,False
E100000190339,E100000123261,natural person(s),build-out,True
E100002019645,E100001014947,Harvest Alaska,build-out,False
E100001015563,E100001012815,Harbour Energy,build-out,False
E100002005833,E100001015587,small shareholder(s),build-out,True
E100002019371,E100002019373,APT Pipelines (QLD),build-out,False
E100002006869,E100001015587,small shareholder(s),build-out,True
E100002005595,E100002005597,Bangladesh Development Bank,build-out,False
E100001015221,E100000000457,Uniper,build-out,False
E100002015458,E100002015460,Inversiones Lota Green,build-out,False
E100002019713,E100002019714,Red Oak Ridge Holdings,build-out,False
E100002005909,E100002005905,Cemex UK,build-out,False
E100001012027,E100001012028,Sky Global Partners,build-out,False
E100002009201,E100002009202,Buffalo Coal Dundee,build-out,False
E100001014641,E100000125036,Sinochem Group,build-out,False
E100002022007,E100000123261,natural person(s),build-out,True
E100002024409,E100001015587,small shareholder(s),build-out,True
E100001014809,E100002001974,member/employee owned,build-out,False
E100000190296,E100000001096,BP,build-out,False
E100002006551,E100002006553,Government of Ghana,build-out,False
E100001000076,E100002024741,COFCO International Holding South America,build-out,False
E100002017260,E100001000279,Government of Libya,build-out,False
E100002017294,E100001015587,small shareholder(s),build-out,True
E100000120343,E100002007723,Drax Corporate,build-out,False
E100002015771,E100002006541,General Company for the Manufacture and Marketing of Cement and Building Materials,build-out,False
E100001014737,E100000152856,First Sentier Investors (Australia) IM,build-out,False
E100002004935,E100001014553,SK Innovation,build-out,False
E100001014299,E100000123261,natural person(s),build-out,True
E100000003279,E100002024444,INEOS Group Holdings S.A.,build-out,False
E100000132151,E100000123261,natural person(s),build-out,True
E100002006277,E100002021983,Mover Participações,build-out,False
E100000127558,E100000127561,Sichuan Chuanmei Material Industry,build-out,False
E100002016820,E100000123261,natural person(s),build-out,True
E100002016649,E100002017161,MHC Plantations,build-out,False
E100002007347,E100000121484,UBE,build-out,False
E100001015328,E100001000154,Government of Montenegro,build-out,False
E100000189064,E100000001179,Chevron,build-out,False
E100002006457,E100002007792,Compagnie De Saint-Gobain,build-out,False
E100002016436,E100002016607,Natures Energy Solutions,build-out,False
E100002024980,E100002024981,Equipav Saneamento,build-out,False
E100000003189,E100002017778,Black Hills Generation,build-out,False
E100002018471,E100001010203,AltaGas Services (US),build-out,False
E100002017590,E100002017591,TTWFGP,build-out,False
E100002004319,E100002004320,Enterprise Field Services,build-out,False
E100000131904,E100000001558,LX International,build-out,False
E100000126880,E100000127411,Shandong High Speed Energy Development,build-out,False
E100002024845,E100000123261,natural person(s),build-out,True
E100002015547,E100001015587,small shareholder(s),build-out,True
E100001014542,E100001015587,small shareholder(s),build-out,True
E100002021948,E100001014317,IFM Global Infrastructure Fund,build-out,False
E100002006682,E100002006684,Hanil Holdings,build-out,False
E100002016313,E100002016315,Kalyon Gunes Enerjisi Uretim,build-out,False
E100000128609,E100000123261,natural person(s),build-out,True
E100002017096,E100001011575,Celanese,build-out,False
E100001013136,E100002009392,Lina Madencilik Petrol Enerji Tarım Ve Hayvancılık Sanayi Ticaret,build-out,False
E100002015688,E100000000505,MOL Magyar Olajes Gazipari,build-out,False
E100000001251,E100001000348,BlackRock,build-out,False
E100002017176,E100001016206,Apollo Global Management,build-out,False
E100002017208,E100001010643,Government of Malaysia,build-out,False
E100001015290,E100000123261,natural person(s),build-out,True
E100002001731,E100002001732,Melvillie Finvest,build-out,False
E100001010764,E100002024599,Stadt Dinslaken,build-out,False
E100002022128,E100000123261,natural person(s),build-out,True
E100002006199,E100002006200,Thang Long Cement,build-out,False
E100002006592,E100002006600,Golchha Organisation,build-out,False
E100002019595,E100001014437,Ithaca Energy,build-out,False
E100000131791,E100000123261,natural person(s),build-out,True
E100002016636,E100002016637,Province of Antwerp,build-out,False
E100000131010,E100002006462,National Service Products Organization,build-out,False
E100000002134,E100001010887,Thai NVDR,build-out,False
E100002016186,E100002016188,Yurenergokonsalt,build-out,False
E100000151411,E100001015587,small shareholder(s),build-out,True
E100001015285,E100001011247,ConocoPhillips,build-out,False
E100002007347,E100000120856,Mitsubishi Materials,build-out,False
E100000003656,E100001015587,small shareholder(s),build-out,True
E100000132007,E100000123261,natural person(s),build-out,True
E100002006407,E100002006398,Groupe industriel des ciments d'Algérie,build-out,False
E100002016951,E100000000654,Osaka Gas,build-out,False
E100002006811,E100001000571,Holcim,build-out,False
E100000003926,E100002024976,Volkswagen Finance Luxemburg,build-out,False
E100002012009,E100001010348,Westmoreland Mining Holdings,build-out,False
E100001010449,E100000000697,Edra Power Holdings,build-out,False
E100002017111,E100002017110,Lembaga Kemajuan Tanah Persekutuan,build-out,False
E100002009877,E100000123261,natural person(s),build-out,True
E100001015848,E100002022072,Rocca & Partners Stichting Administratiekantoor Aandelen San Faustin,build-out,False
E100000001262,E100002021776,Franklin Resources,build-out,False
E100002020914,E100000123261,natural person(s),build-out,True
E100002006752,E100000001558,LX International,build-out,False
E100002007350,E100000131458,CRH,build-out,False
E100001013685,E100001000653,Core Natural Resources,build-out,False
E100000190372,E100000123261,natural person(s),build-out,True
E100001012220,E100001015587,small shareholder(s),build-out,True
E100000131934,E100001015587,small shareholder(s),build-out,True
E100000132352,E100000004244,Tri-State Generation and Transmission Association,build-out,False
E100002015692,E100000123261,natural person(s),build-out,True
E100000000112,E100001014312,Royal Bank of Canada,build-out,False
E100001014425,E100001014426,Enterprise Products Operating,build-out,False
E100002016621,E100002016622,Province of Limburg,build-out,False
E100001015832,E100001010595,The Vanguard Group,build-out,False
E100002013912,E100002016603,Nobis Holdings,build-out,False
E100001014222,E100000001213,Exxon Mobil,build-out,False
E100001015373,E100001010777,Government of Poland,build-out,False
E100002007006,E100002007007,Ghadir Capital and Industry Development,build-out,False
E100000130981,E100001015587,small shareholder(s),build-out,True
E100001011213,E100001000197,Government of Kazakhstan,build-out,False
E100001000479,E100001000520,Life Insurance Corporation of India,build-out,False
E100002003591,E100002022460,Talisman Group Investments,build-out,False
E100000000735,E100001015644,Dodge & Cox,build-out,False
E100001011066,E100001015587,small shareholder(s),build-out,True
E100001000737,E100002017759,Topy Fund Business Association,build-out,False
E100001014266,E100000000610,Eni,build-out,False
E100001015656,E100000000013,YPF,build-out,False
E100002005569,E100001015587,small shareholder(s),build-out,True
E100002019160,E100001013528,Government of Afghanistan,build-out,False
E100001000736,E100001000520,Life Insurance Corporation of India,build-out,False
E100000000978,E100002021948,Global InfraCo,build-out,False
E100000190243,E100002025113,JB Participações s.s.,build-out,False
E100002024820,E100002024821,ENC Energy Brasil Participações,build-out,False
E100002006916,E100001000268,CEMROS,build-out,False
E100002011848,E100002011851,CBR Investments,build-out,False
E100000131887,E100000000649,Marubeni,build-out,False
E100000151586,E100001015587,small shareholder(s),build-out,True
E100002004661,E100002022468,Premier Miton Group,build-out,False
E100002019501,E100000001918,Indian Oil,build-out,False
E100002006128,E100002006129,Steppe Cement (M),build-out,False
E100000001309,E100000001534,JPMorgan Chase & Co,build-out,False
E100002008963,E100000123261,natural person(s),build-out,True
E100002017399,E100001015121,Arc Logistics Partners,build-out,False
E100000004135,E100002000740,Imperial Oil,build-out,False
E100000127431,E100000126851,Zibo MINING Group,build-out,False
E100000132196,E100002018571,SHG Holdings 3,build-out,False
E100000001636,E100001015587,small shareholder(s),build-out,True
E100000131615,E100002009814,GCC of America,build-out,False
E100000131447,E100002017439,Rezervugol,build-out,False
E100000001790,E100001015587,small shareholder(s),build-out,True
E100000188387,E100002000447,DBSN Services,build-out,False
E100002019370,E100002021607,Taichi Investment,build-out,False
E100000001283,E100001015587,small shareholder(s),build-out,True
E100002006960,E100002006963,Schwenk Cement Nederland,build-out,False
E100002018462,E100000000671,Samruk-Kazyna,build-out,False
E100002015300,E100002017043,Área Metropolitana de Barcelona,build-out,False
E100002012027,E100001015587,small shareholder(s),build-out,True
E100002005220,E100002005221,Soliman Bin Saleh Almohileb & His Sons Holding,build-out,False
E100001000652,E100001015415,NYSE-New York Stock Exchange,build-out,False
E100001015391,E100002020049,Ashblue Holdings,build-out,False
E100001014070,E100000123261,natural person(s),build-out,True
E100001000203,E100002015161,CONTIGAS Deutsche-Energie,build-out,False
E100000003105,E100001015587,small shareholder(s),build-out,True
E100000191176,E100001000266,Government of United States,build-out,False
E100001015879,E100001015880,Sentinel Midstream,build-out,False
E100000121304,E100000123261,natural person(s),build-out,True
E100002016813,E100002016814,New Harbour Ville,build-out,False
E100002022403,E100000123261,natural person(s),build-out,True
E100002024656,E100000123261,natural person(s),build-out,True
E100001000774,E100001010577,Government Employees Pension Fund (South Africa),build-out,False
E100000003632,E100002015266,Future Energy Holdings,build-out,False
E100000002561,E100002024314,Broad River Power,build-out,False
E100000000019,E100001010595,The Vanguard Group,build-out,False
E100002017085,E100001010403,Public Investment Corporation SOC,build-out,False
E100002000929,E100002017460,Mareterra Group Holding,build-out,False
E100002010851,E100001014325,Plains All American Pipeline,build-out,False
E100002016782,E100000123261,natural person(s),build-out,True
E100002006380,E100002006387,Dewan Development,build-out,False
E100002009490,E100002012014,SD Guthrie,build-out,False
E100002016384,E100002000188,T. Rowe Price Associates,build-out,False
E100001000652,E100001015587,small shareholder(s),build-out,True
E100001015838,E100000001282,Phillips 66,build-out,False
E100001000427,E100000000544,Golgohar Mining and Industrial,build-out,False
E100001015617,E100001015587,small shareholder(s),build-out,True
E100002006612,E100002006614,Mapei,build-out,False
E100002016189,E100001015587,small shareholder(s),build-out,True
E100001011093,E100002021587,PT Pesona Sukses Cemerlang,build-out,False
E100002015454,E100002016751,Municipality of Valongo,build-out,False
E100002006617,E100000000053,CK Infrastructure Holdings,build-out,False
E100002011251,E100001000255,Government of Iran,build-out,False
E100001000577,E100002024713,Zashvin,build-out,False
E100002001693,E100002001512,Adbri,build-out,False
E100001015756,E100000190767,Carnarvon Energy,build-out,False
E100002007114,E100000120772,Limak Holding,build-out,False
E100000003049,E100000001985,Hokkaido Electric Power,build-out,False
E100001014572,E100001014574,River Road Asset Management,build-out,False
E100002005107,E100002019239,Mugla Cimento Sanayi ve Ticaret,build-out,False
E100002017091,E100002017092,City of Wels,build-out,False
E100000001170,E100001000208,Constellation Energy,build-out,False
E100002006154,E100002006157,UBE Singapore Holdings,build-out,False
E100002017698,E100000137129,Gresham House,build-out,False
E100002016157,E100001000249,City of Osaka,build-out,False
E100000001177,E100001000348,BlackRock,build-out,False
E100000000809,E100000000805,ACEN,build-out,False
E100001015713,E100000001096,BP,build-out,False
E100001015693,E100001015696,Wafi Energy Pakistan,build-out,False
E100002019288,E100000123261,natural person(s),build-out,True
E100002022202,E100001010185,Reworld Holding,build-out,False
E100001000188,E100002016585,ADM Investment Singapore,build-out,False
E100001014009,E100000001234,I Squared Capital Advisors,build-out,False
E100001013479,E100002017632,Morula Capital Partners,build-out,False
E100002001602,E100001000397,Government of India,build-out,False
E100001015864,E100001000263,Government of Slovenia,build-out,False
E100002005213,E100001015587,small shareholder(s),build-out,True
E100001014673,E100000000746,Shell,build-out,False
E100002007381,E100001000952,Civil Service Employees Pension Fund (Oman),build-out,False
E100002005345,E100001010702,Gazprom Energoholding,build-out,False
E100002019161,E100001013528,Government of Afghanistan,build-out,False
E100000126548,E100000123629,China Shuangwei Investment,build-out,False
E100000190282,E100000123261,natural person(s),build-out,True
E100000003985,E100002024841,Lion Power (2008),build-out,False
E100002016338,E100001014434,T. Rowe Price Investment Management,build-out,False
E100000003599,E100000000606,Burgo Group,build-out,False
E100002005691,E100002005185,Akçansa Çimento Sanayi ve Ticaret,build-out,False
E100002022908,E100001000348,BlackRock,build-out,False
E100002016969,E100002016970,Capergy US,build-out,False
E100000001253,E100000152192,Partners Group Holding,build-out,False
E100002006418,E100001011407,UNACEM Corp,build-out,False
E100002016157,E100002016735,City of Matsubara,build-out,False
E100002000642,E100000120300,DG Khan Cement,build-out,False
E100002007307,E100000134057,PPC,build-out,False
E100002015762,E100001015587,small shareholder(s),build-out,True
E100002007385,E100002007386,Khansons Group,build-out,False
E100002015764,E100002015757,Belarusian Cement Company,build-out,False
E100002007475,E100002007448,Northern Region Cement Company,build-out,False
E100001015204,E100001015202,KazTransOil,build-out,False
E100001015556,E100000000610,Eni,build-out,False
E100001017646,E100002017094,YNCORIS,build-out,False
E100002006415,E100000000414,Heidelberg Materials,build-out,False
E100002022221,E100002022222,Noverco,build-out,False
E100001000894,E100001011136,Government of Japan,build-out,False
E100001016340,E100002022376,Adani Properties,build-out,False
E100001011143,E100000001712,Alsons Power Holdings,build-out,False
E100002016600,E100000123261,natural person(s),build-out,True
E100002009425,E100001010346,Westmoreland Mining,build-out,False
E100002006680,E100002006685,Khaneh Gostar I Company,build-out,False
E100000000114,E100001015800,Royal Trust Corporation of Canada,build-out,False
E100001012387,E100002016536,Brighton-Best International (Taiwan),build-out,False
E100000149649,E100000123261,natural person(s),build-out,True
E100002007232,E100002007234,Long Cosmos Investment,build-out,False
E100002015498,E100001015587,small shareholder(s),build-out,True
E100000152192,E100000123261,natural person(s),build-out,True
E100000001209,E100001010596,State Street,build-out,False
E100000121085,E100002018990,PT Cita Mineral Investindo,build-out,False
E100001015834,E100002001974,member/employee owned,build-out,False
E100002006351,E100001015587,small shareholder(s),build-out,True
E100002016946,E100000123261,natural person(s),build-out,True
E100002018537,E100002018538,Angang Group Hong Kong (Holdings),build-out,False
E100002003652,E100001015587,small shareholder(s),build-out,True
E100000000591,E100002017454,Migdal Insurance & Financial Holdings,build-out,False
E100002023166,E100002023168,Sassey,build-out,False
E100000131625,E100002010774,Resource Invest,build-out,False
E100002022052,E100000123261,natural person(s),build-out,True
E100002009951,E100002011852,Florida Crystals,build-out,False
E100000000335,E100000123261,natural person(s),build-out,True
E100002009626,E100002011797,Meshek Energy - Renewable Energies,build-out,False
E100001011108,E100000000864,RusHydro,build-out,False
E100002024375,E100002024378,Louis Dreyfus Holding,build-out,False
E100000003046,E100002024681,Fresenius Medical Care Investment,build-out,False
E100002017445,E100002017446,MDJ Oil Trading,build-out,False
E100002006423,E100002006424,Western International Holdings,build-out,False
E100002006435,E100000123261,natural person(s),build-out,True
E100000003666,E100000001329,Xcel Energy,build-out,False
E100002019661,E100001015587,small shareholder(s),build-out,True
E100000190367,E100001010048,ENGIE Brasil Participações,build-out,False
E100001014325,E100001015850,Plains GP Holdings,build-out,False
E100002006175,E100000000414,Heidelberg Materials,build-out,False
E100002005626,E100000131458,CRH,build-out,False
E100001012754,E100000123261,natural person(s),build-out,True
E100002019612,E100002022335,Ministry of Finance (Egypt),build-out,False
E100002016526,E100002016527,Inversiones Arauco Internacional,build-out,False
E100002006665,E100000121352,Sumitomo Osaka Cement,build-out,False
E100001013023,E100002010812,PT Kencana Unggul Semesta,build-out,False
E100001010436,E100002009440,Vunani Capital Partners,build-out,False
E100001014755,E100001015587,small shareholder(s),build-out,True
E100002009814,E100002006532,GCC,build-out,False
E100001015888,E100000001534,JPMorgan Chase & Co,build-out,False
E100000002476,E100002017623,Allied Bank,build-out,False
E100000002918,E100001015587,small shareholder(s),build-out,True
E100002010010,E100000123261,natural person(s),build-out,True
E100000120999,E100002015282,Hong Kong Prime Aluminium Investment,build-out,False
E100000001205,E100002016383,Energy Capital Partners Holdings,build-out,False
E100002015988,E100000121284,Shumba Energy,build-out,False
E100002024378,E100002024380,Akira,build-out,False
E100000001496,E100000001407,Bord Gáis Energy,build-out,False
E100002006535,E100002006166,Siam City Cement,build-out,False
E100002005620,E100002005622,Snyder Associated Companies,build-out,False
E100000002810,E100002015256,Fram Capital Gestão de Ativos,build-out,False
E100002007314,E100002007318,Egyptian Company for Investment Projects,build-out,False
E100002015798,E100000123261,natural person(s),build-out,True
E100002016620,E100002016626,P&V Insurance,build-out,False
E100001015599,E100001015587,small shareholder(s),build-out,True
E100001000882,E100001015587,small shareholder(s),build-out,True
E100001014556,E100001014559,Dakota Access Holdings,build-out,False
E100000001789,E100000001797,Evolution Power Partners,build-out,False
E100000190238,E100000190190,Camil Alimentos,build-out,False
E100001011987,E100000123261,natural person(s),build-out,True
E100000126279,E100000128164,Liupanshui Zhongneng Ruifeng Trading,build-out,False
E100000003095,E100000000067,Eneva,build-out,False
E100000002114,E100002017826,Calista Capital,build-out,False
E100000001642,E100002016524,Riverstone/Gower Mgmt Co Holdings,build-out,False
E100002005844,E100000000705,State of Sabah,build-out,False
E100001015412,E100001015587,small shareholder(s),build-out,True
E100002016924,E100000123261,natural person(s),build-out,True
E100002024038,E100002024041,Aswaq for Investment Portfolios,build-out,False
E100000000888,E100001015587,small shareholder(s),build-out,True
E100002011925,E100002016865,City of Kokkola,build-out,False
E100002018948,E100000000481,CLP Holdings,build-out,False
E100002009452,E100000131459,CST Group,build-out,False
E100002000966,E100002003484,Cube Bio-Energy,build-out,False
E100000121011,E100002024541,Siam Kraft Industry,build-out,False
E100000125388,E100000121720,Aluminum Corporation of China,build-out,False
E100001014516,E100001014966,Hellenic Republic Asset Development Fund,build-out,False
E100001015944,E100000000027,OMV,build-out,False
E100000131598,E100000123261,natural person(s),build-out,True
E100002016759,E100000123261,natural person(s),build-out,True
E100002011522,E100002016807,City of Mumbai,build-out,False
E100001012293,E100000123261,natural person(s),build-out,True
E100002025248,E100002025254,BIF IV Cypress Aggregator (Delaware),build-out,False
E100002006168,E100002006169,Cim Metal Group,build-out,False
E100002016708,E100001000601,Meralco Powergen,build-out,False
E100002016223,E100000123261,natural person(s),build-out,True
E100002019314,E100001010518,Government of Peru,build-out,False
E100002012097,E100002016647,Mohawk Industries,build-out,False
E100000190118,E100000123261,natural person(s),build-out,True
E100001015467,E100000001595,National Petroleum and Natural Gas Pipeline Network Group,build-out,False
E100002021522,E100000001173,Carlyle Group,build-out,False
E100001000161,E100001015587,small shareholder(s),build-out,True
E100001011674,E100002017546,Pakistan Kuwait Investment Company,build-out,False
E100000000453,E100002016721,KOM9,build-out,False
E100001010558,E100002024877,Construction Guarantee,build-out,False
E100000132252,E100000131697,PT Indobagus Energy,build-out,False
E100002004454,E100000123261,natural person(s),build-out,True
E100001016945,E100002017534,Khon Kaen Sugar Industry,build-out,False
E100002021648,E100002021649,NFE US Holdings,build-out,False
E100000151550,E100002017044,FS Core Utilities,build-out,False
E100000190275,E100002025034,Agro Pecuaria Engenho Para,build-out,False
E100000000955,E100001015587,small shareholder(s),build-out,True
E100001010206,E100000001169,California Resources,build-out,False
E100000001553,E100002023088,NRG Supply And Trading Single Member Energy,build-out,False
E100002025140,E100001010427,HSBC Custody Nominees (Australia),build-out,False
E100000131594,E100002016209,Anderson Bay,build-out,False
E100000191206,E100001014553,SK Innovation,build-out,False
E100000120634,E100002008189,Zuma Energy Nigeria,build-out,False
E100001014386,E100001000348,BlackRock,build-out,False
E100002013651,E100002016888,Forestal y Papelera Concepción,build-out,False
E100001000165,E100001015587,small shareholder(s),build-out,True
E100002016445,E100002016447,Hopu Investment Management,build-out,False
E100002011714,E100000123261,natural person(s),build-out,True
E100000189013,E100002021514,Blackstone Energy Transition Partners,build-out,False
E100002009079,E100002009080,Ferrero International,build-out,False
E100002024386,E100002019810,Equatorial,build-out,False
E100001000729,E100001015587,small shareholder(s),build-out,True
E100001014603,E100001014605,Kinder Morgan Energy Partners,build-out,False
E100000000858,E100001015587,small shareholder(s),build-out,True
E100002006141,E100001015587,small shareholder(s),build-out,True
E100002016212,E100002016307,Longbow Capital,build-out,False
E100002017737,E100002017738,Dow Chemical Canada,build-out,False
E100002017814,E100002017815,G+E GETEC Holding,build-out,False
E100000003479,E100002024934,GenOn Holdings,build-out,False
E100001010181,E100001010596,State Street,build-out,False
E100000001096,E100001015587,small shareholder(s),build-out,True
E100002007005,E100002002419,Vicat,build-out,False
E100002024038,E100002024040,Etihad Al Khamsa For Investment and Development,build-out,False
E100001015715,E100002005151,DNO,build-out,False
E100002006524,E100000123261,natural person(s),build-out,True
E100002025101,E100000123261,natural person(s),build-out,True
E100002023103,E100000123261,natural person(s),build-out,True
E100002005861,E100000187709,Votorantim Cimentos,build-out,False
E100000125345,E100000125383,China Merchants Fund Management,build-out,False
E100001000441,E100002015321,Feldo Enterprises,build-out,False
E100000153006,E100002016591,Cambourne Investment,build-out,False
E100002017109,E100002017111,Felda Asset Holdings Company,build-out,False
E100002013776,E100000123261,natural person(s),build-out,True
E100000003105,E100002021196,GPSC Holding (Thailand),build-out,False
E100001011244,E100000001158,Blackstone,build-out,False
E100002019403,E100002022338,Public Sector Pension Investment Board,build-out,False
E100002021296,E100000152388,Neo Next + Energy,build-out,False
E100002005627,E100002005629,Far Eastern New Century,build-out,False
E100000131858,E100002009177,HMS Bergbau,build-out,False
E100002006365,E100002006366,Sepah Investment Company,build-out,False
E100000003906,E100000000107,Capital Power,build-out,False
E100002016525,E100000123261,natural person(s),build-out,True
E100002006373,E100001014342,CEMEX,build-out,False
E100001010991,E100002017476,APD Ventures,build-out,False
E100001015960,E100001014834,Gaznat,build-out,False
E100000120972,E100001000178,The Master Trust Bank of Japan,build-out,False
E100002016768,E100001011694,EWP Renewable,build-out,False
E100000000388,E100001016749,AMUNDI Asset Management,build-out,False
E100000004039,E100002016362,Beagley Copperman,build-out,False
E100002006280,E100002006282,Tongyang,build-out,False
E100002013843,E100001010134,Government of Brunei,build-out,False
E100002017211,E100002017212,Sae-A Trading,build-out,False
E100001010711,E100000123261,natural person(s),build-out,True
E100002005849,E100000123261,natural person(s),build-out,True
E100001015053,E100001015054,MPLX,build-out,False
E100002006324,E100002005786,Vietnam Cement Industry,build-out,False
E100002008088,E100001015045,Santos,build-out,False
E100000003834,E100000000697,Edra Power Holdings,build-out,False
E100001016731,E100002003315,Dynamotive Energy Systems,build-out,False
E100000131392,E100000123261,natural person(s),build-out,True
E100000190092,E100002024731,Concrem Participações Societárias,build-out,False
E100002006965,E100002006967,NK Trustee for Commercial Investments,build-out,False
E100001016326,E100002017564,Ejabi Holding Co,build-out,False
E100000190153,E100000123261,natural person(s),build-out,True
E100000153651,E100002004060,City of Luxembourg,build-out,False
E100000126073,E100001014866,Government of China,build-out,False
E100001000083,E100001015587,small shareholder(s),build-out,True
E100002005809,E100002005812,Schmid Industrieholding,build-out,False
E100002011507,E100002017045,Global Diversified Infrastructure Fund,build-out,False
E100001014258,E100001000209,Government of Bahrain,build-out,False
E100002001268,E100002017500,Al Awael Investment Holding,build-out,False
E100000000369,E100002016530,FAM,build-out,False
E100002015614,E100000123261,natural person(s),build-out,True
E100000120035,E100001000178,The Master Trust Bank of Japan,build-out,False
E100000002764,E100002024607,DS Smith Packaging Beteiligungen,build-out,False
E100000134070,E100002019161,Ministry of Urban Development and Housing (Afghanistan),build-out,False
E100000122704,E100000123750,Weifang Chenrong Equity Investment Fund Partnership,build-out,False
E100001015875,E100001015646,Tailwater Capital,build-out,False
E100002016454,E100000123261,natural person(s),build-out,True
E100000131834,E100000123261,natural person(s),build-out,True
E100002016831,E100002016834,HKW Private Foundation,build-out,False
E100002005077,E100002005078,Suez Cement Company,build-out,False
E100002017760,E100001010595,The Vanguard Group,build-out,False
E100001015289,E100001014674,BP Midstream Partners,build-out,False
E100000189361,E100000000746,Shell,build-out,False
E100000127327,E100000130249,Shanxi Yangcheng Yangtai Group Jingxin Coal Industry Co Ltd Trade Union Committee,build-out,False
E100002023969,E100002015793,Crewell International,build-out,False
E100002005483,E100002005243,Buzzi,build-out,False
E100000132382,E100000123261,natural person(s),build-out,True
E100000003422,E100001015587,small shareholder(s),build-out,True
E100002016371,E100000133919,Old Mutual,build-out,False
E100002007418,E100002007419,Ittihad International Investment,build-out,False
E100001015623,E100002022091,Suzuyo & Co.,build-out,False
E100001015534,E100000000406,EWE,build-out,False
E100000001278,E100001010596,State Street,build-out,False
E100002006019,E100002005786,Vietnam Cement Industry,build-out,False
E100002016892,E100001015587,small shareholder(s),build-out,True
E100000003267,E100000000107,Capital Power,build-out,False
E100002015185,E100002016744,Region of Zealand,build-out,False
E100002004326,E100001000279,Government of Libya,build-out,False
E100002025045,E100002025046,BlackRock Financial Management,build-out,False
E100002015426,E100002015429,Galaks Holding,build-out,False
E100002017311,E100002017314,Sichuan Hanlong Group,build-out,False
E100000151463,E100002022238,"Danish Ministry of Climate, Energy and Utilities",build-out,False
E100002015132,E100000139852,JPMorgan Chase Bank,build-out,False
E100001013179,E100002017719,Pacific Minerals,build-out,False
E100002024474,E100002025067,Oliveira Trust Servicer,build-out,False
E100002005601,E100000188255,Murarka Group,build-out,False
E100000001245,E100001015587,small shareholder(s),build-out,True
E100002015217,E100000001234,I Squared Capital Advisors,build-out,False
E100002006307,E100002006291,PT Conch Cement Indonesia,build-out,False
E100000003076,E100001011056,Centrenergoholding,build-out,False
E100000190232,E100002007351,Polimix Concreto,build-out,False
E100001015265,E100001015263,M Vest,build-out,False
E100002016113,E100001015587,small shareholder(s),build-out,True
E100002006186,E100002005110,Titan Cement Company,build-out,False
E100000000747,E100001015412,Exor,build-out,False
E100001016329,E100002017566,Mohammad Y. Al Nisf & Partners,build-out,False
E100000002548,E100000002320,South Texas Electric Cooperative,build-out,False
E100001011091,E100000123261,natural person(s),build-out,True
E100002006044,E100000123261,natural person(s),build-out,True
E100001011389,E100002016534,GPL Power,build-out,False
E100002018503,E100002018504,BHE Geothermal,build-out,False
E100002006756,E100000132883,Sarrai Group,build-out,False
E100002016620,E100002016627,EthiasCo,build-out,False
E100000121077,E100000003763,PT PLN Batam,build-out,False
E100002005891,E100002005892,F Scott,build-out,False
E100001015960,E100001014696,Ganeos,build-out,False
E100002006131,E100001014849,FMR,build-out,False
E100001014523,E100001014524,Holly Energy Partners,build-out,False
E100001010887,E100002022047,The Stock Exchange of Thailand,build-out,False
E100002020934,E100002020935,Neo Energy Consolidated Holdings,build-out,False
E100000190336,E100000190131,Companhia De Saneamento Básico Do Estado De São Paulo,build-out,False
E100002006949,E100002006950,SPZ Austria Beteiligungs,build-out,False
E100002017317,E100001015587,small shareholder(s),build-out,True
E100002017022,E100002017023,Therma NatGas Power,build-out,False
E100002021999,E100001012537,Chadormalu Mining & Industrial,build-out,False
E100002016272,E100001000408,Samruk-Energo,build-out,False
E100001015911,E100001015913,Totalenergies Upstream UK,build-out,False
E100001016406,E100002024813,1562880 B.C.,build-out,False
E100000131996,E100002010644,Garima Buildprop,build-out,False
E100002023088,E100000001586,Motor Oil Hellas,build-out,False
E100000131357,E100002022586,STH Group,build-out,False
E100002015984,E100001015587,small shareholder(s),build-out,True
E100002022607,E100001001089,Navajo Transitional Energy Company,build-out,False
E100002016154,E100002016616,Hiroshima Prefectural Environmental Conservation,build-out,False
E100002015489,E100000123261,natural person(s),build-out,True
E100001011132,E100001015587,small shareholder(s),build-out,True
E100002006170,E100000000414,Heidelberg Materials,build-out,False
E100002006772,E100001000571,Holcim,build-out,False
E100002012046,E100002012097,Unilin,build-out,False
E100002005585,E100000123261,natural person(s),build-out,True
E100002017063,E100002017064,La Poste,build-out,False
E100002004828,E100001015587,small shareholder(s),build-out,True
E100000128157,E100000124276,Chongqing Liangjiang New Area Development & Investment Group,build-out,False
E100002020994,E100002021642,Sustainable Power,build-out,False
E100001014633,E100000123261,natural person(s),build-out,True
E100001015697,E100001015700,National Bank of Pakistan,build-out,False
E100000139525,E100001000208,Constellation Energy,build-out,False
E100002006326,E100002006328,Philcement,build-out,False
E100002015468,E100001015587,small shareholder(s),build-out,True
E100000130816,E100001000605,Metinvest,build-out,False
E100002007374,E100000179513,Anhui Conch Cement,build-out,False
E100002017132,E100002017134,City of Seinäjoki,build-out,False
E100002010810,E100002010814,PT Borneo Berkat Makmur,build-out,False
E100000149780,E100000123261,natural person(s),build-out,True
E100002016284,E100002016285,Diamond Mint,build-out,False
E100000127561,E100000124530,Sichuan Coal Industry Group Dazhu Coal and Electricity Group,build-out,False
E100001000102,E100001015587,small shareholder(s),build-out,True
E100002006332,E100002024162,Quikrete Holdings,build-out,False
E100000150598,E100001014054,Wit Europese Investering,build-out,False
E100000004095,E100002024650,Holding für Versorgung und Verkehr Bochum,build-out,False
E100000000111,E100001015587,small shareholder(s),build-out,True
E100001014799,E100001014345,Compañía General de Combustibles,build-out,False
E100000002654,E100002016164,Indigenous Communities Syndicate,build-out,False
E100002015828,E100001011407,UNACEM Corp,build-out,False
E100000001269,E100001015587,small shareholder(s),build-out,True
E100002004155,E100002016434,SDB Mining,build-out,False
E100002015762,E100002016937,Ashima Bansal Family Trust,build-out,False
E100000132878,E100001015587,small shareholder(s),build-out,True
E100002006166,E100001015587,small shareholder(s),build-out,True
E100002008855,E100000120931,Nippon Paper Industries,build-out,False
E100001014054,E100000123261,natural person(s),build-out,True
E100002016717,E100000123261,natural person(s),build-out,True
E100000131502,E100002022565,Kinetic Crest,build-out,False
E100000190087,E100000123261,natural person(s),build-out,True
E100002006194,E100000000838,Semapa - Sociedade de Investimento e Gestão,build-out,False
E100001014535,E100001014536,ARB Midstream,build-out,False
E100000001016,E100001015587,small shareholder(s),build-out,True
E100000131913,E100000123261,natural person(s),build-out,True
E100001014294,E100000123261,natural person(s),build-out,True
E100001011696,E100001015587,small shareholder(s),build-out,True
E100001010432,E100002022077,PT Adaro Strategic Lestari,build-out,False
E100002004127,E100001015587,small shareholder(s),build-out,True
E100000133660,E100002023156,The World Bank Group,build-out,False
E100001015993,E100000000874,Rosneft,build-out,False
E100001015984,E100001015987,AzValor Asset Management SGIIC,build-out,False
E100001015857,E100001015587,small shareholder(s),build-out,True
E100000003085,E100000140036,United Illuminating,build-out,False
E100002006021,E100002006024,Anastasios G Leventis Foundation,build-out,False
E100000128157,E100000124944,Chongqing Changxingyou Energy,build-out,False
E100000000245,E100001000328,HKSCC Nominees,build-out,False
E100002016338,E100001000348,BlackRock,build-out,False
E100002016136,E100000123261,natural person(s),build-out,True
E100000000107,E100001015587,small shareholder(s),build-out,True
E100002016837,E100000123261,natural person(s),build-out,True
E100002016787,E100002016788,BTG Pactual G7 Holding,build-out,False
E100002016884,E100000123261,natural person(s),build-out,True
E100002003264,E100002012073,Rethmann,build-out,False
E100001013538,E100000133214,DBS Bank,build-out,False
E100002022052,E100002022053,ACH GP,build-out,False
E100001015053,E100000000112,Enbridge,build-out,False
E100002016627,E100002016628,Government of Belgium,build-out,False
E100001016927,E100002017211,Tailim Paper,build-out,False
E100002002442,E100002001604,Pilani Investment and Industries,build-out,False
E100000120754,E100001015587,small shareholder(s),build-out,True
E100001015276,E100001000264,Government of Hungary,build-out,False
E100002006328,E100000121352,Sumitomo Osaka Cement,build-out,False
E100002017467,E100000000885,Aljomaih Holding,build-out,False
E100002001361,E100002001362,Enterprise NGL Pipelines,build-out,False
E100002019714,E100000001242,Invenergy,build-out,False
E100001015853,E100002022195,Grace Partners of DuPage,build-out,False
E100000001235,E100001015587,small shareholder(s),build-out,True
E100000121304,E100002017459,Jahangir Siddiqui & Co,build-out,False
E100002025112,E100000123261,natural person(s),build-out,True
E100001013486,E100001015587,small shareholder(s),build-out,True
E100002008598,E100001015597,Oaktree Capital Management,build-out,False
E100002017603,E100002007093,Wonderful Group of Companies,build-out,False
E100002006114,E100000000414,Heidelberg Materials,build-out,False
E100002017258,E100002017259,Libyan Foreign Bank,build-out,False
E100000001293,E100001010596,State Street,build-out,False
E100000120706,E100002009190,Kanden Energy Solutions,build-out,False
E100002014046,E100001014849,FMR,build-out,False
E100000152698,E100001014213,Canton of Aargau,build-out,False
E100002006197,E100001012407,Government of Angola,build-out,False
E100002007364,E100002007696,Crh (Uk),build-out,False
E100002004187,E100002017580,Axioma Capital FZE,build-out,False
E100002015359,E100002001512,Adbri,build-out,False
E100000191110,E100001011300,Gazprom Neft,build-out,False
E100000125903,E100002022845,Hong Kong Exchanges and Clearing,build-out,False
E100002016682,E100002016684,Surya Kiran Investments,build-out,False
E100001011114,E100002022081,JERA Power Management Asia,build-out,False
E100000187294,E100002012052,Samarang Asset Management,build-out,False
E100001015522,E100001015599,Sunoco,build-out,False
E100002010216,E100000121182,RioZim,build-out,False
E100000127431,E100000124988,Longkou Mining Group,build-out,False
E100000131842,E100002010558,Newtron,build-out,False
E100001000168,E100002016059,MC Green Energy Fundo de Investimentos em Participações Multiestratégia,build-out,False
E100001014308,E100002020934,Neo Energy Upstream UK,build-out,False
E100000190361,E100000123261,natural person(s),build-out,True
E100001015315,E100001015587,small shareholder(s),build-out,True
E100002022394,E100002022397,Wren House Infrastructure Midstream Investments,build-out,False
E100001011842,E100000000394,Allianz,build-out,False
E100002015788,E100002015823,Holding Cementero Del Peru,build-out,False
E100000188879,E100000189062,Fondo de Garantía de Sustentabilidad - Anses,build-out,False
E100002019402,E100002019403,TriSummit Utilities,build-out,False
E100000001384,E100000123261,natural person(s),build-out,True
E100001000086,E100001014866,Government of China,build-out,False
E100000125323,E100000124275,Chongqing Fuling Energy Industry Group,build-out,False
E100002018780,E100000001006,Vitol,build-out,False
E100002015805,E100002017681,California Pledgeco,build-out,False
E100002018462,E100002018464,UCC Qazaqstan 3,build-out,False
E100002015750,E100001000293,Government of Turkmenistan,build-out,False
E100000127042,E100000123261,natural person(s),build-out,True
E100001000643,E100002011739,Saint Nicholas Investor Group,build-out,False
E100001014368,E100001015587,small shareholder(s),build-out,True
E100000002263,E100002016367,Greenidge Generation Holdings,build-out,False
E100002006217,E100002006219,Tengy Group,build-out,False
E100000190258,E100002025102,Brenergia Energias Renovaveis,build-out,False
E100001000402,E100002005522,Renaissance Technologies,build-out,False
E100002025248,E100002025253,BIP Chinook Holdco,build-out,False
E100001014939,E100000123261,natural person(s),build-out,True
E100002006348,E100001000932,Taiheiyo Cement,build-out,False
E100002006333,E100001000930,Siam Cement,build-out,False
E100001015564,E100001015566,Holborn Europa Raffinerie,build-out,False
E100000120451,E100002025177,Fazal Holdings,build-out,False
E100000121043,E100001015587,small shareholder(s),build-out,True
E100001014546,E100001014542,DT Midstream,build-out,False
E100002002885,E100001000520,Life Insurance Corporation of India,build-out,False
E100002006597,E100002006166,Siam City Cement,build-out,False
E100001014502,E100001000090,Ministry of Energy (Romania),build-out,False
E100002007004,E100002007005,Parficim,build-out,False
E100001010185,E100001010928,GIC,build-out,False
E100001015199,E100000132049,"Bangladesh Oil, Gas and Mineral",build-out,False
E100002015767,E100002015768,Balcem Group,build-out,False
E100002004502,E100002004503,Quiñenco,build-out,False
E100002008787,E100002000937,State of Massachusetts,build-out,False
E100000001251,E100001010595,The Vanguard Group,build-out,False
E100000131903,E100001013067,PT Deli Coal,build-out,False
E100002016795,E100002001974,member/employee owned,build-out,False
E100001000374,E100002003297,Harith InfraCo,build-out,False
E100001011665,E100002015889,American Capital Energy & Infrastructure,build-out,False
E100001015820,E100001015822,Pony Express and Tallgrass Development,build-out,False
E100001015852,E100000123261,natural person(s),build-out,True
E100002021584,E100002000815,Province of New Brunswick (Canada),build-out,False
E100002015275,E100002016943,Maire,build-out,False
E100002024948,E100000001275,PBF Energy,build-out,False
E100002016797,E100002016798,Province of Gipuzkoa,build-out,False
E100000001276,E100001015587,small shareholder(s),build-out,True
E100002009637,E100001000522,JSW Energy,build-out,False
E100002008401,E100002017128,The Powell Group,build-out,False
E100002018779,E100000000874,Rosneft,build-out,False
E100002006166,E100002006518,Sunrise Equity,build-out,False
E100001015878,E100001013161,Anadarko Petroleum,build-out,False
E100000121583,E100002017203,Kisco,build-out,False
E100002025008,E100000123261,natural person(s),build-out,True
E100000001210,E100001000348,BlackRock,build-out,False
E100001014712,E100001014714,Borealis Spain Parent,build-out,False
E100000190201,E100002025030,Limpebras Residuos,build-out,False
E100002004515,E100002022450,Xinjiang Guanghui Industry,build-out,False
E100002007052,E100001000571,Holcim,build-out,False
E100002016415,E100000123261,natural person(s),build-out,True
E100000002612,E100002024345,CalPeak Power,build-out,False
E100001015901,E100000123261,natural person(s),build-out,True
E100002015832,E100002015833,Specialized Developer of GK Kronverk,build-out,False
E100000151456,E100002017055,City of Holstebro,build-out,False
E100002016154,E100001000129,JFE Engineering,build-out,False
E100002016955,E100002024409,SoftBank Group,build-out,False
E100002015125,E100000132696,Grupo Pantaleón,build-out,False
E100000190299,E100002001974,member/employee owned,build-out,False
E100000190258,E100002025107,Minozzo Participacoes,build-out,False
E100002007389,E100000133656,Government of Namibia,build-out,False
E100002021981,E100000123261,natural person(s),build-out,True
E100002021813,E100001000348,BlackRock,build-out,False
E100001014346,E100001014345,Compañía General de Combustibles,build-out,False
E100002016952,E100001015587,small shareholder(s),build-out,True
E100000120943,E100000002078,Siberian Generating Company,build-out,False
E100002004503,E100002004504,Andsberg Inversiones,build-out,False
E100000003743,E100002016228,Lavoy Alliance,build-out,False
E100000190284,E100000000774,Yara International,build-out,False
E100002019385,E100001015587,small shareholder(s),build-out,True
E100002005503,E100000123261,natural person(s),build-out,True
E100002011910,E100001000296,Government of Nigeria,build-out,False
E100002018501,E100002018503,CE Generation,build-out,False
E100000134583,E100002016830,Sindicatum Sustainable Resources Management,build-out,False
E100000001165,E100000001143,ArcLight Capital Partners,build-out,False
E100000190289,E100002025112,Oleoplan S.A. Óleos Vegetais Planalto,build-out,False
E100001010627,E100001015587,small shareholder(s),build-out,True
E100000121294,E100002007805,Toshiba Energy Systems & Solutions,build-out,False
E100001014932,E100001015314,Kinder Morgan Texas Pipeline,build-out,False
E100000120829,E100001015587,small shareholder(s),build-out,True
E100001015883,E100000000746,Shell,build-out,False
E100002008741,E100000001103,DS Smith,build-out,False
E100002017214,E100001016206,Apollo Global Management,build-out,False
E100002021595,E100002021673,Acelen Comercio E Representacao Prod P Lavoura,build-out,False
E100000004332,E100000004333,Whitetower Holdings UK,build-out,False
E100002015205,E100002001974,member/employee owned,build-out,False
E100002006884,E100002006887,Khairat Abar Iraqiya,build-out,False
E100001011055,E100002021877,Rue la Boétie,build-out,False
E100002025174,E100000123261,natural person(s),build-out,True
E100002016257,E100001000381,Bank of Singapore,build-out,False
E100002016152,E100000000639,Idemitsu Kosan,build-out,False
E100001016088,E100002003008,AMF Fonder,build-out,False
E100000002812,E100002024411,Marco DM Holdings,build-out,False
E100001014605,E100002024995,KM Energy,build-out,False
E100002011956,E100000131519,Corsa Coal,build-out,False
E100002005661,E100000123261,natural person(s),build-out,True
E100001015353,E100000123261,natural person(s),build-out,True
E100001016256,E100002011285,Resonac Holdings,build-out,False
E100002004907,E100001015587,small shareholder(s),build-out,True
E100001011006,E100001000400,Glencore,build-out,False
E100000130720,E100002015328,Cartaban Nominees (Asing),build-out,False
E100002016591,E100001010928,GIC,build-out,False
E100000190324,E100000123261,natural person(s),build-out,True
E100002006270,E100002005996,Cementerie Aldo Barbetti,build-out,False
E100002016684,E100000121024,PT Indo Bharat Rayon,build-out,False
E100001015312,E100000136276,Flint Hills Resources,build-out,False
E100002009482,E100002012025,Enköpings Kommuns Moderbolag,build-out,False
E100002016810,E100002022034,Virtus Investment Partners,build-out,False
E100002015636,E100002016905,Ganges Securities,build-out,False
E100000125389,E100000125805,Chongqing Prison Administration Bureau,build-out,False
E100002016205,E100000123261,natural person(s),build-out,True
E100002015745,E100002015746,Minsur,build-out,False
E100002001982,E100000123261,natural person(s),build-out,True
E100002007449,E100002007451,UEB Group,build-out,False
E100002004362,E100002004363,Mapletree,build-out,False
E100002015348,E100002017029,DSP Small Cap Fund,build-out,False
E100002000075,E100002001974,member/employee owned,build-out,False
E100002011764,E100000000369,Stora Enso,build-out,False
E100000131842,E100002010559,Credit Suisse Holdings (Australia),build-out,False
E100002006592,E100002006598,Ambe Group,build-out,False
E100001000382,E100002001974,member/employee owned,build-out,False
E100002011955,E100000123261,natural person(s),build-out,True
E100002011727,E100000131722,JAZ Ventures,build-out,False
E100000132138,E100000123261,natural person(s),build-out,True
E100002016649,E100002017163,Yew Lee Holdings,build-out,False
E100002004935,E100002004826,Hyundai,build-out,False
E100002019760,E100002019762,Marubeni LNG Development,build-out,False
E100002016682,E100002016688,Union Bancaire Privee UBP,build-out,False
E100002016691,E100000123261,natural person(s),build-out,True
E100001015731,E100002017579,Williams Partners Operating,build-out,False
E100002006269,E100000123261,natural person(s),build-out,True
E100000126244,E100000130260,Coalfield Geology Bureau of Guizhou Province,build-out,False
E100000000764,E100000123261,natural person(s),build-out,True
E100000152756,E100002011917,Newton Investment Management,build-out,False
E100001010930,E100000123261,natural person(s),build-out,True
E100000127708,E100000127691,Shanxi Xiangning Coking Coal Group,build-out,False
E100002007079,E100000131034,Ceylon Steel,build-out,False
E100000190241,E100000001096,BP,build-out,False
E100000004048,E100001010560,NV Energy,build-out,False
E100002024698,E100002024699,GS Engineering & Construction,build-out,False
E100001016537,E100001016535,Altraso Ventures,build-out,False
E100001014781,E100000000376,Caisse des dépôts et consignations,build-out,False
E100002015155,E100001000408,Samruk-Energo,build-out,False
E100002017758,E100001000554,Seriti Resources Holdings,build-out,False
E100000000426,E100001015587,small shareholder(s),build-out,True
E100000132257,E100000123261,natural person(s),build-out,True
E100002016760,E100000120340,Doğanlar Yatırım Holding,build-out,False
E100000001177,E100001010595,The Vanguard Group,build-out,False
E100002006008,E100000000414,Heidelberg Materials,build-out,False
E100002014046,E100001000348,BlackRock,build-out,False
E100000190322,E100000001096,BP,build-out,False
E100001011666,E100002015890,Africa Infrastructure Investment Fund 2 Power Holdings,build-out,False
E100000120887,E100002002847,Rio Tinto,build-out,False
E100002007159,E100002007162,Global 2332,build-out,False
E100001015264,E100000123261,natural person(s),build-out,True
E100001015934,E100002022301,Redeia Corporación,build-out,False
E100001015218,E100002019647,Energy Investments,build-out,False
E100000004126,E100002016085,CDIB Capital Group,build-out,False
E100002017259,E100002017260,Central Bank of Libya,build-out,False
E100002005555,E100000123261,natural person(s),build-out,True
E100002006652,E100002006655,C H Hall Trustees,build-out,False
E100001016316,E100001012200,CFL Participações,build-out,False
E100001014300,E100000001282,Phillips 66,build-out,False
E100002022908,E100001010595,The Vanguard Group,build-out,False
E100001001419,E100002017782,Colmac Sunnyside,build-out,False
E100000003952,E100000123261,natural person(s),build-out,True
E100002015681,E100002015682,Department of Property and Land Relations of the Novosibirsk Region,build-out,False
E100000190163,E100000123261,natural person(s),build-out,True
E100000120829,E100001010429,Citicorp Nominees,build-out,False
E100000190174,E100000123261,natural person(s),build-out,True
E100002017005,E100002017006,Buriram Capital,build-out,False
E100001015833,E100001000348,BlackRock,build-out,False
E100002005984,E100002005975,Vissai Ninh Binh,build-out,False
E100001014874,E100001014648,ALPS Advisors,build-out,False
E100001014266,E100001014223,Türkiye Petrolleri Anonim Ortakligi,build-out,False
E100000190300,E100000123261,natural person(s),build-out,True
E100000131251,E100002010767,Shanshan Forever International,build-out,False
E100002019299,E100000001768,APA Group,build-out,False
E100002013764,E100002016304,Banpu Power US,build-out,False
E100002006226,E100002006228,Queiroz Galvão Desenvolvimento de Negócios,build-out,False
E100002025122,E100002025123,Enc Energy Sgps,build-out,False
E100001015208,E100001010860,RBC Global Asset Management,build-out,False
E100002016155,E100002016308,Sabby Management,build-out,False
E100000000774,E100001015587,small shareholder(s),build-out,True
E100002021782,E100002008066,Sun Life Financial,build-out,False
E100000190255,E100002025099,FKS Food and Agri,build-out,False
E100001014599,E100002018826,Paulson Investment Advisors,build-out,False
E100002010778,E100002010781,China Qinfa Group,build-out,False
E100002020858,E100001010257,Khouzestan Steel,build-out,False
E100002004664,E100000123261,natural person(s),build-out,True
E100002022606,E100000123261,natural person(s),build-out,True
E100002017727,E100002017728,SWG Financial Holdco,build-out,False
E100002005241,E100002005243,Buzzi,build-out,False
E100002005792,E100001015587,small shareholder(s),build-out,True
E100002011727,E100000000953,POSCO Holdings,build-out,False
E100001010838,E100001015587,small shareholder(s),build-out,True
E100002001393,E100001015587,small shareholder(s),build-out,True
E100000133063,E100000001237,ITOCHU,build-out,False
E100002017146,E100000000018,Macquarie Group,build-out,False
E100001011381,E100000123261,natural person(s),build-out,True
E100000001265,E100001015587,small shareholder(s),build-out,True
E100000000870,E100000000336,United Company RUSAL,build-out,False
E100000190295,E100000001096,BP,build-out,False
E100002007132,E100000179513,Anhui Conch Cement,build-out,False
E100002012059,E100002012061,Specialized Financial Company Orion-1,build-out,False
E100002022537,E100001015587,small shareholder(s),build-out,True
E100002016864,E100000123261,natural person(s),build-out,True
E100002015755,E100002015757,Belarusian Cement Company,build-out,False
E100002000038,E100002017831,Starwood Energy Infrastructure Fund II US,build-out,False
E100002016708,E100000000486,First Pacific,build-out,False
E100002005012,E100000000610,Eni,build-out,False
E100002015566,E100000123261,natural person(s),build-out,True
E100001015713,E100000000387,TotalEnergies,build-out,False
E100002017816,E100002017817,Golf MidCo,build-out,False
E100000133904,E100002016924,Samsung Life Insurance,build-out,False
E100002021650,E100000001265,New Fortress Energy,build-out,False
E100000000011,E100000123261,natural person(s),build-out,True
E100000134522,E100001015587,small shareholder(s),build-out,True
E100001014627,E100001014628,Uganda National Oil,build-out,False
E100000190369,E100000190221,Usina Santa Lúcia,build-out,False
E100002015718,E100002005943,Yaobai International Holding,build-out,False
E100002005805,E100002005807,KTLP,build-out,False
E100002007139,E100002007142,Hans Lehmann,build-out,False
E100000004289,E100000188767,Grupo Vale Azul Participações,build-out,False
E100000129654,E100000130643,Shifeng International Investment,build-out,False
E100000127088,E100000127434,Shandong Lingang Special Steel,build-out,False
E100001011087,E100001000179,Custody Bank of Japan,build-out,False
E100000003415,E100002018874,Keppel Energy,build-out,False
E100001000208,E100001000348,BlackRock,build-out,False
E100000000598,E100002015896,Alpha Value 1,build-out,False
E100000000114,E100001015587,small shareholder(s),build-out,True
E100002011899,E100000001095,Ashmore Group,build-out,False
E100001010711,E100001015587,small shareholder(s),build-out,True
E100002006496,E100002005815,Fars & Khuzestan Cement,build-out,False
E100000121235,E100002015956,Sakhalin Region,build-out,False
E100000120749,E100001015587,small shareholder(s),build-out,True
E100001013298,E100001015587,small shareholder(s),build-out,True
E100002005831,E100002002419,Vicat,build-out,False
E100000001043,E100001015587,small shareholder(s),build-out,True
E100002016783,E100000123261,natural person(s),build-out,True
E100002006790,E100002023961,Kitui Flour Millers,build-out,False
E100002009305,E100002011941,Renewable Fiji,build-out,False
E100001014431,E100001014432,Transneft,build-out,False
E100002010777,E100002010780,PT Lintas Timur Investama,build-out,False
E100002005110,E100002005704,Titan Cement International,build-out,False
E100001014311,E100002019357,Principal Global Investors,build-out,False
E100001010573,E100002004259,Regal Partners,build-out,False
E100001010234,E100001000348,BlackRock,build-out,False
E100002017187,E100002017190,Encompass Capital Advisors,build-out,False
E100000190350,E100000123261,natural person(s),build-out,True
E100000000834,E100001015587,small shareholder(s),build-out,True
E100002005507,E100002021579,Zhongwei Hong Kong Zhengbang New Energy,build-out,False
E100001000111,E100001015587,small shareholder(s),build-out,True
E100002002414,E100001011067,Nuvoco Vistas Corporation,build-out,False
E100000190081,E100000123261,natural person(s),build-out,True
E100002005867,E100000000414,Heidelberg Materials,build-out,False
E100001011244,E100002016431,Edizione,build-out,False
E100000132196,E100002018575,National Investment Bank,build-out,False
E100000188761,E100002022373,Vertiz Holding,build-out,False
E100002016933,E100000123261,natural person(s),build-out,True
E100000133959,E100000123261,natural person(s),build-out,True
E100002006545,E100000000414,Heidelberg Materials,build-out,False
E100002015475,E100002015478,Inversiones La Tirana,build-out,False
E100002012033,E100002012034,City of Shostka,build-out,False
E100002021462,E100001010806,Megha Engineering & Infrastructures,build-out,False
E100000127431,E100000128124,Feicheng Feikuang Coal Industry,build-out,False
E100002003001,E100001015587,small shareholder(s),build-out,True
E100001010377,E100001000439,Jindal Steel,build-out,False
E100000151245,E100000123261,natural person(s),build-out,True
E100002017161,E100001015587,small shareholder(s),build-out,True
E100002015820,E100002015822,Yura,build-out,False
E100002008886,E100001001322,IHI,build-out,False
E100000003524,E100002017783,Raban Al Safina Group,build-out,False
E100001010505,E100002006452,Eastern Cement Industries,build-out,False
E100002015799,E100000123261,natural person(s),build-out,True
E100002025349,E100002021813,HSBC holdings plc,build-out,False
E100000003790,E100000136232,MetLife Capital Credit,build-out,False
E100002005069,E100001010596,State Street,build-out,False
E100002006703,E100000131048,Abul Khair,build-out,False
E100001011023,E100001000178,The Master Trust Bank of Japan,build-out,False
E100001014874,E100001015587,small shareholder(s),build-out,True
E100002015685,E100000123261,natural person(s),build-out,True
E100002009077,E100000000503,BorsodChem Zártkörüen Müködö Részvénytársaság,build-out,False
E100001011522,E100002001974,member/employee owned,build-out,False
E100002016927,E100000123261,natural person(s),build-out,True
E100001014627,E100001014354,CNOOC,build-out,False
E100000132259,E100000123261,natural person(s),build-out,True
E100000004092,E100000002341,Wabash Valley Power Association,build-out,False
E100002016068,E100000123261,natural person(s),build-out,True
E100000003181,E100002024794,Limak Dogalgaz Elektrik Üretim,build-out,False
E100001011233,E100002005807,KTLP,build-out,False
E100002015351,E100000000552,Iran Power Plant Projects Management,build-out,False
E100002015722,E100001015587,small shareholder(s),build-out,True
E100001010203,E100000000102,AltaGas,build-out,False
E100001016031,E100002020087,H-Energy Global,build-out,False
E100001016064,E100002025247,Cheniere Energy Partners LP Holdings,build-out,False
E100002011556,E100001015587,small shareholder(s),build-out,True
E100002015119,E100002016871,AWA Entsorgung,build-out,False
E100002006174,E100001010964,Government of Tajikistan,build-out,False
E100001014386,E100001010595,The Vanguard Group,build-out,False
E100002007393,E100002006221,Tehran Cement,build-out,False
E100000190314,E100000123261,natural person(s),build-out,True
E100002021321,E100002021600,North Carolina Renewable Energy,build-out,False
E100000003773,E100001015587,small shareholder(s),build-out,True
E100002003983,E100002017435,IMR Asia Holding,build-out,False
E100002006704,E100000000414,Heidelberg Materials,build-out,False
E100000153651,E100001015587,small shareholder(s),build-out,True
E100002024980,E100001010928,GIC,build-out,False
E100002016982,E100002017020,New Era Energy & Digital,build-out,False
E100002016373,E100002003380,RT-Invest,build-out,False
E100000001996,E100002001212,Atyrau Power,build-out,False
E100000003303,E100002024454,Indeck-Yerkes Energy Services,build-out,False
E100002002605,E100002001512,Adbri,build-out,False
E100001011578,E100001016577,NN Group,build-out,False
E100001010350,E100000131921,Ministry of Energy (Ukraine),build-out,False
E100001000652,E100002022057,Avelina Participações,build-out,False
E100002017736,E100000001086,Mubadala Investment Company,build-out,False
E100002019663,E100001015376,SaskEnergy,build-out,False
E100002017633,E100000123261,natural person(s),build-out,True
E100002019374,E100000000127,Pembina Pipeline,build-out,False
E100001014433,E100001010596,State Street,build-out,False
E100000004252,E100002016473,BM-Bank,build-out,False
E100002009633,E100000154202,NIBC Bank,build-out,False
E100000003877,E100000001355,JGC,build-out,False
E100002005786,E100001000204,Government of Vietnam,build-out,False
E100002004204,E100002017613,Tpg Tecnologia de Producao de Gusa,build-out,False
E100002004453,E100002016499,ESE,build-out,False
E100000000509,E100001000520,Life Insurance Corporation of India,build-out,False
E100002004681,E100002017108,Government of Andorra,build-out,False
E100001000610,E100000131527,Dalmia Cement (Bharat),build-out,False
E100002011984,E100000123261,natural person(s),build-out,True
E100002006018,E100002005786,Vietnam Cement Industry,build-out,False
E100000000960,E100001015587,small shareholder(s),build-out,True
E100001016326,E100000123261,natural person(s),build-out,True
E100002015853,E100002016987,Growth Steel Group,build-out,False
E100002009538,E100001000653,Core Natural Resources,build-out,False
E100001011974,E100002017634,Industrial Coal Holding,build-out,False
E100000190122,E100000123261,natural person(s),build-out,True
E100000120551,E100002013843,Damai Holding,build-out,False
E100000000026,E100002017159,City of Linz,build-out,False
E100001012693,E100002001974,member/employee owned,build-out,False
E100002006021,E100002006023,The Cyprus Cement,build-out,False
E100000001586,E100001015587,small shareholder(s),build-out,True
E100000000832,E100000000825,Nationale-Nederlanden Open Pension Fund,build-out,False
E100002006067,E100001015587,small shareholder(s),build-out,True
E100002016099,E100000001355,JGC,build-out,False
E100002005720,E100002005721,Biznes Invest,build-out,False
E100002007314,E100002007320,National Investment Bank (Egypt),build-out,False
E100002017219,E100000123261,natural person(s),build-out,True
E100001013654,E100001015587,small shareholder(s),build-out,True
E100000120182,E100001015587,small shareholder(s),build-out,True
E100001014965,E100001015217,Latsis Group,build-out,False
E100002015385,E100002015387,Consolidated Holdings,build-out,False
E100000001554,E100002023089,Mayr-Melnhof Karton,build-out,False
E100002019359,E100002019360,Japan Australia LNG (MIMI Browse),build-out,False
E100000000450,E100002021934,City of Nuremberg,build-out,False
E100001014572,E100001014573,Dimensional Fund Advisors,build-out,False
E100001015703,E100000123261,natural person(s),build-out,True
E100002022554,E100000132165,Salungano Group,build-out,False
E100001010508,E100002017537,PT Medco Energi Menamas,build-out,False
E100001015965,E100000123261,natural person(s),build-out,True
E100002011857,E100002011858,City of Duisburg,build-out,False
E100000126135,E100000124223,Yankuang Guizhou Energy & Chemical,build-out,False
E100001014380,E100002019367,Ocean Yield,build-out,False
E100001016079,E100001000089,Canada Pension Plan Investment,build-out,False
E100000000825,E100002022056,Nationale-Nederlanden Powszechne Towarzystwo Emerytalne,build-out,False
E100002015384,E100000121006,PT Cemindo Gemilang,build-out,False
E100001014626,E100001015587,small shareholder(s),build-out,True
E100002015169,E100002016784,U-Pak Disposals,build-out,False
E100002016298,E100001000522,JSW Energy,build-out,False
E100000003003,E100000003002,Evergy Kansas Central,build-out,False
E100000002798,E100002016182,Pemex Transformación Industrial Norteamérica,build-out,False
E100002009292,E100002011936,Fiji Pine,build-out,False
E100000131142,E100001015719,Pasargad Arzesh Afarinan,build-out,False
E100002019377,E100002019378,Chevron International Exploration and Production,build-out,False
E100002010038,E100001010083,Golden Energy and Resources,build-out,False
E100002004228,E100000123261,natural person(s),build-out,True
E100000120959,E100000121347,Sugar Investment Trust,build-out,False
E100002015156,E100000000671,Samruk-Kazyna,build-out,False
E100000131817,E100000123261,natural person(s),build-out,True
E100002006392,E100002005941,Western Diamond Cement,build-out,False
E100002015696,E100002015697,Shah Polan,build-out,False
E100002019355,E100001015054,MPLX,build-out,False
E100001014938,E100000191733,Vaalco Energy,build-out,False
E100000158181,E100000123366,Yankuang Energy Group,build-out,False
E100002022476,E100002001974,member/employee owned,build-out,False
E100002016737,E100002016738,Lundbeck Foundation,build-out,False
E100002016696,E100000123261,natural person(s),build-out,True
E100001014280,E100000004093,Stadtwerke Augsburg Energie,build-out,False
E100001010196,E100001000178,The Master Trust Bank of Japan,build-out,False
E100002015422,E100002015423,Penza Isteit,build-out,False
E100000003664,E100001000370,Government of Pakistan,build-out,False
E100000136966,E100002016863,Global Dominion Access,build-out,False
E100000002537,E100002024890,Vertex Bioenergy Solutions,build-out,False
E100001014879,E100000180733,China National Petroleum,build-out,False
E100002006970,E100002006972,Rain Enterprises,build-out,False
E100000132600,E100001010596,State Street,build-out,False
E100000131502,E100002022567,Longelephant International,build-out,False
E100002015316,E100000000874,Rosneft,build-out,False
E100002005803,E100000179513,Anhui Conch Cement,build-out,False
E100002008574,E100002017186,OPAL Fuels,build-out,False
E100002017264,E100000123261,natural person(s),build-out,True
E100002019393,E100001014607,Tellurian,build-out,False
E100000004173,E100002016474,Jati Cakerawala,build-out,False
E100002022651,E100000123261,natural person(s),build-out,True
E100000003404,E100001015587,small shareholder(s),build-out,True
E100002002656,E100001000639,Ambuja Cements,build-out,False
E100002006321,E100002006322,Kutlucan Holding,build-out,False
E100002017528,E100002017530,Planagri,build-out,False
E100000133123,E100001015587,small shareholder(s),build-out,True
E100002019744,E100000000657,Sumitomo,build-out,False
E100001016083,E100001000348,BlackRock,build-out,False
E100001000861,E100002015267,Rosatom Nedra,build-out,False
E100002009106,E100002012067,ProEnergy Holding Company,build-out,False
E100002015385,E100002015390,Bluesilver,build-out,False
E100001015883,E100001015885,Bangchak Sriracha,build-out,False
E100000003743,E100002016240,Mulready Ventures,build-out,False
E100002015464,E100000187501,Greenko Energies,build-out,False
E100000004149,E100001015587,small shareholder(s),build-out,True
E100000152877,E100002017669,Iberdrola Renovables Internacional,build-out,False
E100000003444,E100002024676,Rhein Papier,build-out,False
E100002006164,E100002006165,Chip Mong Group,build-out,False
E100002001212,E100000123261,natural person(s),build-out,True
E100000127088,E100000123322,Linyi Iron and Steel Investment Group,build-out,False
E100002015813,E100002015814,Titan DSZ,build-out,False
E100000003746,E100001000307,Svyazinvestneftekhim,build-out,False
E100000120614,E100000127961,Guangdong Jeray Technology Group,build-out,False
E100000000654,E100001000178,The Master Trust Bank of Japan,build-out,False
E100002010809,E100001013023,PT Borneo Olah Sarana Sukses,build-out,False
E100002015565,E100002006121,Colacem,build-out,False
E100002022703,E100000131908,Merge Mining Holding,build-out,False
E100002007004,E100001015587,small shareholder(s),build-out,True
E100002007462,E100002006990,Khuzestan Cement,build-out,False
E100000153024,E100001015587,small shareholder(s),build-out,True
E100000131752,E100000123261,natural person(s),build-out,True
E100001015909,E100000123261,natural person(s),build-out,True
E100002016980,E100002003284,Fortress Investment Group,build-out,False
E100000120503,E100002015281,Nanshan Aluminium International Holdings,build-out,False
E100002000048,E100002017494,Siemens Financial Services,build-out,False
E100000120551,E100002015968,Hong Kong Tianyi International Holding,build-out,False
E100000000481,E100002022216,Oak CLP,build-out,False
E100002015374,E100000123261,natural person(s),build-out,True
E100000132600,E100002016818,Australian Retirement Trust,build-out,False
E100002015773,E100000123261,natural person(s),build-out,True
E100001000262,E100002022065,Fondo Bursátil iShares MSCI COLCAP,build-out,False
E100002015740,E100002005899,YD Madencilik,build-out,False
E100000130927,E100000130717,SeAH Besteel Holdings,build-out,False
E100002016271,E100000133542,The Dai-ichi Life Insurance,build-out,False
E100000001265,E100002019719,FINCO I Intermediate Holdco,build-out,False
E100002012060,E100002012067,ProEnergy Holding Company,build-out,False
E100002024433,E100002019810,Equatorial,build-out,False
E100002020070,E100001015376,SaskEnergy,build-out,False
E100000132878,E100000133904,Meridiam,build-out,False
E100002017015,E100000001193,Dominion Energy,build-out,False
E100000001209,E100001000348,BlackRock,build-out,False
E100000126880,E100000127412,Shengli Oilfield Tianqin Investment Consulting,build-out,False
E100001014067,E100001014070,Nemesia,build-out,False
E100000188807,E100000133647,AfricaGlobal Schaffer,build-out,False
E100000127463,E100001000472,China Baowu Steel Group,build-out,False
E100002015804,E100002017679,Encyclis Midco,build-out,False
E100002003537,E100000133834,Octopus Energy Group,build-out,False
E100000000443,E100002003263,City of Frankfurt (Am Main),build-out,False
E100002005902,E100002005903,Cemex UK Operations,build-out,False
E100001015808,E100001015587,small shareholder(s),build-out,True
E100001014367,E100000152934,Genesis Energy,build-out,False
E100000002746,E100001010043,Constellation Energy Generation,build-out,False
E100001015850,E100001014681,Energy Income Partners,build-out,False
E100002015358,E100000123261,natural person(s),build-out,True
E100000001384,E100001015587,small shareholder(s),build-out,True
E100000003076,E100000121263,Naftna Industrija Srbije,build-out,False
E100001013023,E100002010811,PT Megah Prakarsa Utama,build-out,False
E100002007455,E100002007456,Clal Industries,build-out,False
E100000000958,E100000123261,natural person(s),build-out,True
E100000001533,E100000192529,TEPCO Fuel & Power,build-out,False
E100000003069,E100000133660,International Finance,build-out,False
E100002015973,E100000120454,Filinvest Development,build-out,False
E100002022572,E100000001982,The Chugoku Electric Power,build-out,False
E100000192399,E100000189651,Medco Daya Energi,build-out,False
E100000004091,E100002016955,DigitalBridge Group,build-out,False
E100000189013,E100000000387,TotalEnergies,build-out,False
E100002019372,E100000001768,APA Group,build-out,False
E100000001305,E100001015587,small shareholder(s),build-out,True
E100001000553,E100002015451,Seriti Coal Communities,build-out,False
E100001001416,E100002001974,member/employee owned,build-out,False
E100002010783,E100001000791,PT Adaro Minerals Indonesia,build-out,False
E100000000174,E100001000829,China Resources Holdings,build-out,False
E100000003086,E100002024426,GenOn Bowline Power,build-out,False
E100002004330,E100001015587,small shareholder(s),build-out,True
E100000000655,E100001000178,The Master Trust Bank of Japan,build-out,False
E100000001438,E100000152039,Bord na Móna,build-out,False
E100002016592,E100002016646,TSH Resources,build-out,False
E100000003971,E100000004019,Shawville Power,build-out,False
E100000126542,E100000124984,Heilongjiang Longmay Mining Holding Group,build-out,False
E100001014681,E100002019433,EIP EP,build-out,False
E100002016871,E100002016877,Zweckverband Entsorgungsregion West,build-out,False
E100001000188,E100001015587,small shareholder(s),build-out,True
E100000002588,E100002024465,CLP GPEC (Mauritius) Holdings,build-out,False
E100000190261,E100000123261,natural person(s),build-out,True
E100000002295,E100002000552,Rusk County Electric Cooperative,build-out,False
E100002006682,E100001015587,small shareholder(s),build-out,True
E100000151577,E100000000361,Helen,build-out,False
E100001015918,E100000000387,TotalEnergies,build-out,False
E100001016009,E100001016010,Nord Axis,build-out,False
E100001016088,E100002016389,Knut and Alice Wallenberg Foundation,build-out,False
E100002001942,E100002001947,SRM TRP Properties and Investments,build-out,False
E100002007801,E100000000533,PT Medco Energi Internasional,build-out,False
E100000188761,E100000123261,natural person(s),build-out,True
E100002016257,E100002016915,Hathai Jaroon Ek Holding,build-out,False
E100002008795,E100002017206,County of Middlesex,build-out,False
E100002015674,E100002006538,Gayur Group,build-out,False
E100000190210,E100000120754,LANXESS,build-out,False
E100002020933,E100002002945,abrdn,build-out,False
E100002016580,E100001000188,Wilmar International,build-out,False
E100002001293,E100002019821,VIP Energy Australia,build-out,False
E100001016498,E100001000178,The Master Trust Bank of Japan,build-out,False
E100000003807,E100001015127,ENEOS Xplora,build-out,False
E100002005696,E100001015587,small shareholder(s),build-out,True
E100000123699,E100000000641,Electric Power Development,build-out,False
E100001015858,E100000001245,Kinder Morgan,build-out,False
E100002006441,E100002005792,Bamburi Cement,build-out,False
E100000152701,E100001015587,small shareholder(s),build-out,True
E100002008890,E100002017101,Northern Farms,build-out,False
E100001000884,E100001000877,Wambo Coal,build-out,False
E100002007399,E100002005953,Huaxin Cement,build-out,False
E100001015139,E100001000735,Singapore Power International,build-out,False
E100002017020,E100002017021,Pecos Slope Holdings,build-out,False
E100002006344,E100002006343,PT Solusi Bangun Indonesia,build-out,False
E100001013037,E100000123261,natural person(s),build-out,True
E100000120829,E100002024060,Level 280 Riverside,build-out,False
E100002024375,E100001011044,Abu Dhabi Developmental Holding Company,build-out,False
E100002007471,E100000000652,Nippon Steel,build-out,False
E100000002464,E100002000048,Siemens Project Ventures,build-out,False
E100001011660,E100001016719,Sørlands-Vekst,build-out,False
E100000002513,E100002024296,Thermal Bayonne Holdings,build-out,False
E100000001700,E100002017781,MOL Petrolkémia,build-out,False
E100000126529,E100000127985,Weifang Hongrun Asset Management,build-out,False
E100001000702,E100002021551,Queensberry Mining & Development,build-out,False
E100002006773,E100001000571,Holcim,build-out,False
E100002010146,E100002016509,Tistar Holdings,build-out,False
E100002001416,E100001015587,small shareholder(s),build-out,True
E100002024278,E100002024277,Beijing Enterprises Group (BVI),build-out,False
E100000127691,E100000130538,State-owned Assets Supervision and Administration Bureau of Xiangning County Government,build-out,False
E100000001001,E100001015587,small shareholder(s),build-out,True
E100002006858,E100000123261,natural person(s),build-out,True
E100002020858,E100000000547,Iranian Mines & Mining Industries Development & Renovation Organization,build-out,False
E100002006527,E100000133745,Islamic Development Bank,build-out,False
E100002022062,E100002022986,Trian Fund Management GP,build-out,False
E100002005792,E100002005795,Kencem Holding,build-out,False
E100000000565,E100002013914,Tamin Oil & Gas Investment,build-out,False
E100001010923,E100000000145,Antarchile,build-out,False
E100002016378,E100001001085,China Datang Overseas Investment,build-out,False
E100000000132,E100002022237,SC2,build-out,False
E100001012160,E100002018525,Zong Li Investment,build-out,False
E100002022083,E100000000650,Mitsubishi,build-out,False
E100002017106,E100001015587,small shareholder(s),build-out,True
E100002005841,E100001015587,small shareholder(s),build-out,True
E100002016001,E100002004534,UCC Holding,build-out,False
E100001016475,E100000123261,natural person(s),build-out,True
E100000190073,E100002024862,Solví Participações,build-out,False
E100001011674,E100000133745,Islamic Development Bank,build-out,False
E100000000953,E100001000348,BlackRock,build-out,False
E100002005882,E100000000414,Heidelberg Materials,build-out,False
E100002006078,E100002003558,Fomento de Construcciones y Contratas,build-out,False
E100000127037,E100000130607,show collar,build-out,False
E100000001803,E100000004289,Vale Azul Energia,build-out,False
E100002016585,E100001000641,Archer-Daniels-Midland,build-out,False
E100002006529,E100002006166,Siam City Cement,build-out,False
E100002015457,E100002015458,Gamma Cementos II,build-out,False
E100001000636,E100001015587,small shareholder(s),build-out,True
E100000120645,E100001015587,small shareholder(s),build-out,True
E100000001371,E100002008182,PCD Nominee (Filipino),build-out,False
E100002015709,E100000120726,Kipas Holding,build-out,False
E100001016047,E100000000102,AltaGas,build-out,False
E100000002533,E100002024298,Tenaska Hampden Partners,build-out,False
E100000003514,E100002024942,Georgia Gulf Southeast PowerGen,build-out,False
E100002016532,E100000123261,natural person(s),build-out,True
E100000002918,E100001000090,Ministry of Energy (Romania),build-out,False
E100000120704,E100000123261,natural person(s),build-out,True
E100000150540,E100000136152,PenSam Pension Forsikringsaktieselskab,build-out,False
E100001016296,E100001010707,Capital Research and Management,build-out,False
E100001014646,E100001015278,ONEOK,build-out,False
E100002005127,E100001015587,small shareholder(s),build-out,True
E100002023214,E100002006770,UBS Fund Management (Switzerland),build-out,False
E100000003742,E100001015587,small shareholder(s),build-out,True
E100002007638,E100002020945,Adaptogen Battery Storage GP,build-out,False
E100001015805,E100000123261,natural person(s),build-out,True
E100002012027,E100002003313,Corporación Azucarera del Perú,build-out,False
E100002005102,E100000123261,natural person(s),build-out,True
E100000128140,E100000124309,Huadian Coal Industry Group,build-out,False
E100002025149,E100000123261,natural person(s),build-out,True
E100002011940,E100002016602,City of Rovaniemi,build-out,False
E100001013585,E100001015587,small shareholder(s),build-out,True
E100001011054,E100000001035,PTT,build-out,False
E100000121347,E100001015587,small shareholder(s),build-out,True
E100002016197,E100001015587,small shareholder(s),build-out,True
E100000152472,E100000000387,TotalEnergies,build-out,False
E100001014237,E100000001407,Bord Gáis Energy,build-out,False
E100002016019,E100000001321,Valero Energy,build-out,False
E100000135881,E100002001974,member/employee owned,build-out,False
E100002021472,E100001010617,Capital Power,build-out,False
E100002022388,E100002022395,Redwood Green Energy,build-out,False
E100002004828,E100001000730,National Pension Service (South Korea),build-out,False
E100000002328,E100002015175,Riverstone Energy Partners V,build-out,False
E100001000303,E100002016552,Saudi Arabian Construction & Repair Company,build-out,False
E100001010823,E100000123261,natural person(s),build-out,True
E100002005944,E100001015587,small shareholder(s),build-out,True
E100000190267,E100000123261,natural person(s),build-out,True
E100001015263,E100000123261,natural person(s),build-out,True
E100002005977,E100002005888,Dyckerhoff,build-out,False
E100000191246,E100001010438,BNP Paribas Nominees,build-out,False
E100002011923,E100002016801,Alva-yhtiot,build-out,False
E100001015220,E100002022342,Suharenko Family Investments,build-out,False
E100001013514,E100002010633,PT Energi Murni Kencana,build-out,False
E100002003916,E100001011301,Government of Serbia,build-out,False
E100002010669,E100000001906,enercity,build-out,False
E100002006206,E100001015587,small shareholder(s),build-out,True
E100002015554,E100000123261,natural person(s),build-out,True
E100002016315,E100002016317,International Energy Holding,build-out,False
E100000121601,E100002009162,ResInvest Group,build-out,False
E100002006006,E100000000414,Heidelberg Materials,build-out,False
E100001015951,E100002001974,member/employee owned,build-out,False
E100001015656,E100000001179,Chevron,build-out,False
E100002001024,E100002022480,Familie Porsche Beteiligung,build-out,False
E100002006976,E100002006978,Kolobe Nala Investment Lime,build-out,False
E100000001179,E100001015587,small shareholder(s),build-out,True
E100002003782,E100001015587,small shareholder(s),build-out,True
E100001000245,E100000001005,UBS Group,build-out,False
E100001010862,E100001014888,Corporación Masaveu,build-out,False
E100000002273,E100002001974,member/employee owned,build-out,False
E100001015984,E100002001359,RWC Asset Management,build-out,False
E100001015644,E100002001974,member/employee owned,build-out,False
E100002010312,E100000123261,natural person(s),build-out,True
E100002007232,E100002007235,Chang-Run Water Resources Biotechnology,build-out,False
E100002016005,E100000123261,natural person(s),build-out,True
E100001015385,E100000000112,Enbridge,build-out,False
E100000127431,E100000122320,Xinwen MINING Group,build-out,False
E100002017278,E100001001102,Jindal Steel & Power (Mauritius),build-out,False
E100002006375,E100001015587,small shareholder(s),build-out,True
E100001015210,E100002018518,Shell Midstream Operating,build-out,False
E100002019660,E100000190820,Comet Ridge,build-out,False
E100002005707,E100002005708,Ercimsan Holding,build-out,False
E100002015454,E100002016749,City of Matosinhos,build-out,False
E100001015594,E100002000918,Northern New England Energy,build-out,False
E100002019359,E100002019361,PetroChina International Investment (Australia),build-out,False
E100002006152,E100000123261,natural person(s),build-out,True
E100000189062,E100001011471,Government of Argentina,build-out,False
E100002008189,E100002008190,Eta-Zuma Group West Africa,build-out,False
E100002016476,E100000123261,natural person(s),build-out,True
E100002011904,E100002011905,Allegiance Coal USA,build-out,False
E100002012061,E100002012062,Orion Fund,build-out,False
E100001014421,E100001014354,CNOOC,build-out,False
E100001015945,E100002005555,NNK-Group,build-out,False
E100000002654,E100000135183,Axium Infrastructure,build-out,False
E100000131228,E100002015345,Korum Trust,build-out,False
E100001015984,E100000123261,natural person(s),build-out,True
E100002006779,E100001000571,Holcim,build-out,False
E100000132128,E100000123261,natural person(s),build-out,True
E100000121116,E100000187293,REE Energy,build-out,False
E100000187709,E100000186749,Votorantim,build-out,False
E100000132496,E100002017080,Actium Capital,build-out,False
E100002015436,E100001014342,CEMEX,build-out,False
E100002008182,E100002022406,Philippine Depository and Trust,build-out,False
E100002015731,E100002016612,Mrig Group,build-out,False
E100002007041,E100001000571,Holcim,build-out,False
E100001016282,E100001011683,Sadr Tamin Investment,build-out,False
E100002015983,E100000120516,Grafito,build-out,False
E100002002442,E100002002444,Manav Investment and Trading Company,build-out,False
E100000003302,E100002024450,Indeck Energy Services of Oswego,build-out,False
E100000003104,E100000000817,Vivant,build-out,False
E100002009463,E100001000537,Vietnam National Coal and Mineral Industries Holding,build-out,False
E100002005784,E100002005786,Vietnam Cement Industry,build-out,False
E100002006532,E100002006534,CAMCEM,build-out,False
E100000004243,E100002015194,Rich Point,build-out,False
E100002005210,E100000000414,Heidelberg Materials,build-out,False
E100000001278,E100001000348,BlackRock,build-out,False
E100000190228,E100000186749,Votorantim,build-out,False
E100002022203,E100001000179,Custody Bank of Japan,build-out,False
E100000190221,E100000123261,natural person(s),build-out,True
E100002002694,E100002025077,Marseille Fundo de Investimentos em Participações,build-out,False
E100001000152,E100001015587,small shareholder(s),build-out,True
E100000131235,E100001000255,Government of Iran,build-out,False
E100002015897,E100000123261,natural person(s),build-out,True
E100000132107,E100002004709,Yorktown Partners,build-out,False
E100001015190,E100000000669,National Company KazMunayGas,build-out,False
E100000128157,E100000128639,Chongqing Changxing Water Resources & Hydropower,build-out,False
E100002008562,E100002016842,Freres Lumber Co,build-out,False
E100001001153,E100002016272,Forum Muider,build-out,False
E100002007684,E100002022392,Vpi Flex Holdings,build-out,False
E100002001297,E100001015587,small shareholder(s),build-out,True
E100000126992,E100000124748,Tibet Shannan Jintian Investment Partnership Enterprise,build-out,False
E100002016218,E100002016791,OC Energy Lanka,build-out,False
E100000134685,E100000123261,natural person(s),build-out,True
E100000134944,E100002003001,CPFL Energia,build-out,False
E100000149031,E100000000962,Government of South Korea,build-out,False
E100002017317,E100002017318,Azur,build-out,False
E100002017127,E100001015587,small shareholder(s),build-out,True
E100002005997,E100001000930,Siam Cement,build-out,False
E100002015119,E100002016872,EGN Entsorgungsgesellschaft Niederrhein,build-out,False
E100002015171,E100002016718,Business EQ,build-out,False
E100002009070,E100000135552,Ardian France,build-out,False
E100002008565,E100002002707,Blue Wolf Capital Partners,build-out,False
E100001015567,E100001015566,Holborn Europa Raffinerie,build-out,False
E100002005934,E100002005937,Cementos Molins,build-out,False
E100001014931,E100002022296,Raiffeisenbankengruppe Oberösterreich Verbund eGen,build-out,False
E100001015281,E100000000523,ONGC Videsh,build-out,False
E100002005895,E100000123261,natural person(s),build-out,True
E100001000869,E100001016480,Sibcapital,build-out,False
E100000135814,E100002016796,Handelsbanken Fonder,build-out,False
E100000132600,E100001015587,small shareholder(s),build-out,True
E100002006154,E100002006155,St. Anthonys Consolidated,build-out,False
E100002016210,E100001000538,United Energy,build-out,False
E100000002819,E100000000934,GS Energy,build-out,False
E100002017319,E100001014070,Nemesia,build-out,False
E100002016017,E100000152286,Norsk Hydro,build-out,False
E100002017033,E100001015587,small shareholder(s),build-out,True
E100002007732,E100002007813,Financiere Lafarge,build-out,False
E100000131481,E100000123261,natural person(s),build-out,True
E100000126073,E100001000245,UBS Asset Management,build-out,False
E100002017738,E100002017739,Dow Canada Holding,build-out,False
E100002015216,E100000001001,Partners Group,build-out,False
E100002006102,E100002005717,CEMEX España,build-out,False
E100002002442,E100001015587,small shareholder(s),build-out,True
E100001015302,E100002022459,AVAIO capital,build-out,False
E100000190340,E100000123261,natural person(s),build-out,True
E100001010185,E100001011072,EQT Infrastructure VI Fund,build-out,False
E100001016360,E100001000400,Glencore,build-out,False
E100000000426,E100002016992,City of Mannheim,build-out,False
E100002016917,E100002016915,Hathai Jaroon Ek Holding,build-out,False
E100001000828,E100001011088,PT Mineral Industri Indonesia (Persero),build-out,False
E100002010837,E100001001106,PT Bayan Resources,build-out,False
E100000137849,E100002017182,Hun Yenilenebilir Enerji Üretim,build-out,False
E100001015157,E100001015587,small shareholder(s),build-out,True
E100001015896,E100000129971,Shuifa Zhongxing Group,build-out,False
E100001000932,E100000136108,State Street Bank and Trust,build-out,False
E100000004157,E100001011250,State of Tamil Nadu,build-out,False
E100002015276,E100002002717,PowerCrop,build-out,False
E100001014560,E100000001282,Phillips 66,build-out,False
E100002016620,E100002016629,KBC Verzekeringen,build-out,False
E100002015948,E100001001070,Billerud,build-out,False
E100001000130,E100001000382,Nippon Life Insurance,build-out,False
E100001011694,E100000000946,Korea East-West Power,build-out,False
E100001015119,E100000123261,natural person(s),build-out,True
E100001014399,E100001014294,Energy Transfer,build-out,False
E100002014046,E100001010595,The Vanguard Group,build-out,False
E100002019385,E100000188761,Cosan,build-out,False
E100002005792,E100002005797,Aksaya Investment Holdings,build-out,False
E100002017234,E100000000641,Electric Power Development,build-out,False
E100002017492,E100002017493,Simest,build-out,False
E100002010776,E100001013285,PT Tuah Turangga Agung,build-out,False
E100000002800,E100002016032,Delek Petroleum,build-out,False
E100000000077,E100002025148,Ultra Logística,build-out,False
E100001014062,E100001015587,small shareholder(s),build-out,True
E100000190266,E100002001974,member/employee owned,build-out,False
E100001015128,E100001015587,small shareholder(s),build-out,True
E100002016332,E100001011294,State of Sarawak,build-out,False
E100001010783,E100001015587,small shareholder(s),build-out,True
E100002004816,E100000000387,TotalEnergies,build-out,False
E100002010844,E100001013279,PT Atlas Resources,build-out,False
E100002006554,E100002006557,Bank Melli Iran Investment,build-out,False
E100002012042,E100002011383,KDM,build-out,False
E100002010292,E100001015007,Ferrovial,build-out,False
E100002015384,E100002015385,Gamma Civic,build-out,False
E100002016388,E100001015587,small shareholder(s),build-out,True
E100002017010,E100002004569,Korea Development Bank,build-out,False
E100002015483,E100002007070,Lafarge,build-out,False
E100002015659,E100002016020,Npl Group (Uk),build-out,False
E100000001917,E100001015587,small shareholder(s),build-out,True
E100000000369,E100001016231,Solidium,build-out,False
E100000132294,E100002009523,PT Unggul Jaya Indonesia,build-out,False
E100002015831,E100002007435,Aktualnye Investitsii,build-out,False
E100002006172,E100001000707,Tokuyama,build-out,False
E100000134338,E100000151586,Amazon.com,build-out,False
E100001014097,E100001014099,Shell Midstream Partners,build-out,False
E100001015697,E100001015587,small shareholder(s),build-out,True
E100002006211,E100002005704,Titan Cement International,build-out,False
E100000121117,E100002006329,Philippine Investment-Management,build-out,False
E100000188387,E100002000450,HSBC (Singapore) Nominees,build-out,False
E100002016155,E100001015587,small shareholder(s),build-out,True
E100002010777,E100002010778,PT Qinfa Mining Industri,build-out,False
E100000000369,E100001015587,small shareholder(s),build-out,True
E100002016335,E100000124534,State Development and Investment,build-out,False
E100001015770,E100001014294,Energy Transfer,build-out,False
E100000001322,E100001015587,small shareholder(s),build-out,True
E100002021873,E100000000394,Allianz,build-out,False
E100002006425,E100002005198,SCHWENK Zement,build-out,False
E100002011892,E100000120972,ORIX,build-out,False
E100002006289,E100001000379,Caisse de dépôt et placement du Québec,build-out,False
E100001015883,E100001015886,PTT Oil and Retail Business,build-out,False
E100002006943,E100000131041,KSRM Steel Plant,build-out,False
E100002017376,E100002017430,Bell Corporation,build-out,False
E100002007167,E100002007169,Hathway Investments,build-out,False
E100001015676,E100000192589,Perusahaan Gas Negara,build-out,False
E100000003069,E100002017581,IFC Global Infrastructure Fund Holding I Coöperatief,build-out,False
E100000001768,E100001010429,Citicorp Nominees,build-out,False
E100002005199,E100000000874,Rosneft,build-out,False
E100001015677,E100002022356,Eurofa Capital Investment,build-out,False
E100000000712,E100001015587,small shareholder(s),build-out,True
E100002016271,E100001000382,Nippon Life Insurance,build-out,False
E100002016883,E100002016884,Hazlehurst Investors,build-out,False
E100002016642,E100002016643,Precise Employee Association,build-out,False
E100000004034,E100002018577,KB Asset Management,build-out,False
E100001014918,E100001000520,Life Insurance Corporation of India,build-out,False
E100000127031,E100000127454,Inner Mongolia Yitai Group,build-out,False
E100000000019,E100001016377,AustralianSuper,build-out,False
E100002016216,E100000003770,PacificLight Power,build-out,False
E100001016329,E100002017565,Al Thuwaini Holding,build-out,False
E100002006981,E100000123261,natural person(s),build-out,True
E100000131678,E100002017526,Squirewood Investments 64,build-out,False
E100001014516,E100000000473,HELLENiQ ENERGY Holdings,build-out,False
E100001001392,E100002016210,Rainbow Energy Marketing,build-out,False
E100000000476,E100002017076,Selath Holdings,build-out,False
E100001015852,E100002022201,Tortoise Borrower,build-out,False
E100002016892,E100002016897,Lanka Milk Foods (CWE),build-out,False
E100002006127,E100002006128,Steppe Cement Holdings,build-out,False
E100001013992,E100001015587,small shareholder(s),build-out,True
E100002013765,E100001000018,Government of Bolivia,build-out,False
E100002011951,E100000132109,Rausch Creek Development,build-out,False
E100000152139,E100001015587,small shareholder(s),build-out,True
E100002005926,E100001000652,Companhia Siderúrgica Nacional,build-out,False
E100001015944,E100000001213,Exxon Mobil,build-out,False
E100001016326,E100001015587,small shareholder(s),build-out,True
E100002017621,E100000001384,Ares Management,build-out,False
E100000001293,E100001014141,Wellington Management Group,build-out,False
E100001012805,E100000123261,natural person(s),build-out,True
E100002019612,E100000001862,Engineering for the Petroleum & Process Industries,build-out,False
E100001014311,E100001015587,small shareholder(s),build-out,True
E100001010508,E100002017538,Yayasan Pendidikan dan Kesejahteraan PT PLN,build-out,False
E100002006813,E100001000571,Holcim,build-out,False
E100001014324,E100000001321,Valero Energy,build-out,False
E100001000346,E100001000348,BlackRock,build-out,False
E100000002606,E100002024338,Concord 3 Rivers Holdings,build-out,False
E100001014510,E100001014511,Hilcorp Alaska,build-out,False
E100002016665,E100002017118,TNB Energy Services,build-out,False
E100002010760,E100000123261,natural person(s),build-out,True
E100002006021,E100001015587,small shareholder(s),build-out,True
E100002021999,E100002022012,Iron Alloy Steel,build-out,False
E100002012050,E100002016827,Empresas Coipsa,build-out,False
E100002019343,E100000001010,CPC Corporation Taiwan,build-out,False
E100002016045,E100000123261,natural person(s),build-out,True
E100001000208,E100001010595,The Vanguard Group,build-out,False
E100002001603,E100000123261,natural person(s),build-out,True
E100000150163,E100002016620,Vlaamse Energieholding,build-out,False
E100002015839,E100000123261,natural person(s),build-out,True
E100002007730,E100002007763,Holderfin,build-out,False
E100002016971,E100000123261,natural person(s),build-out,True
E100001014521,E100001014522,CorEnergy Infrastructure Trust,build-out,False
E100002006742,E100000000414,Heidelberg Materials,build-out,False
E100002016919,E100000123261,natural person(s),build-out,True
E100000000008,E100001015587,small shareholder(s),build-out,True
E100001010023,E100002017593,Azot,build-out,False
E100001010234,E100001010595,The Vanguard Group,build-out,False
E100002005185,E100000123261,natural person(s),build-out,True
E100002024409,E100001000179,Custody Bank of Japan,build-out,False
E100002016336,E100002021776,Franklin Resources,build-out,False
E100000190203,E100002024820,SF 151 Energia Renovável Holding,build-out,False
E100002015417,E100000123261,natural person(s),build-out,True
E100000003309,E100001011247,ConocoPhillips,build-out,False
E100002006878,E100002006879,Jofege Participacoes,build-out,False
E100001015668,E100001014283,Beach Energy,build-out,False
E100002016070,E100001015587,small shareholder(s),build-out,True
E100000127950,E100000126096,Sichuan Guxu Coal Field Development,build-out,False
E100000000817,E100002017456,MAI-I Resources,build-out,False
E100000003743,E100002016242,Frold Project,build-out,False
E100001011093,E100002021586,PT AP Investment,build-out,False
E100002015793,E100000123261,natural person(s),build-out,True
E100000188802,E100000000610,Eni,build-out,False
E100001015849,E100001000745,Government of Bulgaria,build-out,False
E100002015813,E100000123261,natural person(s),build-out,True
E100002002580,E100002002583,Rambara Trading,build-out,False
E100002006380,E100000123261,natural person(s),build-out,True
E100002006097,E100002006098,Corporacion F. Turia,build-out,False
E100002016034,E100002016697,NE Renewable Power,build-out,False
E100000000091,E100001015587,small shareholder(s),build-out,True
E100002002694,E100002025075,Rio Grande Investment,build-out,False
E100001015220,E100002022341,Esterkin Family Investments,build-out,False
E100002009599,E100002011931,Kvarnfallet Mölndal,build-out,False
E100002005982,E100000131458,CRH,build-out,False
E100001015340,E100001015202,KazTransOil,build-out,False
E100001011943,E100000001371,Aboitiz Power,build-out,False
E100000001309,E100001015587,small shareholder(s),build-out,True
E100001015391,E100001010429,Citicorp Nominees,build-out,False
E100001010534,E100002012031,Shostkaenergo-T,build-out,False
E100000131678,E100001015587,small shareholder(s),build-out,True
E100000001481,E100002022037,​Aino Holdingyhtiö Ky,build-out,False
E100000121154,E100001012497,State Capital Investment Corporation,build-out,False
E100002006729,E100002006730,CRH Europe Holding,build-out,False
E100002019190,E100000001148,Atlas Holdings,build-out,False
E100001015300,E100002018984,Tortoise Direct Opportunities Fund II,build-out,False
E100001015331,E100001015587,small shareholder(s),build-out,True
E100002007002,E100000123261,natural person(s),build-out,True
E100002017307,E100002017308,Sinomine Resource Group,build-out,False
E100002005438,E100001000348,BlackRock,build-out,False
E100001010492,E100001015587,small shareholder(s),build-out,True
E100002006060,E100000123261,natural person(s),build-out,True
E100001010709,E100000120009,AES Andes,build-out,False
E100002011999,E100000123261,natural person(s),build-out,True
E100002015622,E100001015587,small shareholder(s),build-out,True
E100002005792,E100002005794,Fincem Holding,build-out,False
E100000120561,E100001015587,small shareholder(s),build-out,True
E100002010461,E100000158181,Yancoal International (Holding),build-out,False
E100002005949,E100002007399,Huaxin (Hong Kong) International Holdings,build-out,False
E100002018615,E100000136049,NorthStar Clean Energy,build-out,False
E100002001942,E100002001949,SRMPR Construction,build-out,False
E100002002717,E100000002939,Enel Green Power,build-out,False
E100000000513,E100001015587,small shareholder(s),build-out,True
E100002007106,E100002007107,Joint Libyan Cement,build-out,False
E100002001393,E100000188761,Cosan,build-out,False
E100002015847,E100000000856,En+ Generatsiya,build-out,False
E100002010722,E100002003264,Remondis,build-out,False
E100002015838,E100000123261,natural person(s),build-out,True
E100000191651,E100002018592,Mustang Fuel,build-out,False
E100002007173,E100002007175,Women Investment Portfolio Holdings,build-out,False
E100002016685,E100002016684,Surya Kiran Investments,build-out,False
E100001010674,E100002000013,GMR Enterprises,build-out,False
E100000132377,E100001015587,small shareholder(s),build-out,True
E100000000104,E100001015587,small shareholder(s),build-out,True
E100001013433,E100002024569,IL&FS Tamil Nadu Power,build-out,False
E100000132496,E100002017081,Vieira de Matos - Vdm Capital,build-out,False
E100000002998,E100002015962,Cogentrix Energy Power Management,build-out,False
E100002007409,E100001000847,Ordu Yardımlaşma Kurumu,build-out,False
E100001014108,E100002005523,Socoservin Overseas SPF,build-out,False
E100000001017,E100001015587,small shareholder(s),build-out,True
E100000120147,E100001015587,small shareholder(s),build-out,True
E100000130690,E100002024754,Aperam Holdco,build-out,False
E100002019501,E100000000509,Bharat Petroleum,build-out,False
E100001001070,E100001015587,small shareholder(s),build-out,True
E100000003106,E100002024429,SWG Goal Line GP,build-out,False
E100002018777,E100000131921,Ministry of Energy (Ukraine),build-out,False
E100002016155,E100002016309,Vista Capital Investments,build-out,False
E100002006314,E100000000815,San Miguel,build-out,False
E100000000936,E100001015587,small shareholder(s),build-out,True
E100001016023,E100000000746,Shell,build-out,False
E100002017270,E100000123261,natural person(s),build-out,True
E100002015419,E100002015421,StarMining,build-out,False
E100000190273,E100000123261,natural person(s),build-out,True
E100000190075,E100002025120,Revita Engenharia,build-out,False
E100002016543,E100002017116,Chaiyadiying,build-out,False
E100002004426,E100000000128,Province of British Columbia,build-out,False
E100002015549,E100000123261,natural person(s),build-out,True
E100002004494,E100000001282,Phillips 66,build-out,False
E100002020643,E100002022010,Mines and Metals Engineering,build-out,False
E100000121562,E100002017801,Lipetsk Mechanical Plant,build-out,False
E100001000794,E100001015587,small shareholder(s),build-out,True
E100001000347,E100001000348,BlackRock,build-out,False
E100002007102,E100002005093,Cementir Holding,build-out,False
E100001014907,E100001015587,small shareholder(s),build-out,True
E100002012039,E100002016713,Inversiones y Servicios INSER,build-out,False
E100000001157,E100001015587,small shareholder(s),build-out,True
E100001011143,E100002016086,Alsons,build-out,False
E100002007467,E100002005786,Vietnam Cement Industry,build-out,False
E100002006782,E100002006783,Holcim Auslandbeteiligungs,build-out,False
E100000000958,E100001015587,small shareholder(s),build-out,True
E100002005955,E100002005956,Can Tho Mineral and Cement,build-out,False
E100002017591,E100000123261,natural person(s),build-out,True
E100000002740,E100000004234,Torraspapel,build-out,False
E100002016524,E100002016525,Riverstone Management Group,build-out,False
E100000004290,E100002017726,Valencia Holdings,build-out,False
E100002010775,E100000123261,natural person(s),build-out,True
E100001015346,E100001015347,Kingston Midstream,build-out,False
E100000000647,E100001000178,The Master Trust Bank of Japan,build-out,False
E100000000409,E100001000155,Evonik Industries,build-out,False
E100002010818,E100002010820,PT Bumi Resources Investment,build-out,False
E100002015496,E100000123261,natural person(s),build-out,True
E100001015045,E100001010429,Citicorp Nominees,build-out,False
E100000189677,E100000192593,Satria Group,build-out,False
E100001017628,E100002015804,Encyclis Bidco,build-out,False
E100001015159,E100002022093,Nanyu Trading,build-out,False
E100001011079,E100002015692,Stroitekhproekt,build-out,False
E100002015768,E100002015429,Galaks Holding,build-out,False
E100000001073,E100000123261,natural person(s),build-out,True
E100002006288,E100000000531,UltraTech Cement,build-out,False
E100000135429,E100002016361,Government of Honduras,build-out,False
E100000002476,E100001015700,National Bank of Pakistan,build-out,False
E100002010750,E100002010752,PT Air Batu Sejahtera,build-out,False
E100002015786,E100002015788,Consorcio Cementero del Sur,build-out,False
E100002007211,E100002007212,Wotan Zement Verwaltungs-,build-out,False
E100002006311,E100000123261,natural person(s),build-out,True
E100001015646,E100000123261,natural person(s),build-out,True
E100001014721,E100002005547,PlusPetrol,build-out,False
E100002000076,E100002001974,member/employee owned,build-out,False
E100000131472,E100001015587,small shareholder(s),build-out,True
E100000003412,E100001001434,Vicinity Energy,build-out,False
E100002006069,E100001015587,small shareholder(s),build-out,True
E100000127798,E100000130246,Yangcheng County Urban Collective Industrial Association,build-out,False
E100000132207,E100000123261,natural person(s),build-out,True
E100001011690,E100001015587,small shareholder(s),build-out,True
E100000131085,E100000123261,natural person(s),build-out,True
E100002017720,E100002017721,Melewar Steel Engineering,build-out,False
E100002007064,E100001000571,Holcim,build-out,False
E100002016103,E100000132653,Equis Development,build-out,False
E100001000641,E100001010597,State Farm Mutual Automobile Insurance,build-out,False
E100002006256,E100002005914,Ciments de L'Afrique,build-out,False
E100000120312,E100002017756,PT Medco Kansai Power Indonesia,build-out,False
E100002006173,E100002005888,Dyckerhoff,build-out,False
E100002016399,E100002003380,RT-Invest,build-out,False
E100002021566,E100002000040,Industrielle Beteiligung,build-out,False
E100002004935,E100002004936,Hunt Oil,build-out,False
E100000151854,E100002016739,KIRKBI,build-out,False
E100002015473,E100002017084,Hunt Leuchars & Hepburn Holdings,build-out,False
E100001015117,E100001015583,TC Pipelines,build-out,False
E100001000105,E100002022069,Metro Pacific Holdings,build-out,False
E100002006298,E100002006300,Spenner Verwaltungs,build-out,False
E100001016645,E100001010596,State Street,build-out,False
E100002016895,E100000123261,natural person(s),build-out,True
E100000000455,E100001015587,small shareholder(s),build-out,True
E100001013279,E100002015909,DB Spore DCS A/C DB SG DCS AC Japet Res,build-out,False
E100000000876,E100002016069,Tilia Holdings Limited,build-out,False
E100002007876,E100000000013,YPF,build-out,False
E100000001242,E100001000379,Caisse de dépôt et placement du Québec,build-out,False
E100002007614,E100000000175,China Shenhua Energy,build-out,False
E100002015475,E100001015587,small shareholder(s),build-out,True
E100002005313,E100001000293,Government of Turkmenistan,build-out,False
E100002007135,E100002007134,Talentis Group Beruházás-szervező,build-out,False
E100000001093,E100002022286,Anergi Power Holdings,build-out,False
E100001014432,E100001000094,Government of Russia,build-out,False
E100001014929,E100002022141,State of Upper Austria,build-out,False
E100002010146,E100002016510,NS-Invest,build-out,False
E100001011132,E100002022260,Li Ka Shing Unity Trust,build-out,False
E100002015787,E100000123261,natural person(s),build-out,True
E100002010249,E100000000426,MVV Energie,build-out,False
E100001011985,E100001000348,BlackRock,build-out,False
E100002006427,E100001010631,Druk Holding and Investments,build-out,False
E100001015806,E100000000003,Sonatrach,build-out,False
E100000134070,E100002019159,Ministry of Finance (Afghanistan),build-out,False
E100001014129,E100001015587,small shareholder(s),build-out,True
E100001016296,E100001000348,BlackRock,build-out,False
E100002019159,E100001013528,Government of Afghanistan,build-out,False
E100001014264,E100001015054,MPLX,build-out,False
E100002006842,E100002006221,Tehran Cement,build-out,False
E100002016291,E100002016292,Smart Head Assets,build-out,False
E100001015950,E100001015957,Guoxin Guotong Fund,build-out,False
E100002006606,E100002006609,Sharjah Cement and Industrial Development Company,build-out,False
E100002006120,E100002006121,Colacem,build-out,False
E100000191876,E100000189563,Mubadala Energy,build-out,False
E100002007693,E100002007696,Crh (Uk),build-out,False
E100000003991,E100002015261,Persian Steel,build-out,False
E100001010783,E100001000397,Government of India,build-out,False
E100000003559,E100002024951,Mesquite Power Holdings,build-out,False
E100001000427,E100000000561,Omid Investment Management,build-out,False
E100001014755,E100002022366,Lopez,build-out,False
E100002010579,E100002010580,PT DSSE Energi Mas Utama,build-out,False
E100002007159,E100001015587,small shareholder(s),build-out,True
E100001011114,E100002022083,DGA Thailand,build-out,False
E100002020924,E100002020901,Northern Ireland Gas Transmission Holdings,build-out,False
E100001014703,E100002019373,APT Pipelines (QLD),build-out,False
E100000003634,E100001011068,Ratchaburi Electricity Generating,build-out,False
E100002018780,E100002018781,Mercantile & Maritime Energy,build-out,False
E100001011822,E100000123261,natural person(s),build-out,True
E100002006817,E100002006576,Shivam Cement,build-out,False
E100000001209,E100001010595,The Vanguard Group,build-out,False
E100000002486,E100001011189,Globeleq Africa Investments,build-out,False
E100000000005,E100002014004,Bridas Energy Holdings,build-out,False
E100002006441,E100002006445,National Treasury (Kenya),build-out,False
E100002016142,E100002016144,City of Fukuoka,build-out,False
E100002015707,E100000123261,natural person(s),build-out,True
E100002008829,E100002016697,NE Renewable Power,build-out,False
E100001014582,E100001000348,BlackRock,build-out,False
E100001010328,E100001000439,Jindal Steel,build-out,False
E100002015960,E100001001367,North American Power Group,build-out,False
E100002006726,E100001000659,Dangote Cement,build-out,False
E100002022249,E100002022928,Vistra Group Holdings,build-out,False
E100002009260,E100002009261,PT Bukit Makmur Internasional,build-out,False
E100002005986,E100002005988,Leube Baustoffe,build-out,False
E100002011556,E100002017280,Thriving Century,build-out,False
E100002017439,E100000123261,natural person(s),build-out,True
E100001014876,E100000191651,Mustang Gas Products,build-out,False
E100002016200,E100000123261,natural person(s),build-out,True
E100000002853,E100001000899,EDF International,build-out,False
E100002024873,E100002024875,Siguler Guff & Company,build-out,False
E100002009221,E100001015587,small shareholder(s),build-out,True
E100001000129,E100000000643,JFE Holdings,build-out,False
E100002005483,E100002005477,Wietersdorfer Alpacem,build-out,False
E100000002766,E100001015587,small shareholder(s),build-out,True
E100002021864,E100002005152,Goldman Sachs & Co.,build-out,False
E100001016307,E100001015587,small shareholder(s),build-out,True
E100002011829,E100000151577,EPV Energia,build-out,False
E100002001375,E100002004300,Brookfield Asset Management,build-out,False
E100000001128,E100000123261,natural person(s),build-out,True
E100000190348,E100000123261,natural person(s),build-out,True
E100002007420,E100002007422,"Ministry of Natural Resources, Land and Property Relations of the Orenburg Region",build-out,False
E100002015374,E100002015376,International Cement Kazakhstan,build-out,False
E100002011389,E100002016563,County of Lancaster,build-out,False
E100002006009,E100002006011,Taylor Smith Investment,build-out,False
E100002017595,E100000123261,natural person(s),build-out,True
E100000001672,E100002018718,Fu Uei International Investment,build-out,False
E100001010368,E100001010777,Government of Poland,build-out,False
E100002016700,E100002016703,AlterBiz,build-out,False
E100001011113,E100000000671,Samruk-Kazyna,build-out,False
E100000000810,E100002008182,PCD Nominee (Filipino),build-out,False
E100000001283,E100002017617,"Barrow, Hanley, Mewhinney & Strauss",build-out,False
E100000124944,E100000125228,Chongqing Fuling District Juheng Energy,build-out,False
E100000131279,E100000127463,Baosteel Resources,build-out,False
E100002015522,E100000123261,natural person(s),build-out,True
E100002015109,E100002016820,Kahl Holding,build-out,False
E100002015085,E100002016971,LEIPA Group,build-out,False
E100000003329,E100000123261,natural person(s),build-out,True
E100000002429,E100001016662,Alpiq Holding,build-out,False
E100002012063,E100002012064,Region of East Kazakhstan,build-out,False
E100002015267,E100001000273,Rosatom,build-out,False
E100002006863,E100002002419,Vicat,build-out,False
E100000127434,E100000127433,Shandong Shengyang Holding Group,build-out,False
E100001015728,E100002020058,Finder Operations,build-out,False
E100001015545,E100002017714,Charlestown Capital Advisors,build-out,False
E100002024947,E100002024948,PBF Energy,build-out,False
E100000187501,E100002016587,Greenko Mauritius,build-out,False
E100001013005,E100001013007,Arnot Community Trust,build-out,False
E100000003049,E100000000651,Mitsui &,build-out,False
E100001014636,E100001014805,Snam International,build-out,False
E100002015575,E100002005437,Profuturo AFP,build-out,False
E100002015906,E100002016580,Newbloom,build-out,False
E100002004498,E100002004500,Abastible,build-out,False
E100002021338,E100000123261,natural person(s),build-out,True
E100000004053,E100000152877,Iberdrola Australia,build-out,False
E100001015211,E100001015587,small shareholder(s),build-out,True
E100001014673,E100000001096,BP,build-out,False
E100000133209,E100002016957,"National Development Fund, Executive Yuan",build-out,False
E100002015379,E100002005480,WIG Wietersdorfer Holding,build-out,False
E100000149638,E100001012407,Government of Angola,build-out,False
E100000120618,E100000131049,PT Indonesia Morowali Industrial Park,build-out,False
E100002015381,E100000123261,natural person(s),build-out,True
E100000133932,E100000000018,Macquarie Group,build-out,False
E100002018517,E100001015054,MPLX,build-out,False
E100002024726,E100000123261,natural person(s),build-out,True
E100000190312,E100002025095,DF-Dinucci Fernandes Participações,build-out,False
E100002001563,E100000131474,Cement Australia Holdings,build-out,False
E100000003572,E100002016079,EquiPower Resources,build-out,False
E100002001370,E100001015587,small shareholder(s),build-out,True
E100001015545,E100000123261,natural person(s),build-out,True
E100002015208,E100002016838,Biothermica Carbone,build-out,False
E100002016418,E100000188960,Usaha Tegas,build-out,False
E100000131771,E100000123261,natural person(s),build-out,True
E100000131180,E100001011682,Mines & Metals Development Investment,build-out,False
E100001000324,E100002005441,UBS Switzerland,build-out,False
E100002001934,E100000123261,natural person(s),build-out,True
E100002016197,E100002016198,Banque Internationale pour le Commerce et l’Industrie de la Côte d’Ivoire,build-out,False
E100002024878,E100000123261,natural person(s),build-out,True
E100002016528,E100001015604,Petrolin Group,build-out,False
E100002022051,E100000123261,natural person(s),build-out,True
E100002005101,E100002022409,STAIGER,build-out,False
E100002015385,E100000123261,natural person(s),build-out,True
E100000001242,E100000123261,natural person(s),build-out,True
E100002008557,E100002021278,municipally owned,build-out,False
E100000003711,E100001001371,Northern Star Generation,build-out,False
E100001015984,E100001015587,small shareholder(s),build-out,True
E100002010772,E100001013781,Geo Energy Investments,build-out,False
E100000000472,E100001015587,small shareholder(s),build-out,True
E100002016609,E100002017218,Tiong Toh Siong Holdings,build-out,False
E100000000561,E100002011718,Sepah Bank,build-out,False
E100002024481,E100002024484,CJ,build-out,False
E100001001019,E100002024786,Akşehir–Ilgın Pancar Ekicileri,build-out,False
E100000129941,E100000130349,Xiamen Municipal People's Government State-owned Assets Supervision and Administration Commission,build-out,False
E100000003107,E100002015662,Pooya Energy Negin-e Sabz-e Khavar Mianeh Production and Development,build-out,False
E100002009382,E100001015587,small shareholder(s),build-out,True
E100002005595,E100002005596,Aramit,build-out,False
E100002006609,E100000123261,natural person(s),build-out,True
E100002015618,E100002016993,Janati Bio Power,build-out,False
E100000190144,E100000123261,natural person(s),build-out,True
E100000126244,E100000123583,Guizhou Panjiang Investment Holding (Group),build-out,False
E100000132919,E100002003416,Aoyama Solar,build-out,False
E100002010830,E100001015587,small shareholder(s),build-out,True
E100002019762,E100000000649,Marubeni,build-out,False
E100002006968,E100002006074,Ultratech Cement Middle East Investments,build-out,False
E100002015344,E100002016709,Agri Gold Projects,build-out,False
E100002015652,E100002015655,Lantern Holdco,build-out,False
E100002004328,E100002004330,Vector,build-out,False
E100001011020,E100001015587,small shareholder(s),build-out,True
E100002006204,E100000001032,Italian-Thai Development,build-out,False
E100000003206,E100002015623,Lightning Power,build-out,False
E100002015568,E100002005937,Cementos Molins,build-out,False
E100002010797,E100001013468,PT Bara Jaya Internasional,build-out,False
E100000002081,E100001015587,small shareholder(s),build-out,True
E100000002301,E100000132845,Domtar,build-out,False
E100001015211,E100000000746,Shell,build-out,False
E100002006880,E100000123261,natural person(s),build-out,True
E100002005947,E100002005949,Huaxin Hongkong (Cambodia) Investment,build-out,False
E100002007273,E100002007281,Royal Insurance Corporation of Bhutan,build-out,False
E100002017182,E100000123261,natural person(s),build-out,True
E100002015688,E100002016939,BKM Budapesti Kozmuvek Nonprofit,build-out,False
E100000132201,E100000123261,natural person(s),build-out,True
E100002017310,E100002017312,Havelock Resources,build-out,False
E100002015502,E100000123261,natural person(s),build-out,True
E100002023654,E100002019444,ROX Energy Investment Joint,build-out,False
E100000153006,E100000120972,ORIX,build-out,False
E100002016009,E100000002810,Diamante Geração de Energia,build-out,False
E100000120454,E100002008182,PCD Nominee (Filipino),build-out,False
E100002005899,E100002005900,Ustyapi Turizm Otelcilik Insaat,build-out,False
E100002004503,E100002004507,Inmobiliaria e Inversiones Rio Claro,build-out,False
E100002006398,E100001000008,Government of Algeria,build-out,False
E100002007249,E100002002419,Vicat,build-out,False
E100001013005,E100001013008,Arnot Qualifying Employee Trust,build-out,False
E100002007256,E100001014871,Government of Tanzania,build-out,False
E100000001768,E100001010427,HSBC Custody Nominees (Australia),build-out,False
E100001014825,E100000001492,Gazprom,build-out,False
E100002015746,E100002015747,Breca Minería,build-out,False
E100002006652,E100002006653,Clove Trustee,build-out,False
E100000120035,E100001015587,small shareholder(s),build-out,True
E100002006943,E100002006945,BSA Group,build-out,False
E100000131571,E100002009669,Delek Energy Systems,build-out,False
E100000151577,E100000000373,Vantaan Energia,build-out,False
E100000002476,E100001000233,Shirazi Investments,build-out,False
E100001015357,E100001015358,New Dawn Energy,build-out,False
E100002005966,E100002005967,Bina Corp,build-out,False
E100001015586,E100000000112,Enbridge,build-out,False
E100002015491,E100000123261,natural person(s),build-out,True
E100002018957,E100000000865,SIBUR Holding,build-out,False
E100000120912,E100001014871,Government of Tanzania,build-out,False
E100000132051,E100000123261,natural person(s),build-out,True
E100002016207,E100002016805,ME Capital,build-out,False
E100002022333,E100000001358,Public Investment Fund (Saudi Arabia),build-out,False
E100002017109,E100002017110,Lembaga Kemajuan Tanah Persekutuan,build-out,False
E100002012025,E100002012026,Municipality of Enköping,build-out,False
E100002005629,E100001015587,small shareholder(s),build-out,True
E100002007402,E100000123261,natural person(s),build-out,True
E100001016091,E100001015587,small shareholder(s),build-out,True
E100002022739,E100002015719,East African Holding,build-out,False
E100002022056,E100001016577,NN Group,build-out,False
E100002022376,E100000123261,natural person(s),build-out,True
E100000003750,E100002017479,Univenture BGP,build-out,False
E100000151411,E100002016993,Janati Bio Power,build-out,False
E100000125228,E100000125324,Ningbo Meishan Bonded Port Area Peiyuan Investment Management,build-out,False
E100002022388,E100001012931,Low Carbon Group,build-out,False
E100002006513,E100000123261,natural person(s),build-out,True
E100002020071,E100001015905,Promigas,build-out,False
E100002009439,E100000123261,natural person(s),build-out,True
E100002015465,E100000123261,natural person(s),build-out,True
E100002024964,E100002024967,Fengate Infrastructure Fund IV (U.S.) A,build-out,False
E100000002640,E100002016163,Türkiye Sise Ve Cam Fabrikalari,build-out,False
E100002022679,E100000131945,Msobo Coal,build-out,False
E100001010327,E100001010326,Evraz,build-out,False
E100001000208,E100002021845,ECP ControlCo,build-out,False
E100001014102,E100000000746,Shell,build-out,False
E100000152192,E100002001974,member/employee owned,build-out,False
E100002005871,E100002005875,Concret-Mix,build-out,False
E100002016863,E100001015587,small shareholder(s),build-out,True
E100002016726,E100001000348,BlackRock,build-out,False
E100000003049,E100002018157,Mitsubishi Gas Chemical Company,build-out,False
E100000003149,E100002024467,Gujarat Energy,build-out,False
E100000001222,E100002003623,Strategic Value Partners,build-out,False
E100000126440,E100000123278,Sinopec Great Wall Energy and Chemical,build-out,False
E100002017781,E100000000505,MOL Magyar Olajes Gazipari,build-out,False
E100000003084,E100000002718,Clearway Energy,build-out,False
E100002006989,E100000131391,Birla Corporation,build-out,False
E100002025230,E100000123261,natural person(s),build-out,True
E100001000535,E100001015587,small shareholder(s),build-out,True
E100002005107,E100002005111,Cem Sak Group,build-out,False
E100000003538,E100002024673,ENERVIE – Südwestfalen Energie und Wasser,build-out,False
E100000130881,E100000123261,natural person(s),build-out,True
E100001016189,E100001015587,small shareholder(s),build-out,True
E100000132908,E100002016512,Brown & Company,build-out,False
E100001000019,E100002022403,Msc Wp,build-out,False
E100000003947,E100002024979,Jadeed Holdings,build-out,False
E100001015434,E100001011945,National Iranian Oil Refining And Distribution,build-out,False
E100002007468,E100000120856,Mitsubishi Materials,build-out,False
E100001016406,E100000123261,natural person(s),build-out,True
E100002006533,E100002006166,Siam City Cement,build-out,False
E100002018902,E100001000516,JSW Steel,build-out,False
E100002015742,E100002015743,Inversiones Cordillera del Sur II,build-out,False
E100002016363,E100000003950,Ratch Pathana Energy,build-out,False
E100001015268,E100001000483,Ministry of Finance (Czech Republic),build-out,False
E100001014819,E100001014516,DEPA Commercial,build-out,False
E100001016179,E100001015587,small shareholder(s),build-out,True
E100000002473,E100002023193,Astoria Project Partners II,build-out,False
E100002006760,E100001015525,Government of Nepal,build-out,False
E100002024277,E100000124488,Beijing Enterprises Group,build-out,False
E100001000303,E100001015587,small shareholder(s),build-out,True
E100002022885,E100000123261,natural person(s),build-out,True
E100002006976,E100002006980,JJJL Mining,build-out,False
E100002006845,E100001015836,Government of Paraguay,build-out,False
E100000003772,E100001015587,small shareholder(s),build-out,True
E100000001030,E100002021923,Singtel Global Investment,build-out,False
E100000132321,E100002009465,PT Bara Indah Sinergi,build-out,False
E100002005916,E100000123261,natural person(s),build-out,True
E100002002411,E100000123261,natural person(s),build-out,True
E100000001278,E100001010595,The Vanguard Group,build-out,False
E100002005725,E100000000414,Heidelberg Materials,build-out,False
E100001000405,E100002024565,Chengdong Investment,build-out,False
E100000134057,E100002007338,Camissa Asset Management,build-out,False
E100002015816,E100000132862,Rayonier Advanced Materials,build-out,False
E100002015562,E100002005942,West African Cement,build-out,False
E100002016508,E100000123261,natural person(s),build-out,True
E100002005107,E100002005845,Yurt Cimento Sanayi ve Ticaret,build-out,False
E100002016187,E100002016190,Unified Information Settlement and Consulting Center,build-out,False
E100001015066,E100001015587,small shareholder(s),build-out,True
E100002016577,E100000001153,Bechtel,build-out,False
E100002016609,E100001015587,small shareholder(s),build-out,True
E100002016718,E100000123261,natural person(s),build-out,True
E100000000021,E100000000032,Wiener Stadtwerke,build-out,False
E100001016445,E100000132016,PT Astrindo Nusantara Infrastruktur,build-out,False
E100002019501,E100000153049,Gujarat State Petronet,build-out,False
E100002016543,E100000123261,natural person(s),build-out,True
E100001001070,E100002016832,Fourth Swedish National Pension Fund,build-out,False
E100001010271,E100002022059,Bonsucex Holding,build-out,False
E100002016922,E100002017018,Knighthead Capital Management,build-out,False
E100000150321,E100001011064,Berkshire Hathaway Energy,build-out,False
E100001000066,E100002009043,Tereos Participations,build-out,False
E100002006291,E100000179513,Anhui Conch Cement,build-out,False
E100000003508,E100000002328,Talen Energy,build-out,False
E100002017164,E100000123261,natural person(s),build-out,True
E100002017482,E100001013240,Ascentia Holdings,build-out,False
E100002005441,E100000001005,UBS Group,build-out,False
E100002016145,E100002016964,Société Financière Des Sucres,build-out,False
E100002008825,E100000002824,Dongguan Nine Dragons Paper Industries,build-out,False
E100002004363,E100001014426,Enterprise Products Operating,build-out,False
E100001000248,E100000000050,Solvay,build-out,False
E100002005798,E100000123261,natural person(s),build-out,True
E100002007068,E100001015587,small shareholder(s),build-out,True
E100000130816,E100002017625,Global Steel Investments,build-out,False
E100000126096,E100000127558,Sichuan Coal Gasification,build-out,False
E100001014066,E100000123261,natural person(s),build-out,True
E100000125228,E100000125323,Chongqing Dongsheng Aluminium Industry,build-out,False
E100002007284,E100001000258,Government of Myanmar,build-out,False
E100002002656,E100001015587,small shareholder(s),build-out,True
E100000190119,E100000123261,natural person(s),build-out,True
E100001014873,E100001014874,NGL Energy Partners,build-out,False
E100001014884,E100000123261,natural person(s),build-out,True
E100000151245,E100002017240,Primary Energy,build-out,False
E100002017535,E100000123261,natural person(s),build-out,True
E100000122704,E100000123748,Jianxin Financial Asset Investment,build-out,False
E100000120698,E100000188562,Hiroshima Gas,build-out,False
E100002015372,E100002016918,Dwarikesh Trading Company,build-out,False
E100002023214,E100000123261,natural person(s),build-out,True
E100001011020,E100002017528,Vera Cruz Agropecuária,build-out,False
E100000190129,E100002024726,Nc Participacoes e Consultoria,build-out,False
E100000001143,E100000123261,natural person(s),build-out,True
E100002016429,E100000123261,natural person(s),build-out,True
E100000004193,E100001014737,Igneo Infrastructure Partners,build-out,False
E100002015156,E100001000408,Samruk-Energo,build-out,False
E100000131821,E100000123261,natural person(s),build-out,True
E100002021339,E100000001170,Calpine,build-out,False
E100000002183,E100002001974,member/employee owned,build-out,False
E100000131604,E100002009710,Cooper Creek Partners Management,build-out,False
E100002010145,E100002017154,Grupo Bio Pappel,build-out,False
E100001000272,E100001015587,small shareholder(s),build-out,True
E100000000648,E100001015587,small shareholder(s),build-out,True
E100001016342,E100000123261,natural person(s),build-out,True
E100002003623,E100000123261,natural person(s),build-out,True
E100000003308,E100002024677,Ineos Solvents,build-out,False
E100000120586,E100002016039,King Car,build-out,False
E100001010591,E100000000018,Macquarie Group,build-out,False
E100002004413,E100001000253,Government of Germany,build-out,False
E100002022406,E100002022911,Philippine Dealing System Holdings,build-out,False
E100001015128,E100001015129,Ministry of Finance (Croatia),build-out,False
E100002002710,E100000132845,Domtar,build-out,False
E100001015211,E100001015054,MPLX,build-out,False
E100000128620,E100000123424,China's Agriculture Development Key Construction Fund,build-out,False
E100002005196,E100002005198,SCHWENK Zement,build-out,False
E100002005069,E100001010431,Washington H Soul Pattinson and Company,build-out,False
E100002011285,E100001000178,The Master Trust Bank of Japan,build-out,False
E100002022204,E100000123261,natural person(s),build-out,True
E100001011152,E100001015587,small shareholder(s),build-out,True
E100000002667,E100001015587,small shareholder(s),build-out,True
E100000125228,E100000124275,Chongqing Fuling Energy Industry Group,build-out,False
E100002015131,E100002015132,JP Morgan International,build-out,False
E100000150862,E100001015587,small shareholder(s),build-out,True
E100001015819,E100001015779,Summit Midstream Partners,build-out,False
E100002006658,E100002005786,Vietnam Cement Industry,build-out,False
E100002015454,E100002016747,City of Gondomar,build-out,False
E100001015844,E100001015845,Ares Management,build-out,False
E100001016813,E100002016467,EQ2-CFN Trust,build-out,False
E100000000591,E100001015587,small shareholder(s),build-out,True
E100001014298,E100001014299,Ergon,build-out,False
E100000120102,E100001000520,Life Insurance Corporation of India,build-out,False
E100002015717,E100000123261,natural person(s),build-out,True
E100001011678,E100002000911,Groupe Fauzie Layousse,build-out,False
E100000000764,E100002022265,UBA Nominees,build-out,False
E100001014635,E100000123261,natural person(s),build-out,True
E100001015960,E100002022414,Erdgas Zentralschweiz,build-out,False
E100002010216,E100001013701,RZ Murowa Holdings,build-out,False
E100002016804,E100000001902,Südzucker,build-out,False
E100002002434,E100000123261,natural person(s),build-out,True
E100001014645,E100001010596,State Street,build-out,False
E100002016388,E100001016088,Investor,build-out,False
E100002019784,E100001015905,Promigas,build-out,False
E100001014324,E100001014325,Plains All American Pipeline,build-out,False
E100002015141,E100002017002,KE Verwaltungs,build-out,False
E100001015695,E100001000370,Government of Pakistan,build-out,False
E100001016206,E100001010595,The Vanguard Group,build-out,False
E100002020371,E100001000379,Caisse de dépôt et placement du Québec,build-out,False
E100000002811,E100002016274,Terrapin Power,build-out,False
E100000135312,E100001010923,Empresas Copec,build-out,False
E100001000932,E100001015587,small shareholder(s),build-out,True
E100001015558,E100000123261,natural person(s),build-out,True
E100002013749,E100002017058,Lorenzati Ruetsch y Cia,build-out,False
E100002016542,E100000001170,Calpine,build-out,False
E100000001026,E100002011714,Service Holding,build-out,False
E100000002606,E100002024337,Axium Three Rivers Acquisition,build-out,False
E100000120648,E100001015587,small shareholder(s),build-out,True
E100000132313,E100000123261,natural person(s),build-out,True
E100002016680,E100000123261,natural person(s),build-out,True
E100000003821,E100001014413,Cobra Instalaciones y Servicios,build-out,False
E100002015575,E100001000907,Prima AFP,build-out,False
E100000130738,E100002016553,Ural-VK,build-out,False
E100002001512,E100000131458,CRH,build-out,False
E100002023319,E100002023325,AGM Desarrollos,build-out,False
E100000190381,E100000158306,China Three Gorges,build-out,False
E100000132016,E100001016446,PT Indotambang Perkasa,build-out,False
E100000130714,E100001010147,JFE Steel International Europe,build-out,False
E100002015623,E100002024440,NRG East Generation Holdings,build-out,False
E100001015126,E100002022327,Ministry of Climate and Energy of the Republic of Latvia,build-out,False
E100000003472,E100002016079,EquiPower Resources,build-out,False
E100002019599,E100001015139,SGSP (Australia) Assets,build-out,False
E100001000188,E100002016584,Longhlin Asia,build-out,False
E100002007167,E100000123261,natural person(s),build-out,True
E100002019360,E100001015134,Japan Australia LNG (MIMI),build-out,False
E100001010047,E100001000636,Alcoa,build-out,False
E100002005585,E100002005589,Sara Development,build-out,False
E100000188723,E100002018693,Menora Mivtachim Holdings,build-out,False
E100000002905,E100002011308,Banque Misr,build-out,False
E100000001734,E100001015587,small shareholder(s),build-out,True
E100002006081,E100001014888,Corporación Masaveu,build-out,False
E100000131815,E100002010539,PT Param Mitra Coal Movers,build-out,False
E100001016282,E100000001959,Mobarakeh Steel,build-out,False
E100002006661,E100000123261,natural person(s),build-out,True
E100002005699,E100000123261,natural person(s),build-out,True
E100002016623,E100002016624,Province of West Flanders,build-out,False
E100001014712,E100001014715,MEIF 5 Rey Holdings,build-out,False
E100001013136,E100000123261,natural person(s),build-out,True
E100000120614,E100000127962,Guangdong Guangxin Holdings Group,build-out,False
E100002006226,E100002006227,ICAL Participações,build-out,False
E100000190355,E100001000132,Cocal Comércio Indústria Canaã Açúcar e Álcool,build-out,False
E100002008864,E100002017003,Robert M Worsley & Christi M Worsley Revocable Trust,build-out,False
E100002017176,E100002017178,Aion Capital Partners Asia,build-out,False
E100000134914,E100000001179,Chevron,build-out,False
E100001015702,E100001000370,Government of Pakistan,build-out,False
E100002004816,E100001010156,Japan Organization for Metals and Energy Security,build-out,False
E100002015171,E100000123261,natural person(s),build-out,True
E100002015627,E100000123261,natural person(s),build-out,True
E100002021813,E100002005438,Bank of New York Mellon,build-out,False
E100002017216,E100001001062,British American Tobacco,build-out,False
E100000003490,E100002024413,Mara Holdings,build-out,False
E100002018577,E100002025038,KB Financial Group,build-out,False
E100000128356,E100000123261,natural person(s),build-out,True
E100002015372,E100002016919,Morarka Finance,build-out,False
E100002005826,E100002005828,Hamgaman Tose'e S&B Holding,build-out,False
E100001000346,E100001010595,The Vanguard Group,build-out,False
E100000131392,E100002009411,London & Associated Properties,build-out,False
E100001016471,E100001000782,PT Alamtri Resources Indonesia,build-out,False
E100002021298,E100001000014,Veolia Energia Polska,build-out,False
E100001015381,E100001015382,Max Midstream Texas,build-out,False
E100002001405,E100001015587,small shareholder(s),build-out,True
E100001015114,E100002024414,Prairie Acquiror,build-out,False
E100001016037,E100002020927,Ancala Midstream I GP,build-out,False
E100002025247,E100001014430,Cheniere Energy,build-out,False
E100002023139,E100000123261,natural person(s),build-out,True
E100002002395,E100000123261,natural person(s),build-out,True
E100002016157,E100002016733,City of Yao,build-out,False
E100002022328,E100002022906,Partler 2006,build-out,False
E100000000439,E100002009160,City of Augsburg,build-out,False
E100001001322,E100001000179,Custody Bank of Japan,build-out,False
E100001015960,E100002022415,Gasverbund Mittelland,build-out,False
E100000004280,E100000123261,natural person(s),build-out,True
E100000190073,E100001000654,Copelmi Mineração,build-out,False
E100002023907,E100002023909,Groupe El Hamouti,build-out,False
E100002015523,E100002006169,Cim Metal Group,build-out,False
E100000002498,E100002024593,Braunschweig Beteiligungen,build-out,False
E100001000533,E100001001102,Jindal Steel & Power (Mauritius),build-out,False
E100002006160,E100002006161,Chinfon Vietnam Holding,build-out,False
E100002007148,E100002006151,China National Building Materials,build-out,False
E100002015256,E100002001974,member/employee owned,build-out,False
E100002020935,E100000152388,Neo Next + Energy,build-out,False
E100002010840,E100002010841,PT Kemilau Mulia Sakti,build-out,False
E100002022051,E100002022053,ACH GP,build-out,False
E100002015906,E100001015587,small shareholder(s),build-out,True
E100000000878,E100000123261,natural person(s),build-out,True
E100002007261,E100001015587,small shareholder(s),build-out,True
E100000121182,E100001015587,small shareholder(s),build-out,True
E100002016845,E100001010033,Nalwa Sons Investments,build-out,False
E100002011924,E100002016801,Alva-yhtiot,build-out,False
E100000002663,E100001015587,small shareholder(s),build-out,True
E100000190131,E100002024386,Equatorial Participações e Investimentos,build-out,False
E100002007008,E100000123261,natural person(s),build-out,True
E100002015527,E100002015528,Sacko Holding,build-out,False
E100002016169,E100000150695,City of Tokyo,build-out,False
E100002021863,E100002022021,Gazaro,build-out,False
E100001015109,E100001015111,INK-Capital,build-out,False
E100001015671,E100000000127,Pembina Pipeline,build-out,False
E100002015528,E100000123261,natural person(s),build-out,True
E100000001830,E100001014861,Rubric Capital Management,build-out,False
E100000132287,E100000123261,natural person(s),build-out,True
E100002006537,E100002006360,The Concrete Products and Aggregate,build-out,False
E100002010146,E100002016508,Investment Company Tuloma,build-out,False
E100001015051,E100001011136,Government of Japan,build-out,False
E100002016436,E100002016606,Southern Palm Oil Industry,build-out,False
E100000190103,E100000132530,Brasil Bio Fuels,build-out,False
E100002011951,E100000132096,RCL Holdings,build-out,False
E100001011382,E100002001974,member/employee owned,build-out,False
E100002022205,E100000123261,natural person(s),build-out,True
E100002010315,E100000131246,Alpha Metallurgical Resources,build-out,False
E100002016287,E100002016288,Parallax Venture Partners XXX,build-out,False
E100002006411,E100002006398,Groupe industriel des ciments d'Algérie,build-out,False
E100002005438,E100001010595,The Vanguard Group,build-out,False
E100002016179,E100002016334,Sirec Energy,build-out,False
E100002010547,E100002011947,Séché Group,build-out,False
E100002009246,E100002008409,American Sugar Refining,build-out,False
E100002006540,E100002015673,Huaxin Central Asia Investment (Wuhan),build-out,False
E100001015906,E100002022313,Grupo Aval Acciones Y Valores,build-out,False
E100002010593,E100000123261,natural person(s),build-out,True
E100001015117,E100002022256,Iroquois,build-out,False
E100001014140,E100000123261,natural person(s),build-out,True
E100002007314,E100002007315,Al Ahly Capital Holding,build-out,False
E100000000591,E100002005105,Harel Insurance Investments & Financial Services,build-out,False
E100000190190,E100001015587,small shareholder(s),build-out,True
E100002005178,E100002007692,Lcc Asset Holdings,build-out,False
E100001014108,E100002005522,Renaissance Technologies,build-out,False
E100001014348,E100002015944,Grupo Inversor Petroquímica,build-out,False
E100001014104,E100001014107,Amerisur Resources,build-out,False
E100002006955,E100000131458,CRH,build-out,False
E100002001942,E100000123261,natural person(s),build-out,True
E100000000565,E100002017099,Justice Shares Investment Companies Association,build-out,False
E100001015750,E100002001974,member/employee owned,build-out,False
E100000004193,E100000133835,Abu Dhabi Future Energy,build-out,False
E100002025038,E100001000730,National Pension Service (South Korea),build-out,False
E100002010613,E100000131353,Bathurst Resources,build-out,False
E100000132567,E100002024751,BP Bioenergy,build-out,False
E100002016725,E100001010644,City of Istanbul,build-out,False
E100002023652,E100002007991,Fauji Fertilizer Company,build-out,False
E100000190202,E100002024821,ENC Energy Brasil Participações,build-out,False
E100000001137,E100001015587,small shareholder(s),build-out,True
E100002017187,E100002017191,Adage Capital Partners GP,build-out,False
E100000002793,E100002015403,Dearborn Industrial Energy,build-out,False
E100001010860,E100001014312,Royal Bank of Canada,build-out,False
E100002009537,E100000131353,Bathurst Resources,build-out,False
E100002015324,E100000123261,natural person(s),build-out,True
E100001000347,E100001010595,The Vanguard Group,build-out,False
E100002006002,E100002006003,Buzzi Unicem,build-out,False
E100002013766,E100000123261,natural person(s),build-out,True
E100002016847,E100001015361,Saibu Gas Holdings,build-out,False
E100002011724,E100002010669,Danpower,build-out,False
E100000001324,E100001015587,small shareholder(s),build-out,True
E100000132065,E100000000917,Holding Slovenske elektrarne,build-out,False
E100000126992,E100000123329,China Cinda Asset Management,build-out,False
E100002021528,E100001015587,small shareholder(s),build-out,True
E100000189208,E100000000387,TotalEnergies,build-out,False
E100002007433,E100002005944,West China Cement,build-out,False
E100002019432,E100000123261,natural person(s),build-out,True
E100001016770,E100000123261,natural person(s),build-out,True
E100002007365,E100001012805,Mostafa Hakim Group,build-out,False
E100001011672,E100001015587,small shareholder(s),build-out,True
E100002015670,E100001000571,Holcim,build-out,False
E100001010802,E100002010146,Holding Company Yuzhugol,build-out,False
E100002016619,E100002016623,Efin,build-out,False
E100000120754,E100002024434,Causeway Capital Holdings,build-out,False
E100002001297,E100001016340,Adani Tradeline,build-out,False
E100001014394,E100001015587,small shareholder(s),build-out,True
E100002007206,E100002007208,Berger Holding,build-out,False
E100002008832,E100002016697,NE Renewable Power,build-out,False
E100000133196,E100002016355,Al Bawani Company,build-out,False
E100000002772,E100000000565,Persian Gulf Petrochemical Industries,build-out,False
E100001000549,E100001000653,Core Natural Resources,build-out,False
E100002006397,E100002006003,Buzzi Unicem,build-out,False
E100000000591,E100002017455,Altshuler Shaham,build-out,False
E100000002498,E100002024594,Thüga BS Beteiligungsgesellschaft,build-out,False
E100002016152,E100002016960,Kochi Prefecture Forestry Cooperative Federation,build-out,False
E100000003743,E100002016227,Bilotserkivska Teploelektrocentral,build-out,False
E100000126152,E100000123261,natural person(s),build-out,True
E100001014916,E100001015587,small shareholder(s),build-out,True
E100000127798,E100000128647,Shanxi Coal Transportation and Marketing Group Jincheng Yangcheng,build-out,False
E100002009261,E100002009262,PT Delta Dunia Makmur,build-out,False
E100000127081,E100000128144,Guizhou Panjiang Asset Management,build-out,False
E100001015255,E100002001974,member/employee owned,build-out,False
E100002015792,E100002015793,Crewell International,build-out,False
E100000120821,E100000002151,Çolakoğlu Metalürji,build-out,False
E100000120999,E100001015587,small shareholder(s),build-out,True
E100001000577,E100000131887,Marubeni Resources Development,build-out,False
E100000001289,E100002001974,member/employee owned,build-out,False
E100000003020,E100002015351,Mapna International,build-out,False
E100002019661,E100002015717,Al Mada,build-out,False
E100002015154,E100001000408,Samruk-Energo,build-out,False
E100000190259,E100000123261,natural person(s),build-out,True
E100000003326,E100000003838,Primary Energy Recycling,build-out,False
E100001015713,E100001015698,Société de Participations dans l'Industrie et le Transport du Pétrole,build-out,False
E100002023187,E100002023189,Mr Gotham,build-out,False
E100001000441,E100002015320,Karington United,build-out,False
E100002007250,E100002007251,Max Myanmar Holding,build-out,False
E100000003299,E100002024447,Indeck-Corinth,build-out,False
E100000121454,E100000001716,Toplofikacia Pleven,build-out,False
E100002015171,E100002016717,Samen Investeren,build-out,False
E100001015545,E100001015587,small shareholder(s),build-out,True
E100002005178,E100000123261,natural person(s),build-out,True
E100000125810,E100000123261,natural person(s),build-out,True
E100002006990,E100002005815,Fars & Khuzestan Cement,build-out,False
E100002001934,E100001015587,small shareholder(s),build-out,True
E100002006394,E100002005941,Western Diamond Cement,build-out,False
E100002024858,E100000001190,Denham Capital Management,build-out,False
E100002009511,E100001015587,small shareholder(s),build-out,True
E100002006970,E100000123261,natural person(s),build-out,True
E100002006374,E100002002419,Vicat,build-out,False
E100000190283,E100002024481,CJ Cheiljedang,build-out,False
E100002015166,E100002016608,Grupo Pellas,build-out,False
E100002024435,E100002024434,Causeway Capital Holdings,build-out,False
E100000001672,E100002018719,Foxlink Image Technology,build-out,False
E100001011985,E100001010595,The Vanguard Group,build-out,False
E100001012048,E100001015587,small shareholder(s),build-out,True
E100002006347,E100000123261,natural person(s),build-out,True
E100002004327,E100002004329,Elgas,build-out,False
E100002006362,E100002022074,Stanbic IBTC Bank,build-out,False
E100002014197,E100002016828,LEG Standort- und Projektentwicklung Köln,build-out,False
E100002008089,E100000001006,Vitol,build-out,False
E100000132265,E100000123261,natural person(s),build-out,True
E100000000935,E100001015587,small shareholder(s),build-out,True
E100001015677,E100002022353,Levoca Enterprise,build-out,False
E100001010007,E100000123261,natural person(s),build-out,True
E100002000729,E100000123261,natural person(s),build-out,True
E100000151577,E100000000364,Lahti Energia,build-out,False
E100002004416,E100001014424,Enterprise Midstream Companies,build-out,False
E100002008077,E100002008079,Thoresen Thai Agencies,build-out,False
E100001015325,E100001015587,small shareholder(s),build-out,True
E100002007159,E100002007163,MT 23 Resources,build-out,False
E100002019673,E100000188456,POSCO,build-out,False
E100000133904,E100000123261,natural person(s),build-out,True
E100002006140,E100001000932,Taiheiyo Cement,build-out,False
E100000003415,E100001016964,Keppel Infrastructure Trust Management,build-out,False
E100002016135,E100000123261,natural person(s),build-out,True
E100002024332,E100000123261,natural person(s),build-out,True
E100002019329,E100001011250,State of Tamil Nadu,build-out,False
E100002017678,E100002017688,Forsa Energy Gas Acquisitions 5,build-out,False
E100002007448,E100002007450,Pan Kingdom Investment,build-out,False
E100002015743,E100002015745,Minera Latinoamericana,build-out,False
E100002016589,E100002017109,FGV Holdings,build-out,False
E100002024854,E100000000217,Huaneng Power International,build-out,False
E100001016375,E100001016374,Coalex,build-out,False
E100001013620,E100002018595,Green River,build-out,False
E100002025120,E100002025121,Solví Essencis Ambiental,build-out,False
E100000120776,E100002024870,LOTTE Corporation,build-out,False
E100002020991,E100002020992,Asia Pacific Energy Fund,build-out,False
E100002017033,E100002017038,Atyant Capital India Fund I,build-out,False
E100002015537,E100000000414,Heidelberg Materials,build-out,False
E100002019596,E100001015627,Ithaca SPE,build-out,False
E100002023985,E100002023986,F. Scott Industries,build-out,False
E100001014582,E100001010595,The Vanguard Group,build-out,False
E100000002649,E100002017678,Forsa Energy Gas Acquisitions Holdco 5,build-out,False
E100002016760,E100001015587,small shareholder(s),build-out,True
E100000001139,E100001010596,State Street,build-out,False
E100000131296,E100002009260,American Anthracite SPV I,build-out,False
E100001014610,E100000189064,Chevron Cyprus,build-out,False
E100002022222,E100001015976,Trencap,build-out,False
E100002011797,E100002015260,Kibbutzim Cooperative Agricultural Association,build-out,False
E100002020385,E100001015888,JPMorgan Infrastructure Investments Fund,build-out,False
E100002006577,E100001015587,small shareholder(s),build-out,True
E100001014108,E100002005521,Compass Group,build-out,False
E100000125234,E100000125330,Yangtze Three Gorges Investment Management,build-out,False
E100000002511,E100002024620,VARO Energy Refining,build-out,False
E100002005966,E100002005970,BT Sicar,build-out,False
E100000190112,E100000123261,natural person(s),build-out,True
E100000002650,E100002024370,Carroll County Energy Holdings,build-out,False
E100002025046,E100002025047,BlackRock Holdco 2,build-out,False
E100002005182,E100002007693,Cities Group Holdings,build-out,False
E100002006983,E100000000561,Omid Investment Management,build-out,False
E100000003403,E100000001533,JERA,build-out,False
E100002015557,E100002015558,China Jiangxi DeJinxin Industrial,build-out,False
E100000133192,E100000000799,Palestine Investment Fund,build-out,False
E100000120378,E100002009674,AUO Commercial Brokerage,build-out,False
E100002022528,E100000189039,Government of Central Sulawesi,build-out,False
E100002004063,E100000001282,Phillips 66,build-out,False
E100002000311,E100000123261,natural person(s),build-out,True
E100001016964,E100001015587,small shareholder(s),build-out,True
E100000004141,E100002016281,Inversiones Adolfo Mejia Céspedes EIRL,build-out,False
E100002017094,E100002017096,Infraserv Verwaltungs,build-out,False
E100000003865,E100002005199,RN-Rasvedka i Dobycha,build-out,False
E100002005876,E100001015807,Government of Yemen,build-out,False
E100000000375,E100001015587,small shareholder(s),build-out,True
E100002009069,E100000000026,Linz,build-out,False
E100002017665,E100001014630,East Gas,build-out,False
E100002007069,E100002007070,Lafarge,build-out,False
E100000000700,E100002022009,Melewar Equities (BVI),build-out,False
E100000003404,E100000003343,Inter RAO – Electric Power Generation,build-out,False
E100002006101,E100002006102,CEMEX France,build-out,False
E100002009438,E100000132348,Warrior Met Coal,build-out,False
E100002016581,E100001010429,Citicorp Nominees,build-out,False
E100000000140,E100002015217,Nautilus Energy Holdings,build-out,False
E100000003302,E100002024451,Indeck-Tonawanda,build-out,False
E100002016579,E100000123261,natural person(s),build-out,True
E100002005572,E100002006805,AVH Resources India,build-out,False
E100002016389,E100000123261,natural person(s),build-out,True
E100001000405,E100002024564,Mach Energy (Hongkong),build-out,False
E100002007435,E100001015587,small shareholder(s),build-out,True
E100001013681,E100000001052,Ciner Group,build-out,False
E100002006400,E100002006398,Groupe industriel des ciments d'Algérie,build-out,False
E100001015674,E100001011888,Kumul Petroleum Holdings,build-out,False
E100000190217,E100000123261,natural person(s),build-out,True
E100002005849,E100002005851,Shanta Cement,build-out,False
E100001016252,E100002022963,Banca March,build-out,False
E100002007457,E100002006131,Eagle Materials,build-out,False
E100000001242,E100000001158,Blackstone,build-out,False
E100002016646,E100002017148,RHB Capital Nominees (Tempatan),build-out,False
E100000132066,E100000123261,natural person(s),build-out,True
E100002017319,E100002017320,"Letko, Brosseau & Associates",build-out,False
E100000000481,E100001015587,small shareholder(s),build-out,True
E100002004155,E100001015587,small shareholder(s),build-out,True
E100002010821,E100001000782,PT Alamtri Resources Indonesia,build-out,False
E100002005935,E100002005940,Hong Xiang Holdings,build-out,False
E100002007786,E100002020946,London Group,build-out,False
E100001015808,E100001015809,Natlata Partners,build-out,False
E100002019810,E100002024388,Opportunity Asset Administração de Recursos de Terceiros,build-out,False
E100001015277,E100000004238,TotalEnergies Raffinerie Mitteldeutschland,build-out,False
E100002007194,E100001015587,small shareholder(s),build-out,True
E100002001598,E100002001599,Boral,build-out,False
E100002024440,E100000001262,NRG Energy,build-out,False
E100000120563,E100000123261,natural person(s),build-out,True
E100002006397,E100002006398,Groupe industriel des ciments d'Algérie,build-out,False
E100002025109,E100002025110,KPS Capital Partners,build-out,False
E100002015774,E100002015775,Engineering Dimension International Investment,build-out,False
E100002005822,E100000123261,natural person(s),build-out,True
E100002007254,E100002007255,Amsons Group,build-out,False
E100001000427,E100002021998,Golgohar Investment and Development,build-out,False
E100000002959,E100002017785,Energypac Engineering,build-out,False
E100000003097,E100000002442,Amperion Power Distribution,build-out,False
E100001010057,E100001010281,Alliance Coal,build-out,False
E100002020909,E100002020911,Homefield Pvt Uk,build-out,False
E100002005390,E100001015587,small shareholder(s),build-out,True
E100002007032,E100002007042,Viet Bac Mining Industry Corporation TKV,build-out,False
E100000003097,E100001015587,small shareholder(s),build-out,True
E100002019306,E100001000220,Canadian Utilities,build-out,False
E100001010509,E100001014553,SK Innovation,build-out,False
E100002017297,E100001015587,small shareholder(s),build-out,True
E100002023187,E100002023188,Gotham Power Investors,build-out,False
E100002017003,E100000123261,natural person(s),build-out,True
E100002024484,E100000123261,natural person(s),build-out,True
E100002009412,E100002009415,Galena Asset Management,build-out,False
E100000190132,E100002024656,Sguario Participações,build-out,False
E100002017035,E100000123261,natural person(s),build-out,True
E100002016986,E100001015587,small shareholder(s),build-out,True
E100002024070,E100002024071,Advance Group of Companies,build-out,False
E100002017691,E100002017695,Ytl Utilities (Uk),build-out,False
E100001014764,E100001014765,Western Midstream Operating,build-out,False
E100002015632,E100002017070,SVB Holdings,build-out,False
E100000001013,E100000001015,Formosa Plastics,build-out,False
E100001015215,E100001015216,LOTOS Petrobaltic,build-out,False
E100002007467,E100002007468,NM Cement,build-out,False
E100000003588,E100002024671,Model Beteiligungen,build-out,False
E100001015281,E100000192496,SINOPEC,build-out,False
E100000134707,E100002016813,Suwinthawong Gold Asset,build-out,False
E100002016843,E100002003558,Fomento de Construcciones y Contratas,build-out,False
E100002016212,E100000123261,natural person(s),build-out,True
E100002010843,E100001013316,PT Makmur Perkasa,build-out,False
E100002006442,E100002005092,Aalborg Portland Holding,build-out,False
E100000004283,E100000001265,New Fortress Energy,build-out,False
E100002016792,E100001001367,North American Power Group,build-out,False
E100002005200,E100001015587,small shareholder(s),build-out,True
E100002016997,E100000123261,natural person(s),build-out,True
E100000001876,E100002023106,Eins energie Beteiligungsgesellschaft Chemnitz,build-out,False
E100001015656,E100001015587,small shareholder(s),build-out,True
E100000131645,E100002010178,PT Black Diamond Energy,build-out,False
E100002022033,E100001000514,State Grid Corporation of China,build-out,False
E100002016737,E100002016740,Tryghedsgruppen smba,build-out,False
E100002006697,E100002006698,HeidelbergCement Netherlands Holding,build-out,False
E100002015608,E100002015611,University of San Francisco Xavier,build-out,False
E100000002252,E100002018501,BHE Gas,build-out,False
E100002016543,E100001015587,small shareholder(s),build-out,True
E100002016576,E100001015587,small shareholder(s),build-out,True
E100002019611,E100002019612,Egyptian Fajr Natural Gas,build-out,False
E100002001405,E100002003272,Hansol Holdings,build-out,False
E100002010588,E100002011849,Gascogne,build-out,False
E100002000822,E100000123261,natural person(s),build-out,True
E100002017045,E100002017046,First Sentier Investors (Australia) RE,build-out,False
E100001011575,E100001015587,small shareholder(s),build-out,True
E100000000864,E100001015587,small shareholder(s),build-out,True
E100000003743,E100002016236,Rosava,build-out,False
E100000152466,E100002016408,Ministry of Finance (Russia),build-out,False
E100002018518,E100000000746,Shell,build-out,False
E100001014132,E100000000846,QatarEnergy,build-out,False
E100002024958,E100002024959,Cogeneration Holding Company,build-out,False
E100001014078,E100002022502,Osaühing Westrex Trade,build-out,False
E100002009202,E100000131426,Buffalo Coal,build-out,False
E100000132625,E100002016546,MP Energy,build-out,False
E100002024699,E100002024700,Global X Uranium ETF,build-out,False
E100000150540,E100002022240,Storebrand Asset Management,build-out,False
E100000001114,E100002000200,Allan Gray,build-out,False
E100002019157,E100002019158,CIAN Agro Industries & Infrastructure,build-out,False
E100002006680,E100002006686,Saman Mohit,build-out,False
E100001015865,E100001015867,Century Holdings,build-out,False
E100000132095,E100000123261,natural person(s),build-out,True
E100002020680,E100002022006,Westview Group,build-out,False
E100002004992,E100000123261,natural person(s),build-out,True
E100000190176,E100002001974,member/employee owned,build-out,False
E100000120614,E100002024533,Luck Scenery International,build-out,False
E100001013073,E100001013279,PT Atlas Resources,build-out,False
E100001000648,E100001015587,small shareholder(s),build-out,True
E100000003761,E100000186000,PT Sintesa Green Energy,build-out,False
E100000001269,E100001000348,BlackRock,build-out,False
E100002007048,E100001000571,Holcim,build-out,False
E100000190228,E100002022338,Public Sector Pension Investment Board,build-out,False
E100000004141,E100000123261,natural person(s),build-out,True
E100001014772,E100001014321,SEFE Securing Energy for Europe,build-out,False
E100001016392,E100001016380,Citigroup,build-out,False
E100002009043,E100002004726,Tereos SCA,build-out,False
E100002016535,E100000123261,natural person(s),build-out,True
E100002019857,E100002021361,Sylvamo Papers Holding,build-out,False
E100001016374,E100001001130,Banpu,build-out,False
E100002001513,E100000123261,natural person(s),build-out,True
E100002005517,E100001015587,small shareholder(s),build-out,True
E100000000619,E100002016901,City of Modena,build-out,False
E100001010667,E100002017439,Rezervugol,build-out,False
E100001014300,E100001014301,Trafigura Group,build-out,False
E100002004954,E100002025147,Republic of Yemen,build-out,False
E100002006444,E100002007694,Lafarge International Holdings,build-out,False
E100002007696,E100000131458,CRH,build-out,False
E100002016646,E100001015587,small shareholder(s),build-out,True
E100002005624,E100002005625,Espandar Civil Industries,build-out,False
E100000120044,E100000123261,natural person(s),build-out,True
E100002006090,E100002006091,Miebach Projektgesellschaft,build-out,False
E100001015878,E100000000943,IMM Investment,build-out,False
E100002024013,E100002024014,Wangkang Holding Group,build-out,False
E100002006986,E100000131458,CRH,build-out,False
E100000004259,E100001011672,Sapphire Fibres,build-out,False
E100001000552,E100001000653,Core Natural Resources,build-out,False
E100002016430,E100001011244,Mundys,build-out,False
E100002007805,E100000121461,Toshiba,build-out,False
E100000191246,E100001015587,small shareholder(s),build-out,True
E100001010912,E100000130489,Beijing Enterprises,build-out,False
E100002016442,E100002016445,United Resources,build-out,False
E100001015686,E100002022337,Sinopec Kantons International,build-out,False
E100002016729,E100002016730,Salini,build-out,False
E100002016877,E100002016878,Aachen City Region,build-out,False
E100000120506,E100000123261,natural person(s),build-out,True
E100001015656,E100002005547,PlusPetrol,build-out,False
E100002010146,E100002016507,Klaxen Services,build-out,False
E100001010854,E100000131638,State of Gujarat,build-out,False
E100002016726,E100001010595,The Vanguard Group,build-out,False
E100002005991,E100002005992,Ministry of Industry and Trade (Vietnam),build-out,False
E100001016057,E100001015051,"Ministry of Economy, Trade & Industry (Japan)",build-out,False
E100000003893,E100002000971,Westenergie,build-out,False
E100002017265,E100001010429,Citicorp Nominees,build-out,False
E100002024079,E100000123261,natural person(s),build-out,True
E100000132334,E100002009450,PT Prime Star Energi,build-out,False
E100002016080,E100002016081,Inversiones Andinas Diversas,build-out,False
E100001010064,E100002021760,J&T Capital Partners,build-out,False
E100000000770,E100001015587,small shareholder(s),build-out,True
E100002004184,E100001014426,Enterprise Products Operating,build-out,False
E100000132328,E100000123261,natural person(s),build-out,True
E100001014635,E100001015587,small shareholder(s),build-out,True
E100001010558,E100001015587,small shareholder(s),build-out,True
E100002002434,E100001015587,small shareholder(s),build-out,True
E100002007311,E100000123261,natural person(s),build-out,True
E100000000989,E100000123261,natural person(s),build-out,True
E100000003723,E100000002254,Florida Municipal Power Agency,build-out,False
E100002017310,E100001015587,small shareholder(s),build-out,True
E100002017026,E100002017710,Energa Brussels,build-out,False
E100002017143,E100001014506,Novonor,build-out,False
E100002015365,E100001015587,small shareholder(s),build-out,True
E100002015632,E100002017071,Gagandeep Credit Capital,build-out,False
E100002017687,E100002017711,Paprec International,build-out,False
E100000001235,E100001000348,BlackRock,build-out,False
E100001016645,E100001000348,BlackRock,build-out,False
E100000002442,E100002015279,Forte Oil,build-out,False
E100002016584,E100000123261,natural person(s),build-out,True
E100002015733,E100000123261,natural person(s),build-out,True
E100002006089,E100000123261,natural person(s),build-out,True
E100000004351,E100001015587,small shareholder(s),build-out,True
E100000133645,E100002022136,VNG,build-out,False
E100002007190,E100000123261,natural person(s),build-out,True
E100002006613,E100000000543,Ghadir Investment Company,build-out,False
E100002009372,E100002012065,City of Sundsvall,build-out,False
E100002006144,E100002006146,Metal Industries,build-out,False
E100002025223,E100002025225,Stonepeak Associates III,build-out,False
E100000190349,E100000123261,natural person(s),build-out,True
E100002016076,E100002016332,Petroleum Sarawak,build-out,False
E100002005872,E100002005874,Bemsa Bursa Emprime Plastik Sanayi Ve Ticaret,build-out,False
E100000000390,E100000123261,natural person(s),build-out,True
E100000000408,E100002024653,Stadt Herne,build-out,False
E100000000565,E100002017100,Ahdaf Investment,build-out,False
E100002006252,E100002007187,Sinoma Cement International,build-out,False
E100001010893,E100000123261,natural person(s),build-out,True
E100001013130,E100001000557,State of Rajasthan,build-out,False
E100000003791,E100002018694,Harel Provident Funds,build-out,False
E100002000141,E100000123261,natural person(s),build-out,True
E100002001300,E100001015587,small shareholder(s),build-out,True
E100002025229,E100002025230,Stonepeak GP Investors Holdings Manager,build-out,False
E100000152756,E100000155371,Gravis Capital Management,build-out,False
E100002006976,E100002006977,IMR Resources South Africa,build-out,False
E100000000655,E100001015587,small shareholder(s),build-out,True
E100002015385,E100002015386,Landcorp Capital,build-out,False
E100002001603,E100002001604,Pilani Investment and Industries,build-out,False
E100002006793,E100002006798,Mehta International Mauritius,build-out,False
E100002015683,E100002005937,Cementos Molins,build-out,False
E100001010049,E100000123261,natural person(s),build-out,True
E100001014394,E100002019375,Maitri,build-out,False
E100000190264,E100001000641,Archer-Daniels-Midland,build-out,False
E100001014315,E100002019356,Bank of Nova Scotia,build-out,False
E100002016427,E100001015587,small shareholder(s),build-out,True
E100002004383,E100001015278,ONEOK,build-out,False
E100000133123,E100001000179,Custody Bank of Japan,build-out,False
E100002017263,E100000000130,Province of Quebec,build-out,False
E100002022054,E100002022055,HSBC Trustee (C.I.),build-out,False
E100002015765,E100002015766,CemInWest,build-out,False
E100002020382,E100001015114,Tallgrass Energy,build-out,False
E100001011137,E100002016291,River Point Ventures,build-out,False
E100002007308,E100000134057,PPC,build-out,False
E100002015416,E100002015417,Atomstroykompleks-Promyshlennost',build-out,False
E100001015382,E100001015383,Max Energy Industrial Holdings US,build-out,False
E100002016058,E100002016060,Agroenergia Fundo de Investimentos em Participações Multiestratégia,build-out,False
E100002006065,E100000123261,natural person(s),build-out,True
E100002010722,E100002000972,STOAG Stadtwerke Oberhausen,build-out,False
E100001016498,E100001015587,small shareholder(s),build-out,True
E100000132409,E100000132845,Domtar,build-out,False
E100002006588,E100002006591,Giant Cement Holding,build-out,False
E100002011946,E100002011948,Sandton Credit Solutions Master Fund IV,build-out,False
E100002016413,E100002016414,WMB Holdings,build-out,False
E100000004083,E100000004143,TNB Power Generation,build-out,False
E100002007810,E100002020956,Invica Industries Group,build-out,False
E100000000940,E100000123261,natural person(s),build-out,True
E100002016474,E100002016475,Pesaka Ventures,build-out,False
E100001014862,E100002022319,Santa Comba Gestión,build-out,False
E100002005933,E100000123261,natural person(s),build-out,True
E100002021277,E100002015616,Vingroup,build-out,False
E100002007435,E100002007438,Nortox Investments,build-out,False
E100001000262,E100001011383,Fondo de Pensiones Obligatorias Proteccion Moderado,build-out,False
E100002004372,E100002019216,Gazprom Sakhalin Holding,build-out,False
E100002024650,E100000000408,Energie- und Wasserversorgung Mittleres Ruhrgebiet,build-out,False
E100002007102,E100001014342,CEMEX,build-out,False
E100001000946,E100001000653,Core Natural Resources,build-out,False
E100002008998,E100000001654,Sappi,build-out,False
E100002022495,E100000001422,China Power International,build-out,False
E100000121047,E100000121080,PT Trimegah Bangun Persada,build-out,False
E100001000101,E100001015587,small shareholder(s),build-out,True
E100002016380,E100000001636,RATCH Group,build-out,False
E100002015334,E100000123261,natural person(s),build-out,True
E100002025200,E100000123261,natural person(s),build-out,True
E100002003008,E100002016833,AMF Tjänstepension,build-out,False
E100000121583,E100001000178,The Master Trust Bank of Japan,build-out,False
E100002000641,E100001015587,small shareholder(s),build-out,True
E100001013514,E100002010632,PT Nagata Dinamika Hidro Pongko,build-out,False
E100002015491,E100002015492,Inversiones Aspi,build-out,False
E100002017813,E100002001974,member/employee owned,build-out,False
E100000191246,E100001010429,Citicorp Nominees,build-out,False
E100002006190,E100002006193,Al-Miftah Holding,build-out,False
E100002005990,E100001015587,small shareholder(s),build-out,True
E100002007073,E100002023915,Hillside Triumph,build-out,False
E100002005177,E100002005904,Cemex Investments,build-out,False
E100002020956,E100000123261,natural person(s),build-out,True
E100000001158,E100001015587,small shareholder(s),build-out,True
E100002006222,E100002005110,Titan Cement Company,build-out,False
E100002016143,E100000000641,Electric Power Development,build-out,False
E100002016520,E100000123261,natural person(s),build-out,True
E100002005610,E100000135427,Cementos Argos,build-out,False
E100000000426,E100000152856,First Sentier Investors (Australia) IM,build-out,False
E100002015737,E100002015738,Rngalla Family,build-out,False
E100000126992,E100000123485,Shenyang Coal Industry (Group),build-out,False
E100002025168,E100002025169,InfraVia IV Invest,build-out,False
E100000130977,E100002018778,Ciena Group,build-out,False
E100001012028,E100000123261,natural person(s),build-out,True
E100000001768,E100002021776,Franklin Resources,build-out,False
E100002005700,E100001015587,small shareholder(s),build-out,True
E100002015849,E100002016705,Sable Transport & Construction,build-out,False
E100002006680,E100002006688,Bonyadbeton Iran,build-out,False
E100002007656,E100000000105,Canadian Natural Resources,build-out,False
E100000127798,E100000127809,Yangcheng County State Owned Capital Investment and Operation,build-out,False
E100000002832,E100002016184,Ellomay Luzon Energy Infrastructures,build-out,False
E100000002763,E100002024614,SachsenEnergie,build-out,False
E100000129153,E100000123261,natural person(s),build-out,True
E100000002557,E100002017764,Enegen Participações,build-out,False
E100002001293,E100001010428,JP Morgan Nominees Australia,build-out,False
E100002004907,E100002004908,Province of Munugov,build-out,False
E100002015743,E100002015744,Breca Cementos,build-out,False
E100000134810,E100000123261,natural person(s),build-out,True
E100000152192,E100001000348,BlackRock,build-out,False
E100001011143,E100002008182,PCD Nominee (Filipino),build-out,False
E100002007015,E100001016328,National Industries Group Holding,build-out,False
E100001015599,E100002004370,Sunoco GP,build-out,False
E100001015385,E100001014282,Enterprise Products Partners,build-out,False
E100000190307,E100000123261,natural person(s),build-out,True
E100000127256,E100000130593,Xinjiang Shenxin Development Co Ltd Trade Union Committee,build-out,False
E100002016157,E100002016736,City of Moriguchi,build-out,False
E100002006391,E100000123261,natural person(s),build-out,True
E100002016556,E100001010888,Banpu Power,build-out,False
E100002024001,E100002024002,Kolak Group Investment,build-out,False
E100002015649,E100002015637,Brighton Stm Group Holding,build-out,False
E100002017480,E100000123261,natural person(s),build-out,True
E100000003356,E100002024455,J-POWER Jackson Partners,build-out,False
E100001000882,E100002005080,ASO,build-out,False
E100002022652,E100001001143,PT Indo Tambangraya Megah,build-out,False
E100001000752,E100001000385,Techint Group,build-out,False
E100002015774,E100002006138,Bangladesh Chemical Industries,build-out,False
E100002006768,E100001015587,small shareholder(s),build-out,True
E100002024981,E100002024982,Equipav Participacoes e Administracao de Bens Proprios,build-out,False
E100002008791,E100000123261,natural person(s),build-out,True
E100002016828,E100002016829,LEG Immobilien,build-out,False
E100002022550,E100002008190,Eta-Zuma Group West Africa,build-out,False
E100002007461,E100001015587,small shareholder(s),build-out,True
E100002008085,E100001014841,Williams Companies,build-out,False
E100002005696,E100002019213,Aalborg Portland España,build-out,False
E100002024959,E100002024960,Fengate Cogen Master Aggregator,build-out,False
E100002017140,E100001015587,small shareholder(s),build-out,True
E100001011038,E100002000809,Grupo Tercio Wanderley,build-out,False
E100002002993,E100000123261,natural person(s),build-out,True
E100002016190,E100002016191,UK Rusenergokapital,build-out,False
E100002015432,E100000131527,Dalmia Cement (Bharat),build-out,False
E100002010728,E100001000543,Energy Earth,build-out,False
E100000000033,E100002017091,Holding Wels,build-out,False
E100002001942,E100001015587,small shareholder(s),build-out,True
E100002017255,E100002017256,RAB Capital Holdings,build-out,False
E100000120071,E100000000336,United Company RUSAL,build-out,False
E100000120618,E100000128118,RuiPu Technology Group,build-out,False
E100001011585,E100002016454,Tanze Enterprise,build-out,False
E100002010749,E100001000001,EdgeConneX,build-out,False
E100000001319,E100002016276,Nippon Steel North America,build-out,False
E100002019606,E100001012452,Metallurgical Industries Holding,build-out,False
E100002006851,E100002006852,Victory Gate Ventures,build-out,False
E100002009686,E100002015641,Jarvis Investment Management,build-out,False
E100001015944,E100000000874,Rosneft,build-out,False
E100000132190,E100000123261,natural person(s),build-out,True
E100002011905,E100000131242,Allegiance Coal,build-out,False
E100002015762,E100002016936,DDE Piping Components,build-out,False
E100002001603,E100001010420,Birla Group Holdings,build-out,False
E100002015366,E100000120070,The Andhra Sugars,build-out,False
E100002009455,E100002009459,Kitty Hawk Natural Resources,build-out,False
E100001015698,E100000123261,natural person(s),build-out,True
E100000150862,E100000134685,LG,build-out,False
E100002007148,E100000130064,China State Construction Engineering,build-out,False
E100000000561,E100002022015,"Retirement, Pension and Disability Fund of Banks",build-out,False
E100001015923,E100000000387,TotalEnergies,build-out,False
E100001000899,E100000001870,Electricité de France,build-out,False
E100002000015,E100002016373,UT PEF,build-out,False
E100000003552,E100001010449,Pendekar Energy (L),build-out,False
E100002017319,E100001015587,small shareholder(s),build-out,True
E100001014097,E100001014100,Chevron Pipe Line,build-out,False
E100001011095,E100001014212,Canton of Zurich,build-out,False
E100000131188,E100000123261,natural person(s),build-out,True
E100002005894,E100002005895,Vostokcement,build-out,False
E100000000743,E100001000010,EP Netherlands,build-out,False
E100001000214,E100002024655,Stadt Bielefeld,build-out,False
E100002004052,E100002017443,Metinvest Management,build-out,False
E100000190196,E100000123261,natural person(s),build-out,True
E100000001598,E100002004751,Government of Nicaragua,build-out,False
E100001014511,E100001015870,Hilcorp Energy,build-out,False
E100000002051,E100002012036,Bitar Holdings,build-out,False
E100002006917,E100002006460,Espandar Cement Investment,build-out,False
E100001010803,E100001010802,Shakhtouprvaleniye Sadkinskoe,build-out,False
E100002022888,E100000001926,NTPC,build-out,False
E100001014568,E100002005438,Bank of New York Mellon,build-out,False
E100000126467,E100000128140,GuiZhou Huaqian Energy,build-out,False
E100002017301,E100002017303,Kenertec,build-out,False
E100000000708,E100000000705,State of Sabah,build-out,False
E100002007073,E100001011738,Government of Guinea,build-out,False
E100002006360,E100001000930,Siam Cement,build-out,False
E100002016576,E100001000397,Government of India,build-out,False
E100002005690,E100002005691,Çimsa Çimento Sanayi ve Ticaret,build-out,False
E100002003313,E100002015787,Grupo Gloria,build-out,False
E100002025226,E100002025227,Stonepeak GP Investors III,build-out,False
E100002024301,E100000123261,natural person(s),build-out,True
E100000001941,E100001015587,small shareholder(s),build-out,True
E100002021795,E100000188761,Cosan,build-out,False
E100002015551,E100002015470,JITF Urban Infrastructure,build-out,False
E100000134907,E100000001790,Companhia Energética de Minas Gerais,build-out,False
E100002005896,E100002005897,YTL Cement,build-out,False
E100001015637,E100000000027,OMV,build-out,False
E100002000009,E100002003457,Valorem,build-out,False
E100001016027,E100001015278,ONEOK,build-out,False
E100002010483,E100000001870,Electricité de France,build-out,False
E100002016872,E100002016873,SWK,build-out,False
E100000120116,E100002016556,Banpu Coal Power,build-out,False
E100000152856,E100001016498,Mitsubishi UFJ Financial Group,build-out,False
E100002015712,E100000123261,natural person(s),build-out,True
E100000121154,E100000121116,Pha Lai Thermal Power,build-out,False
E100002007381,E100001000955,Public Authority for Social Insurance (Oman),build-out,False
E100002015769,E100000123261,natural person(s),build-out,True
E100000190262,E100000123261,natural person(s),build-out,True
E100002016619,E100002016636,Fineg,build-out,False
E100000003771,E100002016417,Tanjong,build-out,False
E100002011735,E100000002011,Sarawak Energy,build-out,False
E100002016017,E100001000400,Glencore,build-out,False
E100002006964,E100002006965,Ras Al Khaimah Cement Investment Company,build-out,False
E100001001379,E100001015247,Macquarie Asset Management,build-out,False
E100002024873,E100002024874,XP Asset Management,build-out,False
E100002006261,E100002005110,Titan Cement Company,build-out,False
E100002016567,E100000123261,natural person(s),build-out,True
E100002012073,E100000123261,natural person(s),build-out,True
E100002015385,E100002015389,JHD Holdings,build-out,False
E100001014158,E100001011213,Baiterek National Management Holding,build-out,False
E100002005698,E100002005699,thomas beteiligungen,build-out,False
E100002005176,E100002005847,Abicad Holding,build-out,False
E100000120130,E100001015587,small shareholder(s),build-out,True
E100001015210,E100002018517,MPLX Operations,build-out,False
E100002004342,E100001014607,Tellurian,build-out,False
E100002016417,E100002016418,Tanjong Capital,build-out,False
E100000001247,E100001015587,small shareholder(s),build-out,True
E100000121044,E100002007801,PT Kalibiru Sulawesi Abadi,build-out,False
E100000002800,E100002016031,Lahav LR Real Estate,build-out,False
E100001010508,E100000003763,PT PLN Batam,build-out,False
E100002016266,E100002016605,TPC Power Holding,build-out,False
E100001015662,E100000001299,Stonepeak Partners,build-out,False
E100002010703,E100002011856,Stadtwerke Remscheid,build-out,False
E100000121051,E100001015587,small shareholder(s),build-out,True
E100001014289,E100002016023,Black Bear Transmission Holdco,build-out,False
E100002016753,E100000000660,Tokyo Gas,build-out,False
E100002007110,E100002007111,Limak Cimento Sanayi ve Ticaret,build-out,False
E100002011285,E100000136108,State Street Bank and Trust,build-out,False
E100000001296,E100002017729,Novatus Portfolio,build-out,False
E100002002580,E100000123261,natural person(s),build-out,True
E100000004022,E100002024657,Deutsche Shell Holding,build-out,False
E100002006062,E100002006065,Shalimar Group,build-out,False
E100002006124,E100000123261,natural person(s),build-out,True
E100000003632,E100002011715,Sinsukjai,build-out,False
E100000132600,E100001000901,The Capital Group Companies,build-out,False
E100000002504,E100001015587,small shareholder(s),build-out,True
E100002012067,E100002016382,Canon Trusts,build-out,False
E100002023161,E100000123261,natural person(s),build-out,True
E100000000960,E100002004828,KCC,build-out,False
E100000001265,E100001000348,BlackRock,build-out,False
E100002017760,E100001015587,small shareholder(s),build-out,True
E100002004503,E100001015587,small shareholder(s),build-out,True
E100000131455,E100001016407,Canadian Dehua International Mines Group,build-out,False
E100000001688,E100001000179,Custody Bank of Japan,build-out,False
E100000001184,E100000000387,TotalEnergies,build-out,False
E100002016221,E100002001108,Aitken Spence,build-out,False
E100000138127,E100002016294,Ministry of Finance and Public Credit (Colombia),build-out,False
E100000132355,E100002009423,Spectrum Group Management,build-out,False
E100002021744,E100000123261,natural person(s),build-out,True
E100000134070,E100000187841,Ministry of Energy and Water (Afghanistan),build-out,False
E100001014681,E100000123261,natural person(s),build-out,True
E100001015752,E100002017736,Mubadala Petroleum (SE Asia),build-out,False
E100000003345,E100002017633,Capital,build-out,False
E100002011863,E100002000601,Elite Shine Investments,build-out,False
E100001015295,E100000001245,Kinder Morgan,build-out,False
E100002019516,E100001014788,Gas Networks Ireland,build-out,False
E100002002580,E100002002582,Vidula Consultancy Services,build-out,False
E100002006108,E100000123261,natural person(s),build-out,True
E100000132878,E100000001226,Global Infrastructure Partners,build-out,False
E100001016057,E100001015587,small shareholder(s),build-out,True
E100002016386,E100001015587,small shareholder(s),build-out,True
E100002016077,E100001010018,Tata Steel,build-out,False
E100000001902,E100001015587,small shareholder(s),build-out,True
E100001016022,E100000134914,Chevron Nigeria,build-out,False
E100002015749,E100000123261,natural person(s),build-out,True
E100002010836,E100001013285,PT Tuah Turangga Agung,build-out,False
E100001014648,E100002021868,ALPS holdings,build-out,False
E100002015823,E100002015787,Grupo Gloria,build-out,False
E100001016858,E100001010046,MacPherson Energy,build-out,False
E100002002671,E100000123261,natural person(s),build-out,True
E100002016197,E100000001851,Government of Côte d'Ivoire,build-out,False
E100002008826,E100002016697,NE Renewable Power,build-out,False
E100000134057,E100001010403,Public Investment Corporation SOC,build-out,False
E100002005947,E100002005951,UREC Investment,build-out,False
E100000000747,E100002016497,Établissements Peugeot Frères,build-out,False
E100002010754,E100001013619,PT Bhakti Coal Resources,build-out,False
E100002006234,E100002006235,Hong Leong Asia,build-out,False
E100001001379,E100001014809,Ontario Teachers Pension Plan,build-out,False
E100002005105,E100001015587,small shareholder(s),build-out,True
E100002006212,E100002006131,Eagle Materials,build-out,False
E100002006583,E100000123261,natural person(s),build-out,True
E100002004277,E100001014646,EnLink Midstream,build-out,False
E100000120614,E100000127960,Guangdong Guangxin SUNTEC Investment,build-out,False
E100002016964,E100002016965,Wulfsdonck Investment,build-out,False
E100002001024,E100001015587,small shareholder(s),build-out,True
E100001011510,E100002021782,Sun Life of Canada (U.S) Financial Services Holdings,build-out,False
E100001001443,E100001010346,Westmoreland Mining,build-out,False
E100001014780,E100001015587,small shareholder(s),build-out,True
E100002021561,E100001013271,PT Petrindo Jaya Kreasi,build-out,False
E100002015636,E100000123261,natural person(s),build-out,True
E100001015353,E100002005467,Mingze Dongfang Investment,build-out,False
E100000002542,E100002024302,Black Hills Electric Parent Holdings,build-out,False
E100002006154,E100002006156,South Asian Investment,build-out,False
E100000001481,E100002022035,National emergency supply agency,build-out,False
E100000137681,E100000002141,Akenerji Elektrik Üretim,build-out,False
E100000000455,E100002023013,Gelsenwasser,build-out,False
E100002006141,E100002006142,Huaxin (Hainan) Investment,build-out,False
E100002005892,E100000123261,natural person(s),build-out,True
E100002022596,E100002022597,Sekoko Resources,build-out,False
E100001000105,E100000000651,Mitsui &,build-out,False
E100000002465,E100000001262,NRG Energy,build-out,False
E100000120355,E100001000596,Government of Dominican Republic,build-out,False
E100002005260,E100000001492,Gazprom,build-out,False
E100000126073,E100002022276,Sunshine Trust,build-out,False
E100001016328,E100000000677,Kuwait Public Institution for Social Security,build-out,False
E100002006028,E100000131458,CRH,build-out,False
E100002004444,E100000000013,YPF,build-out,False
E100000003416,E100002018874,Keppel Energy,build-out,False
E100002016527,E100001000113,Celulosa Arauco y Constitución,build-out,False
E100002006806,E100001000571,Holcim,build-out,False
E100002016377,E100002016378,PT Datang DSSP Power Indonesia,build-out,False
E100000001023,E100001015587,small shareholder(s),build-out,True
E100000190422,E100002005213,Origem Energia,build-out,False
E100002005961,E100002005964,Trinidad Cement,build-out,False
E100002007876,E100000001179,Chevron,build-out,False
E100000002651,E100002024361,"Alliance Energy, New York",build-out,False
E100002007435,E100002007437,Chevre Investments,build-out,False
E100002015124,E100000121024,PT Indo Bharat Rayon,build-out,False
E100002015538,E100002004127,Acero Estrella,build-out,False
E100001011630,E100002009076,Natland Energo Holding,build-out,False
E100001010455,E100001015587,small shareholder(s),build-out,True
E100002009010,E100002017142,Schmidbauer Lumber,build-out,False
E100002016842,E100000123261,natural person(s),build-out,True
E100000130676,E100002022267,Dah Sing Banking Group,build-out,False
E100002010308,E100000123261,natural person(s),build-out,True
E100002025043,E100002025044,BlackRock Holdco 5,build-out,False
E100000190242,E100002024846,Fsh Participacoes,build-out,False
E100002017218,E100000123261,natural person(s),build-out,True
E100001016372,E100002021514,Blackstone Energy Transition Partners,build-out,False
E100002025038,E100001000901,The Capital Group Companies,build-out,False
E100002015763,E100002015757,Belarusian Cement Company,build-out,False
E100002004292,E100002004294,Dimensional Holdings,build-out,False
E100002016682,E100000120517,Grasim Industries,build-out,False
E100002019810,E100001000348,BlackRock,build-out,False
E100000188562,E100002003529,Iwatani,build-out,False
E100000000245,E100000180733,China National Petroleum,build-out,False
E100002016189,E100002002958,CDC - Trustee National Investment (Unit) Trust,build-out,False
E100002006801,E100001000571,Holcim,build-out,False
E100000000436,E100001015587,small shareholder(s),build-out,True
E100000001186,E100001015587,small shareholder(s),build-out,True
E100001010063,E100002021744,Tiliacordata,build-out,False
E100002008091,E100001014283,Beach Energy,build-out,False
E100002010722,E100002011857,Wirtschaftsbetriebe Duisburg – AöR,build-out,False
E100000003644,E100002024691,EIT Kwinana Partner,build-out,False
E100000131625,E100001015587,small shareholder(s),build-out,True
E100002010564,E100002011861,Hervey Investments,build-out,False
E100001015960,E100002022412,Verband der Schweizerischen Gasindustrie,build-out,False
E100000190365,E100001000060,Raizen Energia,build-out,False
E100002006865,E100002006866,Safi Kati Yakit Sanayi Ve Ticaret,build-out,False
E100002004435,E100000001282,Phillips 66,build-out,False
E100002024951,E100002024952,AL Mesquite Holdings,build-out,False
E100000132209,E100000123261,natural person(s),build-out,True
E100000001976,E100002017473,Holding Gruppo Marchi,build-out,False
E100001000489,E100001000490,BV Mining Holding,build-out,False
E100002004498,E100000135312,COPEC,build-out,False
E100001014966,E100002017077,Hellenic Corporation of Assets & Participations,build-out,False
E100001014947,E100001014511,Hilcorp Alaska,build-out,False
E100001015289,E100001014099,Shell Midstream Partners,build-out,False
E100002003569,E100002016045,Mac-P Andrade Participacoes,build-out,False
E100002024484,E100001015587,small shareholder(s),build-out,True
E100002015547,E100002016597,SBI Magnum Children's Benefit Fund,build-out,False
E100002006062,E100002006064,Reliance Group Nepal,build-out,False
E100002005825,E100002000297,National Cement Company,build-out,False
E100000002448,E100001015587,small shareholder(s),build-out,True
E100000121046,E100000121051,PT Pabrik Kertas Tjiwi Kimia,build-out,False
E100001015411,E100002022232,Genstar Capital,build-out,False
E100002016605,E100002016604,Thai Polycons,build-out,False
E100002007039,E100002023214,Amrize,build-out,False
E100002009511,E100000000818,Arctic Paper,build-out,False
E100002007232,E100002007238,Yong-Sheng Development Industrial,build-out,False
E100001014645,E100001000348,BlackRock,build-out,False
E100002022139,E100002022140,EPH Gas Holding,build-out,False
E100001015274,E100001000264,Government of Hungary,build-out,False
E100002009382,E100002012020,Omnitec Participations,build-out,False
E100002011748,E100002022662,SW Consulting,build-out,False
E100000003037,E100000001175,Castleton Commodities International,build-out,False
E100002015423,E100000123261,natural person(s),build-out,True
E100002017475,E100000123261,natural person(s),build-out,True
E100000002682,E100000001294,South Carolina Public Service Authority,build-out,False
E100002015636,E100002016906,RTM Investment & Trading Company,build-out,False
E100002015964,E100001014301,Trafigura Group,build-out,False
E100001015653,E100000000650,Mitsubishi,build-out,False
E100000132276,E100001013673,PT Sentosa Laju Sejahtera,build-out,False
E100002009256,E100000132016,PT Astrindo Nusantara Infrastruktur,build-out,False
E100001014108,E100001014862,Cobas Asset Management SGIIC,build-out,False
E100002016619,E100002016633,Creadiv,build-out,False
E100000190381,E100001015587,small shareholder(s),build-out,True
E100000001902,E100002000698,Süddeutsche Zuckerrübenverwertungs-Genossenschaft,build-out,False
E100002002606,E100000000531,UltraTech Cement,build-out,False
E100001011048,E100000000104,Brookfield,build-out,False
E100000001982,E100001015587,small shareholder(s),build-out,True
E100002006205,E100002006206,LafargeHolcim Maroc,build-out,False
E100002017445,E100002017450,Jankilevitsch Trust,build-out,False
E100002005937,E100002006075,Otinix,build-out,False
E100002015176,E100000001332,Petróleos de Venezuela,build-out,False
E100000000245,E100001015587,small shareholder(s),build-out,True
E100000121035,E100002017194,Genting Power Holdings,build-out,False
E100002017574,E100000123261,natural person(s),build-out,True
E100002001932,E100000123261,natural person(s),build-out,True
E100000152934,E100002022200,Global X Management Company,build-out,False
E100002007682,E100002016019,Valero UK & Ireland Holdings,build-out,False
E100001014712,E100001014717,Vaugirard Infra,build-out,False
E100002005585,E100002005588,Baroom Investment Holding,build-out,False
E100001000427,E100002022001,National bank employees' pension fund,build-out,False
E100002025243,E100002025245,Cheniere Energy Investments,build-out,False
E100000132284,E100002024702,Orbit Marketing,build-out,False
E100000188723,E100002022464,Landlan Investments,build-out,False
E100002005127,E100002005128,Rand Merchant Bank,build-out,False
E100000003746,E100002018956,Asset Management,build-out,False
E100002006527,E100000123261,natural person(s),build-out,True
E100001015677,E100002022354,Port Fraser International,build-out,False
E100001015274,E100000000505,MOL Magyar Olajes Gazipari,build-out,False
E100002006432,E100002006434,Industrial Development Corporation of Zimbabwe,build-out,False
E100001014874,E100002017432,OppenheimerFunds,build-out,False
E100001010752,E100002012059,Luchshee Reshenie,build-out,False
E100002024980,E100001015119,Itaúsa,build-out,False
E100000000408,E100002024654,Stadt Witten,build-out,False
E100001014438,E100000001179,Chevron,build-out,False
E100001016065,E100001014604,Magellan Midstream Partners,build-out,False
E100002024873,E100002024876,Trius Capital Gestao de Investimentos e Consultoria,build-out,False
E100001015520,E100001000348,BlackRock,build-out,False
E100000131660,E100000123261,natural person(s),build-out,True
E100002004992,E100001015587,small shareholder(s),build-out,True
E100002006095,E100002002419,Vicat,build-out,False
E100001014642,E100001000211,Government of United Arab Emirates,build-out,False
E100001015049,E100001014516,DEPA Commercial,build-out,False
E100002006729,E100002006704,Heidelberg Materials Cement Sweden,build-out,False
E100002006459,E100002006460,Espandar Cement Investment,build-out,False
E100002016877,E100002004700,City of Aachen,build-out,False
E100002021899,E100001000761,Adani Enterprises,build-out,False
E100002015454,E100002016750,City of Porto,build-out,False
E100001000944,E100002017722,PT Adani Global Coal Trading,build-out,False
E100000003858,E100002016208,Peyvand Gostar Pars,build-out,False
E100002016517,E100002016518,Kew Soda,build-out,False
E100001011563,E100001015587,small shareholder(s),build-out,True
E100002015348,E100000123261,natural person(s),build-out,True
E100002007636,E100002007653,Bp International,build-out,False
E100002017692,E100002017696,Water Twins,build-out,False
E100001015527,E100000000610,Eni,build-out,False
E100002016096,E100002016097,Vistra Intermediate Company,build-out,False
E100000131994,E100000123261,natural person(s),build-out,True
E100001011578,E100001015754,Emma Capital,build-out,False
E100000000324,E100001011383,Fondo de Pensiones Obligatorias Proteccion Moderado,build-out,False
E100001015388,E100002024723,Senex Holdings,build-out,False
E100002020908,E100002020909,Tce Group,build-out,False
E100002007045,E100001000571,Holcim,build-out,False
E100000001937,E100002007599,Authum Investment and Infrastructure,build-out,False
E100002006230,E100002006242,"Sirama - Participações, Administração e Transportes",build-out,False
E100000139464,E100002001974,member/employee owned,build-out,False
E100002017085,E100002017086,Rupert Beleggings,build-out,False
E100002007231,E100002007232,Lucky Cement,build-out,False
E100000001251,E100001015587,small shareholder(s),build-out,True
E100002004472,E100000123261,natural person(s),build-out,True
E100002019726,E100002019727,Dyas Holdings,build-out,False
E100002006033,E100002006035,Tadbir Investment,build-out,False
E100002016288,E100002016290,PT Bahana Cakrakarsa,build-out,False
E100002017681,E100002017690,California Holdco,build-out,False
E100002024952,E100002024953,SWG Arizona Holdings,build-out,False
E100000001205,E100000123261,natural person(s),build-out,True
E100002022908,E100002004647,Janus Henderson Group,build-out,False
E100002005611,E100002024162,Quikrete Holdings,build-out,False
E100002025034,E100000123261,natural person(s),build-out,True
E100002015983,E100000121110,Perfin Space X,build-out,False
E100002012048,E100002016647,Mohawk Industries,build-out,False
E100002016527,E100001015587,small shareholder(s),build-out,True
E100002005872,E100002005873,Tarman Cimento Yatirim San Ve Tic,build-out,False
E100000003061,E100001010673,GMR Generation Assets,build-out,False
E100000003705,E100002018948,CLP SEA Energy,build-out,False
E100002003284,E100000134742,Mubadala Capital,build-out,False
E100000001691,E100001015587,small shareholder(s),build-out,True
E100002016822,E100000002297,Oglethorpe Power,build-out,False
E100000126857,E100000128138,Guizhou Anfang Energy Development Investment,build-out,False
E100000190207,E100002024998,Nova Aralco Indústria e Comércio,build-out,False
E100000000604,E100001015587,small shareholder(s),build-out,True
E100002006015,E100002005786,Vietnam Cement Industry,build-out,False
E100002002694,E100002025076,JF Investimentos,build-out,False
E100002007474,E100000123261,natural person(s),build-out,True
E100000002905,E100002007315,Al Ahly Capital Holding,build-out,False
E100002012053,E100000187294,Samarang UCITS,build-out,False
E100002022000,E100000000543,Ghadir Investment Company,build-out,False
E100002015457,E100002015460,Inversiones Lota Green,build-out,False
E100002016379,E100002016378,PT Datang DSSP Power Indonesia,build-out,False
E100002007056,E100002006528,City of Fujairah,build-out,False
E100000000473,E100001015587,small shareholder(s),build-out,True
E100002006676,E100001015587,small shareholder(s),build-out,True
E100000126617,E100000130259,State-owned Assets Supervision and Administration Commission of Shangqiu Municipal People's Government,build-out,False
E100002020370,E100002020371,Southern Star Central,build-out,False
E100000188731,E100000123261,natural person(s),build-out,True
E100002007232,E100001015587,small shareholder(s),build-out,True
E100002005507,E100002021578,Zhongwei Hong Kong Zhenghong New Energy,build-out,False
E100002023178,E100000001173,Carlyle Group,build-out,False
E100000127726,E100000128356,Shanxi Dongtai Energy Group,build-out,False
E100000134685,E100002003407,Silchester International Investors,build-out,False
E100002023161,E100002024131,Ventura Investments,build-out,False
E100001000444,E100000123261,natural person(s),build-out,True
E100002022744,E100000131931,Mitsui Matsushima Holdings,build-out,False
E100001012233,E100002015140,EP Energy Transition,build-out,False
E100002017044,E100000123261,natural person(s),build-out,True
E100002020928,E100001014437,Ithaca Energy,build-out,False
E100002015457,E100002015462,Banchile Corredores de Bolsa,build-out,False
E100002022884,E100000132242,Sumo Coal,build-out,False
E100002011773,E100000001454,E.ON,build-out,False
E100000003941,E100000004211,Thüringer Energie,build-out,False
E100001014362,E100001014363,Delek Logistics Partners,build-out,False
E100002006294,E100001000099,Government of Sri Lanka,build-out,False
E100002011879,E100000123261,natural person(s),build-out,True
E100001015565,E100000001096,BP,build-out,False
E100002015800,E100000123261,natural person(s),build-out,True
E100000190326,E100002025036,ERB Energias Renováveis do Brasil,build-out,False
E100002016605,E100001015587,small shareholder(s),build-out,True
E100000003606,E100000002444,Andaman Power and Utility,build-out,False
E100002016611,E100000120130,Ballarpur Industries,build-out,False
E100001013381,E100001015587,small shareholder(s),build-out,True
E100002006255,E100001000295,Government of Tunisia,build-out,False
E100002016310,E100000123261,natural person(s),build-out,True
E100002016724,E100000001889,N-ERGIE,build-out,False
E100001000648,E100002016391,Sun Favorite,build-out,False
E100002008096,E100001014283,Beach Energy,build-out,False
E100000121179,E100002012063,Ust'-Kamenosorskie Teplovye Seti,build-out,False
E100001013384,E100000123261,natural person(s),build-out,True
E100002006780,E100002006240,Scancem International DA,build-out,False
E100002007783,E100002022384,Hargreaves Lansdown Group,build-out,False
E100000001260,E100001000348,BlackRock,build-out,False
E100002005944,E100002005946,AllianceBernstein,build-out,False
E100002015447,E100000152192,Partners Group Holding,build-out,False
E100002006532,E100001015587,small shareholder(s),build-out,True
E100001014602,E100002000201,Lingotto Investment Management,build-out,False
E100001011896,E100001011897,Mineral Resources Development,build-out,False
E100002005114,E100002005126,Afrisam Financial Holdings,build-out,False
E100002001105,E100002021602,Government of Benin,build-out,False
E100000000991,E100001015587,small shareholder(s),build-out,True
E100002007252,E100002006557,Bank Melli Iran Investment,build-out,False
E100000150921,E100001015587,small shareholder(s),build-out,True
E100000127327,E100000127798,Yangcheng County Yangtai Coal Industry,build-out,False
E100002017077,E100001000450,Government of Greece,build-out,False
E100002022771,E100001010879,Government of Mongolia,build-out,False
E100000003485,E100000001205,Energy Capital Partners Management,build-out,False
E100002005966,E100002005968,Al Karama Holding,build-out,False
E100002013739,E100002016849,GN Holding,build-out,False
E100000130708,E100002016411,Intertrust Trustees (Cayman),build-out,False
E100000001996,E100002001214,Energoinvest LTD,build-out,False
E100000001269,E100001010595,The Vanguard Group,build-out,False
E100000149628,E100000000476,Public Power Corporation,build-out,False
E100002015638,E100000123261,natural person(s),build-out,True
E100000131934,E100000123261,natural person(s),build-out,True
E100002016347,E100000123261,natural person(s),build-out,True
E100002016835,E100000123261,natural person(s),build-out,True
E100000131991,E100000123261,natural person(s),build-out,True
E100002002564,E100002000186,State of Kerala,build-out,False
E100002025122,E100002025124,Resource Efficiency Brasil Fundo de Investimento em Participacoes I Is - Multiestrategia -,build-out,False
E100002017072,E100002017073,Schwarz Corporate Solutions,build-out,False
E100002006033,E100002006034,Tamin Cement Investment,build-out,False
E100002015338,E100000123261,natural person(s),build-out,True
E100002017635,E100001016333,Delong Holdings,build-out,False
E100000134944,E100000000062,CPFL Geração de Energia,build-out,False
E100000002328,E100001000348,BlackRock,build-out,False
E100002024821,E100002024816,GN Verde Participações,build-out,False
E100001015850,E100001015852,Tortoise Capital Advisors,build-out,False
E100002015115,E100002016868,Remondis,build-out,False
E100001016449,E100000123261,natural person(s),build-out,True
E100002011843,E100000000373,Vantaan Energia,build-out,False
E100000126257,E100000124362,Yongmei Group,build-out,False
E100002006454,E100002006455,Ecocem Materials,build-out,False
E100000120688,E100001015587,small shareholder(s),build-out,True
E100002015622,E100001010783,State Bank of India,build-out,False
E100000132253,E100001010084,PT Dian Swastatika Sentosa,build-out,False
E100001016329,E100002011263,Boubyan Petrochemical Company,build-out,False
E100000120294,E100001000558,Adani Power,build-out,False
E100000121206,E100001015587,small shareholder(s),build-out,True
E100000120959,E100000132515,Albioma,build-out,False
E100000126316,E100000123583,Guizhou Panjiang Investment Holding (Group),build-out,False
E100000001085,E100000001086,Mubadala Investment Company,build-out,False
E100002009299,E100001015587,small shareholder(s),build-out,True
E100000121035,E100000001645,SDIC Power Holdings,build-out,False
E100002019378,E100000001179,Chevron,build-out,False
E100002016939,E100002016940,City of Budapest,build-out,False
E100002006616,E100002006617,Green Island Cement (Holdings),build-out,False
E100002015525,E100000000518,Ind-Barath Power Infra,build-out,False
E100001011244,E100002016432,Fondazione Cassa di Risparmio di Torino,build-out,False
E100002001826,E100002001832,Nortech Power Projects,build-out,False
E100001010845,E100000001305,AES,build-out,False
E100000150540,E100001015587,small shareholder(s),build-out,True
E100000001001,E100001000348,BlackRock,build-out,False
E100002020994,E100002021643,SEC Power,build-out,False
E100002016847,E100000000648,Kyushu Electric Power,build-out,False
E100001010033,E100002016967,Vistra Itcl (India),build-out,False
E100002011848,E100002011850,CBR Investments II,build-out,False
E100000151586,E100000123261,natural person(s),build-out,True
E100000000032,E100002021926,City of Vienna,build-out,False
E100002015820,E100001010999,Government of Ecuador,build-out,False
E100002017534,E100001015587,small shareholder(s),build-out,True
E100000120736,E100002017630,Park Elektrik Üretim Madencilik Sanayi ve Ticaret,build-out,False
E100002009156,E100000000953,POSCO Holdings,build-out,False
E100002015207,E100000123261,natural person(s),build-out,True
E100002016269,E100001015587,small shareholder(s),build-out,True
E100000120960,E100000121347,Sugar Investment Trust,build-out,False
E100000132600,E100002016819,Challenger,build-out,False
E100000003583,E100001000177,Mitsubishi Heavy Industries,build-out,False
E100002005841,E100001000348,BlackRock,build-out,False
E100002021528,E100002021671,G1 Execution Services,build-out,False
E100000001641,E100000001565,Latvenergo,build-out,False
E100002015674,E100002005953,Huaxin Cement,build-out,False
E100002007080,E100000120764,Lao Holding State Enterprise,build-out,False
E100002009859,E100002015638,Womble Energy,build-out,False
E100002016833,E100002022476,Confederation of Swedish Enterprise,build-out,False
E100000001235,E100001010595,The Vanguard Group,build-out,False
E100001000901,E100002001974,member/employee owned,build-out,False
E100002018267,E100002018268,Nantian Power Co.,build-out,False
E100001016645,E100001010595,The Vanguard Group,build-out,False
E100002005805,E100001015587,small shareholder(s),build-out,True
E100002007070,E100001000571,Holcim,build-out,False
E100002017130,E100002017133,City of Vaasa,build-out,False
E100002015738,E100000123261,natural person(s),build-out,True
E100000004161,E100001016147,Civil Pension Fund Investment,build-out,False
E100002015621,E100002015408,Bermaco Energy Systems,build-out,False
E100002005184,E100000123261,natural person(s),build-out,True
E100002015713,E100000123261,natural person(s),build-out,True
E100000132777,E100000188387,Keppel,build-out,False
E100001014437,E100000000585,Delek Group,build-out,False
E100002006960,E100002000979,Oman Investment Authority,build-out,False
E100002016581,E100002016930,General Motors Holdings,build-out,False
E100002020077,E100001014257,Bolsas y Mercados Argentinos,build-out,False
E100000000415,E100000000545,Iran Foreign Investment,build-out,False
E100002016156,E100000132600,Cleanaway Waste Management,build-out,False
E100001016492,E100002001974,member/employee owned,build-out,False
E100000132363,E100000130785,Weglokoks,build-out,False
E100002025255,E100002025256,Blackstone Infrastructure Associates,build-out,False
E100000001135,E100001010596,State Street,build-out,False
E100000002934,E100001015587,small shareholder(s),build-out,True
E100002005126,E100002005127,Afrisam Holdings,build-out,False
E100002006121,E100002006286,Financo,build-out,False
E100002011948,E100002011949,Sandton Capital Partners,build-out,False
E100001010387,E100002017452,ICRA MC,build-out,False
E100002021641,E100000000703,Petronas Gas,build-out,False
E100000121595,E100000121593,Çelikler Yatırım Holding,build-out,False
E100001015098,E100002022205,Parth do Brasil Participações,build-out,False
E100002010616,E100001000296,Government of Nigeria,build-out,False
E100002007301,E100002000745,Government of Fiji,build-out,False
E100002009479,E100000123261,natural person(s),build-out,True
E100002006001,E100002006005,Vietnam Enterprise Investments,build-out,False
E100002002637,E100000123261,natural person(s),build-out,True
E100002015182,E100000151456,Vestforsyning,build-out,False
E100000000340,E100002015140,EP Energy Transition,build-out,False
E100000004225,E100001011665,Azura Power Holdings,build-out,False
E100001000545,E100000123261,natural person(s),build-out,True
E100002001274,E100001015587,small shareholder(s),build-out,True
E100002016620,E100002016621,Nuhma AC,build-out,False
E100000120614,E100001016250,Hanwa,build-out,False
E100001011585,E100002016453,Concord Worldwide Holdings,build-out,False
E100001010381,E100001010438,BNP Paribas Nominees,build-out,False
E100002004225,E100000123261,natural person(s),build-out,True
E100002014201,E100000003523,Mainova,build-out,False
E100000001103,E100002015642,International Paper Uk Holdings,build-out,False
E100002005627,E100001015587,small shareholder(s),build-out,True
E100002024957,E100002024973,Gate City Power PLG Holdings,build-out,False
E100002025040,E100002025042,BlackRock Delaware Holdings,build-out,False
E100001015596,E100001015597,Oaktree Capital Management,build-out,False
E100000131142,E100002020859,Mabna Khavar Miyaneh,build-out,False
E100001015314,E100000001245,Kinder Morgan,build-out,False
E100002006328,E100000121117,Phinma,build-out,False
E100001015569,E100001014737,Igneo Infrastructure Partners,build-out,False
E100001015271,E100000003796,Pemex-Transformación Industrial,build-out,False
E100000003461,E100002015961,VDK-Energo,build-out,False
E100002002411,E100002002412,V Ramakrishna Sons,build-out,False
E100000000991,E100002016372,Canton of Bern,build-out,False
E100000190191,E100002001974,member/employee owned,build-out,False
E100001015899,E100002020924,Premier Transmission Holdings,build-out,False
E100002007366,E100002006131,Eagle Materials,build-out,False
E100001015971,E100001000243,Government of Slovakia,build-out,False
E100002015897,E100002015900,Corporation STS,build-out,False
E100002017101,E100000123261,natural person(s),build-out,True
E100002016386,E100001010705,Capital World Investors,build-out,False
E100002006987,E100001010879,Government of Mongolia,build-out,False
E100001011535,E100002017090,City of Kuopio,build-out,False
E100002002580,E100002001603,Century Textiles and Industries,build-out,False
E100002015555,E100001000281,Government of Venezuela,build-out,False
E100001011241,E100001015720,Pars Aryan Investment,build-out,False
E100001014626,E100000001260,Morgan Stanley,build-out,False
E100002015701,E100002015702,International Cement Shar,build-out,False
E100000188387,E100002000443,DBS Nominees,build-out,False
E100001014062,E100002005244,Banco BTG Pactual,build-out,False
E100001014141,E100002001974,member/employee owned,build-out,False
E100000000543,E100002022358,Islamic Revolutionary Guard Corps,build-out,False
E100002015762,E100000123261,natural person(s),build-out,True
E100000140036,E100000001149,Avangrid,build-out,False
E100001011858,E100000123261,natural person(s),build-out,True
E100002005800,E100001015587,small shareholder(s),build-out,True
E100001014623,E100001014426,Enterprise Products Operating,build-out,False
E100002006926,E100002005198,SCHWENK Zement,build-out,False
E100002010768,E100002010764,PT Unitras Jaya Investama,build-out,False
E100001015332,E100001014694,Equitrans Midstream,build-out,False
E100000121254,E100002020939,SPW Investments,build-out,False
E100000004144,E100000004143,TNB Power Generation,build-out,False
E100001014304,E100000123261,natural person(s),build-out,True
E100001014571,E100000000245,PetroChina,build-out,False
E100000120635,E100002008189,Zuma Energy Nigeria,build-out,False
E100000120831,E100000131500,CPL Products,build-out,False
E100000131542,E100000121139,PT Priamanaya Djan International,build-out,False
E100002005232,E100002005233,Al-Shumookh Construction Materials Trading,build-out,False
E100002015318,E100002016797,Gipuzkoa Waste Consortium,build-out,False
E100002005192,E100002004996,Akkermann Cement,build-out,False
E100001016252,E100002022964,Fundacion Juan March,build-out,False
E100002015675,E100001000281,Government of Venezuela,build-out,False
E100002016647,E100001015587,small shareholder(s),build-out,True
E100000149997,E100001010930,Kruger,build-out,False
E100000132861,E100000121126,Pohjolan Voima,build-out,False
E100002006316,E100002006317,SPZ Service,build-out,False
E100002000150,E100000000372,UPM-Kymmene,build-out,False
E100000003676,E100001015587,small shareholder(s),build-out,True
E100002006245,E100002005243,Buzzi,build-out,False
E100000002952,E100000002763,DREWAG Stadtwerke Dresden,build-out,False
E100002006965,E100002006966,Catering for Corporate Management,build-out,False
E100000000669,E100001015587,small shareholder(s),build-out,True
E100002016162,E100001012028,Sky Global Partners,build-out,False
E100001014398,E100001014294,Energy Transfer,build-out,False
E100002006983,E100002005815,Fars & Khuzestan Cement,build-out,False
E100002007094,E100001000331,General Retirement and Social Insurance Authority (Qatar),build-out,False
E100002004332,E100002004333,Petrobras International Braspetro,build-out,False
E100002019371,E100002019372,Roverton,build-out,False
E100001014434,E100001016645,T. Rowe Price Group,build-out,False
E100001014781,E100002017062,CNP Assurances,build-out,False
E100002015827,E100001011407,UNACEM Corp,build-out,False
E100002017473,E100000123261,natural person(s),build-out,True
E100000001902,E100002000696,Sugar Invest,build-out,False
E100001014603,E100001014604,Magellan Midstream Partners,build-out,False
E100002022556,E100000132348,Warrior Met Coal,build-out,False
E100000131625,E100002010773,Master Resources International,build-out,False
E100002022552,E100002022554,Keaton Energy Holdings,build-out,False
E100002009675,E100002015640,Ppm Holdings,build-out,False
E100002016829,E100001000348,BlackRock,build-out,False
E100001015012,E100000002892,Ecopetrol,build-out,False
E100000004298,E100002022430,State of Berlin,build-out,False
E100000121091,E100002021189,Palm Thermal Consolidated Holdings,build-out,False
E100002006356,E100000121067,PT Semen Indonesia (Persero),build-out,False
E100002006939,E100000121484,UBE,build-out,False
E100002006543,E100002006547,Kavkaz Cement,build-out,False
E100001014673,E100001014728,ExxonMobil Pipeline,build-out,False
E100002004300,E100001010705,Capital World Investors,build-out,False
E100002015504,E100000123261,natural person(s),build-out,True
E100001010378,E100000123261,natural person(s),build-out,True
E100002006144,E100002005210,MENAF,build-out,False
E100000132064,E100000123261,natural person(s),build-out,True
E100002017481,E100002017480,Adelfos,build-out,False
E100002007619,E100000123261,natural person(s),build-out,True
E100000130720,E100001015587,small shareholder(s),build-out,True
E100002016067,E100000132869,Resolute Forest Products,build-out,False
E100000190281,E100000123261,natural person(s),build-out,True
E100001010334,E100002024721,Liberty InfraBuild,build-out,False
E100002006197,E100000123261,natural person(s),build-out,True
E100000132861,E100002017013,Rauman Energia,build-out,False
E100000131780,E100001000569,PT Harum Energy,build-out,False
E100001014681,E100001015587,small shareholder(s),build-out,True
E100002005799,E100000123261,natural person(s),build-out,True
E100002015495,E100002016835,Claris,build-out,False
E100002007139,E100002007143,Friedrich Schütt + Sohn Baugesellschaft,build-out,False
E100002016608,E100000123261,natural person(s),build-out,True
E100002016219,E100000001234,I Squared Capital Advisors,build-out,False
E100001014386,E100001015587,small shareholder(s),build-out,True
E100002006956,E100002006816,Hongshi Holding Group,build-out,False
E100002016366,E100000123261,natural person(s),build-out,True
E100000190222,E100000123261,natural person(s),build-out,True
E100001015964,E100000123261,natural person(s),build-out,True
E100000131702,E100000130895,KOKS,build-out,False
E100002001044,E100000123261,natural person(s),build-out,True
E100000001210,E100001010596,State Street,build-out,False
E100002016781,E100002016783,AHQ Trustee Services (The 5 Kids Trust),build-out,False
E100002016604,E100001015587,small shareholder(s),build-out,True
E100000190127,E100001011531,State of Minas Gerais,build-out,False
E100000131787,E100002009256,Nusantara Mining,build-out,False
E100002022886,E100001000761,Adani Enterprises,build-out,False
E100002006206,E100002007074,Lafarge Maroc,build-out,False
E100000002892,E100001015587,small shareholder(s),build-out,True
E100002005155,E100000000387,TotalEnergies,build-out,False
E100001015412,E100000123261,natural person(s),build-out,True
E100000133798,E100001015587,small shareholder(s),build-out,True
E100002005898,E100002022361,Yeoh Tiong Lay & Sons Trust,build-out,False
E100000153006,E100001015587,small shareholder(s),build-out,True
E100002024497,E100000000388,Veolia Environnement,build-out,False
E100002006583,E100001015587,small shareholder(s),build-out,True
E100002019356,E100001015800,Royal Trust Corporation of Canada,build-out,False
E100002016964,E100001015587,small shareholder(s),build-out,True
E100000003789,E100000000556,National Iranian Oil,restatement,False
E100001000739,E100001011280,PS Consulting,restatement,False
E100000121120,E100001000404,Siberian Coal Energy Company,restatement,False
E100002003399,E100001014855,M&G Investment Management,restatement,False
E100001000167,E100001000071,Atvos,restatement,False
E100001011983,E100001011984,Pacific Current,restatement,False
E100000003388,E100000001146,Arroyo Energy Investment Partners,restatement,False
E100000003706,E100001010459,Bulacan Power Generation,restatement,False
E100000003834,E100000000165,China General Nuclear Power Group,restatement,False
E100000120586,E100000120460,Formosa Plastics Group,restatement,False
E100002004097,E100000000870,Norilsk Nickel Mining and Metallurgical Company,restatement,False
E100000004258,E100000000372,UPM-Kymmene,restatement,False
E100002003398,E100002003399,Infracapital Greenfield Partners I Subholdings Slp,restatement,False
E100000131502,E100001016424,Dendocept Consortium,restatement,False
E100000002777,E100000001642,Riverstone Holdings,restatement,False
E100001014609,E100001010474,Elering,restatement,False
E100001015416,E100001015417,Transgaz,restatement,False
E100000003569,E100000001150,Avenue Capital Group,restatement,False
E100000003711,E100000002192,California Public Employees' Retirement System,restatement,False
E100001016537,E100000123261,natural person(s),restatement,True
E100002007948,E100000123261,natural person(s),restatement,True
E100001013683,E100000132142,Rosebud Mining,restatement,False
E100001013463,E100000131519,Corsa Coal,restatement,False
E100000154539,E100002001103,State of Bavaria,restatement,False
E100001010767,E100001010847,Technologiya Dobychi,restatement,False
E100001014602,E100001015412,Exor,restatement,False
E100000003507,E100000000913,Tolaram Group,restatement,False
E100001013263,E100001013264,Coronado Coal,restatement,False
E100000120290,E100000121359,Sur Electrica Holding,restatement,False
E100000121125,E100000120607,Indiabulls Group,restatement,False
E100000001265,E100001010705,Capital World Investors,restatement,False
E100000003528,E100000001297,Lotus Infrastructure Partners,restatement,False
E100000003705,E100000000374,AXA Entities,methodology,False
E100001000394,E100001000092,Vattenfall,restatement,False
E100001013025,E100000131323,Banjar Regency,restatement,False
E100000120600,E100001011626,Asscher Enterprises,restatement,False
E100000000135,E100001015800,Royal Trust Corporation of Canada,restatement,False
E100000121317,E100000120972,ORIX,restatement,False
E100000004086,E100000001228,Grady Holding,restatement,False
E100001011314,E100002003472,Horto Gestora de Recursos,restatement,False
E100001013734,E100001000613,Phembani Group,restatement,False
E100000003386,E100000000036,KAR Group,restatement,False
E100000132949,E100000000372,UPM-Kymmene,methodology,False
E100001015021,E100001010429,Citicorp Nominees,restatement,False
E100000002252,E100000001155,Berkshire Hathaway,restatement,False
E100000003859,E100000000769,Norwegian Investment Fund for developing countries,restatement,False
E100000004062,E100001000952,Civil Service Employees Pension Fund (Oman),restatement,False
E100000131184,E100001010117,Invitalia SpA,restatement,False
E100000002811,E100000001222,GenOn Holdings,restatement,False
E100001015889,E100002001386,Birch Hill Equity Partners Management,restatement,False
E100000002598,E100000000245,PetroChina,restatement,False
E100000003312,E100000000965,Actividades de Construcción y Servicios,restatement,False
E100001010327,E100001000663,EVRAZ,restatement,False
E100000130841,E100001016284,ADV Partners Holdings,restatement,False
E100001011142,E100001011143,Alsons Consolidated Resources,restatement,False
E100000002867,E100000000382,ENGIE,restatement,False
E100000002541,E100000001007,White Summit Capital,restatement,False
E100000003085,E100000001149,Avangrid,restatement,False
E100000001895,E100000001534,JPMorgan Chase & Co,restatement,False
E100001014694,E100001014695,CIBC Private Wealth Group,restatement,False
E100000003474,E100000001297,Lotus Infrastructure Partners,restatement,False
E100001000751,E100001000632,Volt Parent,restatement,False
E100001000736,E100001001048,HDFC Trustee,restatement,False
E100001010116,E100001010117,Invitalia SpA,restatement,False
E100000131070,E100001016320,Vulcan Materials,restatement,False
E100001013253,E100001013256,Hargreaves Lansdown (Nominees),restatement,False
E100000121155,E100000002130,Electricity Generating,restatement,False
E100000002472,E100000000428,Munich RE,restatement,False
E100000004048,E100000001155,Berkshire Hathaway,restatement,False
E100001001156,E100001000408,Samruk-Energo,restatement,False
E100001012134,E100000123261,natural person(s),restatement,True
E100000120874,E100002003327,Mulilo Energy Holdings,restatement,False
E100000120343,E100000001104,Drax Group,restatement,False
E100000003006,E100001000155,Evonik Industries,methodology,False
E100000002853,E100000001870,Electricité de France,restatement,False
E100000121254,E100000000975,Iberdrola,restatement,False
E100001013917,E100002003646,Breakthrough Energy Ventures,restatement,False
E100000001461,E100000000765,Entro Group,restatement,False
E100001016927,E100000149058,Shinhan Alternative Investment Management,restatement,False
E100000002511,E100000000694,Vitol Holding II,restatement,False
E100000001102,E100000001247,KKR & Co.,restatement,False
E100000121201,E100000001454,E.ON,restatement,False
E100001011592,E100000120308,Dainik Bhaskar Group,restatement,False
E100002007989,E100002008132,Al Tanmiya,restatement,False
E100001000066,E100001000067,Tereos Internacional,restatement,False
E100000003204,E100000000461,Würzburger Versorgungs- und Verkehrs-,restatement,False
E100000121154,E100000004303,Vietnam Electricity,restatement,False
E100001010334,E100000130950,Liberty Steel Group,restatement,False
E100000120192,E100000123211,Tianjin Energy Investment Group,restatement,False
E100000002810,E100000000064,Diamante Energia,restatement,False
E100000120389,E100001010041,Enea Ciepło,restatement,False
E100000003536,E100000000878,T Plus,methodology,False
E100000003705,E100000000466,The Quantum Group,restatement,False
E100001000262,E100002006637,Grupo de Inversiones Suramericana,restatement,False
E100000000518,E100001000522,JSW Energy,restatement,False
E100001014229,E100000001200,El Paso Energy,restatement,False
E100001011965,E100000001196,Dynegy,restatement,False
E100001015416,E100000000027,OMV,restatement,False
E100000131174,E100001016278,Wei Chiao Investment & Development,restatement,False
E100001015779,E100001015587,small shareholder(s),restatement,True
E100001015295,E100001014605,Kinder Morgan Energy Partners,restatement,False
E100001010546,E100001011605,AEI,restatement,False
E100000003890,E100000001533,JERA,restatement,False
E100000004280,E100000001629,Plainwhite Consultants,restatement,False
E100001000771,E100001000407,Anglo American,restatement,False
E100000002615,E100000001150,Avenue Capital Group,restatement,False
E100000123057,E100000123951,Wanneng Xinjiang Electric Power,restatement,False
E100001010935,E100001000535,Elektroprivreda BiH,restatement,False
E100000121017,E100001013557,PT TBS Energi Utama,restatement,False
E100000004314,E100000001173,Carlyle Group,restatement,False
E100000003313,E100000001234,I Squared Capital Advisors,restatement,False
E100001010478,E100001011207,Shasha Denims,restatement,False
E100000003037,E100000001216,Footprint Power SH DevCo GP,restatement,False
E100000132106,E100000132107,Ramaco Resources,restatement,False
E100001012293,E100000120682,Jindal Group,restatement,False
E100000004247,E100000123261,natural person(s),restatement,True
E100000000136,E100001010707,Capital Research and Management,restatement,False
E100000003918,E100000000862,Novo-Ryazanskaya CHPP,methodology,False
E100001012021,E100000001755,Sonelgaz,restatement,False
E100001001188,E100000001283,Pinnacle West Capital,restatement,False
E100000002608,E100000001185,Competitive Power Ventures,restatement,False
E100002007778,E100001000905,International Power,restatement,False
E100001015285,E100001010596,State Street,restatement,False
E100000002629,E100000001170,Calpine,methodology,False
E100001013684,E100001013685,Hunter Ridge,restatement,False
E100000003444,E100000001454,E.ON,restatement,False
E100000003452,E100000000875,Rostec,restatement,False
E100000120704,E100000120703,Kamachi Group,methodology,False
E100000131469,E100001000402,Peabody Energy,restatement,False
E100000002934,E100000000089,Secretary of Finance of the State of São Paulo (Brazil),restatement,False
E100000003387,E100000001454,E.ON,restatement,False
E100000003609,E100000002168,8 Rivers Capital,restatement,False
E100000004236,E100000000728,National Hydrocarbon,restatement,False
E100001014368,E100001014369,Sodigas Pampeana,restatement,False
E100001015752,E100001015757,Mubadala Petroleum,restatement,False
E100001011053,E100001010887,Thai NVDR,restatement,False
E100001010205,E100000123261,natural person(s),restatement,True
E100000002833,E100000001248,LS Power Development,restatement,False
E100000002674,E100000000760,Obijackson Group,restatement,False
E100001000202,E100001000071,Atvos,restatement,False
E100000000598,E100002000850,Yelin Lapidot Mutual Fund Management,restatement,False
E100001000580,E100001000581,BLA Projects,restatement,False
E100000002515,E100000001267,NextEra Energy,restatement,False
E100000000927,E100001000576,Industrial Development Corporation of South Africa,restatement,False
E100000003485,E100000001158,Blackstone,restatement,False
E100000003027,E100000000442,Stadtwerke Dessau,methodology,False
E100000002599,E100000000105,Canadian Natural Resources,methodology,False
E100000001809,E100000001086,Mubadala Investment Company,restatement,False
E100001012212,E100001012213,Hefestos Capital,restatement,False
E100000132625,E100001000230,Mitr Phol Sugar,restatement,False
E100001010508,E100000000533,PT Medco Energi Internasional,restatement,False
E100000003656,E100000120936,Nishat Group,restatement,False
E100000003894,E100000001173,Carlyle Group,restatement,False
E100001001110,E100001001109,PT Bayan Energy,restatement,False
E100001013783,E100000120628,Intra Energy,restatement,False
E100000131077,E100000000561,Omid Investment Management,restatement,False
E100000130783,E100000131157,Premium Steel and Mines,restatement,False
E100000004225,E100000001092,Actis,restatement,False
E100001013039,E100000130745,Swiss Steel Holding,restatement,False
E100000004083,E100000123261,natural person(s),restatement,True
E100000003418,E100000000554,National Iranian Copper Industries,restatement,False
E100000131707,E100001016568,Gainline Capital Partners,restatement,False
E100000001496,E100000000574,Ervia,restatement,False
E100000003165,E100000002328,Talen Energy,restatement,False
E100000132985,E100000001247,KKR & Co.,restatement,False
E100000003950,E100000123261,natural person(s),restatement,True
E100001000840,E100001000404,Siberian Coal Energy Company,restatement,False
E100001011267,E100000123261,natural person(s),restatement,True
E100000003821,E100000000971,Cobra Gestión de Infraestructuras,restatement,False
E100000004278,E100000000047,United Enterprises & Company,restatement,False
E100000004178,E100000001720,Tyr Energy,restatement,False
E100000123961,E100000123261,natural person(s),restatement,True
E100000002909,E100000001107,European Bank for Reconstruction and Development,restatement,False
E100002007869,E100000123261,natural person(s),restatement,True
E100001013342,E100001000400,Glencore,restatement,False
E100002005406,E100000123261,natural person(s),restatement,True
E100001010229,E100001016575,Lithemba Mining,restatement,False
E100001000505,E100000000687,ArcelorMittal,restatement,False
E100000120541,E100000123261,natural person(s),restatement,True
E100001011793,E100001011817,Parsian Oil and Gas Development,restatement,False
E100000131502,E100001016425,Haohua Energy International (Hong Kong) Resource,restatement,False
E100001000577,E100001000407,Anglo American,restatement,False
E100000003705,E100000001204,Endeavor Energy Holdings,restatement,False
E100000003564,E100000001253,MRP Generation Holdings,restatement,False
E100000001552,E100000121238,Samsung,methodology,False
E100000120024,E100002000306,Abhijeet Mining,restatement,False
E100000120539,E100000120489,Geleximco Group,methodology,False
E100000003681,E100000000513,GAIL,restatement,False
E100000131360,E100000131258,Anayurt Madencilik,restatement,False
E100000004280,E100000001726,Uralvagonzavod,restatement,False
E100000131594,E100000132161,PT Saibatama Internasional Mandiri,restatement,False
E100000001641,E100000000681,Latvian Privatization Agency,restatement,False
E100000003608,E100000001173,Carlyle Group,restatement,False
E100000131821,E100000131742,Jiangxi,restatement,False
E100000003065,E100000000935,GS Holdings,restatement,False
E100001015285,E100001010595,The Vanguard Group,restatement,False
E100001010524,E100001011221,Bahrain Arabian Cement Holding,restatement,False
E100000002932,E100000001252,MJX Asset Management,restatement,False
E100000002950,E100000000413,HVV Herforder Versorgungs- und Verkehrs-Beteiligungs-,restatement,False
E100000003446,E100000004342,Worldwide Holdings,restatement,False
E100000003859,E100000001099,British International Investment,restatement,False
E100002003590,E100001010595,The Vanguard Group,restatement,False
E100001015021,E100001010428,JP Morgan Nominees Australia,restatement,False
E100000004259,E100001010061,Engie UK,restatement,False
E100000004252,E100000130895,KOKS,restatement,False
E100002003441,E100002003442,B+T Holding,restatement,False
E100001014505,E100001000348,BlackRock,restatement,False
E100001001280,E100001001374,OLYMPUS HOLDINGS,restatement,False
E100000003076,E100000001492,Gazprom,restatement,False
E100000001257,E100001000311,Government of Brazil,restatement,False
E100000003281,E100000001241,International Paper,methodology,False
E100000002155,E100000001078,Abu Dhabi National Energy Company,restatement,False
E100000121154,E100000121528,Vinaconex,restatement,False
E100001013713,E100000131448,Butsanani Energy Investment Holdings,restatement,False
E100001000967,E100001010061,Engie UK,restatement,False
E100001015365,E100000000651,Mitsui &,restatement,False
E100000002745,E100001000207,Constellation Energy Generation,methodology,False
E100001016616,E100000123261,natural person(s),restatement,True
E100000003538,E100000000399,City of Lüdenscheid,restatement,False
E100001011208,E100002007640,Chelys,restatement,False
E100001001059,E100002000024,Cetus Capital VI,restatement,False
E100001000313,E100001000314,"Ministério do Desenvolvimento, Indústria, Comércio e Serviços (Brasil)",restatement,False
E100001000523,E100001000516,JSW Steel,restatement,False
E100000003785,E100000001262,NRG Energy,restatement,False
E100001012563,E100001014686,Springpoint Holding II,restatement,False
E100000002648,E100000001226,Global Infrastructure Partners,restatement,False
E100000003711,E100000001231,Harbert Management,restatement,False
E100001015365,E100000000746,Shell,restatement,False
E100001000774,E100000123261,natural person(s),restatement,True
E100000002653,E100000001145,Argo Infrastructure Partners,restatement,False
E100000001691,E100000000912,Summit Power International,restatement,False
E100001016813,E100002003313,Corporación Azucarera del Perú,restatement,False
E100001013307,E100001013309,City of Brantford,restatement,False
E100002003398,E100001014855,M&G Investment Management,restatement,False
E100000131594,E100001010415,Kingswood Union,restatement,False
E100001013710,E100000123261,natural person(s),restatement,True
E100000003524,E100000000572,RS Group,restatement,False
E100000002473,E100000001236,IDB Development Group,restatement,False
E100000002051,E100000000863,Territorial Generating Company No 2,restatement,False
E100001014386,E100001015832,Vanguard Fiduciary Trust,restatement,False
E100000131535,E100002004696,American Infrastructure,restatement,False
E100000001305,E100001010596,State Street,restatement,False
E100001013700,E100001013701,RZ Murowa Holdings,restatement,False
E100000003689,E100000000549,Social Security Investment Company (Iran),restatement,False
E100000003032,E100001011244,Mundys,restatement,False
E100000003305,E100000001454,E.ON,restatement,False
E100000001173,E100000001260,Morgan Stanley,restatement,False
E100000003956,E100000001100,Carlton Power,restatement,False
E100002000048,E100000000436,Siemens,restatement,False
E100001014289,E100001014290,Project Tarpon Holdco,restatement,False
E100000003770,E100000000486,First Pacific,restatement,False
E100000001384,E100001010705,Capital World Investors,restatement,False
E100000132474,E100001001078,Westrock,methodology,False
E100001014800,E100002004424,Bci Uk Irr,restatement,False
E100000001812,E100000000971,Cobra Gestión de Infraestructuras,restatement,False
E100000001296,E100000001272,Onward Energy,restatement,False
E100000002328,E100000001642,Riverstone Holdings,restatement,False
E100000003003,E100000001210,Evergy,restatement,False
E100000002236,E100000002236,Cooperative Energy,restatement,False
E100000121170,E100000000484,Chow Tai Fook Enterprises,restatement,False
E100000120698,E100000120567,Hiroshima Gas,methodology,False
E100000002445,E100000001156,Black & Veatch,methodology,False
E100002000886,E100002000887,Inovyn Newco 2,restatement,False
E100001015285,E100001000346,Invesco,restatement,False
E100000121051,E100000120086,PT Asia Pulp & Paper Group,restatement,False
E100000004134,E100000001198,Edison International,restatement,False
E100000003766,E100000001335,Pacific Group,methodology,False
E100000131509,E100000123261,natural person(s),restatement,True
E100000000646,E100001000179,Custody Bank of Japan,restatement,False
E100000004236,E100000000509,Bharat Petroleum,restatement,False
E100002002923,E100000123261,natural person(s),restatement,True
E100000120652,E100001011386,Palos Establishment,restatement,False
E100000003670,E100001011122,Nuh Çimento Sanayi,restatement,False
E100000000650,E100001016127,BNYM AS AGT/ CLTS 10 Percent,restatement,False
E100000003893,E100000000445,Stadtwerke Köln,restatement,False
E100000003598,E100000001234,I Squared Capital Advisors,restatement,False
E100000003541,E100000001275,PBF Energy,restatement,False
E100000120102,E100000120760,Lalbhai Group,restatement,False
E100001015114,E100000001158,Blackstone,restatement,False
E100000001319,E100001000348,BlackRock,restatement,False
E100000002859,E100000001223,General Electric,restatement,False
E100000004250,E100000000217,Huaneng Power International,restatement,False
E100000120153,E100000001914,Gujarat State Electricity Corporation,restatement,False
E100001011295,E100000131639,Government of Kyrgyzstan,restatement,False
E100000004060,E100000000610,Eni,restatement,False
E100001000597,E100000123261,natural person(s),restatement,True
E100000001491,E100000001001,Partners Group,restatement,False
E100000002472,E100000000582,Bank HaPoalim,restatement,False
E100000130981,E100000130980,CNR (Hong Kong),restatement,False
E100001015315,E100000123261,natural person(s),restatement,True
E100000003760,E100000000534,PT Aserra Capital,restatement,False
E100000003112,E100000000388,Veolia Environnement,restatement,False
E100001010877,E100000001371,Aboitiz Power,restatement,False
E100000120629,E100001010889,Government of Laos,restatement,False
E100000131447,E100000131814,Krasnoyarsk Cement,restatement,False
E100001011759,E100001011761,Nisshin Steel Holdings,restatement,False
E100000120943,E100001000404,Siberian Coal Energy Company,restatement,False
E100001014646,E100001000346,Invesco,restatement,False
E100001013473,E100001010018,Tata Steel,restatement,False
E100000120081,E100000120932,Nippon Steel Engineering,restatement,False
E100000001035,E100001015691,MFC Asset Management,restatement,False
E100000120116,E100001010888,Banpu Power,restatement,False
E100001000247,E100000001005,UBS Group,restatement,False
E100001014932,E100000001245,Kinder Morgan,restatement,False
E100000120664,E100001000738,Ashmore Energy International,restatement,False
E100000132230,E100001011568,"Ministry of Trade, Industry and Fisheries (Norway)",restatement,False
E100001013815,E100001013298,PT Dwi Guna Laksana,restatement,False
E100001011836,E100000000671,Samruk-Kazyna,methodology,False
E100000130816,E100001000695,SCM Holdings,restatement,False
E100000126489,E100000127986,Zhangjiagang Free Trade Zone Qiande Investment,restatement,False
E100001010929,E100000001197,EIG Global Energy Partners,restatement,False
E100002002725,E100002002727,Stor Investment,restatement,False
E100000121531,E100000126498,Jiangsu Delong Nickel Industry,restatement,False
E100000132567,E100001010905,BP Biofuels Brazil Investments,restatement,False
E100000121576,E100000000826,PGE Polska Grupa Energetyczna,restatement,False
E100000002428,E100000000996,Genossenschaft Elektra Baselland,restatement,False
E100000121179,E100001011225,KGP PHV Vodokanal of Ridder Municipality,restatement,False
E100001000686,E100000123261,natural person(s),restatement,True
E100000002557,E100000000084,Petróleo Brasileiro,restatement,False
E100001000227,E100002001098,Belo Monte Participacoes,restatement,False
E100001014069,E100000001096,BP,restatement,False
E100000002511,E100000000874,Rosneft,restatement,False
E100000000433,E100000123261,natural person(s),restatement,True
E100000001768,E100002001294,UniSuper,restatement,False
E100000121000,E100000120173,PT Bosowa Corporindo,restatement,False
E100001014304,E100000001534,JPMorgan Chase & Co,restatement,False
E100000121062,E100000001220,FreePort-McMoran,restatement,False
E100001000314,E100001000311,Government of Brazil,restatement,False
E100001012220,E100001016120,Metizy Tula-Stal,restatement,False
E100000002661,E100000000925,Old Mutual Alternative Investments,restatement,False
E100000132946,E100002003021,G I Hadfield & Son,restatement,False
E100001012233,E100000000339,Energetický a průmyslový holding,restatement,False
E100001010460,E100000000006,Capex,methodology,False
E100000002393,E100000001096,BP,restatement,False
E100001013256,E100002007783,Hargreaves Lansdown,restatement,False
E100000132208,E100001016620,SPI Mengdong,restatement,False
E100000001370,E100000001205,Energy Capital Partners Management,restatement,False
E100000002816,E100000001244,Kelson Holding,restatement,False
E100002003589,E100002003590,RGC Resources,restatement,False
E100001000863,E100000001940,Tata Power Company,restatement,False
E100000130792,E100001016149,PT Gunung Garuda,restatement,False
E100000003301,E100000001238,Indeck Energy Services,restatement,False
E100001012007,E100000000759,Oando,methodology,False
E100001013472,E100000132114,QMetco,restatement,False
E100000002649,E100001011234,Forsa Energy Gas Holdings,restatement,False
E100000120603,E100000000975,Iberdrola,restatement,False
E100001000499,E100001010090,ArcelorMittal Holdings,restatement,False
E100000127986,E100000123261,natural person(s),restatement,True
E100000002670,E100000000551,Thermal Power Plants Holding,restatement,False
E100000004298,E100001000092,Vattenfall,restatement,False
E100000132947,E100001011051,UMOE Gruppen,restatement,False
E100001014732,E100002003591,Talisman Global Alternative Master,restatement,False
E100000003861,E100000001118,Quinbrook Infrastructure Partners,restatement,False
E100001013253,E100001013255,Interactive Brokers,restatement,False
E100000000813,E100000123261,natural person(s),restatement,True
E100001010984,E100000180733,China National Petroleum,restatement,False
E100000002761,E100000001109,Hargreaves Services,restatement,False
E100001010155,E100001016144,JSW Shipping & Logistics,restatement,False
E100000000649,E100000123261,natural person(s),restatement,True
E100001015954,E100002007790,State Administration Of Foreign Exchange,restatement,False
E100000001265,E100002003284,Fortress Investment Group,restatement,False
E100001015206,E100001000348,BlackRock,restatement,False
E100000130816,E100000131161,SMART Holding,restatement,False
E100000001438,E100000001101,Centrica,restatement,False
E100000130738,E100001016261,Hacton Finance,restatement,False
E100001010984,E100000000173,China Petrochemical,restatement,False
E100001000566,E100001000902,Adani Global,restatement,False
E100001010965,E100000131264,GUP Angishti Tojik,restatement,False
E100000004236,E100000001034,PTT Exploration and Production,restatement,False
E100000133759,E100000123261,natural person(s),restatement,True
E100001010033,E100000123261,natural person(s),restatement,True
E100001015416,E100000000505,MOL Magyar Olajes Gazipari,restatement,False
E100000132609,E100002002692,Odebrecht Engenharia e Construção,restatement,False
E100000000836,E100001016645,T. Rowe Price Group,restatement,False
E100000003675,E100000000654,Osaka Gas,restatement,False
E100000132196,E100001016434,Firebird Fund,restatement,False
E100000003303,E100000001238,Indeck Energy Services,restatement,False
E100000131546,E100001016420,Invest-Grupp,restatement,False
E100002001370,E100002003530,Solariant Capital,restatement,False
E100000131832,E100001016435,Tantisunthorn Group,restatement,False
E100000155483,E100001014208,Aristotle Capital Management,restatement,False
E100000003583,E100000000637,Hitachi,restatement,False
E100000003305,E100000001492,Gazprom,restatement,False
E100000003723,E100000001005,UBS Group,restatement,False
E100001014229,E100001014231,Broken Hill Proprietary Company,restatement,False
E100001000482,E100001000483,Ministry of Finance (Czech Republic),restatement,False
E100002005405,E100000123261,natural person(s),restatement,True
E100000000978,E100001014317,IFM Global Infrastructure Fund,restatement,False
E100001010830,E100000131854,MMK-Ugol,restatement,False
E100000002954,E100000001184,Clearway Energy Group,restatement,False
E100000003657,E100000000878,T Plus,methodology,False
E100001016039,E100001016043,Perestroika,restatement,False
E100000003115,E100000001170,Calpine,restatement,False
E100000001253,E100000132443,Los Angeles County Sanitation,restatement,False
E100001016549,E100001010038,PT Kideco Jaya Agung,restatement,False
E100000004117,E100000001350,Bellevue Spur Capital,restatement,False
E100000001672,E100002001144,Foxwell International Investment,restatement,False
E100000121091,E100000000804,A Brown,restatement,False
E100001000774,E100001016397,Coronation Asset Management,restatement,False
E100000002073,E100001000306,Republic of Tatarstan,restatement,False
E100001010421,E100000131246,Alpha Metallurgical Resources,restatement,False
E100000001284,E100001001339,LINDSAY GOLDBERG,restatement,False
E100000131130,E100002003653,Oninvest,restatement,False
E100001010448,E100001010449,Pendekar Energy (L),restatement,False
E100000002442,E100000000359,Ignite Investment and commodities,restatement,False
E100000121045,E100001011093,PT Amman Mineral Internasional,methodology,False
E100002004057,E100000123261,natural person(s),restatement,True
E100000131681,E100000123261,natural person(s),restatement,True
E100000002746,E100001000207,Constellation Energy Generation,methodology,False
E100002008132,E100000123261,natural person(s),restatement,True
E100001016316,E100001012199,Vicunha Aços,restatement,False
E100000002429,E100000000995,EOS Holdings,restatement,False
E100000120473,E100001010877,AA Thermal,restatement,False
E100000003572,E100000001322,Vistra,restatement,False
E100000002989,E100000001209,Entergy,restatement,False
E100000121042,E100000126280,Shandong Taishan Steel Group,restatement,False
E100000129837,E100000123261,natural person(s),restatement,True
E100001015331,E100002003589,RGC Midstream,restatement,False
E100000001652,E100000001123,SSE,restatement,False
E100001013258,E100002007663,Interactive Investor Services,restatement,False
E100001013253,E100001013257,Luna Nominees,restatement,False
E100001000227,E100002001097,Entidades De Previdencia,restatement,False
E100001010174,E100001010097,Stanmore Resources,restatement,False
E100002003590,E100001015587,small shareholder(s),restatement,True
E100001011793,E100001011818,Modbaran Ekhtaz Investment,restatement,False
E100000004161,E100000000550,Iranian State Pension Fund,restatement,False
E100001014694,E100001010706,Capital International Investors,restatement,False
E100000132284,E100001010573,Regal Funds Management,restatement,False
E100000003046,E100000000410,Fresenius,restatement,False
E100000003750,E100000001043,Univentures,restatement,False
E100000120999,E100001000921,PT Mahkota Karya Utama,restatement,False
E100000003952,E100000000795,Saif Group,restatement,False
E100001010128,E100000122410,Jiangsu Shagang Group,restatement,False
E100002008132,E100002008133,Astra Industrial Group Company,restatement,False
E100001010165,E100001001041,Ministry of State Treasury (Poland),restatement,False
E100000130723,E100000123261,natural person(s),restatement,True
E100000004280,E100000001391,BNA Trust,restatement,False
E100000121077,E100000121030,PT Intraco Penta,restatement,False
E100001000244,E100001000247,UBS Asset Management,restatement,False
E100000004279,E100000001319,United States Steel,methodology,False
E100000001491,E100000000767,Hav Energy NCS Gas,restatement,False
E100000130968,E100000123261,natural person(s),restatement,True
E100001011267,E100001000348,BlackRock,restatement,False
E100001015726,E100000000766,Equinor,restatement,False
E100001000587,E100001000585,Genuity,restatement,False
E100000002433,E100000001138,Alterna Capital Partners,restatement,False
E100000121216,E100001000694,Sarda Energy & Minerals,restatement,False
E100001012008,E100000000758,NNPC,restatement,False
E100000001809,E100000001197,EIG Global Energy Partners,restatement,False
E100001010709,E100001010710,Norgener Inversiones,restatement,False
E100001015556,E100001015560,Neptune Energy Holding Netherlands,restatement,False
E100001016401,E100000123261,natural person(s),restatement,True
E100001014788,E100000000574,Ervia,restatement,False
E100000004196,E100000001180,Chevron USA,restatement,False
E100000121020,E100000120543,Harita Group,restatement,False
E100000002535,E100000001154,Beowulf Energy,restatement,False
E100000003714,E100000001182,Clean Energy Future,restatement,False
E100000132208,E100002003291,Soorty Enterprises,restatement,False
E100001013382,E100001013279,PT Atlas Resources,restatement,False
E100001016064,E100001014430,Cheniere Energy,restatement,False
E100001013521,E100000132242,Sumo Coal,restatement,False
E100001013257,E100002005443,BNP Paribas,restatement,False
E100001015643,E100000000394,Allianz,restatement,False
E100000002665,E100000000076,Hidrotérmica,restatement,False
E100001015594,E100001015595,Énergir,restatement,False
E100001013355,E100000131704,Industrial Minerals Group,restatement,False
E100001014819,E100001014821,GasLog,restatement,False
E100000003267,E100000001248,LS Power Development,restatement,False
E100001011664,E100000001196,Dynegy,restatement,False
E100000002770,E100000000588,Energy Sector,restatement,False
E100000004144,E100000000706,Tenaga Nasional,restatement,False
E100001011221,E100001011222,Arabian Cement Company,restatement,False
E100000003099,E100000000543,Ghadir Investment Company,restatement,False
E100000002661,E100000000922,Harith General Partners,restatement,False
E100000003433,E100000000648,Kyushu Electric Power,restatement,False
E100001013801,E100000003766,Pacific,methodology,False
E100001011113,E100001000197,Government of Kazakhstan,restatement,False
E100001014859,E100000123261,natural person(s),restatement,True
E100000121121,E100000120883,NHPC,restatement,False
E100000002383,E100000001173,Carlyle Group,restatement,False
E100000120337,E100000121212,SK Group,methodology,False
E100000002414,E100001000966,National Power Al Kamil Investments,restatement,False
E100001000652,E100001016314,Rio Iaco Participações,restatement,False
E100000004202,E100001015601,Aradel Energy,restatement,False
E100000002023,E100001000081,Government of Mexico,restatement,False
E100000003789,E100000000545,Iran Foreign Investment,restatement,False
E100000004343,E100000001108,Glenfinnan Properties,restatement,False
E100000002639,E100000001642,Riverstone Holdings,restatement,False
E100000002661,E100000000753,Central Bank of Nigeria,restatement,False
E100000002194,E100000001262,NRG Energy,restatement,False
E100001000396,E100001000520,Life Insurance Corporation of India,restatement,False
E100000131685,E100001000520,Life Insurance Corporation of India,restatement,False
E100000003835,E100000000520,Indraprastha Power Generation,restatement,False
E100000003939,E100000001037,Tatsiri,restatement,False
E100000000707,E100001000412,Citigroup Nominees (Tempatan),restatement,False
E100000003095,E100000000092,Vulcan Fundo de Investimento,restatement,False
E100001016386,E100000000652,Nippon Steel,restatement,False
E100000000531,E100000123261,natural person(s),restatement,True
E100000003705,E100000002248,Emerging Capital Partners,restatement,False
E100001000887,E100001000402,Peabody Energy,restatement,False
E100000003545,E100000001264,National Energy & Gas Transmission,restatement,False
E100000003182,E100000001212,Exelon,restatement,False
E100000002517,E100000123848,Sichuan Huaneng Hydropower Development,restatement,False
E100001000550,E100001000546,Arch Resources,restatement,False
E100001015756,E100001010427,HSBC Custody Nominees (Australia),restatement,False
E100000121508,E100000121509,Vandanaa Group,restatement,False
E100000003985,E100000000648,Kyushu Electric Power,restatement,False
E100000121408,E100001010018,Tata Steel,restatement,False
E100000120278,E100000000849,Complexul Energetic Oltenia,restatement,False
E100000131228,E100000123261,natural person(s),restatement,True
E100001000499,E100000123261,natural person(s),restatement,True
E100000132767,E100000151510,E.ON Sverige,methodology,False
E100000130720,E100001016247,Bluebay Investments Group,restatement,False
E100002004979,E100002005404,Ocean and Oil Development Partners Ltd BVI,restatement,False
E100000003433,E100000001143,ArcLight Capital Partners,restatement,False
E100001014348,E100001014349,Petrobras Argentina,restatement,False
E100000120829,E100001011606,Buttonwood Nominees,restatement,False
E100000121521,E100001000083,Reliance Power,restatement,False
E100001000747,E100000121551,Xinxing Qiyun Investment Holdings,restatement,False
E100000002717,E100000001182,Clean Energy Future,restatement,False
E100002003025,E100002003026,Enva Topco,restatement,False
E100000002614,E100000001150,Avenue Capital Group,restatement,False
E100000003588,E100000001259,Model Group,restatement,False
E100001016389,E100000129143,China Investment,restatement,False
E100001014349,E100002001426,Petrobras Participaciones,restatement,False
E100001015819,E100001015646,Tailwater Capital,restatement,False
E100000004332,E100000001289,Rockland Capital,restatement,False
E100000002665,E100000000059,Bolognesi Energia,restatement,False
E100002002972,E100002002973,Foresight Group Holdings (Uk),restatement,False
E100001010344,E100000000953,POSCO Holdings,restatement,False
E100000120887,E100000121181,Rio Tinto Alcan,restatement,False
E100000003466,E100000001248,LS Power Development,restatement,False
E100001015365,E100000000650,Mitsubishi,restatement,False
E100000003106,E100000001272,Onward Energy,restatement,False
E100001000869,E100001000755,A-Property,restatement,False
E100000003515,E100000000598,Rapac Communication and Infrastructure,restatement,False
E100001015889,E100001015587,small shareholder(s),restatement,True
E100000000978,E100002002996,Fundación Bancaria Caixa d'Estalvis i Pensions de Barcelona,restatement,False
E100001014210,E100001010929,MidOcean Energy,restatement,False
E100000120156,E100001010155,Piombino Steel,restatement,False
E100002002964,E100002002966,Pip Multi-Strategy Infrastructure,methodology,False
E100000003723,E100000002192,California Public Employees' Retirement System,restatement,False
E100000001828,E100000123261,natural person(s),restatement,True
E100000003526,E100000001173,Carlyle Group,restatement,False
E100002008273,E100001010196,Yamato Kogyo,restatement,False
E100000002473,E100000000131,SNC-Lavalin,restatement,False
E100001013253,E100001013254,Pershing Nominees,restatement,False
E100000003583,E100000000650,Mitsubishi,restatement,False
E100001010803,E100000132214,South Coal Company,restatement,False
E100000004135,E100000000117,Imperial Oil Resources,restatement,False
E100000132201,E100000131748,Joint Resources,restatement,False
E100000003971,E100000001222,GenOn Holdings,restatement,False
E100001010128,E100000000953,POSCO Holdings,restatement,False
E100002007948,E100002007949,Ranger Investment GP,restatement,False
E100001001419,E100001000208,Constellation Energy,restatement,False
E100000004086,E100000001187,Cornerstone Operating Services,restatement,False
E100001013549,E100001013550,Mincorp Acquisition,restatement,False
E100001012003,E100000000170,China Huadian,restatement,False
E100000001035,E100001015692,Krungthai Asset Management,restatement,False
E100001010668,E100001016585,Biznes-Aktiv,restatement,False
E100001015837,E100000151297,KELAG,restatement,False
E100001016355,E100001016356,Lugansk People's Republic,restatement,False
E100000003879,E100000000526,Rajasthan Rajya Vidyut Utpadan Nigam,restatement,False
E100001010250,E100001000402,Peabody Energy,restatement,False
E100000132614,E100002000809,Grupo Tercio Wanderley,restatement,False
E100001010180,E100001016148,T S Global Procurement Company,restatement,False
E100002002966,E100002002967,Pip Multi-Strategy Infrastructure Gp,restatement,False
E100001000548,E100001000546,Arch Resources,restatement,False
E100001000560,E100001000558,Adani Power,restatement,False
E100001010185,E100000000985,EQT,restatement,False
E100001000227,E100000000066,Eletrobras,restatement,False
E100000120963,E100000001642,Riverstone Holdings,restatement,False
E100000003339,E100000000874,Rosneft,restatement,False
E100000003967,E100000000878,T Plus,methodology,False
E100000000863,E100001000270,Federal Agency for State Property Management (Russia),restatement,False
E100000003801,E100000000878,T Plus,methodology,False
E100000123699,E100000125968,Power Development,methodology,False
E100000003957,E100000000959,Samchully Asset Management,restatement,False
E100001010310,E100000123261,natural person(s),restatement,True
E100000132616,E100001010185,Reworld Holding,methodology,False
E100001015045,E100001010596,State Street,restatement,False
E100000002751,E100000001155,Berkshire Hathaway,restatement,False
E100002003618,E100000123261,natural person(s),restatement,True
E100000003438,E100000000532,VBC Industries,restatement,False
E100000004115,E100000000134,Stelco Holdings,restatement,False
E100001015062,E100001015065,Crestwood Holdings,restatement,False
E100001010350,E100001000269,Government of Ukraine,restatement,False
E100001015779,E100001000346,Invesco,restatement,False
E100000132208,E100002003292,Procon Engineering,restatement,False
E100000003433,E100000001982,The Chugoku Electric Power,restatement,False
E100002007745,E100002005438,Bank of New York Mellon,restatement,False
E100000004140,E100000001180,Chevron USA,restatement,False
E100001015950,E100001015954,Guotong Romeo Holdings,restatement,False
E100000121876,E100000121901,Datang Guizhou Power Generation,restatement,False
E100000004202,E100001015604,Petrolin Group,restatement,False
E100000126489,E100000122410,Jiangsu Shagang Group,restatement,False
E100000003039,E100000001218,Fortistar,restatement,False
E100000004315,E100000001222,GenOn Holdings,restatement,False
E100000002446,E100000000508,Anlima Group,restatement,False
E100001010683,E100000000487,HK Electric Investments and HK Electric Investments,methodology,False
E100000004022,E100000000746,Shell,restatement,False
E100000001722,E100000000372,UPM-Kymmene,methodology,False
E100000003609,E100001000207,Constellation Energy Generation,methodology,False
E100000002812,E100000001297,Lotus Infrastructure Partners,restatement,False
E100000003218,E100000001212,Exelon,restatement,False
E100000123961,E100000124677,Horgos Langyuan Technology Development,restatement,False
E100000132579,E100002001553,Grupo Canabrava,restatement,False
E100001011314,E100002000335,Mercurio Holding,restatement,False
E100001001317,E100001001308,Heorot Power Holdings,methodology,False
E100001013688,E100001000761,Adani Enterprises,restatement,False
E100000131504,E100001016497,NNK-Development,restatement,False
E100000004263,E100000000878,T Plus,methodology,False
E100001010387,E100000001237,ITOCHU,restatement,False
E100000003432,E100000000878,T Plus,methodology,False
E100001000779,E100001000781,Anglo American Steelmaking Coal Holdings,restatement,False
E100000004236,E100000000651,Mitsui &,restatement,False
E100000004352,E100000000707,YTL Corporation,restatement,False
E100000004343,E100000001125,St Modwen Properties,restatement,False
E100001010128,E100001010132,POSCO China Holding,restatement,False
E100000121042,E100000121153,Qingdao Xiyuan Holdings,restatement,False
E100000132544,E100000001205,Energy Capital Partners Management,restatement,False
E100002000929,E100002000931,Kesani Enterprises,restatement,False
E100000131594,E100000130429,OCBC Bank,restatement,False
E100000120541,E100001000730,National Pension Service (South Korea),restatement,False
E100000000645,E100000000638,INPEX,restatement,False
E100000120618,E100000120439,Eternal Tsingshan Group,restatement,False
E100001015726,E100000000387,TotalEnergies,restatement,False
E100001013462,E100001013463,Wilson Creek Holdings,restatement,False
E100000003490,E100000001219,Fortress Transportation and Infrastructure Investors,restatement,False
E100000001700,E100000000505,MOL Magyar Olajes Gazipari,restatement,False
E100000000922,E100000000920,Coega Development Corporation,restatement,False
E100000131502,E100000123261,natural person(s),restatement,True
E100000002428,E100000000997,Genossenschaft Elektra Birseck,restatement,False
E100001013154,E100001013156,PT Hasnur Citra Terpadu,restatement,False
E100001001112,E100001001109,PT Bayan Energy,restatement,False
E100001013235,E100000131296,Atlantic Carbon Group,restatement,False
E100001014610,E100001014611,NewMed Energy,restatement,False
E100000004086,E100000001310,Three Notch Electric Membership,restatement,False
E100000132195,E100000132331,Uzbekistan Temir Yullari,restatement,False
E100001000242,E100001000243,Government of Slovakia,restatement,False
E100001001276,E100000001322,Vistra,restatement,False
E100000004067,E100000000004,Sonangol,restatement,False
E100000002393,E100000000638,INPEX,restatement,False
E100001014808,E100001014809,Ontario Teachers Pension Plan,restatement,False
E100001013202,E100001000537,Vietnam National Coal and Mineral Industries Holding,restatement,False
E100000002252,E100000123261,natural person(s),restatement,True
E100000120071,E100000121166,Ras Al Khaimah Investment Authority,restatement,False
E100000002464,E100000000436,Siemens,restatement,False
E100000004262,E100000001317,Ullico,restatement,False
E100000002537,E100000000963,Abengoa,restatement,False
E100000001223,E100001014543,Capital Research Global Investors,restatement,False
E100000003884,E100000001061,Kazancı Holding,restatement,False
E100000003472,E100000001322,Vistra,restatement,False
E100000003104,E100000000811,Global Business Power,restatement,False
E100001000977,E100000001223,General Electric,restatement,False
E100002003828,E100002003829,Government of Gabon,restatement,False
E100000003897,E100000001119,Rio Tinto,methodology,False
E100001014646,E100001014647,Global Infrastructure Investors III,restatement,False
E100000000641,E100000123261,natural person(s),restatement,True
E100000120951,E100000123261,natural person(s),restatement,True
E100000003221,E100000001011,Evergreen Group,restatement,False
E100000003020,E100000000552,Iran Power Plant Projects Management,restatement,False
E100001013307,E100001013308,City of Cambridge,restatement,False
E100001000946,E100001000546,Arch Resources,restatement,False
E100000003606,E100000001042,United Power of Asia,restatement,False
E100000002472,E100000001236,IDB Development Group,restatement,False
E100000003473,E100000001297,Lotus Infrastructure Partners,restatement,False
E100001000747,E100000120543,Harita Group,restatement,False
E100001016039,E100001016041,No Surrender,restatement,False
E100001013753,E100000132368,Yancoal Australia,restatement,False
E100000002835,E100000001306,The Dow Chemical Company,methodology,False
E100001013548,E100001013549,Mincorp,restatement,False
E100000121085,E100000120543,Harita Group,restatement,False
E100000000882,E100000123261,natural person(s),restatement,True
E100000002162,E100001011405,Algonquin (Ay Holdco),restatement,False
E100000003403,E100000000659,Tokyo Electric Power,restatement,False
E100000003042,E100000000807,Asian Development Bank,restatement,False
E100002004553,E100000003335,JFE Steel,restatement,False
E100001000376,E100001000233,Shirazi Investments,restatement,False
E100000003302,E100000001238,Indeck Energy Services,restatement,False
E100001000746,E100001000828,PT Indonesia Asahan Aluminium,restatement,False
E100000130881,E100000120333,Diler Holding,restatement,False
E100001012048,E100001012052,Groupe IDEC,restatement,False
E100001010132,E100000000953,POSCO Holdings,restatement,False
E100000120648,E100000120647,JK Organization,restatement,False
E100001010696,E100000131991,Novaya Gornaya Management Company,restatement,False
E100000003009,E100000001213,Exxon Mobil,restatement,False
E100000002729,E100000002248,Emerging Capital Partners,restatement,False
E100000000743,E100000001175,Castleton Commodities International,restatement,False
E100001013782,E100001013783,Intra Energy (Tanzania),restatement,False
E100001000591,E100001011734,Ministry of Energy of Donetsk People's Republic,restatement,False
E100000001636,E100001010887,Thai NVDR,restatement,False
E100000003832,E100000001044,National Enterprises,restatement,False
E100000131852,E100000131246,Alpha Metallurgical Resources,restatement,False
E100000120474,E100000000814,Power Partners,restatement,False
E100002001102,E100000154539,BayernLB Holding,restatement,False
E100000003095,E100000001507,HS Investimentos,restatement,False
E100000004283,E100000000082,Omega Engenharia,restatement,False
E100001015206,E100001010928,GIC,restatement,False
E100002000600,E100002000601,Elite Shine Investments,restatement,False
E100001015543,E100001010596,State Street,restatement,False
E100000002613,E100000001150,Avenue Capital Group,restatement,False
E100000003725,E100000000654,Osaka Gas,restatement,False
E100000132475,E100001001078,Westrock,methodology,False
E100000003406,E100000000635,ENEOS Holdings,restatement,False
E100000120985,E100000000826,PGE Polska Grupa Energetyczna,restatement,False
E100001013620,E100001013621,Bank Julius Baer &,restatement,False
E100000002507,E100001000278,Government of Iraq,restatement,False
E100000002959,E100000001475,Energypac,restatement,False
E100000131832,E100000123261,natural person(s),restatement,True
E100000002650,E100000000630,Chubu Electric Power,restatement,False
E100002002965,E100002002972,Foresight Infra Holdco,restatement,False
E100000002485,E100000000752,Azikel Group,restatement,False
E100000003096,E100000000834,EDP,restatement,False
E100000131563,E100001016536,TetraEconomAlliance,restatement,False
E100001014803,E100001014534,Snam,restatement,False
E100000131970,E100000123261,natural person(s),restatement,True
E100000121046,E100001010086,PT Sinar Mas Group,restatement,False
E100000120400,E100000120399,Empee Group,restatement,False
E100001014841,E100001015833,Blackrock Advisors,restatement,False
E100001016386,E100000000953,POSCO Holdings,restatement,False
E100000000834,E100001000089,Canada Pension Plan Investment,restatement,False
E100001014693,E100001014694,Equitrans Midstream,restatement,False
E100000002450,E100000001255,Midwest Paper Group,methodology,False
E100000002533,E100000001705,Tenaska,restatement,False
E100000004117,E100000000110,Edco Capital,restatement,False
E100000001015,E100001010778,Chang Gung Medical Foundation,restatement,False
E100000003723,E100000001231,Harbert Management,restatement,False
E100000004239,E100000000661,Toyo Engineering,restatement,False
E100000000472,E100001011359,Latsco Hellenic Holdings,restatement,False
E100000131502,E100001016423,Shining Capital GP,restatement,False
E100001010285,E100001000931,Stanwell,restatement,False
E100001000791,E100001016469,PT Adaro Mining Technologies,restatement,False
E100000004174,E100000000769,Norwegian Investment Fund for developing countries,restatement,False
E100000003307,E100000001110,INEOS Group,restatement,False
E100000003985,E100000000649,Marubeni,restatement,False
E100000131142,E100000000563,Pasargad Financial Group,restatement,False
E100001000622,E100000001140,American Electric Power Company,restatement,False
E100000130979,E100000130703,Jai Balaji Industries,restatement,False
E100000003895,E100000001628,Phakwe Group,restatement,False
E100000002185,E100000132428,Hennepin County Department of Environmental Services,restatement,False
E100000002576,E100000001212,Exelon,restatement,False
E100000120224,E100000120114,BK Birla Group,restatement,False
E100000001550,E100000001533,JERA,restatement,False
E100000003761,E100000000541,Sintesa Group,restatement,False
E100000001497,E100000000765,Entro Group,restatement,False
E100000003076,E100000000898,Government of the Republic of Serbia,restatement,False
E100000151510,E100000001454,E.ON,methodology,False
E100000001624,E100001015720,Pars Aryan Investment,restatement,False
E100000132384,E100000132150,Rutek Alliance,restatement,False
E100000004092,E100000001318,United States Power Fund III,restatement,False
E100000121035,E100000120495,Genting Group,restatement,False
E100000120736,E100000121097,Park Holding,methodology,False
E100000131987,E100001000431,American Metals & Coal International,restatement,False
E100000003495,E100000001642,Riverstone Holdings,restatement,False
E100000003042,E100000000786,Fauji Foundation,restatement,False
E100000003149,E100000000516,Gujarat State Petroleum Corporation,restatement,False
E100001013425,E100001013427,PT Karsa Optima Jaya,restatement,False
E100001010423,E100000000656,Sojitz,restatement,False
E100000000598,E100002000849,Alpha LTI,restatement,False
E100001013764,E100001013765,PT Arkara Wira Sanjaya,restatement,False
E100000120265,E100000120263,Coal & Oil Group,restatement,False
E100001015972,E100001015974,Talisman Colombia Holdco,restatement,False
E100000003421,E100000001285,Platinum Equity Advisors,restatement,False
E100001010804,E100000132214,South Coal Company,restatement,False
E100000004289,E100000000075,Grupo Vale Azul,restatement,False
E100000130720,E100000123261,natural person(s),restatement,True
E100001015416,E100001014253,BOTAŞ,restatement,False
E100000132419,E100001011058,Georgia Renewable Power,restatement,False
E100000002473,E100000000733,Algemene Pensioen Groep,restatement,False
E100000002610,E100000001165,Caithness Energy,restatement,False
E100000004290,E100000001272,Onward Energy,restatement,False
E100000002768,E100000000654,Osaka Gas,methodology,False
E100000001470,E100000000985,EQT,restatement,False
E100000003291,E100000000084,Petróleo Brasileiro,restatement,False
E100001010296,E100001010270,Gerdau,restatement,False
E100001001279,E100001011573,Entergy Power Gas Operations,restatement,False
E100001014599,E100001014601,Barrick Gold US,restatement,False
E100000003181,E100000001064,Limak Energy,restatement,False
E100002007663,E100002007809,Interactive Investor,restatement,False
E100001000551,E100001000546,Arch Resources,restatement,False
E100000003282,E100000000869,LUKOIL,restatement,False
E100000003493,E100000001163,Cleco Corporate Holdings,restatement,False
E100000120517,E100000123261,natural person(s),restatement,True
E100000132777,E100000000904,Keppel,methodology,False
E100000003084,E100000001184,Clearway Energy Group,restatement,False
E100000130748,E100001016308,Bangkok Bank,restatement,False
E100000131228,E100001010403,Public Investment Corporation SOC,restatement,False
E100000003550,E100000001108,Glenfinnan Properties,restatement,False
E100001013409,E100000000476,Public Power Corporation,restatement,False
E100000002559,E100000001173,Carlyle Group,restatement,False
E100001010377,E100001001102,Jindal Steel & Power (Mauritius),restatement,False
E100000123048,E100000123961,XinJiang KuiShan BaoTa Petrochemical,restatement,False
E100000002925,E100000001169,California Resources,restatement,False
E100000003939,E100000000732,TAC Energy,restatement,False
E100001011249,E100001011250,State of Tamil Nadu,restatement,False
E100000120158,E100000120517,Grasim Industries,restatement,False
E100000120012,E100000001305,AES,restatement,False
E100001014601,E100000000103,Barrick Mining,restatement,False
E100000150310,E100002000837,American Century Investment Management,restatement,False
E100000130712,E100001000178,The Master Trust Bank of Japan,restatement,False
E100001015756,E100001010438,BNP Paribas Nominees,restatement,False
E100002003887,E100001010879,Government of Mongolia,restatement,False
E100000002366,E100000000746,Shell,restatement,False
E100000001624,E100001015719,Pasargad Arzesh Afarinan,restatement,False
E100000002910,E100000000678,National Electrical Grid of Kyrgyzstan,restatement,False
E100000120925,E100001000485,Uttar Pradesh Rajya Vidyut Utpadan Nigam,methodology,False
E100002007778,E100001010061,Engie UK,restatement,False
E100001000181,E100001000182,Grupo USJ,restatement,False
E100000120551,E100000120550,Hengyi Group,restatement,False
E100001014819,E100001014823,Depa Emporias [TO BE DELETED],methodology,False
E100001014077,E100001014078,AVH Grupp,restatement,False
E100000001223,E100001010706,Capital International Investors,restatement,False
E100000003789,E100000000562,Parsian Group,restatement,False
E100000130712,E100001015587,small shareholder(s),restatement,True
E100000000699,E100001000413,Amanahraya Trustees,restatement,False
E100000001319,E100001010595,The Vanguard Group,restatement,False
E100001015199,E100001000100,Government of Bangladesh,restatement,False
E100002000874,E100002000880,Inovyn Energy,restatement,False
E100001010509,E100000001647,SK,restatement,False
E100001015416,E100000000095,Bulgarian Energy Holding,restatement,False
E100001016048,E100000000102,AltaGas,restatement,False
E100001011574,E100000001209,Entergy,restatement,False
E100001013732,E100001013733,Best Solution,methodology,False
E100000002874,E100000000374,AXA Entities,methodology,False
E100000001727,E100000001006,Vitol,restatement,False
E100000004202,E100001015600,ND Western,restatement,False
E100001011575,E100001010705,Capital World Investors,restatement,False
E100000120615,E100000120439,Eternal Tsingshan Group,restatement,False
E100001013425,E100001001109,PT Bayan Energy,restatement,False
E100000003092,E100000001381,Arclight Energy Partners Fund VII,restatement,False
E100000002729,E100000000374,AXA Entities,methodology,False
E100000003648,E100000001190,Denham Capital Management,restatement,False
E100000002162,E100002007765,Acil Luxco 1,restatement,False
E100000134268,E100000123261,natural person(s),restatement,True
E100001013427,E100001001106,PT Bayan Resources,restatement,False
E100000003885,E100000000559,Noorsakht Atrak Holding,restatement,False
E100000121254,E100002007674,Spw Investments,methodology,False
E100001000216,E100000000480,CGN Energy International Holding,restatement,False
E100000002468,E100000000083,Oncorp,restatement,False
E100000121381,E100001000404,Siberian Coal Energy Company,restatement,False
E100000003404,E100000000868,Inter RAO,restatement,False
E100001010152,E100000120868,JSW Ispat Special Products,restatement,False
E100000002428,E100000001004,Schweizer Kraftwerksbeteiligungs-AG,restatement,False
E100000001305,E100001014849,FMR,restatement,False
E100000002683,E100000001180,Chevron USA,methodology,False
E100001000489,E100001016564,Little Real Estate,restatement,False
E100000132444,E100001010899,MIRA Dissolution Authority,restatement,False
E100001016240,E100001015587,small shareholder(s),restatement,True
E100000131469,E100000001332,Petróleos de Venezuela,restatement,False
E100000004132,E100000000878,T Plus,methodology,False
E100001000441,E100001011402,BusinessGlobus,restatement,False
E100000003345,E100000000876,Russian Copper Company,restatement,False
E100001016362,E100001015677,PT Bakrie & Brothers,restatement,False
E100000131245,E100000131316,Bandanna Energy,restatement,False
E100000123951,E100000123439,Huadian Xinjiang Power,restatement,False
E100000001125,E100000123261,natural person(s),restatement,True
E100001001441,E100001001078,Westrock,methodology,False
E100001016031,E100001016032,HE Terminals,restatement,False
E100000002791,E100000001322,Vistra,restatement,False
E100000003462,E100000000869,LUKOIL,restatement,False
E100001015726,E100000000034,State Oil Company of Azerbaijan Republic,restatement,False
E100000000650,E100000123261,natural person(s),restatement,True
E100001012048,E100001012050,Engie New Ventures,restatement,False
E100000003353,E100001000094,Government of Russia,restatement,False
E100001013254,E100002007671,Pershing Securities,restatement,False
E100000002391,E100000001104,Drax Group,restatement,False
E100000001813,E100001011375,Rondonia Power,restatement,False
E100000120900,E100000125809,Banpu Power Investment,restatement,False
E100000002273,E100001001338,City of Lafayette (Louisiana),restatement,False
E100002004826,E100001015587,small shareholder(s),restatement,True
E100000002798,E100000000746,Shell,restatement,False
E100000121037,E100001010086,PT Sinar Mas Group,restatement,False
E100001010902,E100001001070,Billerud,restatement,False
E100000000598,E100001011706,Phoenix Provident Fund,restatement,False
E100000120900,E100000132805,Mitsubishi Corporation Power,restatement,False
E100000002475,E100000000374,AXA Entities,methodology,False
E100000121376,E100000120530,HEP-Proizvodnja,restatement,False
E100000001830,E100002001374,Brookfield Asset Management PIC Canada,restatement,False
E100001014694,E100001000348,BlackRock,restatement,False
E100000121454,E100000121456,Toplofikatsiya Pleven [TO BE DELETED],methodology,False
E100000132554,E100001000060,Raizen Energia,restatement,False
E100000120447,E100000120446,FACOR Group,restatement,False
E100000004225,E100000000710,Amaya Capital,restatement,False
E100000003985,E100000000646,Kansai Electric Power,restatement,False
E100001016047,E100001016048,SEMCO Holding,restatement,False
E100000003097,E100000000757,Niger Delta Power Holding,restatement,False
E100000002366,E100000001213,Exxon Mobil,restatement,False
E100000000030,E100000000032,Wiener Stadtwerke,restatement,False
E100000121063,E100001010086,PT Sinar Mas Group,restatement,False
E100000004174,E100000001099,British International Investment,restatement,False
E100000002846,E100000001322,Vistra,restatement,False
E100001010596,E100001015644,Dodge & Cox,restatement,False
E100000002945,E100000000436,Siemens,restatement,False
E100000003550,E100000001125,St Modwen Properties,restatement,False
E100001016050,E100001016051,Scotia Gas Networks,restatement,False
E100000000655,E100000000663,Yonden Group,methodology,False
E100000003807,E100000001262,NRG Energy,restatement,False
E100000132908,E100002003006,LOLC Holdings,restatement,False
E100000003545,E100000001206,Energy Investors Fund,methodology,False
E100000002577,E100000001297,Lotus Infrastructure Partners,restatement,False
E100001014732,E100002003592,Talisman Global Capital Master,restatement,False
E100000003552,E100000000697,Edra Power Holdings,restatement,False
E100000000516,E100000131638,State of Gujarat,restatement,False
E100000004090,E100000000529,Sravanthi Group,restatement,False
E100001010124,E100000123261,natural person(s),restatement,True
E100002003024,E100002003025,Enva Midco,restatement,False
E100000121380,E100001000404,Siberian Coal Energy Company,restatement,False
E100001014142,E100001015587,small shareholder(s),restatement,True
E100000003991,E100000000564,Persian Foulad (Steel),restatement,False
E100000120453,E100002007991,Fauji Fertilizer Company,restatement,False
E100001010905,E100000001096,BP,restatement,False
E100002004182,E100000123261,natural person(s),restatement,True
E100000120451,E100000120452,Fatima Group,restatement,False
E100000003187,E100000001231,Harbert Management,restatement,False
E100001010105,E100001016486,Bidenter Advisors,restatement,False
E100000003538,E100000000398,City of Hagen,restatement,False
E100001013641,E100001013279,PT Atlas Resources,restatement,False
E100001015899,E100002007672,Premier Transmission Holdings,methodology,False
E100000120402,E100000001827,Northland Power,restatement,False
E100001015365,E100000001492,Gazprom,restatement,False
E100000126981,E100000122410,Jiangsu Shagang Group,restatement,False
E100002005345,E100001015587,small shareholder(s),restatement,True
E100002000015,E100002003380,RT-Invest,restatement,False
E100000121042,E100000128998,Qingdao Urban Construction Investment (Group),restatement,False
E100001013550,E100001013463,Wilson Creek Holdings,restatement,False
E100001014369,E100001014370,Camuzzi Gas Inversora,restatement,False
E100001000670,E100000120525,Gupta Group,restatement,False
E100002003022,E100002003023,Enva Uk Bidco,restatement,False
E100001001059,E100002000023,Carlson Capital,restatement,False
E100001015271,E100001015272,Pemex-Gas and Basic Petrochemicals,methodology,False
E100000002600,E100000000167,China General Technology (Group) Holdings,restatement,False
E100001010797,E100000000337,CEZ,restatement,False
E100001016063,E100001016064,Cheniere Energy Partners,restatement,False
E100001001283,E100001001205,Babcock & Wilcox Enterprises,restatement,False
E100000003360,E100000000794,Power Planning and Monitoring,restatement,False
E100000004178,E100000001705,Tenaska,restatement,False
E100000001828,E100002000636,Electron Capital Partners,restatement,False
E100000132242,E100001013522,Londani Coal,restatement,False
E100000003750,E100000001023,B.Grimm Power,restatement,False
E100001000070,E100001000071,Atvos,restatement,False
E100002001274,E100002001276,Russian Copper Company Limited,restatement,False
E100001001411,E100000001193,Dominion Energy,restatement,False
E100001010385,E100001010381,Whitehaven Coal,restatement,False
E100000002473,E100000000583,Clal Insurance Enterprises Holdings,restatement,False
E100001011665,E100000000723,Africa50,restatement,False
E100001000775,E100001000781,Anglo American Steelmaking Coal Holdings,restatement,False
E100001010448,E100001010450,Pendekar Energy Ventures,restatement,False
E100001016579,E100001010811,Aliot,restatement,False
E100000002513,E100000001143,ArcLight Capital Partners,restatement,False
E100000002612,E100000001150,Avenue Capital Group,restatement,False
E100001010228,E100001010229,Lithemba Wonderfontein Coal,restatement,False
E100001010818,E100000131999,Octo Coal,restatement,False
E100000132331,E100001000683,Ministry of Finance (Uzbekistan),restatement,False
E100001013585,E100001001109,PT Bayan Energy,restatement,False
E100001000164,E100001000166,Gerbera Investments,restatement,False
E100002008132,E100002008135,Al-Massira International,restatement,False
E100002005345,E100002005666,Gazprom InvestProekt,restatement,False
E100000003419,E100000001198,Edison International,restatement,False
E100000150598,E100000123261,natural person(s),restatement,True
E100000150238,E100000001293,Sempra,restatement,False
E100000131094,E100001015587,small shareholder(s),restatement,True
E100000004129,E100000000731,Supreme Group of Companies,restatement,False
E100000003887,E100000001320,VIP Group International,restatement,False
E100001011267,E100001010595,The Vanguard Group,restatement,False
E100002003399,E100002003404,Infracapital Greenfield Partners I Gp,restatement,False
E100000120541,E100000000940,Hanwha Energy,restatement,False
E100001012987,E100001012989,Bluff Mountain Development,restatement,False
E100000002429,E100000001002,Primeo Energy,restatement,False
E100000000978,E100002002998,CVC Capital Partners SICAV-FIS,restatement,False
E100000003790,E100000001170,Calpine,restatement,False
E100002003769,E100002003770,Euronimba,restatement,False
E100001016148,E100001010018,Tata Steel,restatement,False
E100001010708,E100001000730,National Pension Service (South Korea),restatement,False
E100000000340,E100001000392,PPF Investments,restatement,False
E100000000657,E100001016127,BNYM AS AGT/ CLTS 10 Percent,restatement,False
E100001010750,E100000130895,KOKS,restatement,False
E100000004166,E100000000566,Saba Power and Energy Group,restatement,False
E100000131026,E100000130850,Sberbank Kapital,restatement,False
E100001010809,E100001016579,Service Industrial Operator,restatement,False
E100000000687,E100001000348,BlackRock,restatement,False
E100000001384,E100001014141,Wellington Management Group,restatement,False
E100000003404,E100001000979,NordEnergoGroup,restatement,False
E100001012213,E100000123261,natural person(s),restatement,True
E100000003646,E100000000123,Nalcor Energy,restatement,False
E100001014546,E100001014547,DTE Enterprises,restatement,False
E100002004722,E100002004726,Tereos SCA,restatement,False
E100000130756,E100001015587,small shareholder(s),restatement,True
E100000131987,E100000131722,JAZ Ventures,restatement,False
E100000003412,E100000001379,Antin Infrastructure Partners,restatement,False
E100001016481,E100001016479,Sibanthracite Development,restatement,False
E100000000757,E100001000298,Local Government Areas of Nigeria,restatement,False
E100000004019,E100000001222,GenOn Holdings,restatement,False
E100000131703,E100000000718,Grupo México,restatement,False
E100000131026,E100001015587,small shareholder(s),restatement,True
E100000003738,E100000000973,Grupo Losan,restatement,False
E100000002301,E100000132405,DOMTAR,methodology,False
E100001016372,E100000001223,General Electric,restatement,False
E100000003814,E100000000924,Newlyn Group,restatement,False
E100002000887,E100002000914,INEOS Industries,restatement,False
E100000001170,E100001000751,CPN Management,restatement,False
E100000002907,E100000001184,Clearway Energy Group,restatement,False
E100001001059,E100001000348,BlackRock,restatement,False
E100000003513,E100000001065,Manisa Organize Sanayi Bölgesi,restatement,False
E100000000395,E100001010234,Goldman Sachs Group,restatement,False
E100000002735,E100000000273,State Power Investment,restatement,False
E100000002396,E100000000912,Summit Power International,restatement,False
E100000132135,E100000131657,Hancock,restatement,False
E100000001319,E100001015587,small shareholder(s),restatement,True
E100000120631,E100001016716,STEAG Power,restatement,False
E100001000783,E100001000553,Seriti Coal,restatement,False
E100000131970,E100001016478,Northern Star Nominees,restatement,False
E100000000134,E100001015587,small shareholder(s),restatement,True
E100000003692,E100000001263,NTE Energy,restatement,False
E100000003602,E100000001261,Moxie Energy,restatement,False
E100000132412,E100000132405,DOMTAR,methodology,False
E100000004193,E100000001205,Energy Capital Partners Management,restatement,False
E100001013495,E100000132074,Private Resources,restatement,False
E100000132144,E100000123261,natural person(s),restatement,True
E100000002263,E100000001148,Atlas Holdings,restatement,False
E100001014732,E100000000112,Enbridge,restatement,False
E100001000772,E100001000774,Exxaro Resources,restatement,False
E100001010255,E100001012493,Kimia Mes Iranian Financial Group Investment,restatement,False
E100000132215,E100001016518,Voyage Wisdom,restatement,False
E100002003947,E100001000558,Adani Power,restatement,False
E100001010043,E100001000207,Constellation Energy Generation,methodology,False
E100000131897,E100000131256,American Resources,restatement,False
E100000001716,E100000000097,Metroni,restatement,False
E100001016247,E100000123261,natural person(s),restatement,True
E100002005507,E100002005670,CNGR Advanced Material,restatement,False
E100001010399,E100001010400,Haltixar,restatement,False
E100000002182,E100000132429,Hu Honua Bioenergy,restatement,False
E100001016039,E100001016042,Sirena II,restatement,False
E100000121331,E100001000388,Jastrzębska Spółka Węglowa,restatement,False
E100001015755,E100001015754,Emma Capital,restatement,False
E100002003379,E100000123261,natural person(s),restatement,True
E100000131043,E100000124668,Jingye Group,restatement,False
E100001010340,E100001016386,Elk Valley Mining,restatement,False
E100000120354,E100000004269,Uniper Kraftwerke,restatement,False
E100001013746,E100001013747,Patriot Coal,restatement,False
E100000002714,E100000130202,CITIC Group,methodology,False
E100000120063,E100000120064,An Khanh,restatement,False
E100000002551,E100000000866,Unipro,methodology,False
E100000002511,E100000001173,Carlyle Group,restatement,False
E100000000773,E100001016088,Investor,restatement,False
E100002002963,E100002002964,Pip Multi-Strategy Infrastructure Ppp,methodology,False
E100000003516,E100000001253,MRP Generation Holdings,restatement,False
E100000002650,E100000000659,Tokyo Electric Power,restatement,False
E100000002998,E100000001173,Carlyle Group,restatement,False
E100000003865,E100000000874,Rosneft,restatement,False
E100001010465,E100001011070,CGN New Energy Holdings [TO BE DELETED],methodology,False
E100000003172,E100000001508,Haldia Petrochemicals,restatement,False
E100002002700,E100001016651,Government of Portugal,restatement,False
E100000002486,E100000000672,Aga Khan Fund for Economic Development,restatement,False
E100001011982,E100001011983,Hamakua Holdings,restatement,False
E100000002547,E100000001050,Bosen Energy Electricity Generation,methodology,False
E100000004039,E100000001022,Asia Golden Rice,restatement,False
E100000003644,E100000000017,Infrastructure Capital Group,restatement,False
E100001014285,E100002007782,Belfast Gas Transmission Financing,methodology,False
E100001000522,E100001000516,JSW Steel,restatement,False
E100001000227,E100002001096,Amazonia Energia Participacoes,restatement,False
E100001013138,E100001013139,Bens Creek Group,restatement,False
E100000002420,E100000001048,Alarko Energy group,restatement,False
E100001000870,E100001016480,Sibcapital,restatement,False
E100000120951,E100001015587,small shareholder(s),restatement,True
E100000000111,E100002000008,FIL,restatement,False
E100001010023,E100001010020,Holding Company SDS Ugol,restatement,False
E100001014841,E100001015832,Vanguard Fiduciary Trust,restatement,False
E100000003322,E100000000555,National Iranian Gas,restatement,False
E100000120331,E100000120317,Datang Overseas Energy Investment,methodology,False
E100002000880,E100002000886,Inovyn Chlorvinyls,restatement,False
E100000003705,E100000001223,General Electric,restatement,False
E100000124677,E100000125231,Horgos Bandung Technology Development,restatement,False
E100001013264,E100001000488,Coronado Global Resources,restatement,False
E100000000810,E100000001247,KKR & Co.,restatement,False
E100000002473,E100000001232,Harbert-managed funds,restatement,False
E100000121339,E100000121514,Vedanta Resources,restatement,False
E100000001265,E100000123261,natural person(s),restatement,True
E100002007946,E100001000348,BlackRock,restatement,False
E100000004177,E100001010071,J-Power USA Generation,restatement,False
E100000002897,E100000001135,Alliant Energy,restatement,False
E100000002890,E100000001143,ArcLight Capital Partners,restatement,False
E100001014610,E100001014613,Egyptian Natural Gas,restatement,False
E100000002764,E100000001103,DS Smith,restatement,False
E100002003623,E100002003624,Midwood Holdings,restatement,False
E100001010710,E100000120009,AES Andes,restatement,False
E100000000639,E100001015587,small shareholder(s),restatement,True
E100000120776,E100000120777,Lotte Group,restatement,False
E100001010162,E100001010018,Tata Steel,restatement,False
E100001011297,E100000001331,Thermal Power Stations,restatement,False
E100000120435,E100000000510,Essar Global Fund,restatement,False
E100001010811,E100000123261,natural person(s),restatement,True
E100000002169,E100001015587,small shareholder(s),restatement,True
E100002000038,E100000001297,Lotus Infrastructure Partners,restatement,False
E100001000522,E100001010825,JSL,methodology,False
E100001010039,E100001016551,PT Indika Indonesia Resources,restatement,False
E100000120574,E100000120460,Formosa Plastics Group,methodology,False
E100000132044,E100000131256,American Resources,restatement,False
E100000003828,E100000000888,Saudi Arabian Oil,restatement,False
E100000001467,E100000002899,Edison,restatement,False
E100000131420,E100000131246,Alpha Metallurgical Resources,restatement,False
E100001015848,E100000123261,natural person(s),restatement,True
E100000131118,E100001016248,Kaveh Pars Mining Industries Development,restatement,False
E100001011793,E100000000565,Persian Gulf Petrochemical Industries,restatement,False
E100000000810,E100001014754,Philippines Clean Energy Holding,restatement,False
E100002003404,E100002003400,M&G Fa,restatement,False
E100000120893,E100000120765,Larsen & Toubro,restatement,False
E100001015974,E100000000980,Repsol,restatement,False
E100000003785,E100000001162,CIT Group,restatement,False
E100000004273,E100000000047,United Enterprises & Company,restatement,False
E100000120590,E100000120589,Hydro,methodology,False
E100002004376,E100002004377,Kuwait Projects Company Holding,restatement,False
E100000003856,E100000000543,Ghadir Investment Company,restatement,False
E100000131180,E100001016285,Tajali Mines and Metals Development,restatement,False
E100001014831,E100001014832,Venture Global LNG,restatement,False
E100000003735,E100000001001,Partners Group,restatement,False
E100000004307,E100000000878,T Plus,methodology,False
E100000004328,E100000001734,Westlake,methodology,False
E100000002650,E100000000049,Prudential Financial,restatement,False
E100001015854,E100001015856,Terega,restatement,False
E100000126489,E100000130575,Huasheng Holdings (Hong Kong),restatement,False
E100002004058,E100000123261,natural person(s),restatement,True
E100000121093,E100001000068,Veolia Energia Magyarország,restatement,False
E100002003768,E100000000689,Eurasian Resources Group,methodology,False
E100000001305,E100001010706,Capital International Investors,restatement,False
E100000132053,E100000131990,Nova Construction,restatement,False
E100000002770,E100000001360,S.E. Int-Energy Group,restatement,False
E100001011285,E100000123261,natural person(s),restatement,True
E100000132208,E100000120245,China Machinery Engineering,restatement,False
E100000120150,E100001000782,PT Alamtri Resources Indonesia,methodology,False
E100000002498,E100000000388,Veolia Environnement,restatement,False
E100001011079,E100000002078,Siberian Generating Company,restatement,False
E100000121047,E100000120928,Ningbo Lygend,restatement,False
E100000003180,E100000001173,Carlyle Group,restatement,False
E100001014505,E100000123261,natural person(s),restatement,True
E100000001375,E100000000468,AD ESM,restatement,False
E100002002710,E100000132405,DOMTAR,methodology,False
E100000132869,E100000132405,DOMTAR,methodology,False
E100000003010,E100000001213,Exxon Mobil,methodology,False
E100000003208,E100000000561,Omid Investment Management,restatement,False
E100001001059,E100001015587,small shareholder(s),restatement,True
E100001013433,E100001013435,PT Bangun Asia Persada,restatement,False
E100001000067,E100002004722,Tereos Agro-Industrie,restatement,False
E100001000207,E100001000208,Constellation Energy,methodology,False
E100000002414,E100001000967,Al Kamil Investments,restatement,False
E100001015954,E100001015957,Guoxin Guotong Fund,restatement,False
E100001000871,E100001016403,Hillestrato Investments,restatement,False
E100000120355,E100000120289,Corporación Dominicana de Empresas Eléctricas Estatales,restatement,False
E100000120442,E100000123261,natural person(s),restatement,True
E100000121447,E100001013557,PT TBS Energi Utama,restatement,False
E100000004347,E100000001115,NPL Group,restatement,False
E100000131077,E100000000543,Ghadir Investment Company,restatement,False
E100002007671,E100002007717,Pershing,restatement,False
E100000002836,E100000001306,The Dow Chemical Company,restatement,False
E100001000150,E100001000152,Adecoagro,restatement,False
E100000002428,E100000000995,EOS Holdings,restatement,False
E100001013681,E100000121097,Park Holding,methodology,False
E100000121498,E100002000119,AM Mining India,restatement,False
E100000002425,E100000000484,Chow Tai Fook Enterprises,restatement,False
E100000001103,E100001015587,small shareholder(s),restatement,True
E100000003676,E100001016124,Nebula II Holdings,restatement,False
E100000001825,E100000001086,Mubadala Investment Company,restatement,False
E100000003760,E100000000540,PT Toba Sejahtra,restatement,False
E100002004553,E100001000516,JSW Steel,restatement,False
E100000003171,E100000001325,WattBridge Energy,restatement,False
E100001011267,E100001015587,small shareholder(s),restatement,True
E100000003947,E100000000889,Saudi Basic Industries,restatement,False
E100000132960,E100000123261,natural person(s),restatement,True
E100000002928,E100000000111,Emera,restatement,False
E100001000520,E100000123261,natural person(s),restatement,True
E100000131262,E100001010088,State of Andhra Pradesh (India),methodology,False
E100000120541,E100001015587,small shareholder(s),restatement,True
E100001000489,E100001016561,Baring Vostok Capital Partners,restatement,False
E100000003812,E100000001628,Phakwe Group,restatement,False
E100000002891,E100000000963,Abengoa,restatement,False
E100000121361,E100000121360,Surana Industries,restatement,False
E100000125231,E100000126087,zuntai,restatement,False
E100000002472,E100000000733,Algemene Pensioen Groep,restatement,False
E100000001986,E100002000067,Prefecture of Toyama,restatement,False
E100000003215,E100000001384,Ares Management,restatement,False
E100000002330,E100000001293,Sempra,restatement,False
E100000000659,E100000123261,natural person(s),restatement,True
E100001013253,E100001013258,Interactive Investor Services Nominees,restatement,False
E100001013165,E100000131400,Blackhawk Mining,restatement,False
E100001000742,E100001000397,Government of India,restatement,False
E100001013239,E100001013240,Ascentia Holdings,restatement,False
E100000121567,E100000121135,Południowy Koncern Energetyczny,methodology,False
E100000003415,E100000000904,Keppel,methodology,False
E100000132284,E100000000018,Macquarie Group,restatement,False
E100000003477,E100000001922,LANCO Infratech,restatement,False
E100000003206,E100000001248,LS Power Development,restatement,False
E100001013495,E100001013496,PT Pakarti Putra Sang Fajar,restatement,False
E100000000660,E100001000179,Custody Bank of Japan,restatement,False
E100000004140,E100000000746,Shell,restatement,False
E100001012226,E100001016306,RSHB-Finance,restatement,False
E100000131019,E100001000663,EVRAZ,methodology,False
E100000003985,E100000000644,Japan Bank for International Cooperation,restatement,False
E100002003590,E100000123261,natural person(s),restatement,True
E100001001443,E100001000478,Westmoreland Coal,methodology,False
E100000002804,E100000001293,Sempra,restatement,False
E100001013347,E100001013348,International Resources,restatement,False
E100000002950,E100000000430,Paderborner Kommunalbetriebe,restatement,False
E100001012226,E100000123261,natural person(s),restatement,True
E100001014106,E100002000638,Investment Management Corporation of Ontario,restatement,False
E100002008273,E100000000953,POSCO Holdings,restatement,False
E100000003566,E100000000125,Ontario Municipal Employees Retirement Systems,restatement,False
E100001000076,E100001000077,COFCO International,restatement,False
E100001000842,E100001000404,Siberian Coal Energy Company,restatement,False
E100000131987,E100000001237,ITOCHU,restatement,False
E100002000887,E100002007662,Inovyn Chlorvinyls Holdings,restatement,False
E100000003620,E100000120900,Nakoso IGCC Management,restatement,False
E100000003587,E100000000557,National Iranian Petrochemical,restatement,False
E100000001454,E100001000089,Canada Pension Plan Investment,restatement,False
E100002002966,E100002002965,Pip Manager,restatement,False
E100002007662,E100002007808,Inovyn Group Treasury,restatement,False
E100000130756,E100001015832,Vanguard Fiduciary Trust,restatement,False
E100000004236,E100000000725,Beas Rovuma Energy Mozambique,restatement,False
E100001000262,E100002006638,Sociedad Portafolio,restatement,False
E100000120563,E100000120562,Hira Group,restatement,False
E100001000774,E100001015587,small shareholder(s),restatement,True
E100002004052,E100001000605,Metinvest,restatement,False
E100001001112,E100001001106,PT Bayan Resources,restatement,False
E100001014344,E100000002016,Comisión Federal de Electricidad,restatement,False
E100000132340,E100001010627,Baikalinvestenergo,restatement,False
E100000121208,E100002000673,Ampeak Energy,restatement,False
E100000132247,E100001010576,Audley Energy,restatement,False
E100000000388,E100001011055,Crédit Agricole,restatement,False
E100000120401,E100000120304,DL Energy [TO BE DELETED],methodology,False
E100000131685,E100000123261,natural person(s),restatement,True
E100000130999,E100000123261,natural person(s),restatement,True
E100000003555,E100001000899,EDF International,restatement,False
E100000121519,E100000001772,Electricity Retail and Generation,restatement,False
E100000153018,E100001000557,State of Rajasthan,restatement,False
E100000003358,E100000001480,FPL Energy,restatement,False
E100000002497,E100000000104,Brookfield,restatement,False
E100001014652,E100001014653,Enable Midstream Partners,restatement,False
E100000001257,E100001000312,BNDES Participações,restatement,False
E100002007652,E100002007701,Bp Global Investments,restatement,False
E100000002663,E100000000083,Oncorp,restatement,False
E100000001378,E100000001254,Marathon Petroleum,restatement,False
E100001014621,E100001014622,Energy Transfer Operating,restatement,False
E100000120984,E100000000826,PGE Polska Grupa Energetyczna,restatement,False
E100000003531,E100000001712,Alsons Power Holdings,restatement,False
E100000004280,E100000001591,NPF Otkritie,restatement,False
E100000003789,E100000000563,Pasargad Financial Group,restatement,False
E100000120964,E100000003709,Opel Automobile,restatement,False
E100000001237,E100000123261,natural person(s),restatement,True
E100000004308,E100000000869,LUKOIL,restatement,False
E100000002805,E100002000926,Mohammadi Group,restatement,False
E100000002499,E100000001053,Egemen Group,restatement,False
E100001012048,E100000137052,Plug Power,restatement,False
E100001016000,E100000123261,natural person(s),restatement,True
E100000000414,E100002001934,Artisan Partners Asset Management,restatement,False
E100002004274,E100000002088,Severstal,restatement,False
E100000003664,E100000000794,Power Planning and Monitoring,restatement,False
E100000003084,E100000001149,Avangrid,restatement,False
E100000002549,E100000000866,Unipro,methodology,False
E100000003419,E100000001180,Chevron USA,restatement,False
E100000120933,E100000000652,Nippon Steel,restatement,False
E100000003858,E100000000566,Saba Power and Energy Group,restatement,False
E100000001826,E100002000815,Province of New Brunswick (Canada),restatement,False
E100001016445,E100000001035,PTT,restatement,False
E100000001206,E100000001384,Ares Management,methodology,False
E100001000884,E100001015587,small shareholder(s),restatement,True
E100000003189,E100000001296,Southwest Generation Operating Company,restatement,False
E100000003575,E100000001642,Riverstone Holdings,restatement,False
E100001000824,E100001000400,Glencore,restatement,False
E100000132877,E100002003001,CPFL Energia,restatement,False
E100000001937,E100001001128,VFSI Holdings,restatement,False
E100000003613,E100000001262,NRG Energy,restatement,False
E100000003095,E100000000090,Servtec Investimentos e Participações,restatement,False
E100000000978,E100002002997,Global Infrastructure Partner III,restatement,False
E100001010124,E100001010672,Quam Securities,restatement,False
E100001015801,E100000000136,TC Energy,restatement,False
E100001010967,E100000131264,GUP Angishti Tojik,restatement,False
E100000003826,E100000001384,Ares Management,restatement,False
E100000002644,E100000000107,Capital Power,restatement,False
E100000000067,E100001000285,Eneva Fundo de Investimento Financeiro em Acoes Responsabilidade,restatement,False
E100000002476,E100001000376,Atlas Group,restatement,False
E100000004140,E100000001213,Exxon Mobil,restatement,False
E100000003676,E100001016123,Serenity II Holdings,restatement,False
E100000002048,E100000123261,natural person(s),restatement,True
E100000002722,E100000001297,Lotus Infrastructure Partners,restatement,False
E100000004202,E100001015603,Waltersmith Petroman Oil,restatement,False
E100000003890,E100001000083,Reliance Power,restatement,False
E100001010428,E100000001534,JPMorgan Chase & Co,restatement,False
E100001012976,E100001012977,United Coal Company,restatement,False
E100000002630,E100000001170,Calpine,methodology,False
E100000003545,E100000001200,El Paso Energy,restatement,False
E100000003437,E100000000878,T Plus,methodology,False
E100001014229,E100001014230,British Gas Americas,restatement,False
E100000002819,E100001000793,HDC Hyundai Development,restatement,False
E100000134268,E100002000310,Abhijeet Ventures,restatement,False
E100000002849,E100000001454,E.ON,restatement,False
E100001011573,E100001011574,Entergy Amalgamated Competitive Holdings,restatement,False
E100001012522,E100000000547,Iranian Mines & Mining Industries Development & Renovation Organization,restatement,False
E100001012802,E100001012803,Main Street 510,restatement,False
E100000002661,E100000000740,Dutch Entrepreneurial Development Bank,restatement,False
E100000130977,E100000130931,Al Tuwairqi Holding,restatement,False
E100000003770,E100000000813,Manila Electric,restatement,False
E100000004175,E100000001300,T1 Power Holdings,restatement,False
E100000003357,E100000000562,Parsian Group,restatement,False
E100001012123,E100000123261,natural person(s),restatement,True
E100000120210,E100001011370,Kaveri Gas Power,restatement,False
E100000002475,E100000002248,Emerging Capital Partners,restatement,False
E100000003779,E100000001280,Panda Power Funds,restatement,False
E100000003665,E100000002192,California Public Employees' Retirement System,restatement,False
E100000121004,E100000120669,Jawa Pos Group,restatement,False
E100000002393,E100000001079,Abu Dhabi National Oil,restatement,False
E100000003634,E100000001636,RATCH Group,restatement,False
E100000002511,E100000000745,Reggeborgh Invest,restatement,False
E100000002476,E100001000377,MAN Energy Solutions,restatement,False
E100000121162,E100000001454,E.ON,restatement,False
E100001014805,E100000153201,Fluxys,restatement,False
E100000001470,E100000000411,GETEC Energie Holding,restatement,False
E100000000134,E100001016240,Fairfax Financial Holdings,restatement,False
E100000002819,E100000000947,Korea Electric Power,restatement,False
E100001016386,E100001010337,Teck Resources,restatement,False
E100000004275,E100000000047,United Enterprises & Company,restatement,False
E100001014583,E100001014584,Stedin Holding,restatement,False
E100002002727,E100000123261,natural person(s),restatement,True
E100000003461,E100000000869,LUKOIL,restatement,False
E100001010378,E100001016580,Kolmar Group,restatement,False
E100001010326,E100001000663,EVRAZ,restatement,False
E100000120294,E100001011592,Diliigent Power,restatement,False
E100000000940,E100000120541,Hanwha,restatement,False
E100000003479,E100000001222,GenOn Holdings,restatement,False
E100000003543,E100000001131,Access Industries,restatement,False
E100001013179,E100000003765,PacifiCorp,restatement,False
E100001012966,E100001012967,AK Steel Holding,restatement,False
E100002003646,E100000123261,natural person(s),restatement,True
E100001012048,E100001012049,EIT InnoEnergy,restatement,False
E100001010867,E100001010869,KN Invest,restatement,False
E100000002169,E100001015832,Vanguard Fiduciary Trust,restatement,False
E100000004089,E100000001195,Dupont,restatement,False
E100000002588,E100001000379,Caisse de dépôt et placement du Québec,restatement,False
E100000001996,E100002001210,Energoproekt,restatement,False
E100001000859,E100000001723,UROC,restatement,False
E100002007701,E100000001096,BP,restatement,False
E100001016586,E100000123261,natural person(s),restatement,True
E100002003652,E100002003653,Oninvest,restatement,False
E100000001091,E100002007645,Aberdeen Corporate Services,methodology,False
E100001000967,E100001000905,International Power,restatement,False
E100001000686,E100001000520,Life Insurance Corporation of India,restatement,False
E100000132405,E100000132845,Domtar,methodology,False
E100001000679,E100001001106,PT Bayan Resources,restatement,False
E100000002472,E100000000583,Clal Insurance Enterprises Holdings,restatement,False
E100000001275,E100001014573,Dimensional Fund Advisors,restatement,False
E100002001268,E100002001269,United Mining Industries Company,restatement,False
E100000002841,E100000001194,Duke Energy,restatement,False
E100001010667,E100000131905,MelTEK,restatement,False
E100000003566,E100000000115,Global Strategic Investment Alliance,restatement,False
E100000120331,E100001010086,PT Sinar Mas Group,restatement,False
E100002003712,E100000000510,Essar Global Fund,restatement,False
E100000003460,E100000000861,Megapolis Group,restatement,False
E100000120614,E100000120521,Guangdong Guangxin Holdings Group,methodology,False
E100000003389,E100000002111,Korea Southern Power,restatement,False
E100000002832,E100000001073,Zorlu Holding,restatement,False
E100000003489,E100000001218,Fortistar,restatement,False
E100001013620,E100000133214,DBS Bank,restatement,False
E100000121601,E100001010797,CEZ Holdings,restatement,False
E100001016623,E100001000558,Adani Power,restatement,False
E100000003195,E100000001297,Lotus Infrastructure Partners,restatement,False
E100000002918,E100000000854,Termoelectrica,restatement,False
E100000004236,E100000000523,ONGC Videsh,restatement,False
E100001000310,E100000001104,Drax Group,restatement,False
E100000002535,E100000001158,Blackstone,restatement,False
E100000004157,E100001011249,TNEB,restatement,False
E100000130738,E100001016260,Aldworth Investments,restatement,False
E100002001101,E100002001102,Deutsche Kreditbank,restatement,False
E100002003237,E100000000746,Shell,restatement,False
E100001001110,E100001001106,PT Bayan Resources,restatement,False
E100000124678,E100000123261,natural person(s),restatement,True
E100000003215,E100000001582,Menora Mivtachim Insurance,restatement,False
E100000002588,E100000000481,CLP Holdings,restatement,False
E100000002769,E100000001311,Touchstone Energy Cooperative,restatement,False
E100000130738,E100001016264,Sandine Management,restatement,False
E100001014380,E100000001001,Partners Group,restatement,False
E100001014774,E100000000516,Gujarat State Petroleum Corporation,restatement,False
E100001013473,E100000120627,International Coal Ventures,restatement,False
E100000002542,E100000001157,Black Hills,restatement,False
E100000003268,E100000000171,China Huaneng Group,restatement,False
E100001010085,E100001015587,small shareholder(s),restatement,True
E100001016056,E100000001647,SK,restatement,False
E100000130816,E100000131035,PAT Zaporizhstal-AH,restatement,False
E100000001586,E100000001067,Motor Oil Holdings,restatement,False
E100000003487,E100000001202,EmberClear,restatement,False
E100000126377,E100000123983,Rizhao Steel Holding Group,restatement,False
E100000004095,E100000000408,Energie- und Wasserversorgung Mittleres Ruhrgebiet,restatement,False
E100001013461,E100001013462,Wilson Creek Energy,restatement,False
E100001014694,E100001010595,The Vanguard Group,restatement,False
E100000002305,E100001011289,Zimmer Partners,restatement,False
E100000004202,E100001015602,First Exploration & Petroleum Development,restatement,False
E100001000791,E100001016471,PT Alam Tri Abadi,restatement,False
E100001000787,E100000123261,natural person(s),restatement,True
E100000003405,E100000003464,LUKOIL-Volgogradenergo,restatement,False
E100001014142,E100001014143,DGR Global,restatement,False
E100002005404,E100002005406,Whitmore Asset Management,restatement,False
E100001013427,E100001001109,PT Bayan Energy,restatement,False
E100002000969,E100001000177,Mitsubishi Heavy Industries,restatement,False
E100000002621,E100000001323,W Power,restatement,False
E100000003485,E100000001143,ArcLight Capital Partners,restatement,False
E100001015934,E100002004437,Lazard Asset Management,restatement,False
E100001013654,E100001013279,PT Atlas Resources,restatement,False
E100000120383,E100000120205,Capital Advisors,restatement,False
E100000003760,E100000000539,PT Sinergi Sukses Utama,restatement,False
E100001016033,E100000123261,natural person(s),restatement,True
E100000003559,E100000001272,Onward Energy,restatement,False
E100000003514,E100000150492,Mackinaw Power Holdings,restatement,False
E100002002964,E100002002967,Pip Multi-Strategy Infrastructure Gp,methodology,False
E100000003723,E100000001147,Atlantic Power,restatement,False
E100001014225,E100001014227,Uniper Ruhrgas BBL,restatement,False
E100000001789,E100000001265,New Fortress Energy,restatement,False
E100000003205,E100000001248,LS Power Development,restatement,False
E100001010287,E100000000656,Sojitz,restatement,False
E100000120600,E100001011627,Kirloskar Ferrous Industries,restatement,False
E100001010700,E100001000489,Tigers Realm Coal,restatement,False
E100000003299,E100000001238,Indeck Energy Services,restatement,False
E100001011665,E100000001092,Actis,restatement,False
E100001000828,E100001000084,Government of Indonesia,restatement,False
E100000131236,E100000123261,natural person(s),restatement,True
E100000003410,E100000001052,Ciner Group,restatement,False
E100000003555,E100001000732,Tokyo Electric Power Company International,restatement,False
E100000003231,E100000000213,Huadian Power International,restatement,False
E100001000374,E100001000375,Pan-African Infrastructure Development Funds,restatement,False
E100000002793,E100000001164,CMS Energy,restatement,False
E100002003026,E100002003027,Cube Resource Recovery Europe,restatement,False
E100000120821,E100000121598,Çolakoğlu Group,methodology,False
E100001010381,E100001010430,BNP Paribas Noms,methodology,False
E100001000507,E100001000493,ArcelorMittal Brasil,restatement,False
E100001001153,E100001001156,Forum Muider,restatement,False
E100002007640,E100002007807,Cable & Wireless Uk Holdings,restatement,False
E100000003147,E100000001165,Caithness Energy,restatement,False
E100000120192,E100000120242,China Communication Construction Group,restatement,False
E100001000235,E100000001385,Atlas,restatement,False
E100000003489,E100000000654,Osaka Gas,restatement,False
E100000002740,E100000000691,Lecta,restatement,False
E100001000778,E100001000781,Anglo American Steelmaking Coal Holdings,restatement,False
E100000002589,E100000001164,CMS Energy,restatement,False
E100001010155,E100001000516,JSW Steel,restatement,False
E100001014285,E100001014286,Mutual Energy,restatement,False
E100001016037,E100001016038,Ancala Midstream Acquisitions,restatement,False
E100000003749,E100000001280,Panda Power Funds,restatement,False
E100000132609,E100002002693,Institute for the Management of State Assets and Shareholdings,restatement,False
E100000001023,E100001000324,UBS Singapore Branch,restatement,False
E100000130756,E100001014573,Dimensional Fund Advisors,restatement,False
E100002000672,E100000000585,Delek Group,methodology,False
E100000120778,E100000000014,AGL Energy,methodology,False
E100002003738,E100002003739,Aethel Mining Europe,restatement,False
E100000132350,E100001015587,small shareholder(s),restatement,True
E100000121022,E100001010086,PT Sinar Mas Group,restatement,False
E100001010255,E100001012492,Omid Iranian Marketing Exclusive Investment Fund,restatement,False
E100000132565,E100002001550,City of Borås (Sweden),methodology,False
E100000120218,E100000120043,Alarko Holding,restatement,False
E100001000049,E100001000051,Niblak Participações,restatement,False
E100000003326,E100000001122,SDCL Energy Efficiency Income Trust,restatement,False
E100000003545,E100000001223,General Electric,restatement,False
E100000003061,E100000000511,GMR Group,restatement,False
E100000120081,E100000120080,Asahi Kasei,restatement,False
E100000152934,E100000001534,JPMorgan Chase & Co,restatement,False
E100000002473,E100000000428,Munich RE,restatement,False
E100000004117,E100000001356,Kimball Capital,restatement,False
E100001014547,E100000002239,DTE Electric,restatement,False
E100000002650,E100000000989,Advanced Power,restatement,False
E100000000382,E100001000901,The Capital Group Companies,restatement,False
E100000003407,E100000000669,National Company KazMunayGas,methodology,False
E100000002960,E100000001475,Energypac,restatement,False
E100000130738,E100001016263,Granotex Ventures,restatement,False
E100001013803,E100001000543,Energy Earth,restatement,False
E100000132846,E100000123261,natural person(s),restatement,True
E100002002905,E100000124354,Anshan Iron and Steel Group,restatement,False
E100001001397,E100001001308,Heorot Power Holdings,methodology,False
E100001015285,E100001000348,BlackRock,restatement,False
E100000130756,E100001015833,Blackrock Advisors,restatement,False
E100000131188,E100000131200,Jincheng Industry Development,restatement,False
E100000002548,E100000001325,WattBridge Energy,restatement,False
E100000004225,E100000000723,Africa50,restatement,False
E100001015990,E100001000293,Government of Turkmenistan,methodology,False
E100000002477,E100000001386,Attock Group,methodology,False
E100000001305,E100001010705,Capital World Investors,restatement,False
E100000004259,E100000000892,Swicorp,restatement,False
E100000003760,E100000000900,Highland Strategic Holdings,restatement,False
E100002003590,E100001000348,BlackRock,restatement,False
E100001010116,E100000000687,ArcelorMittal,restatement,False
E100000132247,E100001010575,Mayfair Corporations Group,restatement,False
E100001016507,E100000123261,natural person(s),restatement,True
E100001000861,E100001000273,Rosatom,restatement,False
E100000130714,E100000123261,natural person(s),restatement,True
E100000120837,E100000120836,Meiko Trans,restatement,False
E100000002650,E100000001317,Ullico,restatement,False
E100000120556,E100000120731,Kolin Group,restatement,False
E100001000740,E100001000441,Ural Mining and Metallurgical Company,restatement,False
E100001011267,E100001010596,State Street,restatement,False
E100001000168,E100001000071,Atvos,restatement,False
E100000131563,E100000123261,natural person(s),restatement,True
E100000003555,E100001000900,Summit Global Management II,restatement,False
E100000120560,E100000123261,natural person(s),restatement,True
E100000002640,E100000001072,Türkiye İş Bankasi,restatement,False
E100001010981,E100001010998,EP Petroecuador,restatement,False
E100002001426,E100000001763,Pampa Energia,restatement,False
E100001012007,E100001012008,NNPC E&P,methodology,False
E100001010905,E100002007652,Bp Asia Pacific Holdings,restatement,False
E100000004261,E100000000878,T Plus,methodology,False
E100000121116,E100001001129,Refrigeration Electrical Engineering,restatement,False
E100000003086,E100000001222,GenOn Holdings,restatement,False
E100000131189,E100000131078,Sunningwell Steel Polska,restatement,False
E100000004086,E100000001227,Grady Electric Membership,restatement,False
E100000132247,E100001000764,Thungela Resources,restatement,False
E100000002983,E100000001322,Vistra,restatement,False
E100002002964,E100002002965,Pip Manager,methodology,False
E100000130712,E100001000179,Custody Bank of Japan,restatement,False
E100000121128,E100000121129,Polat Yol Yapı Sanayi Ve Ticaret,restatement,False
E100000004341,E100000000120,Manulife Financial,restatement,False
E100000132350,E100000131558,EMR Capital,restatement,False
E100000002464,E100000000621,Renco,restatement,False
E100000131713,E100000132113,Razrez Yuzhny,restatement,False
E100001000499,E100001015587,small shareholder(s),restatement,True
E100000003785,E100000001328,Wood Warren &,restatement,False
E100000002650,E100000001301,Teachers Insurance and Annuity Association of America,restatement,False
E100000002606,E100000001185,Competitive Power Ventures,restatement,False
E100000003596,E100000000878,T Plus,methodology,False
E100001012048,E100001012053,Primetals Technologies,restatement,False
E100000123961,E100000124678,Huanghe Jintian Industrial,restatement,False
E100000003665,E100000001231,Harbert Management,restatement,False
E100001000966,E100002007778,National Power Oman Investments,restatement,False
E100000002806,E100000001262,NRG Energy,restatement,False
E100001010228,E100001000825,Umcebo Mining,restatement,False
E100000002130,E100001010887,Thai NVDR,restatement,False
E100001010196,E100001016145,Inoue Fudosan YK,restatement,False
E100000001991,E100001015361,Saibu Gas Holdings,methodology,False
E100001010752,E100001010796,SBK Premier,restatement,False
E100000003120,E100000000646,Kansai Electric Power,restatement,False
E100001015218,E100000001492,Gazprom,restatement,False
E100000120600,E100001011628,Kirloskar Industries,restatement,False
E100000002550,E100000000866,Unipro,methodology,False
E100001001059,E100001010595,The Vanguard Group,restatement,False
E100001010387,E100000000641,Electric Power Development,restatement,False
E100001013475,E100000131921,Ministry of Energy (Ukraine),restatement,False
E100001000775,E100001000776,Mitsui Resources,restatement,False
E100001012802,E100001000576,Industrial Development Corporation of South Africa,restatement,False
E100001010478,E100001011209,Trade Matrix Bangladesh,restatement,False
E100000132201,E100000131595,TOO FCI Management,restatement,False
E100001010802,E100000132214,South Coal Company,restatement,False
E100001010229,E100001016576,Middle East South Africa Energy Investment Holdings,restatement,False
E100001014932,E100001014933,DCP Midstream,restatement,False
E100001016037,E100002007767,Ancala Midstream I Gp,methodology,False
E100001015021,E100001015024,IMC Investments,restatement,False
E100000120577,E100000000170,China Huadian,restatement,False
E100000004141,E100000000325,Ingelec Group,restatement,False
E100001013139,E100002007648,Mbu Capital Group,restatement,False
E100001013205,E100001000537,Vietnam National Coal and Mineral Industries Holding,restatement,False
E100002005404,E100002005405,Ansbury Investments,restatement,False
E100001000944,E100001000945,PT Adani Global,restatement,False
E100000003107,E100000000558,Negin Sabz Middle East Dynamic Energy Production and Development,restatement,False
E100000120012,E100000129143,China Investment,restatement,False
E100000003807,E100000000635,ENEOS Holdings,restatement,False
E100001001392,E100000002262,Great River Energy,restatement,False
E100000132133,E100000121182,RioZim,restatement,False
E100001001219,E100000001164,CMS Energy,restatement,False
E100000003102,E100000001291,Salt River Project,restatement,False
E100001000549,E100001000546,Arch Resources,restatement,False
E100002007946,E100002007948,Ranger Investment Management,restatement,False
E100000002682,E100000001248,LS Power Development,restatement,False
E100000004253,E100000000970,FINCORPORATIVA,restatement,False
E100002004413,E100000000874,Rosneft,restatement,False
E100001014646,E100001014648,ALPS Advisors,restatement,False
E100001013479,E100000123261,natural person(s),restatement,True
E100001015391,E100000123261,natural person(s),restatement,True
E100001014813,E100001014815,Molgas Energy Holding,restatement,False
E100000003203,E100000000453,Thüga Holding,restatement,False
E100001000751,E100002003226,Volt Parent GP,restatement,False
E100000131560,E100000123261,natural person(s),restatement,True
E100000126981,E100000130574,Hong Kong Hengde,restatement,False
E100000000136,E100002001490,BMO Bank NA,restatement,False
E100000130929,E100001016333,Delong Holdings,restatement,False
E100001013672,E100001013673,PT Sentosa Laju Sejahtera,restatement,False
E100000001611,E100000000331,Cyfield Development Public,restatement,False
E100001015416,E100000000433,RWE,restatement,False
E100001013256,E100002005458,Hargreaves Lansdown Asset Management,restatement,False
E100000003926,E100000000459,Volkswagen,restatement,False
E100001015715,E100001015716,Hitecvision Vii,restatement,False
E100000002945,E100000000968,Endesa,restatement,False
E100002003023,E100002003024,Enva Debtco,restatement,False
E100001010337,E100001016389,Fullbloom Investment,restatement,False
E100001013895,E100000123261,natural person(s),restatement,True
E100000132571,E100001000111,Empresas CMPC,methodology,False
E100000120551,E100001010134,Government of Brunei,restatement,False
E100000004201,E100000001603,Oasis Power One Conventional Energy and Water,restatement,False
E100001010362,E100001011734,Ministry of Energy of Donetsk People's Republic,restatement,False
E100001000577,E100000123261,natural person(s),restatement,True
E100000003481,E100000001143,ArcLight Capital Partners,restatement,False
E100000002114,E100000001647,SK,restatement,False
E100000003694,E100000000653,Okiden Group,restatement,False
E100000003356,E100000000641,Electric Power Development,restatement,False
E100000002169,E100001015833,Blackrock Advisors,restatement,False
E100002003472,E100000123261,natural person(s),restatement,True
E100001000405,E100001016362,Long Haul Holdings,restatement,False
E100001000545,E100001010253,CBR,restatement,False
E100000003210,E100000001170,Calpine,restatement,False
E100000121011,E100001010924,PT Intercipta Sempana,restatement,False
E100001001359,E100001001340,LONGVIEW INTERMEDIATE HOLDINGS C,methodology,False
E100000120747,E100001010920,MUP Lokomotiv,restatement,False
E100000002990,E100000001209,Entergy,restatement,False
E100000002763,E100000000452,Technische Werke Dresden,restatement,False
E100001015731,E100001015732,Southwest Gas Holdings,restatement,False
E100000004053,E100000000975,Iberdrola,restatement,False
E100000132722,E100000120419,Engie Brasil Energia,restatement,False
E100000003640,E100000001642,Riverstone Holdings,restatement,False
E100001010478,E100001011208,Energis Holdings,restatement,False
E100000121460,E100000000655,Shikoku Electric Power,restatement,False
E100002007946,E100001010595,The Vanguard Group,restatement,False
E100001010505,E100001011123,Doreen Group,methodology,False
E100000120838,E100001000485,Uttar Pradesh Rajya Vidyut Utpadan Nigam,methodology,False
E100000002658,E100000001218,Fortistar,restatement,False
E100000003215,E100000001383,Ardian Infrastructure,restatement,False
E100000003390,E100000002111,Korea Southern Power,restatement,False
E100000130690,E100000130966,Aperam,restatement,False
E100001013737,E100000120513,Province of Sindh (Pakistan),restatement,False
E100000002272,E100000001173,Carlyle Group,restatement,False
E100000131694,E100001010133,South32,restatement,False
E100000003538,E100000000432,REMONDIS Wasser und Energie,restatement,False
E100000003813,E100000001282,Phillips 66,restatement,False
E100000000512,E100000123261,natural person(s),restatement,True
E100002001210,E100002001212,Atyrau Power,restatement,False
E100001012007,E100000000610,Eni,methodology,False
E100000120312,E100000000533,PT Medco Energi Internasional,restatement,False
E100001010390,E100001000653,Core Natural Resources,restatement,False
E100000120999,E100000121138,Press Metal Aluminium Holdings,restatement,False
E100000132995,E100000121126,Pohjolan Voima,restatement,False
E100000121044,E100000121447,PT Toba Bara Enerji,restatement,False
E100001014602,E100001015411,First Eagle Investment Management,restatement,False
E100000123951,E100000001366,An Hui Wenergy,restatement,False
E100000001533,E100000000659,Tokyo Electric Power,restatement,False
E100000003599,E100000001976,BG Holdings,restatement,False
E100000002486,E100000000769,Norwegian Investment Fund for developing countries,restatement,False
E100002003442,E100002003443,Schindler Deutschland,restatement,False
E100001015196,E100001015198,Greenstone Management (Delaware) II,restatement,False
E100000003609,E100001011099,Baker Hughes Holdings,restatement,False
E100000150377,E100000001157,Black Hills,methodology,False
E100002000249,E100002003311,D&G Investments,restatement,False
E100002001210,E100002001214,Energoinvest LTD,restatement,False
E100002007638,E100002007773,Adaptogen Battery Storage Gp,methodology,False
E100000001437,E100000000326,Crodux Energy,restatement,False
E100000002561,E100000001146,Arroyo Energy Investment Partners,restatement,False
E100001013801,E100000004244,Tri-State Generation and Transmission Association,restatement,False
E100000003832,E100000000649,Marubeni,restatement,False
E100001000160,E100001000161,Shree Renuka Sugars,restatement,False
E100000003167,E100000001515,Hosaf Group,restatement,False
E100000130816,E100001015587,small shareholder(s),restatement,True
E100001016255,E100000123261,natural person(s),restatement,True
E100000003864,E100000000108,Cascades Grundstuck,restatement,False
E100000003497,E100000001322,Vistra,methodology,False
E100000132919,E100000001237,ITOCHU,restatement,False
E100002001096,E100000001790,Companhia Energética de Minas Gerais,restatement,False
E100000003849,E100000002574,Compañía Española de Petróleos,restatement,False
E100000003939,E100000001025,Com-Link,restatement,False
E100000003988,E100000001223,General Electric,restatement,False
E100000003067,E100000000516,Gujarat State Petroleum Corporation,restatement,False
E100000003771,E100000000165,China General Nuclear Power Group,restatement,False
E100000003433,E100000000654,Osaka Gas,restatement,False
E100001000884,E100001000879,Peabody Energy Australia,restatement,False
E100001011916,E100000001262,NRG Energy,restatement,False
E100001015196,E100001015197,Greenstone Resources II (Australia) Holdings,restatement,False
E100000002552,E100000000858,Ilim Group,methodology,False
E100001000610,E100001000609,Jaiprakash Associates,restatement,False
E100000131502,E100001016426,Ying He Yuan Investment (S),restatement,False
E100000002651,E100000001134,Alliance Energy Group,restatement,False
E100001001156,E100000000336,United Company RUSAL,restatement,False
E100000120024,E100000134268,Corporate Ispat Alloys,restatement,False
E100000002432,E100000000102,AltaGas,restatement,False
E100001013685,E100001013686,Arch Coal Operations,restatement,False
E100000003906,E100000001143,ArcLight Capital Partners,restatement,False
E100000002473,E100000000382,ENGIE,restatement,False
E100000131987,E100000000953,POSCO Holdings,restatement,False
E100001015272,E100000000720,Petróleos Mexicanos,methodology,False
E100000153083,E100000123261,natural person(s),restatement,True
E100000003805,E100000000538,PT Pertamina (Persero),methodology,False
E100000004274,E100000000047,United Enterprises & Company,restatement,False
E100000001596,E100000000746,Shell,methodology,False
E100001010118,E100000000652,Nippon Steel,restatement,False
E100000002952,E100000000138,GLOBALFOUNDRIES,restatement,False
E100000002252,E100000132390,Berlin Station,restatement,False
E100000002473,E100000000582,Bank HaPoalim,restatement,False
E100000002832,E100000000586,Edeltech,restatement,False
E100000130927,E100000130718,SeAH Holdings,restatement,False
E100000003711,E100000001005,UBS Group,restatement,False
E100001012048,E100001012051,Forvia,restatement,False
E100000002465,E100000001248,LS Power Development,restatement,False
E100000131448,E100001000766,Thungela Operations,restatement,False
E100002003327,E100000000345,Copenhagen Infrastructure Partners,restatement,False
E100000003739,E100000003732,Forward Energo,methodology,False
E100001011984,E100001011985,Hawaiian Electric Industries,restatement,False
E100000121047,E100000120543,Harita Group,restatement,False
E100001001143,E100000123261,natural person(s),restatement,True
E100000003416,E100000000904,Keppel,methodology,False
E100001010835,E100000131997,Department of Finance and Economics of Chukotka Autonomous District,restatement,False
E100001000816,E100001000400,Glencore,restatement,False
E100001014142,E100001014144,Tenstar Trading,restatement,False
E100000003955,E100000000878,T Plus,methodology,False
E100000003114,E100000000641,Electric Power Development,restatement,False
E100000003062,E100000000511,GMR Group,restatement,False
E100002000448,E100002001203,Government of Singapore,restatement,False
E100001016039,E100001015587,small shareholder(s),restatement,True
E100000132258,E100000132372,Yanzhou Coal Mining,restatement,False
E100000002844,E100000001322,Vistra,restatement,False
E100001014602,E100001000348,BlackRock,restatement,False
E100001013492,E100001013494,Clay Laurel Mining,restatement,False
E100001014386,E100001015833,Blackrock Advisors,restatement,False
E100000003688,E100000001074,Нidro Enerji Elektrik Uretim Sanayi,methodology,False
E100000003644,E100000000657,Sumitomo,restatement,False
E100000000340,E100001001103,EPPE Germany,restatement,False
E100000002167,E100000123261,natural person(s),restatement,True
E100000003981,E100000000909,Sembcorp Industries,restatement,False
E100000003840,E100000002970,EnfraGen,methodology,False
E100001015728,E100000000610,Eni,restatement,False
E100002002973,E100002002974,Foresight Group Holdings,restatement,False
E100001000481,E100001000482,PRISKO,restatement,False
E100001000748,E100000121397,Taekwang Group,restatement,False
E100000000757,E100001000297,Governments of States of Nigeria,restatement,False
E100001010151,E100001010138,American Consolidated Natural Resources,restatement,False
E100000131028,E100002004685,Graterra Invest,restatement,False
E100000131448,E100001010436,Vunani Mining,restatement,False
E100000002675,E100000000992,Cerdia International,restatement,False
E100000132201,E100000132301,Trans Coal Investment Group,restatement,False
E100001010491,E100001011664,Illinova,methodology,False
E100000120147,E100000123261,natural person(s),restatement,True
E100000132677,E100001011048,Geração Bioeletricidade Holding,restatement,False
E100001010569,E100001016365,JFE Shoji,restatement,False
E100000003743,E100002001118,City of Bila Tserkva (Ukraine),restatement,False
E100000003317,E100002007777,Sev.En Global Investments U.K.,restatement,False
E100000004038,E100000000700,Melewar Industrial Group,restatement,False
E100000003279,E100000001110,INEOS Group,restatement,False
E100000001123,E100000001534,JPMorgan Chase & Co,restatement,False
E100001001148,E100001015587,small shareholder(s),restatement,True
E100001010479,E100000002770,Dalia Power Energies,restatement,False
E100000003791,E100000000597,Paz Group,restatement,False
E100000140514,E100000123261,natural person(s),restatement,True
E100000121460,E100001000932,Taiheiyo Cement,restatement,False
E100000121020,E100000120928,Ningbo Lygend,restatement,False
E100001010131,E100001010129,Vivant Integrated Generation,restatement,False
E100000003308,E100000001110,INEOS Group,restatement,False
E100000004178,E100000001533,JERA,restatement,False
E100000004083,E100000000706,Tenaga Nasional,restatement,False
E100000121304,E100000121305,Sitara Group,restatement,False
E100000004335,E100000000530,Tata Chemicals,restatement,False
E100000134363,E100001012055,Jiratomsiri Group,restatement,False
E100000002078,E100001000404,Siberian Coal Energy Company,restatement,False
E100002003021,E100002003022,Gi Hadfield Holdings,restatement,False
E100000003082,E100000000406,EWE,restatement,False
E100002003399,E100002003403,Infracapital Greenfield Partners I Subholdings Gp,methodology,False
E100001014495,E100001010595,The Vanguard Group,restatement,False
E100000002968,E100000002969,Enerjisa Enerji Uretim,methodology,False
E100001016039,E100001016040,Rieber & Søn,restatement,False
E100000004333,E100000001289,Rockland Capital,restatement,False
E100001014602,E100001014064,Fidelity Management & Research,restatement,False
E100000151634,E100000133834,Octopus Energy Group,restatement,False
E100000003715,E100000000878,T Plus,methodology,False
E100001001393,E100001001388,RAUSCH CREEK ELECTRIC POWER HOLDINGS,restatement,False
E100000131970,E100001015587,small shareholder(s),restatement,True
E100000121533,E100000121238,Samsung,methodology,False
E100001015629,E100002000672,Ithaca Energy (Uk),methodology,False
E100000002469,E100000000614,Finarvedi,methodology,False
E100000003508,E100000001642,Riverstone Holdings,restatement,False
E100000130735,E100001016220,Nezavisimaya Registratorskaya Kompaniya AO,restatement,False
E100001013477,E100000131921,Ministry of Energy (Ukraine),restatement,False
E100001013317,E100001013318,Fernas Group of Companies,restatement,False
E100000001622,E100000001142,Andlinger & Co,restatement,False
E100000003985,E100000000382,ENGIE,restatement,False
E100000003820,E100000001284,Pixelle Specialty Solutions,restatement,False
E100002007717,E100002007745,Pershing Holdings (Uk),restatement,False
E100000003773,E100000000799,Palestine Investment Fund,restatement,False
E100001001257,E100001000208,Constellation Energy,restatement,False
E100000003734,E100000001281,Pennsylvania Enterprises,restatement,False
E100001016927,E100002003321,Morgan Stanley Private Equity,restatement,False
E100000001523,E100000002928,Emera Utilities Holdings,restatement,False
E100000001491,E100000000766,Equinor,restatement,False
E100001012053,E100001000177,Mitsubishi Heavy Industries,restatement,False
E100000121460,E100000000641,Electric Power Development,restatement,False
E100000001439,E100000001607,Ørsted,methodology,False
E100001001303,E100001001390,RI-CORP DEVELOPMENT INC dba GILBERTON POWER,methodology,False
E100000001596,E100000001213,Exxon Mobil,methodology,False
E100000003665,E100000001005,UBS Group,restatement,False
E100000120233,E100000120849,Ministry of Electric Power (North Korea),restatement,False
E100001010372,E100000120682,Jindal Group,restatement,False
E100000003800,E100000001306,The Dow Chemical Company,restatement,False
E100000000054,E100001014862,Cobas Asset Management SGIIC,restatement,False
E100000131509,E100001010437,Aahana Mineral Resources,restatement,False
E100001010039,E100000120611,PT Indika Energy,restatement,False
E100000001876,E100000000463,Envia Mitteldeutsche Energie,restatement,False
E100000002663,E100000000081,Oz&M Incorporacao Participacao,restatement,False
E100001010400,E100001010398,Teglerion,restatement,False
E100000001375,E100000000470,Copelouzos Group,restatement,False
E100001010061,E100000000380,Electrabel,restatement,False
E100000002182,E100000123261,natural person(s),restatement,True
E100001000522,E100001001119,Virtuous Tradecorp,restatement,False
E100000002467,E100000001262,NRG Energy,restatement,False
E100001011233,E100001011713,Istanbul Portfoy Ikinci Serbest Fon,restatement,False
E100000001940,E100001000520,Life Insurance Corporation of India,restatement,False
E100001000644,E100000132845,Domtar,restatement,False
E100001010877,E100001010878,AC Energy and Infrastructure,restatement,False
E100000003470,E100000000756,Lafarge Africa,methodology,False
E100000000954,E100001015587,small shareholder(s),restatement,True
E100000001577,E100000000507,Miskolc Hősz Szolgáltató,restatement,False
E100000003552,E100000000885,Aljomaih Holding,restatement,False
E100001000552,E100001000546,Arch Resources,restatement,False
E100000002800,E100000000585,Delek Group,restatement,False
E100002002780,E100000123261,natural person(s),restatement,True
E100000120768,E100000120767,Lee & Man Paper Manufacturing,restatement,False
E100000000678,E100000120850,Ministry of Energy (Kyrgyzstan),restatement,False
E100000120720,E100001000404,Siberian Coal Energy Company,restatement,False
E100000003403,E100000000657,Sumitomo,restatement,False
E100000130714,E100000000643,JFE Holdings,restatement,False
E100000120218,E100000001051,Cengiz Holding,restatement,False
E100000130738,E100001016262,Wisegrass Investments,restatement,False
E100000000651,E100001016127,BNYM AS AGT/ CLTS 10 Percent,restatement,False
E100000121322,E100000123261,natural person(s),restatement,True
E100001015954,E100001015959,CNIC,restatement,False
E100000002429,E100000000993,Consortium of Swiss Minority Shareholders KSM,restatement,False
E100000131545,E100000001140,American Electric Power Company,restatement,False
E100000003746,E100000000865,SIBUR Holding,restatement,False
E100000003843,E100000000323,Genser Power,restatement,False
E100000002600,E100000000495,VPower Group Holdings,restatement,False
E100001015315,E100001015316,Choice Consulting,restatement,False
E100000002910,E100001011295,Social Fund of Kyrgyzstan,restatement,False
E100000002760,E100000000650,Mitsubishi,restatement,False
E100000002486,E100000001099,British International Investment,restatement,False
E100001010337,E100001015587,small shareholder(s),restatement,True
E100002004266,E100001010323,Vallourec Tubes,restatement,False
E100000004291,E100000001321,Valero Energy,restatement,False
E100000004239,E100000001032,Italian-Thai Development,restatement,False
E100000004134,E100000001180,Chevron USA,restatement,False
E100000003450,E100000001471,En+ Group,restatement,False
E100001010154,E100001010138,American Consolidated Natural Resources,restatement,False
E100000120444,E100000123261,natural person(s),restatement,True
E100000002511,E100000000610,Eni,restatement,False
E100001001328,E100001001302,Generation Holdings,restatement,False
E100000131448,E100001000765,South Africa Coal Operations,restatement,False
E100001000441,E100000123261,natural person(s),restatement,True
E100002007648,E100000123261,natural person(s),restatement,True
E100001014610,E100001014612,Noble Energy,restatement,False
E100000121201,E100000000608,Enel,restatement,False
E100001015733,E100001015734,Southern Union,restatement,False
E100000003088,E100002000697,Kevran,restatement,False
E100002007786,E100002007772,London Group,methodology,False
E100000121063,E100000120317,Datang Overseas Energy Investment,methodology,False
E100000001803,E100002000969,Mitsubishi Power,restatement,False
E100000003179,E100000001173,Carlyle Group,restatement,False
E100000002950,E100000000425,Mindener Entwicklungs- und Wirtschaftsförderungsgesellschaft,restatement,False
E100000001491,E100000000394,Allianz,restatement,False
E100000002986,E100000001063,Koç Holding,restatement,False
E100000000134,E100000123261,natural person(s),restatement,True
E100001010479,E100001010480,Taavura Holdings,restatement,False
E100000003056,E100001000977,GE Capital,restatement,False
E100000120880,E100000001826,New Brunswick Power,methodology,False
E100001010476,E100001011002,Centrans Energy Services,methodology,False
E100002003621,E100000123261,natural person(s),methodology,True
E100000004065,E100000001161,BrightSource Energy,build-out,False
E100000001077,E100001000095,Emirate of Abu Dhabi (United Arab Emirates),methodology,False
E100001011222,E100000123261,natural person(s),restatement,True
E100002004318,E100000123261,natural person(s),build-out,True
E100000186141,E100000179966,China General Nuclear Power,methodology,False
E100000130915,E100000130941,Saudi Pan Kingdom for Trading Industry and Contracting,methodology,False
E100002007775,E100000123261,natural person(s),methodology,True
E100000002343,E100002001974,member/employee owned,methodology,False
E100002002976,E100002002977,Skellefteå Kommun,methodology,False
E100000120006,E100000000882,ACWA Power,methodology,False
E100000001763,E100002005503,Hidden Lake,restatement,False
E100000130936,E100001016268,Bukhamseen Holding Group,methodology,False
E100001014529,E100001014530,SENFLUGA Energy Infrastructure Holdings,restatement,False
E100001016011,E100001016012,W-Stream Pipeline,methodology,False
E100000120750,E100000120594,IDI Infrastructures,methodology,False
E100000121235,E100001010822,Sakhalin GRES-2,restatement,False
E100002003964,E100000130973,Laocai Mineral Exploitation and Processing,methodology,False
E100000131301,E100001010429,Citicorp Nominees,restatement,False
E100001010090,E100000000687,ArcelorMittal,methodology,False
E100002004186,E100002004187,IRC,build-out,False
E100000121013,E100001000920,Nanjing Iron and Steel,methodology,False
E100002003624,E100000123261,natural person(s),build-out,True
E100000120117,E100000000039,Bangladesh Power Development Board,restatement,False
E100001015376,E100001011308,Crown Investments Corporation of Saskatchewan,methodology,False
E100001015726,E100001014223,Türkiye Petrolleri Anonim Ortakligi,restatement,False
E100000120988,E100001000691,Philippine National Oil,restatement,False
E100000121142,E100002000402,Progressive Energy Holdings,methodology,False
E100001010051,E100000000689,Eurasian Resources Group,methodology,False
E100000120478,E100000000512,GVK Power & Infrastructure,restatement,False
E100000131213,E100000123261,natural person(s),methodology,True
E100000120839,E100000120772,Limak Holding,methodology,False
E100002002702,E100001016651,Government of Portugal,methodology,False
E100001010966,E100000132268,Tajik Aluminium Company,methodology,False
E100001013303,E100000123261,natural person(s),methodology,True
E100002005371,E100001015587,small shareholder(s),methodology,True
E100001013203,E100001000540,Turkish Coal Enterprises,methodology,False
E100000130740,E100000000860,Mechel,methodology,False
E100001014106,E100002007658,Gf Eglantine,methodology,False
E100001016532,E100002000033,UBS Securities Australia,methodology,False
E100000120879,E100002003319,Metsä Tissue,methodology,False
E100001010511,E100002000729,ENA Group,methodology,False
E100002007753,E100001000348,BlackRock,methodology,False
E100000130859,E100000123261,natural person(s),methodology,True
E100000132603,E100001010974,Solvay Energy Services,methodology,False
E100002003921,E100000131141,West Alborz Steel,methodology,False
E100000120309,E100001011400,Daio Shipping,restatement,False
E100000132887,E100002002958,CDC - Trustee National Investment (Unit) Trust,restatement,False
E100000121428,E100000120273,Colgener,build-out,False
E100000001124,E100000123261,natural person(s),methodology,True
E100000002085,E100001011107,RAO ES Vostoka,methodology,False
E100000000612,E100001015587,small shareholder(s),methodology,True
E100001016663,E100001016664,Jindal Poly Investment & Finance,methodology,False
E100001010991,E100001011003,Caterpillar,methodology,False
E100001014207,E100000123261,natural person(s),build-out,True
E100001014759,E100001014760,Fluxys UK,methodology,False
E100000001275,E100001000348,BlackRock,restatement,False
E100001014455,E100000000173,China Petrochemical,build-out,False
E100000000648,E100001000179,Custody Bank of Japan,restatement,False
E100001015726,E100000000869,LUKOIL,restatement,False
E100001000268,E100002005793,Mikhailovsky Building Materials Plant,methodology,False
E100002002935,E100002002936,Eucalyptus Energy,methodology,False
E100002002919,E100000123261,natural person(s),methodology,True
E100000131186,E100000131199,Lodestone Namibia,methodology,False
E100000131518,E100001000281,Government of Venezuela,methodology,False
E100002000592,E100000123261,natural person(s),methodology,True
E100001010832,E100002005898,Yeoh Tiong Lay & Sons Family Holdings,methodology,False
E100000000635,E100001000179,Custody Bank of Japan,restatement,False
E100000002770,E100000000590,Hiram-Epsilon,restatement,False
E100000121233,E100001010808,Sri City,methodology,False
E100000001972,E100002000713,Fortissimo Capital Management,methodology,False
E100000121276,E100000000175,China Shenhua Energy,methodology,False
E100001010373,E100000131000,Riva Forni Elettrici,methodology,False
E100001012522,E100001012523,Bank of Industry and Mine (Iran),methodology,False
E100001011107,E100001011108,Gidroinvest,restatement,False
E100001011021,E100000001247,KKR & Co.,methodology,False
E100002004204,E100000123261,natural person(s),methodology,True
E100000000018,E100001015587,small shareholder(s),restatement,True
E100000004068,E100001000261,Sönmez Endüstri Holding,methodology,False
E100000186044,E100002004751,Government of Nicaragua,methodology,False
E100002007683,E100002007720,Planets Uk Midco,methodology,False
E100001010690,E100002000242,CGNPC Huamei Investment,methodology,False
E100001011088,E100001000084,Government of Indonesia,methodology,False
E100000131916,E100001000583,Government of Botswana,build-out,False
E100001000696,E100000121403,Tanweer Infrastructure,methodology,False
E100000121175,E100001015965,Devarshi Commercials,restatement,False
E100001000072,E100000123261,natural person(s),methodology,True
E100000002530,E100000000727,Matola Gas Company,methodology,False
E100000132215,E100001015587,small shareholder(s),restatement,True
E100002000884,E100000132985,Viridor,methodology,False
E100002003569,E100000123261,natural person(s),methodology,True
E100001013743,E100001000540,Turkish Coal Enterprises,methodology,False
E100000120397,E100000000255,Shanghai Electric Power,methodology,False
E100000000806,E100001001034,Ramon Aboitiz Foundation,restatement,False
E100002003570,E100002003577,RQQ Holding,methodology,False
E100000001248,E100000123261,natural person(s),methodology,True
E100002006595,E100000001248,LS Power Development,methodology,False
E100000130936,E100001016269,ASCOTEC Holding,methodology,False
E100001000489,E100000123261,natural person(s),restatement,True
E100001015333,E100000001186,Consolidated Edison,methodology,False
E100000002240,E100000123261,natural person(s),methodology,True
E100001014723,E100000001213,Exxon Mobil,methodology,False
E100000121176,E100001000178,The Master Trust Bank of Japan,restatement,False
E100000120201,E100000120766,Leader Energy Group,build-out,False
E100002000424,E100000123261,natural person(s),methodology,True
E100000132998,E100002001700,SANKO,methodology,False
E100000131805,E100000131246,Alpha Metallurgical Resources,methodology,False
E100002004737,E100002004738,Trafigura Control Holdings,methodology,False
E100000137486,E100000000662,Toyota Tsusho,restatement,False
E100000001384,E100001010595,The Vanguard Group,restatement,False
E100000131132,E100001016147,Civil Pension Fund Investment,methodology,False
E100002005371,E100002007552,ING Groep,methodology,False
E100002004271,E100002004272,NPRO Ural,methodology,False
E100001015589,E100000150540,AIP Management,methodology,False
E100000003975,E100002007677,Sse Seabank Investments,methodology,False
E100001017622,E100000123261,natural person(s),methodology,True
E100002006297,E100000001169,California Resources,methodology,False
E100000130864,E100001016222,Bipadosa,methodology,False
E100000002443,E100000001160,Bridge Technology Partners,methodology,False
E100000132056,E100000000953,POSCO Holdings,methodology,False
E100001016083,E100001010596,State Street,restatement,False
E100000002371,E100000001305,AES,restatement,False
E100000151634,E100002007644,Octopus Energy Generation Fund Management Holdings,methodology,False
E100000136992,E100001015587,small shareholder(s),methodology,True
E100000000651,E100001000178,The Master Trust Bank of Japan,restatement,False
E100000000660,E100001000382,Nippon Life Insurance,restatement,False
E100001015747,E100001015750,SaskWorks Venture Fund,methodology,False
E100001012029,E100000123261,natural person(s),methodology,True
E100000003809,E100000001337,Vietnam Oil and Gas Group,restatement,False
E100000001706,E100000000914,GGE,methodology,False
E100001015335,E100001015339,Eckard Midstream,methodology,False
E100000001491,E100000000771,Petoro,restatement,False
E100002003020,E100001010226,Platinum Equity,methodology,False
E100000121457,E100000121458,Topworth Group,methodology,False
E100000003107,E100001000427,Golgohar Iron and Steel Development,restatement,False
E100001011876,E100000001861,Egyptian Petrochemicals Holding,methodology,False
E100002007590,E100000123261,natural person(s),methodology,True
E100001001084,E100000123261,natural person(s),methodology,True
E100002008298,E100000123261,natural person(s),methodology,True
E100001010370,E100000131000,Riva Forni Elettrici,methodology,False
E100001000649,E100001000348,BlackRock,restatement,False
E100000130770,E100001016300,MM Construction Materials,methodology,False
E100000130984,E100000130703,Jai Balaji Industries,methodology,False
E100002003234,E100002003235,Hongdou Group,methodology,False
E100001010330,E100001010331,Templar Investments,methodology,False
E100001013401,E100001013402,Namane Resources,methodology,False
E100002001259,E100002001260,The Global Atlantic Financial Group,methodology,False
E100000002009,E100002001194,Dulang Ekuiti,build-out,False
E100000002502,E100000001132,Air Products and Chemicals,methodology,False
E100002007946,E100002007947,Excelerate Energy Holdings,restatement,False
E100002007735,E100002007751,Bears Topco,methodology,False
E100000000387,E100002001974,member/employee owned,restatement,False
E100001012187,E100001012190,Carbon Transition Pathways,methodology,False
E100000121343,E100000121173,Regia Autonomă pentru Activități Nucleare,methodology,False
E100000121028,E100000120621,Indorama Ventures,build-out,False
E100001011058,E100001011059,Green Fuels Energy,methodology,False
E100000132887,E100000123261,natural person(s),restatement,True
E100000000659,E100001015587,small shareholder(s),restatement,True
E100000120006,E100000000651,Mitsui &,methodology,False
E100000121126,E100002000150,UPM Energy,restatement,False
E100000121237,E100001000096,NongHyup Bank,methodology,False
E100001000262,E100001015587,small shareholder(s),restatement,True
E100000001984,E100001015587,small shareholder(s),restatement,True
E100001010335,E100000123261,natural person(s),build-out,True
E100000120480,E100000001926,NTPC,methodology,False
E100002004790,E100000123261,natural person(s),methodology,True
E100002005244,E100001015587,small shareholder(s),restatement,True
E100002004178,E100000123261,natural person(s),methodology,True
E100001000350,E100001014755,Lopez Holdings,restatement,False
E100000004065,E100000001262,NRG Energy,build-out,False
E100000121579,E100000121563,Yuxia ZhongXin Coking,methodology,False
E100000120522,E100000120049,Allergan,methodology,False
E100001015635,E100001015630,Sichuan Huasheng Energy Development Group,methodology,False
E100000131145,E100000123261,natural person(s),methodology,True
E100000132953,E100002002705,Usina São José da Estiva,restatement,False
E100002000725,E100002000726,Starwood Capital Operations,methodology,False
E100000002310,E100002001046,The Walt Disney,methodology,False
E100001011389,E100000002765,DTEK Energy,restatement,False
E100001000396,E100001015587,small shareholder(s),restatement,True
E100002000798,E100002000799,Chaptre Greenco,methodology,False
E100000001804,E100000123261,natural person(s),methodology,True
E100001010380,E100001010378,Coal Mining Company Kolmar,methodology,False
E100000002794,E100000000107,Capital Power,methodology,False
E100000000414,E100001015587,small shareholder(s),build-out,True
E100001010454,E100000001450,Doreen Power Generations and Systems,methodology,False
E100000003919,E100000000958,Samchully,methodology,False
E100000001791,E100000003074,Gastrading Comercializadora de Energias,methodology,False
E100002000795,E100002000797,Pka Teesrep Holding (UK),methodology,False
E100000121399,E100000121328,Soyak Holding,methodology,False
E100001014649,E100001014650,Enquest Britain,methodology,False
E100000132644,E100001011044,Abu Dhabi Developmental Holding Company,build-out,False
E100001013797,E100001000537,Vietnam National Coal and Mineral Industries Holding,methodology,False
E100000001768,E100001010595,The Vanguard Group,restatement,False
E100000002056,E100001015587,small shareholder(s),methodology,True
E100000121193,E100000121264,Servis Group,methodology,False
E100000132851,E100002002713,Pitangueiras Holding,methodology,False
E100001014689,E100000123261,natural person(s),methodology,True
E100000121496,E100000120499,Ghantoot Group,methodology,False
E100000002192,E100001000098,State of California,methodology,False
E100001014283,E100001010428,JP Morgan Nominees Australia,restatement,False
E100000120306,E100001011555,Daicel,methodology,False
E100000120700,E100000121286,Shyam Group,methodology,False
E100001015307,E100001015308,Cheniere Midship Holdings,methodology,False
E100000003521,E100000000553,Arian MahTaab Gostar,restatement,False
E100000003357,E100000000556,National Iranian Oil,methodology,False
E100001015054,E100000001254,Marathon Petroleum,restatement,False
E100000003975,E100002007676,Electricity First,methodology,False
E100000002089,E100000123261,natural person(s),build-out,True
E100001015614,E100001015616,CLP Energy Infrastructure,methodology,False
E100000001569,E100000001113,LPPI Infrastructure Investments,methodology,False
E100000000773,E100001015587,small shareholder(s),build-out,True
E100001014804,E100001010889,Government of Laos,methodology,False
E100000120090,E100000120076,Arcil,methodology,False
E100001011310,E100000123261,natural person(s),methodology,True
E100000131113,E100002003617,Hamsho Trading,methodology,False
E100001015725,E100001000088,Government of South Africa,build-out,False
E100002003989,E100002003991,Morgan Stanley & Co International,restatement,False
E100000004063,E100000001137,Alphabet,build-out,False
E100001011744,E100001011985,Hawaiian Electric Industries,methodology,False
E100001000203,E100000000453,Thüga Holding,restatement,False
E100000002402,E100000001180,Chevron USA,build-out,False
E100000000030,E100001015587,small shareholder(s),methodology,True
E100000004018,E100000001223,General Electric,methodology,False
E100000003422,E100000000546,Iran Power Plant Investment,restatement,False
E100000120717,E100000120087,Asia World,methodology,False
E100001015631,E100001015632,Sichuan Petroleum Administration,methodology,False
E100001001357,E100002007966,Talen Generation,methodology,False
E100001016141,E100000131000,Riva Forni Elettrici,methodology,False
E100000131353,E100001015587,small shareholder(s),restatement,True
E100000002966,E100001000422,Fisterra Energy,methodology,False
E100000003309,E100000001270,Occidental Petroleum,methodology,False
E100002004852,E100000002097,Elektroprivreda Srbije Beograd,methodology,False
E100001000402,E100001000348,BlackRock,restatement,False
E100000130807,E100001016291,Valsabbia Investimenti,methodology,False
E100001010888,E100001001130,Banpu,restatement,False
E100001015767,E100000001315,UGI,methodology,False
E100001011979,E100000123261,natural person(s),methodology,True
E100000002177,E100002001090,SK Capital Partners,methodology,False
E100000120203,E100000121327,Southern Cross Group,methodology,False
E100002004741,E100002003712,Essar Energy,methodology,False
E100000120112,E100000120446,FACOR Group,methodology,False
E100001016053,E100001016054,Brookfield Super-Core Infrastructure Partners,methodology,False
E100000003874,E100000000433,RWE,methodology,False
E100000128094,E100001010247,Concord Industries,methodology,False
E100001015934,E100001015587,small shareholder(s),restatement,True
E100000004179,E100000001533,JERA,methodology,False
E100000121175,E100001015967,Tattvam Enterprises,restatement,False
E100000120220,E100001010879,Government of Mongolia,methodology,False
E100000003058,E100000002279,Lower Colorado River Authority,methodology,False
E100001015045,E100001010595,The Vanguard Group,restatement,False
E100001015765,E100000001309,Southern,methodology,False
E100000002317,E100000001262,NRG Energy,methodology,False
E100001012067,E100000123261,natural person(s),methodology,True
E100001000373,E100002003398,Infracapital (Novos) SLP Dissolved,methodology,False
E100000121221,E100000121220,SPI Group,methodology,False
E100001010255,E100001010256,Iran National Copper Industries Pension Fund,restatement,False
E100002002726,E100002002751,MD Participacoes,methodology,False
E100002003620,E100002003626,Attestor Services,methodology,False
E100000120193,E100002007871,Inner Mongolia Erdos Hongjun Investment,methodology,False
E100001010265,E100001015587,small shareholder(s),restatement,True
E100000130709,E100001000178,The Master Trust Bank of Japan,restatement,False
E100000120061,E100000121290,Sichuan No 3 Power Construction,methodology,False
E100002000722,E100002000723,Achernar Assets,methodology,False
E100000000018,E100001010427,HSBC Custody Nominees (Australia),restatement,False
E100001000761,E100001016340,Adani Tradeline,restatement,False
E100001016069,E100001015054,MPLX,methodology,False
E100002007680,E100001010179,Tata Steel Europe,methodology,False
E100000000656,E100001000179,Custody Bank of Japan,restatement,False
E100002003297,E100002003299,Mergence Investment Managers,methodology,False
E100000120072,E100000121586,Çalık Holding,methodology,False
E100000001275,E100001010595,The Vanguard Group,restatement,False
E100000121010,E100000120015,AKR,methodology,False
E100000002661,E100000000657,Sumitomo,build-out,False
E100000130998,E100000130970,Benteler International,methodology,False
E100000000012,E100000123261,natural person(s),methodology,True
E100000001237,E100001016127,BNYM AS AGT/ CLTS 10 Percent,restatement,False
E100000132842,E100002003541,PT Jakarta Propertindo,methodology,False
E100000132812,E100002003322,Rai Group,methodology,False
E100001000396,E100001000397,Government of India,restatement,False
E100000002187,E100002001106,City of Brownsville (Texas),methodology,False
E100000000573,E100001000023,Government of Ireland,restatement,False
E100001011316,E100001011317,Corporacion Romero Group,methodology,False
E100002001260,E100000001247,KKR & Co.,build-out,False
E100001015792,E100001015807,Government of Yemen,methodology,False
E100002007956,E100002007957,Heritage Power Intermediate Holdings,methodology,False
E100001011922,E100001011150,Investeringsfonden for Udviklingslande,methodology,False
E100000120330,E100002007816,Chubu Electric Power Miraiz,methodology,False
E100000131502,E100001016422,Senosi Group Investment Holdings,restatement,False
E100000130849,E100001015587,small shareholder(s),build-out,True
E100002002961,E100000001237,ITOCHU,methodology,False
E100000121180,E100000121327,Southern Cross Group,methodology,False
E100000120560,E100001010420,Birla Group Holdings,restatement,False
E100000003053,E100000000905,LNG9,methodology,False
E100001016135,E100001016136,Yuesem Metalloinvest,build-out,False
E100001011902,E100000001262,NRG Energy,methodology,False
E100002000310,E100000123261,natural person(s),methodology,True
E100000000953,E100001015587,small shareholder(s),restatement,True
E100002002716,E100002002718,Vontobel Holding,methodology,False
E100001015776,E100001015587,small shareholder(s),build-out,True
E100001015703,E100001015708,Pinnacle Investment Management,methodology,False
E100002004030,E100001000295,Government of Tunisia,methodology,False
E100000130884,E100002007563,Skv Participacoes,methodology,False
E100000004236,E100000000387,TotalEnergies,restatement,False
E100000002345,E100002000137,Midwest Energy & Communications,methodology,False
E100000132304,E100000123261,natural person(s),methodology,True
E100000120959,E100001011554,Omnicane Holdings (La Baraque) Thermal Energy,restatement,False
E100000000657,E100001000178,The Master Trust Bank of Japan,restatement,False
E100002003955,E100001016230,Minerfin,methodology,False
E100000120573,E100000123261,natural person(s),methodology,True
E100001013460,E100001000537,Vietnam National Coal and Mineral Industries Holding,methodology,False
E100001010181,E100001015587,small shareholder(s),restatement,True
E100000130846,E100000123261,natural person(s),restatement,True
E100000121446,E100000120851,Ministry of Energy (Mongolia),methodology,False
E100000133108,E100002003418,Fawaz Abdulaziz Al Hokair & Co,methodology,False
E100000131500,E100002007687,Invica Industries,methodology,False
E100000001371,E100000000806,Aboitiz Equity Ventures,restatement,False
E100000132894,E100002002959,West London Energy Recovery Holdings,methodology,False
E100002003893,E100001015587,small shareholder(s),restatement,True
E100000004135,E100000000172,China National Offshore Oil,build-out,False
E100000121432,E100000121431,Texhong International Group,methodology,False
E100001015804,E100001015805,CS Energia,methodology,False
E100000120749,E100001011617,Meiji Yasuda Life Insurance,restatement,False
E100001011103,E100000123261,natural person(s),restatement,True
E100000131080,E100000123261,natural person(s),methodology,True
E100000131096,E100001016242,Vanir Green Industries,methodology,False
E100001000440,E100001015587,small shareholder(s),restatement,True
E100000001282,E100001010595,The Vanguard Group,restatement,False
E100000130938,E100000130720,Hiap Teck Venture,methodology,False
E100000120448,E100000120454,Filinvest Development,build-out,False
E100001000522,E100001010037,Siddeshwari Tradex,restatement,False
E100001015627,E100001015628,Ithaca Sp Finance,methodology,False
E100001014394,E100001014397,Norfolk Enchants,restatement,False
E100000132887,E100001015587,small shareholder(s),restatement,True
E100001000612,E100000120888,NSL Group,methodology,False
E100002003623,E100002003625,Midwood,methodology,False
E100000130838,E100001016170,LITAT Holding Co,methodology,False
E100000132841,E100002002708,Abitibibowater Canada,methodology,False
E100000002686,E100000001008,Asia Cement,restatement,False
E100001000774,E100001016398,M&G,restatement,False
E100001016069,E100001016071,WhiteWater Midstream,methodology,False
E100000003560,E100000000924,Newlyn Group,methodology,False
E100000121288,E100000133978,Sibanye-Stillwater,methodology,False
E100001016255,E100001015587,small shareholder(s),restatement,True
E100000001569,E100000001091,Aberdeen Standard Investments,methodology,False
E100000002087,E100001011056,Centrenergoholding,restatement,False
E100000003885,E100000000567,Tamin-e Atieh,restatement,False
E100000001141,E100001015587,small shareholder(s),methodology,True
E100000003919,E100000002110,Korea South-East Power,methodology,False
E100001000228,E100002003029,Companhia Agricola e Pecuaria Lincoln Junqueira,methodology,False
E100000131175,E100001016302,Taiwan Steel Group,methodology,False
E100001011047,E100000123261,natural person(s),methodology,True
E100001013279,E100001016507,PT Calorie Viva Utama,restatement,False
E100000004018,E100000000655,Shikoku Electric Power,methodology,False
E100000120554,E100000120972,ORIX,methodology,False
E100001016270,E100000123261,natural person(s),methodology,True
E100000121112,E100000121113,Permak Group,methodology,False
E100000132872,E100001015587,small shareholder(s),restatement,True
E100000001371,E100001000511,JERA Asia,restatement,False
E100001015400,E100001014772,WIGA Transport Beteiligungs-,methodology,False
E100000120895,E100001010805,Koya & Company Construction,methodology,False
E100000002966,E100000000715,DeAcero,methodology,False
E100001000649,E100001010595,The Vanguard Group,restatement,False
E100000001672,E100001015587,small shareholder(s),restatement,True
E100000120394,E100000120552,Herco Holdings,methodology,False
E100001013395,E100001000539,Turkish Hard Coal Enterprises,methodology,False
E100000000030,E100001014930,TIWAG-Tiroler Wasserkraft,methodology,False
E100000120037,E100001000737,Topy Industries,methodology,False
E100000137261,E100002003556,Fcc Environment (Uk),methodology,False
E100000001876,E100001000203,Thüga,build-out,False
E100001012404,E100001012405,Modulax Industria E Comercio,methodology,False
E100000140514,E100001015587,small shareholder(s),restatement,True
E100000000015,E100001010595,The Vanguard Group,restatement,False
E100000001641,E100000000682,Riga City Council,restatement,False
E100000131458,E100001000348,BlackRock,restatement,False
E100000132208,E100002003293,Liberty Power Holding,build-out,False
E100000000319,E100001011383,Fondo de Pensiones Obligatorias Proteccion Moderado,restatement,False
E100001015837,E100000000022,Energie AG Oberösterreich,restatement,False
E100001016961,E100000129789,Chengdu Xingrong Environment,methodology,False
E100000120183,E100000120949,Oba Yatırım,methodology,False
E100000004160,E100001010116,Acciaierie d'italia,methodology,False
E100000130843,E100000130991,Duferco International Trading Holding,methodology,False
E100000002352,E100001000204,Government of Vietnam,methodology,False
E100001015563,E100002005446,Letterone Investment Holdings,restatement,False
E100001000162,E100001000163,Enfinium Holdings,methodology,False
E100002004385,E100002004387,Chippewa Capital Partners,methodology,False
E100002001073,E100002001077,Lotus HS Holdings,methodology,False
E100000003392,E100000001334,Khang Thong Group,methodology,False
E100000001015,E100001015587,small shareholder(s),restatement,True
E100000003425,E100001000255,Government of Iran,methodology,False
E100000001323,E100000123261,natural person(s),build-out,True
E100002002699,E100001016651,Government of Portugal,methodology,False
E100001010268,E100000003676,Novolipetsk Steel,methodology,False
E100000155483,E100001014141,Wellington Management Group,restatement,False
E100000003435,E100000123261,natural person(s),restatement,True
E100000150134,E100001001044,Municipality of Medellin,methodology,False
E100001000737,E100000000652,Nippon Steel,restatement,False
E100000003357,E100000000545,Iran Foreign Investment,methodology,False
E100001014724,E100000001213,Exxon Mobil,methodology,False
E100002003016,E100000132850,Pioneiros Bioenergia,methodology,False
E100002001366,E100002001367,Shell Group Holding,methodology,False
E100001010018,E100001015587,small shareholder(s),restatement,True
E100001000400,E100000123261,natural person(s),restatement,True
E100000002617,E100000001239,Inland Energy,methodology,False
E100001011563,E100001000179,Custody Bank of Japan,restatement,False
E100000120732,E100000120731,Kolin Group,methodology,False
E100000121049,E100000000537,PT PLN (Persero),methodology,False
E100000120837,E100000121255,Seika,methodology,False
E100000000813,E100001000105,Metro Pacific Investments,restatement,False
E100002007786,E100000123261,natural person(s),methodology,True
E100001010983,E100000131264,GUP Angishti Tojik,methodology,False
E100001015421,E100001015423,Otaki Gas,methodology,False
E100000003822,E100000001231,Harbert Management,methodology,False
E100001011495,E100000127998,Zhenshi Holding Group,methodology,False
E100000130886,E100001016289,Grupo Ferroeste,methodology,False
E100000001254,E100001010596,State Street,restatement,False
E100000000008,E100001011471,Government of Argentina,restatement,False
E100001013795,E100001013796,Thiess Group Holdings,methodology,False
E100000130948,E100002004006,Ministry of Mines and Steel Development (Nigeria),methodology,False
E100000132771,E100002003002,JA Mitsui Leasing,restatement,False
E100000004018,E100000001088,Sharjah Asset Management,methodology,False
E100000121148,E100001000599,Government of North Korea,methodology,False
E100002003297,E100001010577,Government Employees Pension Fund (South Africa),methodology,False
E100001001055,E100002000358,City of Coldwater (Michigan),methodology,False
E100001001269,E100001011318,Bridger Valley Electric Association,methodology,False
E100002004168,E100002004741,Essar Oil (Cyprus),methodology,False
E100001014602,E100001015410,Paulson & Co,restatement,False
E100001000859,E100000000869,LUKOIL,restatement,False
E100000000414,E100002001932,Spohn Cement Beteiligungen,restatement,False
E100001001223,E100001001371,Northern Star Generation,methodology,False
E100000131097,E100002003632,Sa Machado,methodology,False
E100000120791,E100000120854,Mitsubishi Corporation Energy Solutions,methodology,False
E100000001158,E100001000348,BlackRock,restatement,False
E100000120946,E100000120945,OCI Holdings,methodology,False
E100000000639,E100001000290,Aramco Overseas Company,restatement,False
E100000121013,E100000121019,PT Gunung Gahapi,methodology,False
E100000120505,E100000123261,natural person(s),methodology,True
E100000131174,E100001015587,small shareholder(s),methodology,True
E100001013279,E100001015587,small shareholder(s),restatement,True
E100000000424,E100001015587,small shareholder(s),methodology,True
E100002001075,E100002001076,Starwood Capital Group Management,methodology,False
E100000131511,E100002004555,Key Industries,methodology,False
E100000002437,E100000000336,United Company RUSAL,restatement,False
E100002002840,E100002003257,Cargill France,methodology,False
E100001010124,E100001010123,G Steel,restatement,False
E100000131018,E100001016310,Asia Pacific Investments,methodology,False
E100001000516,E100001000520,Life Insurance Corporation of India,restatement,False
E100000120204,E100002003385,Canham Corporation International,methodology,False
E100000002529,E100000000575,Evermore Energy,methodology,False
E100002000286,E100001001022,State of Odisha,build-out,False
E100000120118,E100001016241,H. Akberali & Co.,methodology,False
E100000001151,E100000123261,natural person(s),methodology,True
E100001000402,E100001010595,The Vanguard Group,restatement,False
E100000131041,E100000123261,natural person(s),methodology,True
E100000000687,E100002004058,Lumen Investments,restatement,False
E100000131832,E100001015587,small shareholder(s),restatement,True
E100001010050,E100001010051,SHK Eurasian Holding,restatement,False
E100001000794,E100000123261,natural person(s),restatement,True
E100000120160,E100000120216,Cementos Progreso,methodology,False
E100000132525,E100001011045,Armech Group,methodology,False
E100000001116,E100001000348,BlackRock,restatement,False
E100000132752,E100000151268,Marseglia Group,methodology,False
E100001014626,E100000001158,Blackstone,restatement,False
E100000130879,E100000123261,natural person(s),methodology,True
E100000002081,E100001010702,Gazprom Energoholding,restatement,False
E100000000127,E100001014312,Royal Bank of Canada,restatement,False
E100002008180,E100000123261,natural person(s),methodology,True
E100000130713,E100001016166,Nomura Asset Management,restatement,False
E100002001383,E100002001387,Hgt Finance A,methodology,False
E100001011781,E100001011782,Gabonese Fund for Strategic Investments,methodology,False
E100001015393,E100001015394,Shaanxi Gas Group,methodology,False
E100000121421,E100000121422,Tengri Holding,methodology,False
E100000000683,E100000123261,natural person(s),build-out,True
E100001010904,E100001015587,small shareholder(s),restatement,True
E100000004245,E100000000455,Trianel,methodology,False
E100001010374,E100000131000,Riva Forni Elettrici,methodology,False
E100001013283,E100001000537,Vietnam National Coal and Mineral Industries Holding,methodology,False
E100000000173,E100001014866,Government of China,methodology,False
E100001016559,E100001000382,Nippon Life Insurance,methodology,False
E100000130974,E100000131005,Viohalco,methodology,False
E100001015989,E100001000330,Qatar Holding,methodology,False
E100001012099,E100000132374,Yazdani International,methodology,False
E100000121296,E100000120477,GSD Holding,restatement,False
E100000130882,E100000123261,natural person(s),methodology,True
E100002006085,E100002006086,Cementos Progreso Holdings,methodology,False
E100001001367,E100000123261,natural person(s),methodology,True
E100001015628,E100001015629,Ithaca Sp (Holdings),methodology,False
E100000131246,E100001000348,BlackRock,restatement,False
E100000004179,E100000001445,Diamond Generating,methodology,False
E100001015961,E100000153201,Fluxys,methodology,False
E100000001817,E100001011758,Donald Smith &,restatement,False
E100001001344,E100000001248,LS Power Development,methodology,False
E100001001055,E100002000357,Village of Clinton (Michigan),methodology,False
E100002004639,E100002007593,Firm Partner Plus,methodology,False
E100000120437,E100000120436,Essel Group,methodology,False
E100000131671,E100000131246,Alpha Metallurgical Resources,methodology,False
E100000003560,E100000000054,Golar LNG,methodology,False
E100000131690,E100000000639,Idemitsu Kosan,methodology,False
E100001014792,E100001014793,Gas Plus,build-out,False
E100001014795,E100000132049,"Bangladesh Oil, Gas and Mineral",methodology,False
E100000121206,E100001010948,UNID,restatement,False
E100001010636,E100000132231,Stroyservis,methodology,False
E100000131198,E100001016229,Tourism Financial Group,methodology,False
E100001016035,E100001014648,ALPS Advisors,restatement,False
E100000120667,E100002008031,Reliance Industries Holding,methodology,False
E100001016070,E100000123261,natural person(s),methodology,True
E100001016307,E100000123261,natural person(s),restatement,True
E100000004268,E100000000091,Unipar Carbocloro,restatement,False
E100000000031,E100001011521,Voestalpine Mitarbeiterbeteiligung Privatstiftung,restatement,False
E100001012537,E100001011682,Mines & Metals Development Investment,restatement,False
E100001000669,E100000123261,natural person(s),restatement,True
E100001016405,E100000123261,natural person(s),build-out,True
E100000001034,E100001010887,Thai NVDR,restatement,False
E100000132992,E100001001078,Westrock,methodology,False
E100001015408,E100000000245,PetroChina,methodology,False
E100002003747,E100002003748,Winning International Group,methodology,False
E100000000638,E100001000178,The Master Trust Bank of Japan,restatement,False
E100001000400,E100001000330,Qatar Holding,restatement,False
E100002002852,E100000123261,natural person(s),methodology,True
E100000150106,E100001011559,Government of Chile,methodology,False
E100000131509,E100001015587,small shareholder(s),restatement,True
E100000002976,E100002003291,Soorty Enterprises,methodology,False
E100002000443,E100002000444,DBS Group Holdings,build-out,False
E100001000623,E100001001259,Commercial Development Company,methodology,False
E100000120931,E100001000179,Custody Bank of Japan,restatement,False
E100000131936,E100000123261,natural person(s),methodology,True
E100002000800,E100002000801,Green Investment Group Investments,methodology,False
E100000000472,E100000123261,natural person(s),restatement,True
E100000002030,E100000123261,natural person(s),methodology,True
E100000130802,E100000000657,Sumitomo,build-out,False
E100001013657,E100001013658,PT Harner,methodology,False
E100000000407,E100001010813,NECKARPRI-Beteiligungsgesellschaft,restatement,False
E100000000658,E100001000179,Custody Bank of Japan,restatement,False
E100000004351,E100000000707,YTL Corporation,restatement,False
E100000132781,E100001010930,Kruger,methodology,False
E100000132842,E100002003540,Fortum 2,methodology,False
E100000130811,E100000123261,natural person(s),methodology,True
E100001014430,E100001000348,BlackRock,restatement,False
E100000130778,E100000000614,Finarvedi,methodology,False
E100000002239,E100002004748,DTE Energy,methodology,False
E100000004064,E100000001137,Alphabet,build-out,False
E100000002852,E100001001033,EDF Energy Holdings,methodology,False
E100000130940,E100000130712,Sanyo Special Steel,methodology,False
E100000000433,E100001015587,small shareholder(s),restatement,True
E100002007679,E100002007719,Sse Thermal Energy Holdings,methodology,False
E100000000102,E100001015587,small shareholder(s),methodology,True
E100000132903,E100002003005,Ministry of Environment (South Korea),methodology,False
E100001000522,E100001015587,small shareholder(s),restatement,True
E100000131104,E100000131163,Matco Cables,methodology,False
E100002002791,E100000123261,natural person(s),methodology,True
E100000130853,E100001015587,small shareholder(s),restatement,True
E100000003632,E100000001026,Double A,restatement,False
E100002002959,E100002002961,I-Environment Investments,methodology,False
E100000002270,E100002000981,State of Kansas,methodology,False
E100000002667,E100000150134,Empresas Públicas de Medellín,restatement,False
E100000120228,E100000120227,Chambal Fertilizers & Chemicals,methodology,False
E100000140514,E100001010427,HSBC Custody Nominees (Australia),restatement,False
E100001017648,E100002003339,JH Holding,methodology,False
E100000003662,E100000001322,Vistra,methodology,False
E100000121476,E100000120170,Bodi International,methodology,False
E100000131104,E100000131168,Inversiones Los Andes,methodology,False
E100000000478,E100000123261,natural person(s),methodology,True
E100002007684,E100002007722,Vpi Holding,methodology,False
E100000120376,E100000120097,Athena Energy Ventures,methodology,False
E100001000571,E100000123261,natural person(s),restatement,True
E100002003402,E100001016398,M&G,methodology,False
E100001014342,E100001015587,small shareholder(s),restatement,True
E100001016189,E100000123261,natural person(s),build-out,True
E100000004359,E100000000748,Unit Investment,build-out,False
E100001011736,E100001011738,Government of Guinea,methodology,False
E100002002881,E100000123261,natural person(s),methodology,True
E100000121540,E100000121541,Welspun World,methodology,False
E100001016179,E100000123261,natural person(s),restatement,True
E100001000856,E100001011281,Hinduja Group,methodology,False
E100002003955,E100002003956,KSK Consulting,methodology,False
E100001015331,E100000001267,NextEra Energy,restatement,False
E100000001035,E100001015587,small shareholder(s),restatement,True
E100001013788,E100001013789,Stevenson Group,methodology,False
E100000121608,E100000120068,Anadolu Ticaret,methodology,False
E100000004223,E100000000639,Idemitsu Kosan,restatement,False
E100002003817,E100002003819,Minas de Alquife Holding,methodology,False
E100001014952,E100001015587,small shareholder(s),methodology,True
E100001015066,E100000123261,natural person(s),restatement,True
E100000121579,E100002003290,Qualisave Mineral Resources,methodology,False
E100000120616,E100000120439,Eternal Tsingshan Group,methodology,False
E100000131053,E100000124529,HBIS Group,methodology,False
E100000121309,E100000123261,natural person(s),methodology,True
E100000120418,E100000120417,Enervie Gruppe,methodology,False
E100000131045,E100001015587,small shareholder(s),restatement,True
E100000001654,E100001015587,small shareholder(s),methodology,True
E100001000009,E100000132519,Alcogroup,methodology,False
E100000132372,E100000000252,Shandong Energy Group,methodology,False
E100000131458,E100001010595,The Vanguard Group,restatement,False
E100000132698,E100000123261,natural person(s),methodology,True
E100000003168,E100002001037,Harput Holding San. ve Tic.,methodology,False
E100000003446,E100000000697,Edra Power Holdings,restatement,False
E100000001329,E100001015587,small shareholder(s),build-out,True
E100000002322,E100002000192,Monroe County Electric Co-Operative,methodology,False
E100000120802,E100000120801,Madhucon Projects,methodology,False
E100002005771,E100000120835,Meghna Group of Industries,methodology,False
E100000002316,E100000186371,Sacramento Municipal Utility District,methodology,False
E100001012066,E100000131142,Middle East Mines & Mineral Industries Development Holding,methodology,False
E100001001366,E100002007956,Heritage Power,methodology,False
E100000130770,E100000130707,Kyoei Steel,methodology,False
E100000133043,E100000001870,Electricité de France,methodology,False
E100000131098,E100000131145,African Industries,methodology,False
E100000002083,E100002001121,Electric Power Development Fund,methodology,False
E100000002358,E100000121570,ZESA Holdings,methodology,False
E100000002295,E100002000549,Bowie-Cass Electric,methodology,False
E100001010558,E100000000962,Government of South Korea,restatement,False
E100001012077,E100001016234,Russula,methodology,False
E100000001325,E100000003841,ProEnergy Services,methodology,False
E100000131228,E100001015587,small shareholder(s),build-out,True
E100000003634,E100000001029,Global Power Synergy,restatement,False
E100000001817,E100001016165,Maple Rock Capital Partners,restatement,False
E100002004409,E100002004413,RN Refining & Marketing,restatement,False
E100001011498,E100000123261,natural person(s),methodology,True
E100000000712,E100001011540,GBM Administradora de Activos,restatement,False
E100000002438,E100000001093,Anergi International,methodology,False
E100002004059,E100001016071,WhiteWater Midstream,methodology,False
E100000003662,E100000001267,NextEra Energy,methodology,False
E100002002936,E100002002937,Eucalyptus Energy Holdings,methodology,False
E100001000848,E100001015587,small shareholder(s),build-out,True
E100002007688,E100000123261,natural person(s),methodology,True
E100000121173,E100000000851,Government of Romania,methodology,False
E100002007686,E100000123261,natural person(s),methodology,True
E100000120212,E100000123261,natural person(s),methodology,True
E100000000651,E100001015587,small shareholder(s),restatement,True
E100001000737,E100001000178,The Master Trust Bank of Japan,restatement,False
E100000000649,E100001016127,BNYM AS AGT/ CLTS 10 Percent,restatement,False
E100001011563,E100001011564,SSBTC Client Omnibus Account,restatement,False
E100002000591,E100000123261,natural person(s),methodology,True
E100001014650,E100001014651,Enquest,methodology,False
E100001001054,E100001011401,Blackstone Group,methodology,False
E100002000390,E100000000388,Veolia Environnement,methodology,False
E100000002543,E100000001157,Black Hills,build-out,False
E100002003621,E100002003627,Anchorage Capital Group,methodology,False
E100000132918,E100001011044,Abu Dhabi Developmental Holding Company,methodology,False
E100000001158,E100001010595,The Vanguard Group,restatement,False
E100001000522,E100001010823,JSW Investments,restatement,False
E100001010019,E100000123261,natural person(s),restatement,True
E100001010596,E100001010595,The Vanguard Group,restatement,False
E100001000516,E100001010148,JSW Techno Projects Management,restatement,False
E100002004738,E100002004739,Farringford Foundation,methodology,False
E100000000062,E100002003001,CPFL Energia,build-out,False
E100000003816,E100001000819,Axia Power Holdings,methodology,False
E100000131120,E100000130973,Laocai Mineral Exploitation and Processing,methodology,False
E100002003637,E100000123261,natural person(s),methodology,True
E100001000646,E100000000851,Government of Romania,methodology,False
E100001014233,E100002001366,The Shell Petroleum,methodology,False
E100001012105,E100000123261,natural person(s),methodology,True
E100001016699,E100001011087,Sumitomo Metal Mining,methodology,False
E100000001763,E100000123261,natural person(s),restatement,True
E100000000459,E100001000330,Qatar Holding,restatement,False
E100000131854,E100001016346,Belon,restatement,False
E100001013036,E100001013037,Longofer,methodology,False
E100000002899,E100000001870,Electricité de France,restatement,False
E100000000998,E100000123261,natural person(s),restatement,True
E100001010094,E100001015587,small shareholder(s),restatement,True
E100001013817,E100001000537,Vietnam National Coal and Mineral Industries Holding,build-out,False
E100001011103,E100001011104,Aqua Corporation,restatement,False
E100000001387,E100000000336,United Company RUSAL,methodology,False
E100000120895,E100001010806,Megha Engineering & Infrastructures,methodology,False
E100001012383,E100001012387,Ta Chen Stainless Pipe,restatement,False
E100000002322,E100002000193,SouthEastern Illinois Electric Cooperative,methodology,False
E100001000930,E100001015587,small shareholder(s),restatement,True
E100000120162,E100000123261,natural person(s),methodology,True
E100000132165,E100001010567,RBFT Investments,restatement,False
E100000132985,E100002007683,Planets Uk Bidco,methodology,False
E100001000230,E100002002709,Mid Siam Sugar,methodology,False
E100000130960,E100001000274,Government of Belarus,methodology,False
E100001000480,E100002001097,Entidades De Previdencia,restatement,False
E100002005160,E100000123261,natural person(s),methodology,True
E100001010257,E100001010201,National Iranian Steel,methodology,False
E100000000372,E100000152662,Skandinaviska Enskilda Banken Helsinki Branch,restatement,False
E100001016077,E100001012815,Harbour Energy,methodology,False
E100000003527,E100001000414,Kumpulan Wang Persaraan,restatement,False
E100000003337,E100000000857,UK GSR Energo,methodology,False
E100000000669,E100000000671,Samruk-Kazyna,restatement,False
E100001010590,E100001010591,Macquarie Infrastructure and Real Assets,methodology,False
E100000003856,E100000000552,Iran Power Plant Projects Management,methodology,False
E100000133834,E100002003533,Octopus Energy Holdco,methodology,False
E100000121252,E100001000262,Grupo Argos,methodology,False
E100000130801,E100000130883,Yucel Boru ve Profil Endustrisi,methodology,False
E100000131685,E100001015587,small shareholder(s),restatement,True
E100002007658,E100000123261,natural person(s),methodology,True
E100001016421,E100000123261,natural person(s),methodology,True
E100000004126,E100001000731,Taiwan Sugar,methodology,False
E100000121430,E100000121429,Terra Mauricia,build-out,False
E100000137160,E100002000844,Conrad Energy (Finance),methodology,False
E100002003400,E100002003401,M&G Group,methodology,False
E100002005371,E100002007551,Société Générale,methodology,False
E100000121465,E100000121466,Toyo Ink Group,methodology,False
E100000000806,E100000120026,Aboitiz & Company,restatement,False
E100000130995,E100000130693,Al Ezz Dekheila Steel Company Alexandria,build-out,False
E100000002529,E100000001188,Crescent Capital Group,methodology,False
E100000002718,E100000001184,Clearway Energy Group,restatement,False
E100001011600,E100000001384,Ares Management,methodology,False
E100000130748,E100001016307,General Engineering,restatement,False
E100000130887,E100002000035,Grupo Fonderia,methodology,False
E100000131452,E100000123261,natural person(s),methodology,True
E100001014736,E100001014737,Igneo Infrastructure Partners,methodology,False
E100001013398,E100000132138,Robindale Energy Services,methodology,False
E100000001984,E100001000179,Custody Bank of Japan,restatement,False
E100001000137,E100001000138,VR4 Participações,restatement,False
E100000001102,E100002007657,Cretaceous Bidco,methodology,False
E100002000724,E100002000726,Starwood Capital Operations,methodology,False
E100001000310,E100002007646,Drax Smart Generation Holdco,methodology,False
E100000000927,E100001015587,small shareholder(s),restatement,True
E100000120118,E100001015587,small shareholder(s),methodology,True
E100001016830,E100002003468,Ember Infrastructure Management,methodology,False
E100000003690,E100000000639,Idemitsu Kosan,build-out,False
E100002003556,E100002003558,Fomento de Construcciones y Contratas,methodology,False
E100000121426,E100000000917,Holding Slovenske elektrarne,methodology,False
E100000130868,E100000131000,Riva Forni Elettrici,methodology,False
E100000120202,E100000120237,Cheung Sheng Global Holdings,methodology,False
E100001015056,E100002007664,London Oil And Gas,methodology,False
E100000121585,E100000121586,Çalık Holding,methodology,False
E100000003929,E100000000649,Marubeni,restatement,False
E100001015339,E100001015342,Eckard Enterprises,methodology,False
E100000002407,E100002001108,Aitken Spence,restatement,False
E100002003568,E100002003570,Holding Q3,methodology,False
E100000120816,E100000120114,BK Birla Group,methodology,False
E100000131016,E100000130972,SMS Holding,methodology,False
E100002004384,E100000000079,J&F Investimentos,methodology,False
E100001016872,E100002003419,State of New Jersey,methodology,False
E100001000558,E100001015587,small shareholder(s),restatement,True
E100000120234,E100000123261,natural person(s),methodology,True
E100001000973,E100002007016,American Hydro Power,methodology,False
E100001000185,E100002003011,Republique Francaise Presidence,methodology,False
E100001016035,E100001015782,Invesco Advisers,restatement,False
E100000121301,E100002003469,Global Mining (China),methodology,False
E100000131104,E100000131059,Ingenieria e Inversiones,methodology,False
E100000152802,E100001015590,J.P. Morgan Investment Management,methodology,False
E100000121259,E100000000909,Sembcorp Industries,methodology,False
E100001000541,E100001015587,small shareholder(s),methodology,True
E100000001254,E100001000348,BlackRock,restatement,False
E100002007932,E100001015587,small shareholder(s),methodology,True
E100000002102,E100002000648,Anchor Energy LNG,methodology,False
E100001000574,E100001000579,State of Telangana,methodology,False
E100000120792,E100002000327,MEC Holdings,methodology,False
E100000131246,E100001014573,Dimensional Fund Advisors,restatement,False
E100001013810,E100001000649,Cleveland-Cliffs,methodology,False
E100001010708,E100000000953,POSCO Holdings,methodology,False
E100000132653,E100000001077,Abu Dhabi Investment Authority,methodology,False
E100000000684,E100000123261,natural person(s),methodology,True
E100001013623,E100000123261,natural person(s),methodology,True
E100001014056,E100001015543,New Jersey Resources,methodology,False
E100002000874,E100002000879,Viridor Energy,methodology,False
E100000000030,E100000000021,EVN,methodology,False
E100001010084,E100001010085,PT Sinar Mas Tunggal,restatement,False
E100000000757,E100001000296,Government of Nigeria,methodology,False
E100000003527,E100000002008,Employees Provident Fund of Malaysia,restatement,False
E100001014430,E100001010595,The Vanguard Group,restatement,False
E100000121126,E100001011534,Kymppivoima,restatement,False
E100001011076,E100001011409,Mecwel Constructions,methodology,False
E100000130987,E100000123261,natural person(s),restatement,True
E100001000703,E100001000520,Life Insurance Corporation of India,restatement,False
E100001010523,E100001011088,PT Mineral Industri Indonesia (Persero),restatement,False
E100000131669,E100002007873,Kestenbaum & Tradburks Resource Ventures,methodology,False
E100001016176,E100000123261,natural person(s),methodology,True
E100001010637,E100001010783,State Bank of India,restatement,False
E100000002324,E100000123261,natural person(s),methodology,True
E100001000782,E100001015587,small shareholder(s),restatement,True
E100001015756,E100001015587,small shareholder(s),methodology,True
E100002006143,E100002002729,Nobian Industrial Chemicals,methodology,False
E100002002847,E100001010595,The Vanguard Group,restatement,False
E100001013032,E100001013034,Hend Steel,methodology,False
E100000002295,E100002000548,Upshur Rural Electric,methodology,False
E100000121024,E100000120031,Aditya Birla Management Corporation,methodology,False
E100001010196,E100000123261,natural person(s),methodology,True
E100000132549,E100002003568,Bacuri Agricola,methodology,False
E100001012931,E100002002724,Oxygen House Group,methodology,False
E100002000249,E100000123261,natural person(s),restatement,True
E100000000635,E100001000178,The Master Trust Bank of Japan,restatement,False
E100000000645,E100001000178,The Master Trust Bank of Japan,restatement,False
E100000004231,E100000000936,HDC Holdings,methodology,False
E100000121126,E100000151577,EPV Energia,restatement,False
E100001010255,E100000000544,Golgohar Mining and Industrial,restatement,False
E100002000274,E100002000275,Nova Minerals,methodology,False
E100000120109,E100002000254,Ayrshire Power,methodology,False
E100000137871,E100000133835,Abu Dhabi Future Energy,methodology,False
E100000002647,E100001016654,Cerestar Deutschland Holding,methodology,False
E100000130709,E100001015587,small shareholder(s),restatement,True
E100001015741,E100001015740,Gb Gas Holdings,methodology,False
E100000001792,E100000001794,Eletricidade do Brasil,methodology,False
E100000131174,E100001016277,Yieh Phui Enterprise,restatement,False
E100000130714,E100001000730,National Pension Service (South Korea),restatement,False
E100001001063,E100002001974,member/employee owned,methodology,False
E100000132607,E100002002694,Companhia Mineira de Açúcar e Álcool Participações,methodology,False
E100000001010,E100001011774,Ministry of Economic Affairs ROC (Taiwan),build-out,False
E100001001428,E100002007956,Heritage Power,methodology,False
E100001010020,E100001010019,Holding Company Siberian Business Union,methodology,False
E100001015562,E100000001492,Gazprom,methodology,False
E100000120631,E100001016717,OYAK Birleşik Enerji,restatement,False
E100000121369,E100000120417,Enervie Gruppe,methodology,False
E100000131585,E100002007686,Pergwm Holdings,methodology,False
E100000131100,E100001016265,Jahan Profil Pars,methodology,False
E100002003001,E100001000514,State Grid Corporation of China,restatement,False
E100002002900,E100000123261,natural person(s),methodology,True
E100001011575,E100001015644,Dodge & Cox,restatement,False
E100000002474,E100001015587,small shareholder(s),methodology,True
E100000002322,E100002000191,Egyptian Electric Cooperative Association,methodology,False
E100000120917,E100000120197,CVR Group,methodology,False
E100000002937,E100001016339,Niagara Energy,restatement,False
E100001015574,E100001016267,Government of Donetsk People's Republic,methodology,False
E100001010523,E100001011087,Sumitomo Metal Mining,restatement,False
E100000000646,E100001000178,The Master Trust Bank of Japan,restatement,False
E100000120240,E100002000153,Oldstone Investments,methodology,False
E100000130710,E100001016209,Toyota Industries,restatement,False
E100002004748,E100001015587,small shareholder(s),build-out,True
E100000150615,E100002002716,Vontobel Asset Management UK 2 Holdings,methodology,False
E100000002530,E100000000387,TotalEnergies,methodology,False
E100002007855,E100002007708,Macquarie Asset Management Uk Holdings No.1,methodology,False
E100000001093,E100002003296,Aldwych Holdings,methodology,False
E100000131054,E100001016223,Siderurgia Nacional - Empresa de Productos Longos,methodology,False
E100000002265,E100002001974,member/employee owned,methodology,False
E100002004440,E100000001485,Fosun International,build-out,False
E100000002073,E100001000307,Svyazinvestneftekhim,restatement,False
E100001011247,E100001015587,small shareholder(s),restatement,True
E100000120529,E100001000462,Hattat Holding,methodology,False
E100001001119,E100000123261,natural person(s),methodology,True
E100002003989,E100002003990,Leonhard Nilsen & Sønner - Eiendom,restatement,False
E100001012522,E100000131198,Mahan Industries and Mines Development,methodology,False
E100001015898,E100001015899,Premier Transmission Financing,methodology,False
E100001000635,E100000123261,natural person(s),build-out,True
E100001000808,E100001000396,Coal India,methodology,False
E100001000114,E100001000116,Zapag Group,methodology,False
E100001015569,E100002001492,First Sentier Investors Holding,methodology,False
E100002007796,E100002007797,CIty of Ulaanbaatar,methodology,False
E100001000597,E100001000179,Custody Bank of Japan,restatement,False
E100000001023,E100001000326,B.Grimm Joint Venture Holding,restatement,False
E100002000641,E100000123261,natural person(s),restatement,True
E100000131334,E100000131898,PT Media Djaya Bersama,methodology,False
E100001012022,E100000001755,Sonelgaz,build-out,False
E100001015742,E100000001101,Centrica,methodology,False
E100000131036,E100000000666,Mass Group Holding,methodology,False
E100000121453,E100000120162,Bingham Management,methodology,False
E100000120974,E100000120632,Island of Bornholm,methodology,False
E100000120131,E100000120695,KVK Energy & Infrastructure,methodology,False
E100000003088,E100000138113,IC Asesorías y Proyectos,methodology,False
E100001015764,E100001015766,South Jersey Industries,methodology,False
E100001015543,E100001000348,BlackRock,restatement,False
E100000120007,E100000120010,AES India,methodology,False
E100000004006,E100000001020,Tanzania Electric Supply Company,methodology,False
E100001017641,E100002003316,Forestalia Renovables Generacion,methodology,False
E100000121597,E100000121593,Çelikler Yatırım Holding,methodology,False
E100001011066,E100001000730,National Pension Service (South Korea),restatement,False
E100000120921,E100000120922,New Asia Mining Group,methodology,False
E100000131123,E100000123261,natural person(s),methodology,True
E100002002697,E100000123261,natural person(s),methodology,True
E100001000438,E100000001158,Blackstone,methodology,False
E100001011943,E100000000657,Sumitomo,restatement,False
E100001014651,E100002005456,Double A,methodology,False
E100002003526,E100002003528,UH Partners 3,restatement,False
E100001015539,E100001015540,Shanxi Natural Gas,methodology,False
E100002003233,E100000123261,natural person(s),build-out,True
E100000001872,E100002008164,Currenta Geschäftsführungs,methodology,False
E100001014354,E100001015587,small shareholder(s),methodology,True
E100001000329,E100001000331,General Retirement and Social Insurance Authority (Qatar),restatement,False
E100000003972,E100000001124,Scarborough Group International,methodology,False
E100000004034,E100000000934,GS Energy,build-out,False
E100000004125,E100000001223,General Electric,methodology,False
E100000001096,E100001000615,Guaranty Nominees,restatement,False
E100000003859,E100000000919,Black Rhino Group,methodology,False
E100001000130,E100001015587,small shareholder(s),build-out,True
E100001015837,E100001015587,small shareholder(s),restatement,True
E100000002514,E100000001163,Cleco Corporate Holdings,restatement,False
E100002002939,E100002002940,Fern Trading,methodology,False
E100000120557,E100000120364,EMTA,methodology,False
E100000000031,E100001011520,Raiffeisenlandesbank Oberösterreich Invest GmbH & Co OG,methodology,False
E100000004341,E100000000662,Toyota Tsusho,methodology,False
E100000001878,E100002000655,City of Erlangen,methodology,False
E100000003954,E100001010315,Salzgitter,methodology,False
E100001015758,E100001015761,Cresta Energy Fund I,methodology,False
E100001011665,E100000000710,Amaya Capital,methodology,False
E100002002722,E100001012931,Low Carbon Group,methodology,False
E100000120314,E100000120313,Dalmia Group,methodology,False
E100001016950,E100000134817,BCG Energy,methodology,False
E100000003651,E100000001671,Shikoku Gas Fuel,build-out,False
E100001010314,E100000123261,natural person(s),restatement,True
E100000003153,E100000000641,Electric Power Development,restatement,False
E100000132559,E100002008207,ABBC Group,methodology,False
E100000121295,E100000120199,Cambodia International Investment Development Group,methodology,False
E100000121086,E100000127998,Zhenshi Holding Group,methodology,False
E100002004465,E100002004466,Akvila,methodology,False
E100001001269,E100001011319,Dixie Power,methodology,False
E100000001174,E100000123261,natural person(s),methodology,True
E100001013029,E100000123261,natural person(s),methodology,True
E100001000854,E100001000404,Siberian Coal Energy Company,methodology,False
E100000003956,E100002007673,Varco Energy,methodology,False
E100000132049,E100001000100,Government of Bangladesh,methodology,False
E100000120118,E100000130854,BSRM Steels,methodology,False
E100002002672,E100001000373,Infracapital,methodology,False
E100000002413,E100000001680,Social Insurance Organization (Bahrain),methodology,False
E100000000746,E100001015587,small shareholder(s),restatement,True
E100000003681,E100000000524,Oil and Natural Gas,restatement,False
E100000120553,E100000137485,Daiwa House Industry,methodology,False
E100001000782,E100001010432,PT Adaro Strategic Investments,restatement,False
E100000002389,E100000000018,Macquarie Group,restatement,False
E100000132960,E100001015587,small shareholder(s),restatement,True
E100001000520,E100001015587,small shareholder(s),restatement,True
E100000130705,E100001012152,Shyam Metalics and Energy,methodology,False
E100000121175,E100001015966,Karuna Commercials,restatement,False
E100000003831,E100000001359,Royal Commission for Jubail and Yanbu,build-out,False
E100000000774,E100001011569,The Government Pension Fund,restatement,False
E100001016317,E100000123261,natural person(s),methodology,True
E100001010273,E100000130908,Compania Espanola de Laminacion,methodology,False
E100000000938,E100000123261,natural person(s),restatement,True
E100000121224,E100000121330,Spice Energy Group,methodology,False
E100000000840,E100001000961,General Retirement and Pension Authority of Qatar,restatement,False
E100000001768,E100001010596,State Street,restatement,False
E100001001130,E100001010887,Thai NVDR,restatement,False
E100002003989,E100001015587,small shareholder(s),restatement,True
E100000120749,E100001000179,Custody Bank of Japan,restatement,False
E100001000791,E100001000782,PT Alamtri Resources Indonesia,restatement,False
E100000004135,E100000000173,China Petrochemical,build-out,False
E100001000016,E100002000725,Starwood Real Estate Income Trust,methodology,False
E100000131497,E100000132291,Tiaro Coal,methodology,False
E100000121244,E100000121243,Sanko Holding,methodology,False
E100002000345,E100002000346,Mast Energy Developments,methodology,False
E100000131127,E100000123261,natural person(s),methodology,True
E100000130995,E100000131084,National Service Project Organization,methodology,False
E100000000641,E100001000178,The Master Trust Bank of Japan,restatement,False
E100002000183,E100000123261,natural person(s),methodology,True
E100000130796,E100000131000,Riva Forni Elettrici,methodology,False
E100002007947,E100000123261,natural person(s),build-out,True
E100001014069,E100002007636,Bp Exploration,methodology,False
E100000130706,E100001016276,Sind International,restatement,False
E100001014294,E100001015587,small shareholder(s),methodology,True
E100002002784,E100000000270,Sichuan Development Holding,methodology,False
E100000000522,E100000123261,natural person(s),restatement,True
E100000130736,E100000130737,Trubnaya Metallurgicheskaya Kompaniya,restatement,False
E100001011945,E100001015106,Ministry of Petroleum (Iran),methodology,False
E100000000955,E100001000730,National Pension Service (South Korea),restatement,False
E100000003878,E100001011229,Klesch Group,methodology,False
E100002007742,E100002007753,Silverstream Midco,methodology,False
E100001013527,E100001013528,Government of Afghanistan,methodology,False
E100001001225,E100000001222,GenOn Holdings,methodology,False
E100001011840,E100001011839,Symbion Power,methodology,False
E100000132155,E100001000556,GFG Alliance,methodology,False
E100000003720,E100000123261,natural person(s),methodology,True
E100002007084,E100000121566,Yıldızlar SSS Holding,methodology,False
E100000120994,E100000120997,PT Biidznillah Tambang Nusantara,methodology,False
E100001014699,E100000001001,Partners Group,methodology,False
E100002000249,E100001015587,small shareholder(s),restatement,True
E100001014791,E100001014792,Gas Plus International Holding,build-out,False
E100002002768,E100000123261,natural person(s),methodology,True
E100000001958,E100000000552,Iran Power Plant Projects Management,methodology,False
E100002000297,E100000120326,Devki Group,methodology,False
E100001013031,E100000123261,natural person(s),methodology,True
E100000001254,E100001010595,The Vanguard Group,restatement,False
E100000001249,E100000001133,Algonquin Power & Utilities,methodology,False
E100000120411,E100000123261,natural person(s),methodology,True
E100000003655,E100001015587,small shareholder(s),build-out,True
E100002003558,E100002003559,Control Empresarial de Capitales,restatement,False
E100000000014,E100001015587,small shareholder(s),restatement,True
E100002000707,E100002000709,Albion Topco,methodology,False
E100001010594,E100002001974,member/employee owned,methodology,False
E100001015673,E100000001213,Exxon Mobil,methodology,False
E100000001260,E100001015587,small shareholder(s),restatement,True
E100001016163,E100000000888,Saudi Arabian Oil,build-out,False
E100001015622,E100001015623,Suzuyo Construction,restatement,False
E100000120244,E100000158306,China Three Gorges,methodology,False
E100001000440,E100001016559,Nippon Life India Trustee,restatement,False
E100000120321,E100000123261,natural person(s),methodology,True
E100002002968,E100000001237,ITOCHU,methodology,False
E100000002008,E100001010643,Government of Malaysia,methodology,False
E100000132654,E100002002941,Equitix Holdings,methodology,False
E100000120569,E100000121375,TCC Group Holdings,restatement,False
E100000131353,E100001016487,Republic Investment Management,restatement,False
E100000120239,E100000003335,JFE Steel,methodology,False
E100000121048,E100000121550,Xiamen Xiangyu Group,methodology,False
E100001013042,E100001013043,Amirkabir Khazar Steel,methodology,False
E100000131353,E100001016489,Crocodile Capital Partners,restatement,False
E100000001872,E100002008163,Currenta Group Holdings,methodology,False
E100000120178,E100000121310,Snedai Group,methodology,False
E100002003749,E100001000204,Government of Vietnam,methodology,False
E100001011739,E100001011741,Sabson Group,methodology,False
E100001013486,E100001000537,Vietnam National Coal and Mineral Industries Holding,build-out,False
E100000003487,E100000003431,Kindle Energy,build-out,False
E100001016781,E100000000481,CLP Holdings,methodology,False
E100000002424,E100000001133,Algonquin Power & Utilities,methodology,False
E100000003831,E100000000889,Saudi Basic Industries,build-out,False
E100000000828,E100001011305,Allianz Polska Open Pension Fund,restatement,False
E100000003512,E100000001862,Engineering for the Petroleum & Process Industries,build-out,False
E100000001994,E100000123261,natural person(s),methodology,True
E100001013277,E100001000537,Vietnam National Coal and Mineral Industries Holding,build-out,False
E100000131043,E100002007775,Jingye Steel (Uk) Holding,methodology,False
E100000002543,E100000001130,AIA Energy North America,build-out,False
E100001001385,E100002000277,City of Provo (Utah),methodology,False
E100000001896,E100002001101,DKB Progres,methodology,False
E100001000556,E100000123261,natural person(s),methodology,True
E100000120017,E100000123261,natural person(s),methodology,True
E100001000516,E100001000519,JSW Holdings,restatement,False
E100000121565,E100002007922,YILDIRIM Enerji Holding,methodology,False
E100001011859,E100000123261,natural person(s),methodology,True
E100000002391,E100002007646,Drax Smart Generation Holdco,methodology,False
E100001010181,E100001000348,BlackRock,restatement,False
E100001016229,E100000123261,natural person(s),methodology,True
E100000004270,E100000000457,Uniper,methodology,False
E100001011710,E100000001262,NRG Energy,methodology,False
E100000121206,E100000123261,natural person(s),restatement,True
E100000000014,E100001010429,Citicorp Nominees,restatement,False
E100000120328,E100000120593,IDFC Projects,methodology,False
E100001000978,E100000002975,Engie North America,methodology,False
E100002003970,E100001000537,Vietnam National Coal and Mineral Industries Holding,methodology,False
E100000132286,E100000123261,natural person(s),methodology,True
E100002003570,E100002003574,FQN Holding,methodology,False
E100000001297,E100002001073,Lotus Infrastructure Management Holdings,methodology,False
E100001011666,E100001011665,Azura Power Holdings,build-out,False
E100000002765,E100001010349,DTEK Energy Holdings,methodology,False
E100000121295,E100002003234,Jiangsu Taihu Cambodia International Economic Cooperation Zone Investment,methodology,False
E100001015983,E100001014294,Energy Transfer,methodology,False
E100000002934,E100000123261,natural person(s),restatement,True
E100000003651,E100000001688,Sumitomo Chemical,build-out,False
E100000001481,E100000001640,Government of Finland,restatement,False
E100000130866,E100000131060,Grupo Gallardo Balboa,methodology,False
E100000130724,E100001015587,small shareholder(s),restatement,True
E100001013763,E100000132155,Simec (Australia) Mining,methodology,False
E100000000638,E100001015587,small shareholder(s),restatement,True
E100000121250,E100001000241,Yildirim Holding,methodology,False
E100000002409,E100001011232,Emniyet Ticaret ve Sanayi,restatement,False
E100002000021,E100000001305,AES,build-out,False
E100002001390,E100000123261,natural person(s),methodology,True
E100002007699,E100002007735,Bears Holdco,methodology,False
E100000121011,E100001010925,SCGP Solutions (Singapore),restatement,False
E100000121394,E100000120629,Investment and Hydro Power Consultant Sole,methodology,False
E100001016287,E100000123261,natural person(s),methodology,True
E100000004173,E100000000706,Tenaga Nasional,restatement,False
E100000121296,E100000001052,Ciner Group,restatement,False
E100001000761,E100000123261,natural person(s),restatement,True
E100001014497,E100001014498,Empresa Nacional de Hidrocarbonetos,build-out,False
E100000182828,E100000003123,Guangdong Energy Group,methodology,False
E100000121416,E100000001533,JERA,methodology,False
E100000132790,E100002002712,Gülsan Holding,build-out,False
E100000132284,E100001016343,TIGA Trading,restatement,False
E100002002796,E100000123261,natural person(s),methodology,True
E100001001101,E100001001102,Jindal Steel & Power (Mauritius),restatement,False
E100000003831,E100000000888,Saudi Arabian Oil,build-out,False
E100002001492,E100001016125,Mitsubishi UFJ Trust and Banking,methodology,False
E100001001315,E100002001974,member/employee owned,methodology,False
E100001000666,E100002001974,member/employee owned,methodology,False
E100000001891,E100002000772,Papier- u. Kartonfabrik Varel,methodology,False
E100000120819,E100000120818,Maple Leaf Cement Factory,build-out,False
E100000121416,E100001010775,Marubeni Philippines,methodology,False
E100002004257,E100001016129,UOB Kay Hian,restatement,False
E100000003864,E100000000622,Reno De Medici,restatement,False
E100000003683,E100000000903,Kenon Holdings,restatement,False
E100000002345,E100002000136,Presque Isle Electric & Gas Cooperative,methodology,False
E100000002953,E100000000896,City of Novi Sad,methodology,False
E100000003270,E100000003335,JFE Steel,methodology,False
E100000000692,E100001015587,small shareholder(s),methodology,True
E100000130847,E100000130894,Feralpi Holding,methodology,False
E100000120992,E100000120119,BTN Power,methodology,False
E100000130782,E100000123261,natural person(s),methodology,True
E100000003747,E100002008265,Ministry of Land Property of the Republic of Tatarstan,methodology,False
E100000001260,E100001015832,Vanguard Fiduciary Trust,restatement,False
E100000132879,E100002002725,Sada Participacoes,methodology,False
E100000120326,E100000123261,natural person(s),methodology,True
E100001010313,E100001010315,Salzgitter,methodology,False
E100001011234,E100002000949,Forsa UK Holdings,methodology,False
E100000002444,E100000001042,United Power of Asia,restatement,False
E100002004299,E100001011064,Berkshire Hathaway Energy,methodology,False
E100000000834,E100001000348,BlackRock,restatement,False
E100000131051,E100001016222,Bipadosa,methodology,False
E100000003338,E100001000268,CEMROS,methodology,False
E100002004552,E100000123261,natural person(s),methodology,True
E100000131681,E100001015587,small shareholder(s),restatement,True
E100000002976,E100002003292,Procon Engineering,methodology,False
E100000002938,E100001001028,Enel Perú,restatement,False
E100000120421,E100002003291,Soorty Enterprises,methodology,False
E100001014433,E100001014434,T. Rowe Price Investment Management,restatement,False
E100001001422,E100000001278,PPL,methodology,False
E100001000847,E100002007411,Ministry of National Defense (Turkey),methodology,False
E100000002295,E100002000551,Wood County Electric,methodology,False
E100001014841,E100001015587,small shareholder(s),build-out,True
E100000001986,E100001000178,The Master Trust Bank of Japan,restatement,False
E100000000512,E100001015587,small shareholder(s),restatement,True
E100000121332,E100000000529,Sravanthi Group,methodology,False
E100000001553,E100000000475,Metlen Energy & Metals,restatement,False
E100002003922,E100002003927,EMG Fund II Management,methodology,False
E100000120861,E100000120433,Eren Holding,methodology,False
E100001010560,E100001011063,NVE Holdings,methodology,False
E100000120194,E100000000909,Sembcorp Industries,methodology,False
E100002006301,E100001000438,Hindustan Powerprojects,methodology,False
E100000001059,E100000123261,natural person(s),methodology,True
E100000120071,E100000121108,Penna Group,build-out,False
E100000001817,E100001016164,MMCAP International Inc,restatement,False
E100000131120,E100000128516,Kunming Iron & Steel Holding,methodology,False
E100000120160,E100000120217,Cementos del Norte,methodology,False
E100000120813,E100000120814,Malaxmi Group,methodology,False
E100001016208,E100001015587,small shareholder(s),methodology,True
E100000131103,E100001000321,Mostazafan Foundation,methodology,False
E100000002438,E100000001204,Endeavor Energy Holdings,methodology,False
E100001015284,E100001015295,Kinder Morgan Louisiana Pipeline Holding,methodology,False
E100000121437,E100000000255,Shanghai Electric Power,methodology,False
E100002006224,E100002007588,KG Chemical,methodology,False
E100000120490,E100000004269,Uniper Kraftwerke,methodology,False
E100000004018,E100000000657,Sumitomo,methodology,False
E100000120180,E100000120179,Burj Capital,methodology,False
E100002002969,E100002002970,Suez Recycling And Recovery Uk Group Holdings,methodology,False
E100001001077,E100000001158,Blackstone,methodology,False
E100000120006,E100001000480,Vale,methodology,False
E100001015999,E100001010426,Government of Uzbekistan,build-out,False
E100000131005,E100000123261,natural person(s),methodology,True
E100001001143,E100001015587,small shareholder(s),restatement,True
E100000004126,E100001000732,Tokyo Electric Power Company International,methodology,False
E100000120140,E100001000462,Hattat Holding,methodology,False
E100000132165,E100001015587,small shareholder(s),restatement,True
E100000001534,E100001000348,BlackRock,restatement,False
E100000003402,E100000003399,Karpowership,methodology,False
E100000131107,E100000131142,Middle East Mines & Mineral Industries Development Holding,methodology,False
E100000001275,E100001015587,small shareholder(s),restatement,True
E100000001212,E100001015587,small shareholder(s),methodology,True
E100001016214,E100000121514,Vedanta Resources,methodology,False
E100002004208,E100000001086,Mubadala Investment Company,methodology,False
E100002001199,E100000123261,natural person(s),methodology,True
E100000004323,E100000000657,Sumitomo,methodology,False
E100000000531,E100001015587,small shareholder(s),restatement,True
E100000120789,E100000000650,Mitsubishi,methodology,False
E100000003747,E100000000865,SIBUR Holding,methodology,False
E100000131008,E100000000675,Gulf Investment,methodology,False
E100000131301,E100001016583,Sambor Trading,restatement,False
E100000002364,E100000000778,Multitech,methodology,False
E100002002703,E100000000837,Mota-Engil,methodology,False
E100001010230,E100000123261,natural person(s),methodology,True
E100000132993,E100002003304,Wgh Uk,methodology,False
E100001015747,E100001015748,Instar Asset Management,methodology,False
E100000132544,E100002007649,Bears Bidco,methodology,False
E100001016083,E100001016377,AustralianSuper,restatement,False
E100002000567,E100001015587,small shareholder(s),restatement,True
E100002001198,E100000123261,natural person(s),methodology,True
E100000002530,E100001000342,Gigajoule Group,methodology,False
E100001000739,E100001015587,small shareholder(s),restatement,True
E100002003568,E100001016802,Usina Cerradão,methodology,False
E100000120752,E100000120329,Diamond Palace Services,methodology,False
E100000001245,E100001010595,The Vanguard Group,restatement,False
E100001015568,E100001015569,European Diversified Infrastructure Fund II,methodology,False
E100001014388,E100002004299,BHE Pipeline Group,methodology,False
E100000121084,E100000121027,PT Indonesia Weda Bay Industrial Park,methodology,False
E100000130693,E100000130695,Ezz Steel,restatement,False
E100000001173,E100000123261,natural person(s),restatement,True
E100000131854,E100000002080,Magnitogorskiy Metallurgicheskiy Kombinat,restatement,False
E100001015631,E100001015633,Hainan PetroChina Shennan Petroleum Technology Development,methodology,False
E100000000084,E100001015587,small shareholder(s),restatement,True
E100001010614,E100000132148,Russian Coal,methodology,False
E100001012022,E100000000003,Sonatrach,build-out,False
E100000001098,E100000123261,natural person(s),methodology,True
E100002003885,E100002003886,AzerGold,methodology,False
E100001000737,E100001015587,small shareholder(s),build-out,True
E100001016152,E100000136992,Deutsche Bank,methodology,False
E100000132934,E100002003019,Urbaser,build-out,False
E100001013154,E100001013155,PT Tapin Suthra Berjaya,build-out,False
E100000000706,E100001000414,Kumpulan Wang Persaraan,restatement,False
E100000001305,E100001000348,BlackRock,restatement,False
E100002000306,E100002000310,Abhijeet Ventures,restatement,False
E100000121235,E100001011107,RAO ES Vostoka,restatement,False
E100000121176,E100001000179,Custody Bank of Japan,restatement,False
E100000003973,E100002000640,SB Pro,methodology,False
E100000001881,E100002000783,Domo Investment Group,methodology,False
E100001016756,E100001016757,Fin.Fer.,methodology,False
E100000001282,E100001015587,small shareholder(s),restatement,True
E100000120055,E100000120056,Altona Resources,methodology,False
E100000120859,E100000000650,Mitsubishi,methodology,False
E100000003515,E100000001585,Mivtach Shamir Holdings,build-out,False
E100002003971,E100000131161,SMART Holding,methodology,False
E100000132649,E100002002932,EPR Renewable Energy,methodology,False
E100000121486,E100000120602,ISS Global Mining,methodology,False
E100000003716,E100000123261,natural person(s),restatement,True
E100001001189,E100001001371,Northern Star Generation,methodology,False
E100001015206,E100002007665,Kellas Topco,methodology,False
E100002002882,E100001000520,Life Insurance Corporation of India,restatement,False
E100000131685,E100001010637,SBI Funds Management,restatement,False
E100002001197,E100002001199,Marfin,methodology,False
E100000120277,E100000120923,New Colombia Resources,methodology,False
E100001000479,E100001016215,Vedanta Holdings Mauritius II,restatement,False
E100002000930,E100002000931,Kesani Enterprises,methodology,False
E100000131116,E100001012537,Chadormalu Mining & Industrial,methodology,False
E100000003816,E100001000821,Middle East Investment,methodology,False
E100000000660,E100001000178,The Master Trust Bank of Japan,restatement,False
E100000121263,E100000001492,Gazprom,restatement,False
E100000131031,E100000130840,Pittini Group,methodology,False
E100000121538,E100000121537,Waterberg Coal Company,methodology,False
E100000003069,E100000001056,GAMA Holding,build-out,False
E100001014288,E100000000660,Tokyo Gas,methodology,False
E100000002953,E100000002097,Elektroprivreda Srbije Beograd,methodology,False
E100000120018,E100000123261,natural person(s),methodology,True
E100001010976,E100000000746,Shell,methodology,False
E100000120752,E100000120502,Global Adviser,methodology,False
E100001012134,E100001015587,small shareholder(s),restatement,True
E100000002400,E100002000703,Albion Acquisitions,methodology,False
E100000001250,E100001000348,BlackRock,restatement,False
E100002007922,E100001000241,Yildirim Holding,methodology,False
E100000121016,E100002000070,PT Singa Energy Indonesia,methodology,False
E100000004034,E100000000949,Korea Western Power,build-out,False
E100002000260,E100002000261,Peel L&P Holdings (Uk),methodology,False
E100000131087,E100000130785,Weglokoks,methodology,False
E100000000955,E100001000729,SK Discovery,restatement,False
E100000001804,E100002000592,"Martins Empreendimentos, Engenharia e Participacoes",methodology,False
E100000133083,E100000001121,SCC Power,methodology,False
E100001015283,E100000000387,TotalEnergies,methodology,False
E100001010533,E100000133660,International Finance,methodology,False
E100001012537,E100001011239,Provincial Investment,restatement,False
E100000002130,E100001011114,TEPDIA Generating,restatement,False
E100001013421,E100000131610,Foresight Energy,methodology,False
E100000120966,E100000001234,I Squared Capital Advisors,methodology,False
E100000000015,E100001015587,small shareholder(s),build-out,True
E100002000709,E100002000710,Albion Jvco,methodology,False
E100000001940,E100001015587,small shareholder(s),restatement,True
E100000001121,E100002000818,Scc Power Parent,methodology,False
E100000121149,E100001010760,State of Punjab,methodology,False
E100000121342,E100000120506,Global Yatırım Holding,methodology,False
E100000120522,E100001000909,Berliner Aluminiumwerk,methodology,False
E100001015780,E100001015781,Petro Ventures (Romania),methodology,False
E100001001291,E100001001053,FirstEnergy,methodology,False
E100000130907,E100000130722,Lion Industries Corporation,methodology,False
E100000131027,E100000123261,natural person(s),build-out,True
E100000120931,E100001000178,The Master Trust Bank of Japan,restatement,False
E100000003950,E100001015587,small shareholder(s),restatement,True
E100001015837,E100000000029,"Salzburg AG für Energie, Verkehr und Telekommunikation",restatement,False
E100000121368,E100000121345,Suedwestdeutsche Stromhandels,methodology,False
E100000001237,E100001000179,Custody Bank of Japan,restatement,False
E100002003570,E100002003575,TQQ Holding,methodology,False
E100000004006,E100000000273,State Power Investment,methodology,False
E100000000658,E100001000178,The Master Trust Bank of Japan,restatement,False
E100000002976,E100002003293,Liberty Power Holding,methodology,False
E100000003049,E100000000645,Japan Petroleum Exploration,build-out,False
E100000001241,E100001015587,small shareholder(s),restatement,True
E100001012119,E100000130963,Southern Mining and Metallurgical Complex,methodology,False
E100002007665,E100002007713,Kellas Group Finance,methodology,False
E100000120709,E100001000599,Government of North Korea,methodology,False
E100002003973,E100000123261,natural person(s),methodology,True
E100001014576,E100002003592,Talisman Global Capital Master,restatement,False
E100001013179,E100000003294,Idaho Power,restatement,False
E100001014541,E100002000722,Achernar Energy,methodology,False
E100001014210,E100001011247,ConocoPhillips,restatement,False
E100001016069,E100000001299,Stonepeak Partners,methodology,False
E100001011888,E100001011890,Kumul Petroleum Trustee,methodology,False
E100001013500,E100001000537,Vietnam National Coal and Mineral Industries Holding,methodology,False
E100000002322,E100002000195,Tri-County Electric Cooperative,methodology,False
E100002002785,E100001015587,small shareholder(s),methodology,True
E100000131095,E100001016756,Compagnia Siderurgica Italiana,methodology,False
E100001013343,E100001000537,Vietnam National Coal and Mineral Industries Holding,methodology,False
E100000001944,E100002000908,PT Aviasi Wisata Indonesia (Persero),methodology,False
E100000132688,E100002003563,Global Green Power Plc,methodology,False
E100002002705,E100000123261,natural person(s),methodology,True
E100002004225,E100002004227,KFF Holding Do Brasil,methodology,False
E100000001910,E100000123261,natural person(s),methodology,True
E100001000217,E100000001305,AES,restatement,False
E100000000827,E100000000825,Nationale-Nederlanden Open Pension Fund,restatement,False
E100000121592,E100000121593,Çelikler Yatırım Holding,methodology,False
E100000120554,E100000120572,Hokuzai Transport,methodology,False
E100001014342,E100001000348,BlackRock,restatement,False
E100000131901,E100000123261,natural person(s),methodology,True
E100001014386,E100001015834,Wellington Management Company,restatement,False
E100000002322,E100002000190,Clinton County Electric Cooperative,methodology,False
E100002004043,E100002004045,Kaunis Holding,methodology,False
E100002007697,E100000133834,Octopus Energy Group,methodology,False
E100000130923,E100001000281,Government of Venezuela,methodology,False
E100000132911,E100002003013,Sykue Bioenergya Eletricidade,methodology,False
E100002003712,E100000123261,natural person(s),methodology,True
E100000130746,E100001015587,small shareholder(s),methodology,True
E100001012151,E100000000651,Mitsui &,methodology,False
E100000120337,E100000120336,Dongbu Group,methodology,False
E100000120195,E100000000273,State Power Investment,methodology,False
E100000004245,E100000000393,27 municipal utilities and regional energy suppliers,methodology,False
E100000120185,E100000120208,Carpaterra Capital Partners,methodology,False
E100001010379,E100001010378,Coal Mining Company Kolmar,methodology,False
E100000121527,E100000120833,Meenakshi Group,methodology,False
E100001001200,E100000001384,Ares Management,methodology,False
E100000002411,E100000001061,Kazancı Holding,restatement,False
E100001016050,E100002007678,Sgn Pledgeco,methodology,False
E100002002923,E100001015587,small shareholder(s),restatement,True
E100000130771,E100000123261,natural person(s),methodology,True
E100000151895,E100000123261,natural person(s),methodology,True
E100001010455,E100000001487,Fusion Holdings,restatement,False
E100000131081,E100000130833,Al Ittefaq Steel Products,methodology,False
E100000002075,E100000123261,natural person(s),restatement,True
E100000001030,E100001000380,Gulf Capital Holdings,restatement,False
E100002001367,E100000000746,Shell,methodology,False
E100000001143,E100001010205,ArcLight Capital Holdings,methodology,False
E100000000338,E100000123261,natural person(s),methodology,True
E100000128094,E100000130629,Huaxin Special Steel Holdings,methodology,False
E100001012179,E100000000411,GETEC Energie Holding,methodology,False
E100001016298,E100001016295,UniCredit Bank Austria,restatement,False
E100000130709,E100000000652,Nippon Steel,restatement,False
E100002007664,E100000123261,natural person(s),methodology,True
E100000130752,E100001015587,small shareholder(s),build-out,True
E100000120560,E100001000520,Life Insurance Corporation of India,restatement,False
E100001000235,E100002007639,Apple Bidco,methodology,False
E100000001806,E100000123261,natural person(s),methodology,True
E100001000652,E100001012200,CFL Participações,restatement,False
E100002004513,E100002004514,Cazol,methodology,False
E100000120820,E100000120726,Kipas Holding,methodology,False
E100001000686,E100001015587,small shareholder(s),restatement,True
E100001015768,E100000000112,Enbridge,methodology,False
E100001015718,E100000001034,PTT Exploration and Production,methodology,False
E100000001492,E100001015587,small shareholder(s),build-out,True
E100000001193,E100001000348,BlackRock,restatement,False
E100002003566,E100001011288,Government of Cuba,methodology,False
E100002003953,E100001000605,Metinvest,build-out,False
E100001000774,E100001016396,Eyesizwe (RF),restatement,False
E100000002617,E100000001166,Caleb Energy,methodology,False
E100000131649,E100002007688,Gwent Holdings,methodology,False
E100000120350,E100000120647,JK Organization,methodology,False
E100000000019,E100001010428,JP Morgan Nominees Australia,restatement,False
E100000130760,E100001015587,small shareholder(s),methodology,True
E100000001636,E100001010886,EGAT Saving and Credit Cooperative,restatement,False
E100000132876,E100002003001,CPFL Energia,methodology,False
E100001013506,E100000132001,Ohai Coal,methodology,False
E100000132454,E100000132689,Greenleaf Power,methodology,False
E100001015860,E100000001378,Andeavor,methodology,False
E100001000522,E100001000520,Life Insurance Corporation of India,restatement,False
E100000153028,E100001015587,small shareholder(s),restatement,True
E100001000073,E100002000795,Chaptre Holdings,methodology,False
E100001011974,E100001000605,Metinvest,restatement,False
E100001012199,E100001016316,Vicunha Steel,methodology,False
E100001014291,E100000001107,European Bank for Reconstruction and Development,methodology,False
E100001011304,E100002007650,Master Bif Iv Uk Holdings,methodology,False
E100000131353,E100000123261,natural person(s),restatement,True
E100000003111,E100000001148,Atlas Holdings,methodology,False
E100000001173,E100001015587,small shareholder(s),build-out,True
E100001010358,E100000000651,Mitsui &,methodology,False
E100001000068,E100000000388,Veolia Environnement,methodology,False
E100000004077,E100000002169,ALLETE,methodology,False
E100001013383,E100000132114,QMetco,build-out,False
E100000000585,E100001015587,small shareholder(s),restatement,True
E100001014206,E100000001096,BP,methodology,False
E100000120397,E100002007980,AVIC-INTL Project Engineering,methodology,False
E100000132036,E100000001190,Denham Capital Management,methodology,False
E100000120522,E100000120841,Metalcorp,methodology,False
E100000130718,E100001015587,small shareholder(s),build-out,True
E100001000776,E100000000651,Mitsui &,restatement,False
E100000000576,E100001011342,Javah Energy Holdings,methodology,False
E100000002063,E100000001648,San Miguel Global Power Holdings,restatement,False
E100002007664,E100002007786,London Power Corporation,methodology,False
E100002001063,E100002001064,iCON Infrastructure Partners III,methodology,False
E100001000932,E100001000179,Custody Bank of Japan,restatement,False
E100000001057,E100001015587,small shareholder(s),restatement,True
E100000001534,E100001010595,The Vanguard Group,restatement,False
E100000121300,E100000120513,Province of Sindh (Pakistan),methodology,False
E100000121087,E100000128088,TSINGSHAN Holding Group,methodology,False
E100000132560,E100001000139,São Martinho,build-out,False
E100000131509,E100001010438,BNP Paribas Nominees,restatement,False
E100000132541,E100000000388,Veolia Environnement,methodology,False
E100001016736,E100000000649,Marubeni,methodology,False
E100000000813,E100001000104,JG Summit Holdings,restatement,False
E100002004588,E100002004589,Bp Eta Holdings,methodology,False
E100000003816,E100001000820,JERA Power Management Mid East,methodology,False
E100001015304,E100001015305,ArcLight Energy Partners VI,methodology,False
E100000131104,E100000131169,Inversiones Reyosan,methodology,False
E100000002884,E100002000061,Sage Petroleum,methodology,False
E100000130991,E100001016332,Hesteel Group,methodology,False
E100002003571,E100000123261,natural person(s),methodology,True
E100000000382,E100001015587,small shareholder(s),restatement,True
E100000001947,E100000123261,natural person(s),methodology,True
E100000000657,E100001000179,Custody Bank of Japan,restatement,False
E100002000026,E100001001062,British American Tobacco,methodology,False
E100000003619,E100000000654,Osaka Gas,restatement,False
E100000001106,E100000123261,natural person(s),methodology,True
E100000002083,E100002001123,NPF Professional,methodology,False
E100001010094,E100001016411,PT Duta Sarana Internusa,restatement,False
E100000131116,E100001016092,Shahrood Steel,methodology,False
E100000121102,E100000123261,natural person(s),methodology,True
E100000000388,E100001015587,small shareholder(s),restatement,True
E100001001267,E100002000948,City of Dalton (Georgia),methodology,False
E100000120826,E100000001648,San Miguel Global Power Holdings,build-out,False
E100001000016,E100002000724,Starwood Opportunity Fund XII,methodology,False
E100000120719,E100002000361,Samra,methodology,False
E100000120557,E100000120558,Himachal Pradesh Power,methodology,False
E100001000089,E100001014359,Government of Canada,methodology,False
E100000003973,E100002000639,PVG Geschäftsführungs,methodology,False
E100000001305,E100001010595,The Vanguard Group,restatement,False
E100000121307,E100002000345,Sloane Developments,methodology,False
E100000000639,E100001000289,Nissho Kosan,restatement,False
E100002002885,E100001000397,Government of India,build-out,False
E100000000980,E100001000348,BlackRock,restatement,False
E100001012815,E100001015587,small shareholder(s),restatement,True
E100000121242,E100000121243,Sanko Holding,methodology,False
E100001014311,E100001014312,Royal Bank of Canada,restatement,False
E100001010604,E100001010605,The Silk Road Fund,methodology,False
E100000001607,E100001015587,small shareholder(s),restatement,True
E100002003814,E100000003342,Qarmet,build-out,False
E100000001713,E100000000838,Semapa - Sociedade de Investimento e Gestão,restatement,False
E100001001055,E100002000356,City of Marshall (Michigan),methodology,False
E100001014307,E100001015739,Spirit Energy,methodology,False
E100002007957,E100002007958,Heritage Power Holdings,methodology,False
E100000000018,E100001010429,Citicorp Nominees,restatement,False
E100000131116,E100000131115,Iran Alloy Steel,methodology,False
E100002002942,E100002002943,Pace Topco,methodology,False
E100000130872,E100000130728,Grupo Simec,methodology,False
E100002005193,E100001000657,CS Energy,methodology,False
E100000000639,E100001000291,Idemitsu Museum of Arts Foundation,restatement,False
E100001015810,E100001015811,Government of Timor-Leste,methodology,False
E100000121164,E100000120672,Jayaswal Neco Industries,methodology,False
E100002003905,E100000000953,POSCO Holdings,methodology,False
E100000002795,E100000121566,Yıldızlar SSS Holding,methodology,False
E100000130894,E100000123261,natural person(s),methodology,True
E100002000844,E100002000845,Conrad Energy Group,methodology,False
E100002004291,E100002004585,Net Zero Teeside Power Holdings,methodology,False
E100002002810,E100002002808,VM Salgaocar and Brother,methodology,False
E100000003480,E100001000390,Lausitz Energie Verwaltungs,methodology,False
E100000120676,E100001010053,State of Jharkand,methodology,False
E100000153045,E100000120031,Aditya Birla Management Corporation,build-out,False
E100001011776,E100000001086,Mubadala Investment Company,methodology,False
E100001016152,E100002003621,Anchorage Capital Advisors,methodology,False
E100001010118,E100000000687,ArcelorMittal,restatement,False
E100000120445,E100000120024,Abhijeet Power,methodology,False
E100001000880,E100001000882,Sumiseki Holdings,methodology,False
E100000001250,E100001010595,The Vanguard Group,restatement,False
E100000003036,E100000000750,Todd,methodology,False
E100000130952,E100001010201,National Iranian Steel,methodology,False
E100000000127,E100001015587,small shareholder(s),restatement,True
E100000002151,E100000123261,natural person(s),methodology,True
E100000002280,E100002000937,State of Massachusetts,methodology,False
E100001012537,E100000000561,Omid Investment Management,restatement,False
E100001010271,E100001015587,small shareholder(s),build-out,True
E100001014301,E100002004737,Trafigura Beheer,methodology,False
E100001016379,E100000001214,FGE Power,build-out,False
E100000131246,E100001010596,State Street,restatement,False
E100000121257,E100000120146,Bendis Enerji,methodology,False
E100000001882,E100002001026,Celanese Services Germany,methodology,False
E100000000641,E100001015587,small shareholder(s),restatement,True
E100001010429,E100001016380,Citigroup,build-out,False
E100000001937,E100001001127,Risee Infinity,restatement,False
E100000004065,E100000001137,Alphabet,build-out,False
E100001012077,E100000000436,Siemens,methodology,False
E100000130713,E100000123261,natural person(s),restatement,True
E100000120105,E100000120104,Avantha Group,methodology,False
E100001015947,E100001014841,Williams Companies,methodology,False
E100000004287,E100000001006,Vitol,methodology,False
E100000001990,E100001015587,small shareholder(s),methodology,True
E100000002945,E100000000724,Office National de l'Electricité et de l'Eau Potable (Morocco),methodology,False
E100000120561,E100000121514,Vedanta Resources,restatement,False
E100001016000,E100001015587,small shareholder(s),restatement,True
E100000120564,E100002003317,Ministry of Commerce & Industries (India),methodology,False
E100000130748,E100001015587,small shareholder(s),restatement,True
E100001012191,E100001016254,Ministry of Industry and Trade (Donetsk People's Republic),methodology,False
E100000002502,E100000000906,NSL,methodology,False
E100000003789,E100000000553,Arian MahTaab Gostar,build-out,False
E100000002364,E100001010616,Instrata Capital,methodology,False
E100000003346,E100000000864,RusHydro,methodology,False
E100000003478,E100000123261,natural person(s),methodology,True
E100001014182,E100000004114,Statera Energy,methodology,False
E100000003877,E100000001590,NOMAC,restatement,False
E100002007705,E100002007739,Enfinium Holdings 3,methodology,False
E100000001017,E100000002128,Taiwan Power,restatement,False
E100000121319,E100000001533,JERA,methodology,False
E100001015331,E100001015333,Con Edison Transmission,restatement,False
E100000002772,E100000000557,National Iranian Petrochemical,restatement,False
E100000003275,E100001015587,small shareholder(s),methodology,True
E100001016025,E100001016026,LNG21 Group,methodology,False
E100001014291,E100001014292,Carlyle International Energy Partners,methodology,False
E100000132235,E100001013597,Cargill Tropical Palm Holdings,methodology,False
E100001015558,E100001015587,small shareholder(s),build-out,True
E100001001055,E100002000359,City of Hillsdale (Michigan),methodology,False
E100001010812,E100000132383,Zarechnaya Coal Company,methodology,False
E100001010271,E100001016142,Indac - Investimentos e Participacoes,restatement,False
E100000000407,E100001010816,OEW Energie-Beteiligungs,restatement,False
E100000132584,E100001011025,Capital Dynamics Holding,methodology,False
E100002002961,E100002002968,Itochu Europe,methodology,False
E100000001689,E100000001688,Sumitomo Chemical,methodology,False
E100000120481,E100000120506,Global Yatırım Holding,methodology,False
E100002003385,E100000123261,natural person(s),methodology,True
E100000001164,E100001000348,BlackRock,restatement,False
E100002004534,E100002004535,Power International Holding,methodology,False
E100001016419,E100001016421,Linetrust PTC,methodology,False
E100002006720,E100000131080,Bashundhara Group,methodology,False
E100002000882,E100002000883,Viridor Energy (Investments),methodology,False
E100001010554,E100001015587,small shareholder(s),methodology,True
E100002003297,E100000000922,Harith General Partners,methodology,False
E100000000387,E100001015587,small shareholder(s),restatement,True
E100000000656,E100001015587,small shareholder(s),restatement,True
E100000132292,E100000123261,natural person(s),methodology,True
E100000133043,E100000003449,Kyuden International,methodology,False
E100001017657,E100002003487,AEB Holding,methodology,False
E100000120517,E100001015587,small shareholder(s),restatement,True
E100000132962,E100002003034,Maharashtra Energy Development Agency,methodology,False
E100000130848,E100001016756,Compagnia Siderurgica Italiana,methodology,False
E100000130770,E100000130709,Godo Steel,methodology,False
E100000120440,E100000000336,United Company RUSAL,methodology,False
E100001016961,E100002003347,MCC Tongsin Resources,methodology,False
E100000003036,E100000000749,Fonterra Co-operative Group,methodology,False
E100002002847,E100001010596,State Street,restatement,False
E100001015593,E100001011064,Berkshire Hathaway Energy,methodology,False
E100000121007,E100000000657,Sumitomo,methodology,False
E100000120581,E100000121578,Zhejiang Huayou Cobalt,methodology,False
E100000120469,E100000000411,GETEC Energie Holding,methodology,False
E100000003690,E100000000660,Tokyo Gas,build-out,False
E100000120987,E100000000537,PT PLN (Persero),methodology,False
E100000002774,E100000000955,SK Gas,restatement,False
E100001015421,E100001015159,Keiyo Gas,methodology,False
E100001016083,E100001015587,small shareholder(s),build-out,True
E100002003752,E100001000709,Tosyalı Holding,methodology,False
E100000120199,E100000123261,natural person(s),methodology,True
E100001015726,E100000001096,BP,restatement,False
E100000000994,E100001016280,Duferco Participations Holding,methodology,False
E100000121095,E100000120878,Myllykoski,methodology,False
E100000131072,E100000131009,Beshay Steel,methodology,False
E100000130730,E100001016238,Grenview Investment,restatement,False
E100000003392,E100000001036,STFE,methodology,False
E100000120200,E100000120766,Leader Energy Group,build-out,False
E100000001030,E100000123261,natural person(s),restatement,True
E100000000650,E100001000178,The Master Trust Bank of Japan,restatement,False
E100000130797,E100000130722,Lion Industries Corporation,methodology,False
E100001011049,E100002003566,Grupo Azucarero AZCUBA,methodology,False
E100000001193,E100001010595,The Vanguard Group,restatement,False
E100000132998,E100000148961,Tokyu Land,methodology,False
E100001011600,E100001016313,Axis Bank,methodology,False
E100001016802,E100002003569,JP Andrade Agropecuaria,methodology,False
E100000001651,E100001015587,small shareholder(s),build-out,True
E100000132549,E100001016802,Usina Cerradão,methodology,False
E100000000524,E100001015587,small shareholder(s),restatement,True
E100001013276,E100000001063,Koç Holding,methodology,False
E100001013279,E100000123261,natural person(s),restatement,True
E100000001116,E100001015587,small shareholder(s),restatement,True
E100001000597,E100001000178,The Master Trust Bank of Japan,restatement,False
E100001014106,E100002007659,Jopla,methodology,False
E100001016115,E100001016116,U. S. Steel Global Holdings I,methodology,False
E100000000646,E100001000249,City of Osaka,restatement,False
E100001001290,E100001001053,FirstEnergy,methodology,False
E100000002849,E100002007635,E.On Uk Holding Company,methodology,False
E100002005355,E100000123261,natural person(s),methodology,True
E100000001835,E100001011559,Government of Chile,methodology,False
E100001014888,E100000123261,natural person(s),methodology,True
E100000000687,E100002004057,Nuavam Investments,restatement,False
E100002004409,E100000000610,Eni,restatement,False
E100001012035,E100001012036,Digital Realty Trust,methodology,False
E100001015334,E100000000102,AltaGas,methodology,False
E100002004513,E100002004515,Rifkamp,methodology,False
E100000132518,E100000132515,Albioma,methodology,False
E100000132511,E100000132567,Moema Bioenergia,methodology,False
E100002004585,E100002004586,Bp Nzt Power Holdings,methodology,False
E100000000630,E100001000178,The Master Trust Bank of Japan,restatement,False
E100000130934,E100000123261,natural person(s),methodology,True
E100000120793,E100000123261,natural person(s),methodology,True
E100001013315,E100001013316,PT Makmur Perkasa,methodology,False
E100000002502,E100000001033,Jatubhut Holding,methodology,False
E100000131008,E100001012487,Oman Development Fund Company,methodology,False
E100001000199,E100000001096,BP,restatement,False
E100000003503,E100000000552,Iran Power Plant Projects Management,restatement,False
E100000001270,E100000001155,Berkshire Hathaway,restatement,False
E100000121126,E100001015587,small shareholder(s),restatement,True
E100000120135,E100000120794,MP Power Management Company,methodology,False
E100001013895,E100002007642,Reliance Generation,methodology,False
E100000001776,E100002000787,Y. K. Almoayyed & Sons,methodology,False
E100001010280,E100001016244,Korea Investment Management,restatement,False
E100000002724,E100000000691,Lecta,methodology,False
E100001010533,E100000001262,NRG Energy,methodology,False
E100001016921,E100000132653,Equis Development,build-out,False
E100000002402,E100000000758,NNPC,build-out,False
E100002004380,E100000186569,Koloğlu Holding,methodology,False
E100000131116,E100000000543,Ghadir Investment Company,methodology,False
E100001014311,E100001014315,1832 Asset Management,restatement,False
E100001015614,E100001015615,National Oil and Gas Pipeline Group,methodology,False
E100000120505,E100000134268,Corporate Ispat Alloys,methodology,False
E100001000641,E100001000348,BlackRock,restatement,False
E100001000747,E100000121080,PT Trimegah Bangun Persada,restatement,False
E100000120236,E100000120235,Chettinad Group,methodology,False
E100000120143,E100000121413,Tasyapi Insaat Taahhut Sanayi Ve Ticaret,methodology,False
E100001011233,E100001011711,Çiftay Insaat Taahhut Ve Ticaret,restatement,False
E100000152934,E100001014648,ALPS Advisors,restatement,False
E100001013832,E100001013833,Centennial Wallarah,restatement,False
E100000001782,E100000123261,natural person(s),methodology,True
E100000121341,E100000001648,San Miguel Global Power Holdings,methodology,False
E100000131008,E100001012488,Sultan Special Force Pension Fund,methodology,False
E100000001655,E100000001654,Sappi,methodology,False
E100000121363,E100000121362,Suryachakra Group,methodology,False
E100001001209,E100000001223,General Electric,methodology,False
E100000001922,E100000123261,natural person(s),methodology,True
E100001000400,E100001000901,The Capital Group Companies,restatement,False
E100001016295,E100001016296,Unicredit,methodology,False
E100000130712,E100000000652,Nippon Steel,restatement,False
E100000120996,E100000000646,Kansai Electric Power,build-out,False
E100000120428,E100001010879,Government of Mongolia,methodology,False
E100000130793,E100000130896,Ekinciler Holding,build-out,False
E100000000860,E100001015587,small shareholder(s),build-out,True
E100000132532,E100002001384,Bh Investment Group,methodology,False
E100002000883,E100002000884,Viridor Waste,methodology,False
E100000132986,E100002000879,Viridor Energy,methodology,False
E100000001986,E100001015587,small shareholder(s),restatement,True
E100000004192,E100001016132,Ternium Internacional España,methodology,False
E100002003622,E100000123261,natural person(s),methodology,True
E100000000649,E100001000179,Custody Bank of Japan,restatement,False
E100000121303,E100000121302,Sintex Group,methodology,False
E100000002502,E100000001031,Hua Kee,methodology,False
E100000121608,E100000120381,Ege Trade,methodology,False
E100001010552,E100000000552,Iran Power Plant Projects Management,methodology,False
E100000000706,E100001000411,Khazanah Nasional,restatement,False
E100000120859,E100000137459,Kanden Energy Solution,methodology,False
E100000001895,E100000000436,Siemens,restatement,False
E100001011552,E100000001225,Glenfarne Group,methodology,False
E100001013379,E100001000539,Turkish Hard Coal Enterprises,methodology,False
E100001000212,E100000000781,OQ,restatement,False
E100000002040,E100002001072,State of Delta (Nigeria),methodology,False
E100002003296,E100002003297,Harith InfraCo,methodology,False
E100000121174,E100000123261,natural person(s),methodology,True
E100002003772,E100000001677,Sinosteel,methodology,False
E100000132215,E100001016517,Land Grand International Holding,restatement,False
E100001012563,E100001015587,small shareholder(s),restatement,True
E100000001297,E100002001074,Lotus Infrastructure Management,methodology,False
E100002003305,E100002003306,Wgh Holding,methodology,False
E100002004378,E100001010596,State Street,methodology,False
E100000130713,E100001015587,small shareholder(s),restatement,True
E100002007661,E100002007710,Heidelberg Materials Uk Holding,methodology,False
E100001000568,E100000123261,natural person(s),build-out,True
E100000121594,E100000121593,Çelikler Yatırım Holding,methodology,False
E100000131120,E100000130925,Viet Nam Steel,methodology,False
E100001015968,E100001011471,Government of Argentina,methodology,False
E100000153090,E100000123261,natural person(s),methodology,True
E100000120749,E100001000178,The Master Trust Bank of Japan,restatement,False
E100001014386,E100001010596,State Street,restatement,False
E100001011575,E100001014543,Capital Research Global Investors,restatement,False
E100000001057,E100002005694,Sakip Sabanci Holding,restatement,False
E100000001577,E100000000506,MVM,restatement,False
E100001016698,E100000001220,FreePort-McMoran,methodology,False
E100002004465,E100002004469,Aktsept,methodology,False
E100001010358,E100000000647,Kobe Steel,methodology,False
E100000130853,E100000123261,natural person(s),restatement,True
E100001000787,E100001016566,Batho Batho Trust,methodology,False
E100000001746,E100000179524,Zhejiang Provincial Energy Group,methodology,False
E100001012537,E100000001959,Mobarakeh Steel,restatement,False
E100000001241,E100002000188,T. Rowe Price Associates,restatement,False
E100000121036,E100000128088,TSINGSHAN Holding Group,methodology,False
E100001013438,E100000000608,Enel,methodology,False
E100000130710,E100001000178,The Master Trust Bank of Japan,restatement,False
E100001011728,E100001011729,Zahid Group,methodology,False
E100000120421,E100002003292,Procon Engineering,methodology,False
E100000120732,E100000121593,Çelikler Yatırım Holding,methodology,False
E100000120332,E100000120333,Diler Holding,methodology,False
E100002002720,E100002002722,Low Carbon,methodology,False
E100000130696,E100001015587,small shareholder(s),methodology,True
E100001016291,E100000123261,natural person(s),methodology,True
E100001015795,E100000124029,Suzhou Gas Group,methodology,False
E100000120298,E100000120340,Doğanlar Yatırım Holding,methodology,False
E100001014283,E100001010429,Citicorp Nominees,restatement,False
E100000132621,E100000121375,TCC Group Holdings,methodology,False
E100000130982,E100000130908,Compania Espanola de Laminacion,methodology,False
E100000121039,E100000120029,PT Adaro Power,methodology,False
E100002007654,E100002007705,Enfinium Holdings 4,methodology,False
E100000131142,E100001015587,small shareholder(s),build-out,True
E100002002903,E100000123261,natural person(s),methodology,True
E100002000258,E100002000259,Peel Land And Property Holdings,methodology,False
E100000120596,E100002000604,Encor Power,methodology,False
E100000003741,E100001000272,Rusatom Infrastructure Solutions,restatement,False
E100000120480,E100000000522,National Aluminium,methodology,False
E100000131018,E100000123261,natural person(s),methodology,True
E100000004209,E100000001100,Carlton Power,methodology,False
E100000004105,E100000001017,Taiwan Cogeneration,restatement,False
E100000001128,E100002003427,Garfield Weston Foundation,methodology,False
E100002005860,E100000123261,natural person(s),methodology,True
E100001000139,E100001000140,LJN Participações,restatement,False
E100000001550,E100000001720,Tyr Energy,methodology,False
E100000120979,E100000120107,Avesco Marketing,methodology,False
E100002000935,E100000000911,Sembcorp Utilities,methodology,False
E100001010131,E100000120213,Cagayan Electric Power & Light,methodology,False
E100001015622,E100001015587,small shareholder(s),build-out,True
E100000003946,E100000000706,Tenaga Nasional,restatement,False
E100001000272,E100001000273,Rosatom,methodology,False
E100002003292,E100002003294,Najeeb Holdings,build-out,False
E100001016172,E100000123261,natural person(s),methodology,True
E100002003568,E100002003569,JP Andrade Agropecuaria,methodology,False
E100000130695,E100001015587,small shareholder(s),methodology,True
E100002002882,E100001015587,small shareholder(s),restatement,True
E100001000684,E100001000685,Mirach Energy,methodology,False
E100000002346,E100001011277,Government of Uruguay,methodology,False
E100000003384,E100000000154,Beijing Energy International Investment,methodology,False
E100000140514,E100001010429,Citicorp Nominees,restatement,False
E100000001035,E100001015689,Ministry of Finance (Thailand),restatement,False
E100001010476,E100001010995,IC Power,methodology,False
E100000002139,E100001000293,Government of Turkmenistan,methodology,False
E100001013030,E100000123261,natural person(s),methodology,True
E100000131045,E100000123261,natural person(s),restatement,True
E100000120343,E100002007646,Drax Smart Generation Holdco,methodology,False
E100001015631,E100000156444,CCB Financial Assets Investment,methodology,False
E100000130708,E100001015587,small shareholder(s),build-out,True
E100000002443,E100000000761,Orient Petroleum Resources,methodology,False
E100001001418,E100001000655,Corona Power,methodology,False
E100001000700,E100000123261,natural person(s),methodology,True
E100001012400,E100000131050,Green Esteel,methodology,False
E100001014932,E100000001143,ArcLight Capital Partners,methodology,False
E100001013004,E100001000539,Turkish Hard Coal Enterprises,methodology,False
E100000150310,E100001000348,BlackRock,restatement,False
E100000001030,E100001015587,small shareholder(s),restatement,True
E100000132962,E100002003038,Shree Datta Sahakari Shetkari Sakhar Karkhana,methodology,False
E100000121320,E100000000185,China Energy Engineering,methodology,False
E100000131058,E100001016337,Aceros Turia,methodology,False
E100000131009,E100000123261,natural person(s),build-out,True
E100000132847,E100000123261,natural person(s),methodology,True
E100000120118,E100001016303,Karnafully Engineering Works,methodology,False
E100000132831,E100001011023,Oji Holdings,methodology,False
E100002001389,E100002001390,Gloag Investments Group,methodology,False
E100001010821,E100001016622,Legal Agency KB Egida,methodology,False
E100000002663,E100000001794,Eletricidade do Brasil,restatement,False
E100000125912,E100000132372,Yanzhou Coal Mining,methodology,False
E100000000660,E100001015587,small shareholder(s),build-out,True
E100000120082,E100000123261,natural person(s),methodology,True
E100000003512,E100000001860,Egyptian General Petroleum,build-out,False
E100001014345,E100001014346,Latin Exploration,restatement,False
E100002000257,E100002000258,Peel L&P,methodology,False
E100000004243,E100000000764,Transnational Corporation,restatement,False
E100002002787,E100001010798,State of Chhattisgarh,methodology,False
E100001012974,E100000123261,natural person(s),build-out,True
E100000120505,E100002000306,Abhijeet Mining,methodology,False
E100000120476,E100000000935,GS Holdings,methodology,False
E100001015688,E100000001755,Sonelgaz,build-out,False
E100000001647,E100000123261,natural person(s),build-out,True
E100000132450,E100001015587,small shareholder(s),methodology,True
E100001001269,E100001011320,Garkane Power Association,methodology,False
E100002003571,E100002003574,FQN Holding,methodology,False
E100001016431,E100001014430,Cheniere Energy,methodology,False
E100000002903,E100000002872,EP UK Investments,methodology,False
E100001000414,E100001010643,Government of Malaysia,methodology,False
E100002004754,E100002004770,Kasen International Holdings,build-out,False
E100000150615,E100000123261,natural person(s),methodology,True
E100001001407,E100000132138,Robindale Energy Services,methodology,False
E100000000067,E100001000286,Dynamo Administracao de Recursos,restatement,False
E100002007631,E100002007630,China-Africa Trade & Industry Development,methodology,False
E100001016117,E100000001319,United States Steel,methodology,False
E100000003221,E100000000649,Marubeni,restatement,False
E100000001384,E100001014140,Ares Partners Holdco,restatement,False
E100000121463,E100001000709,Tosyalı Holding,methodology,False
E100001010061,E100000000382,ENGIE,methodology,False
E100000001681,E100002000779,Aragocias,methodology,False
E100002005446,E100000123261,natural person(s),methodology,True
E100001013233,E100000131725,JOD Holdings,methodology,False
E100001010265,E100001016157,Hyundai Mobis,restatement,False
E100000120931,E100001015587,small shareholder(s),restatement,True
E100002004123,E100001000663,EVRAZ,methodology,False
E100001010769,E100000000870,Norilsk Nickel Mining and Metallurgical Company,build-out,False
E100001013321,E100000131977,New Zealand Coal and Carbon,methodology,False
E100000000658,E100001015587,small shareholder(s),restatement,True
E100001012056,E100000123261,natural person(s),methodology,True
E100002001008,E100000123261,natural person(s),methodology,True
E100001010202,E100001010201,National Iranian Steel,methodology,False
E100001001130,E100001015587,small shareholder(s),restatement,True
E100001015837,E100001015841,RAG Austria,restatement,False
E100001000853,E100001000404,Siberian Coal Energy Company,methodology,False
E100001014856,E100001014858,Global Partners,methodology,False
E100000003270,E100000001015,Formosa Plastics,methodology,False
E100000121591,E100000001058,Kaptan Demir Celik Endustrisi Ve Ticaret,methodology,False
E100000120309,E100001000178,The Master Trust Bank of Japan,restatement,False
E100000120571,E100001000662,ENEX Electric Power,methodology,False
E100000150460,E100000001249,Liberty Utilities,methodology,False
E100001000479,E100001016214,Twin Star Holdings,restatement,False
E100000002654,E100000000124,OPTrust,methodology,False
E100002004590,E100000001096,BP,methodology,False
E100002003427,E100000123261,natural person(s),methodology,True
E100001016128,E100000123261,natural person(s),methodology,True
E100001010280,E100001000730,National Pension Service (South Korea),restatement,False
E100000120587,E100000120460,Formosa Plastics Group,methodology,False
E100000001672,E100002001141,Power Quotient International,restatement,False
E100002000881,E100002000882,Viridor Energy (Investments One),methodology,False
E100000000706,E100001000413,Amanahraya Trustees,restatement,False
E100002002708,E100002002710,Bowater Canadian,methodology,False
E100000001190,E100001016450,Denham Capital Management GP,methodology,False
E100002003625,E100002003624,Midwood Holdings,build-out,False
E100002007752,E100002007757,Enfinium Holdings 1,methodology,False
E100000121005,E100000120957,Olympic Group,methodology,False
E100000002914,E100001015811,Government of Timor-Leste,methodology,False
E100001010084,E100001015587,small shareholder(s),restatement,True
E100001000706,E100001000930,Siam Cement,methodology,False
E100001012153,E100001012155,Subham Capital,methodology,False
E100001016622,E100000123261,natural person(s),build-out,True
E100000121558,E100000121523,Videocon Industries,methodology,False
E100000002128,E100001000277,Government of Taiwan,restatement,False
E100001016051,E100001016053,UK Gas Distribution 2,methodology,False
E100000121048,E100000126498,Jiangsu Delong Nickel Industry,methodology,False
E100000134657,E100000000839,Government of Qatar,methodology,False
E100000120117,E100000001781,Rural Power Company,restatement,False
E100000130851,E100001015587,small shareholder(s),build-out,True
E100001014626,E100001015344,ISQ Global Fund II GP,methodology,False
E100001014283,E100001010427,HSBC Custody Nominees (Australia),restatement,False
E100000002295,E100002000550,Deep East Texas Electric Cooperative,methodology,False
E100000002249,E100000123261,natural person(s),methodology,True
E100000120560,E100001015587,small shareholder(s),restatement,True
E100000121382,E100000120962,Onexim Group,methodology,False
E100000132284,E100001015587,small shareholder(s),methodology,True
E100000120774,E100002000508,PT Graha Wahyu Kencana,methodology,False
E100000120421,E100002003293,Liberty Power Holding,methodology,False
E100001000044,E100001000045,Suzano Holding,restatement,False
E100001015997,E100000001075,Naftogaz of Ukraine,methodology,False
E100000120118,E100000123261,natural person(s),methodology,True
E100000001058,E100000123261,natural person(s),methodology,True
E100000001254,E100001015587,small shareholder(s),restatement,True
E100000004063,E100000001161,BrightSource Energy,build-out,False
E100000120309,E100001011399,Hokuetsu,restatement,False
E100001015980,E100001000265,Government of Trinidad and Tobago,methodology,False
E100000120424,E100002000388,Erdem Holding,methodology,False
E100000003586,E100000001248,LS Power Development,methodology,False
E100002003999,E100001000605,Metinvest,restatement,False
E100000131547,E100000123261,natural person(s),build-out,True
E100001000558,E100000123261,natural person(s),restatement,True
E100001015631,E100001015634,Guolian Industrial Investment Fund Management (Beijing),methodology,False
E100000121033,E100000120613,Indomie,methodology,False
E100001010820,E100000123261,natural person(s),methodology,True
E100001010180,E100002007680,Corus Group,methodology,False
E100001000522,E100001010824,Indusglobe Multiventures,restatement,False
E100000121239,E100000000958,Samchully,methodology,False
E100000001204,E100000001190,Denham Capital Management,methodology,False
E100002003825,E100000131639,Government of Kyrgyzstan,methodology,False
E100000000834,E100000158306,China Three Gorges,restatement,False
E100001011696,E100001000723,UOB Kay Hian Nominees (Asing),restatement,False
E100002003571,E100002003573,PQQ Holding,methodology,False
E100000131509,E100001010429,Citicorp Nominees,restatement,False
E100001012762,E100000123261,natural person(s),restatement,True
E100001001405,E100001001417,Stronghold Digital Mining,methodology,False
E100000120151,E100000121204,SEP Shandong Energy Ventures,methodology,False
E100001016878,E100002003431,York County,methodology,False
E100000001270,E100001015644,Dodge & Cox,restatement,False
E100000130884,E100002007564,Viena Administracao e Participacoes,methodology,False
E100000131126,E100000131027,Novostal-M,methodology,False
E100000121068,E100000121057,PT Pembangunan Perumahan (Persero),methodology,False
E100002003766,E100002003767,Millstreet Capital Management,methodology,False
E100001016251,E100000123067,Tianshan Aluminum,methodology,False
E100000003560,E100000000649,Marubeni,methodology,False
E100001013895,E100002007641,Selectgen,methodology,False
E100000155483,E100001010596,State Street,restatement,False
E100000120287,E100000121544,Westgen,methodology,False
E100002007929,E100002007930,Jungheung Construction,methodology,False
E100000003822,E100000002192,California Public Employees' Retirement System,methodology,False
E100001015672,E100001015674,Kumul Petroleum (Kroton),restatement,False
E100002008004,E100000123261,natural person(s),methodology,True
E100001015390,E100000149640,Savannah Energy,methodology,False
E100002002941,E100002002942,Pace Bidco,methodology,False
E100001015318,E100000000651,Mitsui &,build-out,False
E100001000782,E100000123261,natural person(s),restatement,True
E100001015307,E100001015309,EIG Midship Holdings I,methodology,False
E100000002441,E100000000773,Wärtsilä,build-out,False
E100000001315,E100001000348,BlackRock,restatement,False
E100000003972,E100000000607,Decotra Group,methodology,False
E100000001190,E100000123261,natural person(s),methodology,True
E100000001133,E100001014079,Starboard Value,restatement,False
E100001000439,E100001015587,small shareholder(s),restatement,True
E100000120395,E100000120396,Emami Group,methodology,False
E100001015267,E100001011283,Government of North Macedonia,methodology,False
E100000139810,E100000123261,natural person(s),methodology,True
E100002003292,E100000123261,natural person(s),build-out,True
E100000001140,E100001000348,BlackRock,restatement,False
E100001011787,E100000001231,Harbert Management,methodology,False
E100001013198,E100001000569,PT Harum Energy,restatement,False
E100000132685,E100002003554,Agricultural and Rural Development Authority,methodology,False
E100000130821,E100000131000,Riva Forni Elettrici,methodology,False
E100002007710,E100000000414,Heidelberg Materials,methodology,False
E100000000513,E100001000520,Life Insurance Corporation of India,restatement,False
E100000133043,E100000000656,Sojitz,methodology,False
E100000131237,E100001013609,PT Alfa Energi Investama,build-out,False
E100000004201,E100000000882,ACWA Power,restatement,False
E100000001213,E100001010596,State Street,restatement,False
E100000120693,E100000120731,Kolin Group,methodology,False
E100000002305,E100001000348,BlackRock,restatement,False
E100001015740,E100001015742,Centrica Holdings,methodology,False
E100000121175,E100001015964,Srichakra Commercials,restatement,False
E100002007644,E100002007697,Octopus Energy Generation,methodology,False
E100001010976,E100000000773,Wärtsilä,methodology,False
E100001010367,E100000131000,Riva Forni Elettrici,methodology,False
E100001014935,E100001014936,Haddington Ventures,methodology,False
E100000000610,E100001013560,Cassa Depositi e Prestiti,restatement,False
E100000004260,E100000000892,Swicorp,methodology,False
E100000132814,E100002002695,Mandava Holdings,methodology,False
E100002002959,E100001017632,SUEZ Recycling and Recovery UK,methodology,False
E100000000372,E100001011545,Citibank Europe,restatement,False
E100000001246,E100000123261,natural person(s),restatement,True
E100001015563,E100000000395,BASF,restatement,False
E100001012692,E100001016652,Jindal Stainless Global,methodology,False
E100001015245,E100000000388,Veolia Environnement,methodology,False
E100001010310,E100001015587,small shareholder(s),restatement,True
E100002002780,E100001015587,small shareholder(s),build-out,True
E100001013390,E100001000537,Vietnam National Coal and Mineral Industries Holding,methodology,False
E100000002251,E100002007946,Excelerate Energy,restatement,False
E100000001998,E100002000921,Regional Akimat (Kazakhstan),methodology,False
E100000120842,E100000120594,IDI Infrastructures,methodology,False
E100002002863,E100000123261,natural person(s),methodology,True
E100000003168,E100002001038,Ismail Celik Insaat Sanayi Ve Ticaret,methodology,False
E100000000927,E100001010403,Public Investment Corporation SOC,restatement,False
E100000003981,E100002000935,Sembcorp Energy UK,methodology,False
E100000121392,E100000120621,Indorama Ventures,methodology,False
E100001015739,E100001015740,Gb Gas Holdings,methodology,False
E100000004323,E100000001248,LS Power Development,methodology,False
E100000003648,E100000000907,Nexif,build-out,False
E100001010271,E100001016143,Grupo Gerdau Empreendimentos,restatement,False
E100000003001,E100001000735,Singapore Power International,methodology,False
E100000131071,E100001000709,Tosyalı Holding,methodology,False
E100000130742,E100000130908,Compania Espanola de Laminacion,methodology,False
E100001000884,E100001000885,United Collieries,restatement,False
E100000120696,E100000120695,KVK Energy & Infrastructure,methodology,False
E100002002895,E100000123261,natural person(s),methodology,True
E100000001241,E100001000348,BlackRock,restatement,False
E100001000960,E100001000008,Government of Algeria,methodology,False
E100001011222,E100001015587,small shareholder(s),restatement,True
E100001015741,E100001015739,Spirit Energy,methodology,False
E100001001269,E100001011322,Mt. Wheeler Power,methodology,False
E100001015776,E100001000370,Government of Pakistan,build-out,False
E100000004179,E100000001705,Tenaska,methodology,False
E100000001237,E100001000178,The Master Trust Bank of Japan,restatement,False
E100002003571,E100002003575,TQQ Holding,methodology,False
E100001015356,E100001000210,Government of Kuwait,build-out,False
E100000001464,E100000000829,Polskie Górnictwo Naftowe i Gazownictwo,methodology,False
E100000003520,E100001010606,Kingdom for Energy Investments,methodology,False
E100001010288,E100001015587,small shareholder(s),restatement,True
E100000002165,E100000123261,natural person(s),methodology,True
E100001000469,E100001000470,Corporación Siderúrgica de Venezuela,methodology,False
E100000120802,E100002007618,Madhucon Infra,methodology,False
E100000130908,E100001016152,Barna Steel,methodology,False
E100002006602,E100000123261,natural person(s),methodology,True
E100000120508,E100002003379,The Trustee for Zhu Family Trust,methodology,False
E100001013506,E100000131976,New Vale Coal,methodology,False
E100001013698,E100000132138,Robindale Energy Services,methodology,False
E100000002884,E100000001223,General Electric,methodology,False
E100000120623,E100000120622,Indu Group,methodology,False
E100001010637,E100001015587,small shareholder(s),restatement,True
E100000000473,E100001014965,Paneuropean Oil and Industrial Holdings (Cyprus) Limited,restatement,False
E100000002934,E100000000066,Eletrobras,restatement,False
E100000120039,E100000120038,Akfen Group,methodology,False
E100002000275,E100001015587,small shareholder(s),methodology,True
E100001010315,E100001016139,GP Günter Papenburg,restatement,False
E100000000542,E100001011185,Water & Electric Industries Investment,methodology,False
E100002004667,E100000123261,natural person(s),methodology,True
E100001016152,E100002003620,Attestor,methodology,False
E100002003526,E100001000178,The Master Trust Bank of Japan,restatement,False
E100000131246,E100001010595,The Vanguard Group,restatement,False
E100001000192,E100000123261,natural person(s),methodology,True
E100002004256,E100001000008,Government of Algeria,methodology,False
E100001000779,E100001015587,small shareholder(s),restatement,True
E100000004063,E100000001262,NRG Energy,build-out,False
E100000121154,E100001000537,Vietnam National Coal and Mineral Industries Holding,restatement,False
E100001011644,E100000130768,Moravia Steel,methodology,False
E100001012003,E100000000863,Territorial Generating Company No 2,restatement,False
E100002002696,E100000123261,natural person(s),methodology,True
E100001010163,E100000000537,PT PLN (Persero),methodology,False
E100001010868,E100001010869,KN Invest,restatement,False
E100000121567,E100000121571,Zakłady Azotowe Kędzierzyn,methodology,False
E100000001270,E100001015587,small shareholder(s),restatement,True
E100001000439,E100001010036,OPJ Trading,restatement,False
E100000002646,E100002001063,Irving Infrastructure,methodology,False
E100000121192,E100000121327,Southern Cross Group,methodology,False
E100002000723,E100000123261,natural person(s),methodology,True
E100000001941,E100001010854,Gujarat State Financial Services,restatement,False
E100000132272,E100001016528,PT Nan Riang,methodology,False
E100000000828,E100001011303,Mansa Investments,restatement,False
E100001013344,E100001000537,Vietnam National Coal and Mineral Industries Holding,methodology,False
E100001016678,E100000001322,Vistra,methodology,False
E100001015723,E100001000295,Government of Tunisia,methodology,False
E100001012404,E100001012406,Ferrangoland,methodology,False
E100001011721,E100001000208,Constellation Energy,methodology,False
E100001011777,E100000001173,Carlyle Group,methodology,False
E100001012024,E100000000003,Sonatrach,methodology,False
E100000120416,E100000120532,HRL Holdings,methodology,False
E100001015988,E100002007653,Bp International,methodology,False
E100000121490,E100001011649,SCG Packaging,methodology,False
E100002002822,E100002002823,British Marine,methodology,False
E100001011090,E100000000124,OPTrust,methodology,False
E100000120345,E100000120346,Duc Giang Chemicals Group,methodology,False
E100001013351,E100001000537,Vietnam National Coal and Mineral Industries Holding,methodology,False
E100001012762,E100001015587,small shareholder(s),restatement,True
E100001014543,E100001010707,Capital Research and Management,build-out,False
E100002002832,E100000002721,Coastal Saba Power,build-out,False
E100001016903,E100002003459,Tess Holdings,methodology,False
E100000004359,E100000000604,Ansaldo Energia,build-out,False
E100000121190,E100000120831,Mchenga Coal Mines,methodology,False
E100000120702,E100000120029,PT Adaro Power,build-out,False
E100000121077,E100000121058,PT Petra Unggul Sejahtera,restatement,False
E100002000242,E100000186141,CGN Power,methodology,False
E100000120845,E100001000585,Genuity,methodology,False
E100002007713,E100002007743,Kellas Group Holdings,methodology,False
E100002008207,E100000123261,natural person(s),methodology,True
E100000000876,E100002001276,Russian Copper Company Limited,methodology,False
E100002003252,E100002004701,African Power Coal,methodology,False
E100001000121,E100000123261,natural person(s),methodology,True
E100000000648,E100001000178,The Master Trust Bank of Japan,restatement,False
E100000003831,E100000001358,Public Investment Fund (Saudi Arabia),build-out,False
E100000132729,E100000136608,Katoen Natie,methodology,False
E100000132720,E100002000874,Ineos Runcorn (Tps) Holdings,methodology,False
E100000001918,E100001015587,small shareholder(s),restatement,True
E100000120061,E100001000514,State Grid Corporation of China,methodology,False
E100001011152,E100000000875,Rostec,restatement,False
E100000000650,E100001015587,small shareholder(s),restatement,True
E100002003339,E100000123261,natural person(s),methodology,True
E100000120415,E100001011325,Strata Energy Minerals and Resources,methodology,False
E100000120184,E100000121122,Pitanes Elektrik,methodology,False
E100000001164,E100000001534,JPMorgan Chase & Co,restatement,False
E100001000508,E100001000497,ArcelorMittal España,methodology,False
E100000120174,E100000121186,Royal Group,methodology,False
E100001010528,E100001011139,Habib Group,methodology,False
E100000131070,E100001010330,Vulcan Metal Works,methodology,False
E100000130722,E100000123261,natural person(s),methodology,True
E100001000489,E100001015587,small shareholder(s),restatement,True
E100000002441,E100000000650,Mitsubishi,build-out,False
E100002002959,E100002002960,Pip Infrastructure Investments (No 5),methodology,False
E100000001133,E100001015587,small shareholder(s),restatement,True
E100001000932,E100001000178,The Master Trust Bank of Japan,restatement,False
E100001000597,E100001015587,small shareholder(s),restatement,True
E100000121232,E100002003496,Sahara India Pariwar,methodology,False
E100000120099,E100000120333,Diler Holding,methodology,False
E100001016514,E100002007661,Lehigh Uk,methodology,False
E100000000054,E100001014861,Rubric Capital Management,restatement,False
E100001010018,E100000121405,Tata Sons,restatement,False
E100000000084,E100001000311,Government of Brazil,restatement,False
E100000001794,E100001011475,DC Energia e Participações,methodology,False
E100000120683,E100001016663,Jindal India Powertech,methodology,False
E100000120490,E100000004094,Stadtwerke Bielefeld,methodology,False
E100001012537,E100001015587,small shareholder(s),restatement,True
E100000120008,E100000001305,AES,methodology,False
E100000002345,E100002000135,Great Lakes Energy Cooperative,methodology,False
E100000132471,E100001001437,Waste Management,methodology,False
E100000002487,E100000000067,Eneva,restatement,False
E100000000598,E100000123261,natural person(s),restatement,True
E100000000382,E100001000348,BlackRock,restatement,False
E100000002157,E100001000095,Emirate of Abu Dhabi (United Arab Emirates),methodology,False
E100002009130,E100000123261,natural person(s),methodology,True
E100000004135,E100000000135,Suncor Energy,build-out,False
E100001010277,E100001010270,Gerdau,restatement,False
E100001001273,E100000001193,Dominion Energy,methodology,False
E100002004225,E100002004228,MJH Uniao,methodology,False
E100002000804,E100002000805,Moorgate Pl Holdings,methodology,False
E100000121018,E100000126498,Jiangsu Delong Nickel Industry,methodology,False
E100000002121,E100001016740,Government of Spain,methodology,False
E100001015905,E100001015587,small shareholder(s),restatement,True
E100001001423,E100000001642,Riverstone Holdings,methodology,False
E100000000319,E100001000262,Grupo Argos,restatement,False
E100000000630,E100001015587,small shareholder(s),restatement,True
E100000000388,E100001000348,BlackRock,restatement,False
E100000131546,E100000123261,natural person(s),restatement,True
E100000000806,E100001015587,small shareholder(s),restatement,True
E100001016802,E100002003571,Holding Queiroz de Queiroz,methodology,False
E100001015321,E100001014580,Open Grid Europe,methodology,False
E100001012815,E100002005039,EIG Asset Management,restatement,False
E100001010033,E100001015587,small shareholder(s),restatement,True
E100000120994,E100000120119,BTN Power,methodology,False
E100000132739,E100000123261,natural person(s),methodology,True
E100002002725,E100002002726,Vime Participacoes,methodology,False
E100000001452,E100000001195,Dupont,restatement,False
E100000137871,E100002003352,BEEAH Energy,methodology,False
E100000002873,E100000002872,EP UK Investments,methodology,False
E100001000019,E100000123261,natural person(s),methodology,True
E100000153028,E100001000520,Life Insurance Corporation of India,restatement,False
E100000001315,E100001010595,The Vanguard Group,restatement,False
E100001015632,E100000180733,China National Petroleum,methodology,False
E100000132753,E100000123261,natural person(s),methodology,True
E100000003841,E100000001129,ACON Investments,methodology,False
E100000132771,E100000132867,Renova,restatement,False
E100000120626,E100000120625,Inland Group,methodology,False
E100002000799,E100002000800,Chaptre Greenco Holdings,methodology,False
E100001014807,E100001014808,Sole Holdings,build-out,False
E100000000754,E100000123261,natural person(s),methodology,True
E100002002932,E100002002933,Melton Renewable Energy Newco,methodology,False
E100001015540,E100001015519,Shanxi Guoxin Energy,methodology,False
E100001013814,E100000123261,natural person(s),methodology,True
E100000120996,E100001000710,PT United Tractors,build-out,False
E100000000319,E100001011382,Fondo de Pensiones Obligatorias Porvenir Moderado,restatement,False
E100000000824,E100002000351,PTE Allianz Poland,restatement,False
E100001014602,E100001015409,Electrum Strategic Resources,restatement,False
E100001016961,E100000129877,China ENFI Engineering,methodology,False
E100000132163,E100001016445,PTT Mining,methodology,False
E100000003007,E100000000815,San Miguel,restatement,False
E100002005458,E100002007783,Hargreaves Lansdown,methodology,False
E100001013655,E100001016437,PT Citra Duta Jaya Makmur,methodology,False
E100000131345,E100000131213,AMCI Holdings,methodology,False
E100000120066,E100000120381,Ege Trade,methodology,False
E100000000822,E100000000827,ORLEN,restatement,False
E100000002305,E100001010595,The Vanguard Group,restatement,False
E100000130880,E100001000709,Tosyalı Holding,methodology,False
E100000000546,E100000000566,Saba Power and Energy Group,methodology,False
E100000003816,E100000000841,Nebras Power,methodology,False
E100002000916,E100000000561,Omid Investment Management,restatement,False
E100000004064,E100000001161,BrightSource Energy,build-out,False
E100002005244,E100002005248,BTG Pactual Holding Financeira,restatement,False
E100001012077,E100000137032,Abei Energy,methodology,False
E100000121225,E100000001078,Abu Dhabi National Energy Company,methodology,False
E100000000888,E100001000198,Government of Saudi Arabia,restatement,False
E100000000638,E100000123261,natural person(s),restatement,True
E100000000865,E100000123261,natural person(s),restatement,True
E100000001297,E100002001075,SCGM LIP Member,methodology,False
E100001011308,E100001015377,Province of Saskatchewan (Canada),build-out,False
E100001014519,E100001014520,Crescent Group,methodology,False
E100002000818,E100000123261,natural person(s),methodology,True
E100002003016,E100001011028,Usina Santa Adélia,methodology,False
E100002004625,E100000001247,KKR & Co.,methodology,False
E100001015747,E100001015749,PFM Capital,methodology,False
E100000004260,E100001010061,Engie UK,methodology,False
E100001013396,E100001013557,PT TBS Energi Utama,methodology,False
E100000121211,E100000121210,SJVN,methodology,False
E100001014225,E100001014228,Fluxys BBL,restatement,False
E100000002091,E100000003831,Power and Water Utility Company for Jubail and Yanbu,methodology,False
E100001016008,E100001014007,Southern Company Gas,methodology,False
E100000002892,E100000000320,Ministry of Mines and Energy (Colombia),restatement,False
E100000000505,E100001015587,small shareholder(s),build-out,True
E100000002243,E100002001974,member/employee owned,methodology,False
E100000003885,E100000000552,Iran Power Plant Projects Management,restatement,False
E100001014602,E100001014849,FMR,restatement,False
E100000120996,E100000000657,Sumitomo,build-out,False
E100001012452,E100001012453,Ministry of Public Business Sector (Egypt),methodology,False
E100002008300,E100002008326,Shengli (Fujian) Investment Group,methodology,False
E100001015631,E100000125250,Beijing Chengtong ICBC Equity Investment Fund,methodology,False
E100002002911,E100000000651,Mitsui &,methodology,False
E100000121401,E100000121402,Tan Tao Group,methodology,False
E100002007816,E100000000630,Chubu Electric Power,methodology,False
E100000120230,E100000120229,Chang Chun Group,methodology,False
E100000132208,E100000002054,Hub Power Company,restatement,False
E100000132696,E100000123261,natural person(s),methodology,True
E100001016517,E100000127458,Mengfa Energy Holding Group,methodology,False
E100002007739,E100002007752,Enfinium Holdings 2,methodology,False
E100000130876,E100000123261,natural person(s),restatement,True
E100000121414,E100000121413,Tasyapi Insaat Taahhut Sanayi Ve Ticaret,methodology,False
E100000120239,E100000001982,The Chugoku Electric Power,methodology,False
E100001016012,E100000123261,natural person(s),methodology,True
E100000132911,E100000123261,natural person(s),methodology,True
E100000120062,E100000120064,An Khanh,methodology,False
E100002002724,E100000123261,natural person(s),methodology,True
E100000120137,E100001000404,Siberian Coal Energy Company,methodology,False
E100000002322,E100002000194,Southern Illinois Electric Cooperative,methodology,False
E100002005473,E100000000338,Creditas,methodology,False
E100002004465,E100002004468,Gazprom Gazoraspredelenie,methodology,False
E100001016255,E100001000179,Custody Bank of Japan,restatement,False
E100000004125,E100000000650,Mitsubishi,methodology,False
E100000130710,E100001015587,small shareholder(s),restatement,True
E100001016915,E100000150657,Obayashi Clean Energy,methodology,False
E100001010288,E100001010290,PT Sinarindo Ekamulya,restatement,False
E100000003105,E100000001029,Global Power Synergy,restatement,False
E100000120870,E100000123261,natural person(s),methodology,True
E100000000975,E100001000348,BlackRock,restatement,False
E100000132350,E100002007685,West Cumbria Mining (Holdings),methodology,False
E100001014573,E100002004292,Dimensional Holdings,methodology,False
E100000132981,E100002002696,Parallel 57,methodology,False
E100001015818,E100000000245,PetroChina,methodology,False
E100000155483,E100001000348,BlackRock,restatement,False
E100000120645,E100001011276,Kenanga Nominees (Tempatan),restatement,False
E100000120492,E100000000794,Power Planning and Monitoring,methodology,False
E100000002502,E100000001024,Bangkok Industrial Gas,methodology,False
E100001016015,E100000001250,MDU Resources Group,methodology,False
E100001013479,E100001013484,Botswana Insurance Fund Management,restatement,False
E100001001425,E100000001705,Tenaska,methodology,False
E100000120869,E100000121157,RCR Tomlinson,methodology,False
E100001015826,E100000123261,natural person(s),methodology,True
E100001013036,E100001013038,Demirsan Haddecilik Sanayi Ve Ticaret,methodology,False
E100001015685,E100001015686,Sinopec Kantons Holdings,methodology,False
E100001000114,E100001000115,Girindus Investments,methodology,False
E100002000802,E100002000804,Uk Green Investment Bank,methodology,False
E100002008031,E100000123261,natural person(s),methodology,True
E100001000509,E100001000497,ArcelorMittal España,methodology,False
E100002004061,E100002004062,Asia Pacific Energy Holding (Singapore),methodology,False
E100000132851,E100000123261,natural person(s),methodology,True
E100000000707,E100001010832,Yeoh Tiong Lay & Sons Holdings,restatement,False
E100002000392,E100000123261,natural person(s),methodology,True
E100000120673,E100001000692,Power Company of Karnataka,methodology,False
E100001000852,E100001000404,Siberian Coal Energy Company,build-out,False
E100000000638,E100001015051,"Ministry of Economy, Trade & Industry (Japan)",restatement,False
E100002007964,E100000001143,ArcLight Capital Partners,methodology,False
E100001000973,E100002007018,Pleasant Valley Energy,methodology,False
E100001014605,E100000001245,Kinder Morgan,restatement,False
E100000002661,E100000000465,Cenpower Holdings,build-out,False
E100002007527,E100000123261,natural person(s),methodology,True
E100001011069,E100000001263,NTE Energy,methodology,False
E100002004424,E100002004426,British Columbia Investment Management,methodology,False
E100000120292,E100000120113,BGR Energy Systems,methodology,False
E100001013713,E100000131955,Mwelase Group of Companies,methodology,False
E100000132165,E100000123261,natural person(s),restatement,True
E100000001275,E100000123261,natural person(s),restatement,True
E100002007958,E100000001222,GenOn Holdings,methodology,False
E100000130874,E100001016290,OLIFIN,methodology,False
E100000130724,E100001016312,TYY Resources,restatement,False
E100001000959,E100000123261,natural person(s),methodology,True
E100001000536,E100001016279,Duferco Italia Holding,methodology,False
E100001000049,E100001000050,Klabin Irmãos,restatement,False
E100000004125,E100000000912,Summit Power International,methodology,False
E100001013799,E100001000269,Government of Ukraine,methodology,False
E100002003568,E100002003571,Holding Queiroz de Queiroz,methodology,False
E100002001387,E100002001389,Gloag Investments,methodology,False
E100002003526,E100002003527,UH Partners 2,restatement,False
E100002000567,E100000123261,natural person(s),restatement,True
E100002004465,E100002004467,SG-Invest,methodology,False
E100000000598,E100001015587,small shareholder(s),restatement,True
E100000121445,E100000120851,Ministry of Energy (Mongolia),methodology,False
E100001001297,E100000001322,Vistra,methodology,False
E100000130792,E100000123261,natural person(s),restatement,True
E100000130714,E100001016189,Dongkuk Holdings,restatement,False
E100002002748,E100001000959,Hancock Prospecting,methodology,False
E100002008141,E100000123261,natural person(s),methodology,True
E100000130884,E100000123261,natural person(s),methodology,True
E100002002934,E100002002935,Melton Renewable Energy UK,methodology,False
E100000132685,E100000123261,natural person(s),methodology,True
E100002003914,E100001000709,Tosyalı Holding,methodology,False
E100001013041,E100000123261,natural person(s),methodology,True
E100002005371,E100002005443,BNP Paribas,methodology,False
E100000130888,E100001016223,Siderurgia Nacional - Empresa de Productos Longos,methodology,False
E100001011975,E100001011976,NextEra Energy Maine,methodology,False
E100001000480,E100001015587,small shareholder(s),restatement,True
E100000002178,E100002000078,Sho-Me Power Electric Cooperative,methodology,False
E100000130846,E100001015587,small shareholder(s),restatement,True
E100000000656,E100001000178,The Master Trust Bank of Japan,restatement,False
E100002003964,E100000130925,Viet Nam Steel,methodology,False
E100000004074,E100000000415,IFIC Holding,restatement,False
E100001013697,E100001000537,Vietnam National Coal and Mineral Industries Holding,methodology,False
E100002005371,E100000136869,European Investment Bank,methodology,False
E100000000074,E100000123261,natural person(s),methodology,True
E100000001193,E100001010596,State Street,restatement,False
E100000001329,E100001010596,State Street,restatement,False
E100000120694,E100000123261,natural person(s),methodology,True
E100000003560,E100000001299,Stonepeak Partners,methodology,False
E100000003431,E100000151565,Blackstone Group,methodology,False
E100000000639,E100001000179,Custody Bank of Japan,restatement,False
E100002003874,E100000000547,Iranian Mines & Mining Industries Development & Renovation Organization,methodology,False
E100001016770,E100002007764,Endeavor Group Holdings,methodology,False
E100000002013,E100000123261,natural person(s),methodology,True
E100002003559,E100000123261,natural person(s),methodology,True
E100001000654,E100000123261,natural person(s),methodology,True
E100000132524,E100001000113,Celulosa Arauco y Constitución,restatement,False
E100000120559,E100000001922,LANCO Infratech,methodology,False
E100002003541,E100002003542,City of Jakarta,methodology,False
E100001015308,E100001014430,Cheniere Energy,methodology,False
E100000131301,E100001016581,Trepang Services,restatement,False
E100000002274,E100002003346,City of Lansing (Michigan),methodology,False
E100002002747,E100000123261,natural person(s),methodology,True
E100000000345,E100002003268,Copenhagen Infrastructure Partners Holding,methodology,False
E100000001099,E100002007788,Secretary Of State For Foreign Commonwealth And Development Affairs,methodology,False
E100000120723,E100000120751,Kuyasa Mining,methodology,False
E100000130858,E100001010315,Salzgitter,methodology,False
E100000003107,E100000000544,Golgohar Mining and Industrial,restatement,False
E100000120517,E100001000520,Life Insurance Corporation of India,restatement,False
E100000001321,E100001015587,small shareholder(s),build-out,True
E100000000846,E100000000839,Government of Qatar,build-out,False
E100001013788,E100001013791,Wi Pere Holdings,methodology,False
E100002000914,E100000123261,natural person(s),methodology,True
E100000000394,E100001015587,small shareholder(s),methodology,True
E100000121187,E100000001785,Elektroprivreda Republike Srpske,methodology,False
E100000002130,E100001011115,Electricity Generating Authority of Thailand Saving & Credit Cooperative,restatement,False
E100001015123,E100001015888,JPMorgan Infrastructure Investments Fund,methodology,False
E100000120752,E100000121134,Powergen,methodology,False
E100000120829,E100001011607,DTJ Co,restatement,False
E100002007687,E100002007810,Invica Industries Holdings,methodology,False
E100001014576,E100002003591,Talisman Global Alternative Master,restatement,False
E100000120432,E100000120433,Eren Holding,methodology,False
E100000132862,E100001015587,small shareholder(s),methodology,True
E100000131856,E100001000761,Adani Enterprises,methodology,False
E100000120708,E100000002143,Elektrik Uretim,methodology,False
E100000001804,E100002000593,Newlima,methodology,False
E100000001773,E100001015897,Territory of Northern Territory,build-out,False
E100000003111,E100000001175,Castleton Commodities International,methodology,False
E100001012192,E100001012195,Marcegaglia Steel,methodology,False
E100000121413,E100000123261,natural person(s),methodology,True
E100001013032,E100001013035,Barz Group,methodology,False
E100000002345,E100002000134,Cherryland Electric Cooperative,methodology,False
E100000000067,E100001015587,small shareholder(s),restatement,True
E100001001209,E100000000641,Electric Power Development,methodology,False
E100000132864,E100002002720,Low Carbon W2e2,methodology,False
E100000120061,E100000120223,Centum Investment Group,methodology,False
E100000001830,E100001015800,Royal Trust Corporation of Canada,restatement,False
E100001015123,E100000001143,ArcLight Capital Partners,methodology,False
E100000004311,E100000000646,Kansai Electric Power,methodology,False
E100001001263,E100000001311,Touchstone Energy Cooperative,methodology,False
E100002003905,E100001010146,China Steel,methodology,False
E100000004064,E100000001262,NRG Energy,build-out,False
E100002002960,E100002002962,Pip Infrastructure Managers,methodology,False
E100000120249,E100000001422,China Power International,methodology,False
E100001010536,E100001011920,Sinha-Medlar Group,methodology,False
E100002003914,E100002004577,Libya United Steel Company for Iron and Steel Industry,methodology,False
E100001015905,E100001015906,Corporación Financiera Colombiana,restatement,False
E100000120360,E100000001240,InterEnergy Holdings,methodology,False
E100000000524,E100001000520,Life Insurance Corporation of India,restatement,False
E100000132508,E100000123261,natural person(s),methodology,True
E100002003571,E100002003572,MGQQ Holding,methodology,False
E100000000136,E100001015800,Royal Trust Corporation of Canada,restatement,False
E100001016035,E100001015587,small shareholder(s),build-out,True
E100002000879,E100002000881,Viridor Energy (Investments Two),methodology,False
E100000120585,E100000120852,Ministry of Mineral Resources and Energy (Mongolia),methodology,False
E100001016215,E100000121514,Vedanta Resources,methodology,False
E100000130794,E100000131060,Grupo Gallardo Balboa,methodology,False
E100000132456,E100001016830,ReGenerate Energy Holdings,methodology,False
E100000000649,E100001000178,The Master Trust Bank of Japan,restatement,False
E100000121082,E100000121535,Walsin Lihwa,build-out,False
E100000002250,E100001001200,Ares EIF Management,methodology,False
E100001000857,E100001016419,Firstline Trust,build-out,False
E100000120770,E100001011269,Ajanta Group,methodology,False
E100000002244,E100002001974,member/employee owned,methodology,False
E100001016737,E100000000947,Korea Electric Power,build-out,False
E100002007667,E100000001454,E.ON,methodology,False
E100000131135,E100001016311,Meski Invest,methodology,False
E100000132420,E100001011058,Georgia Renewable Power,methodology,False
E100001015622,E100000000660,Tokyo Gas,restatement,False
E100000000953,E100001000730,National Pension Service (South Korea),restatement,False
E100000121395,E100000123261,natural person(s),restatement,True
E100002003922,E100000000687,ArcelorMittal,methodology,False
E100002005594,E100002001974,member/employee owned,methodology,False
E100000132998,E100002001699,New Energy Development,methodology,False
E100001014805,E100001014534,Snam,restatement,False
E100000000510,E100002004743,Triton Trust,methodology,False
E100000131851,E100000131865,Magni Investment Holdings,methodology,False
E100001015543,E100001010595,The Vanguard Group,restatement,False
E100000120859,E100000120853,Mitsubishi Chemical,methodology,False
E100000132621,E100000000388,Veolia Environnement,methodology,False
E100001015672,E100001015045,Santos,restatement,False
E100001000384,E100001015848,San Faustin,restatement,False
E100001014838,E100000001492,Gazprom,methodology,False
E100000002466,E100000000746,Shell,build-out,False
E100001010532,E100000001358,Public Investment Fund (Saudi Arabia),restatement,False
E100000120802,E100002007619,Madhucon Sugar & Power Industries,methodology,False
E100000001772,E100001011018,State of Western Australia,methodology,False
E100001011107,E100000000864,RusHydro,restatement,False
E100002003626,E100000123261,natural person(s),methodology,True
E100000130730,E100000123261,natural person(s),restatement,True
E100001001295,E100000001216,Footprint Power SH DevCo GP,methodology,False
E100000002884,E100000001204,Endeavor Energy Holdings,methodology,False
E100002000261,E100000123261,natural person(s),methodology,True
E100000132087,E100000123261,natural person(s),methodology,True
E100000003435,E100001015587,small shareholder(s),restatement,True
E100001015622,E100001010932,Suzuyo Shoji,restatement,False
E100000002466,E100000000245,PetroChina,build-out,False
E100001000479,E100001015587,small shareholder(s),restatement,True
E100001000400,E100001015587,small shareholder(s),restatement,True
E100002003964,E100002003965,Kunming Iron & Steel Group,methodology,False
E100000004231,E100000000940,Hanwha Energy,methodology,False
E100001000736,E100001015587,small shareholder(s),restatement,True
E100000131832,E100001000930,Siam Cement,restatement,False
E100001012077,E100001016233,Helvella Holding,methodology,False
E100000132864,E100002002721,Pmac Energy,methodology,False
E100000003776,E100002001259,Forethought Life Insurance,methodology,False
E100001013702,E100001013704,PT Ancora Indonesia Resources,methodology,False
E100000131517,E100000131474,Cement Australia Holdings,methodology,False
E100001016830,E100001016829,ReEnergy Biomass Operations,methodology,False
E100001000164,E100000000053,CK Infrastructure Holdings,restatement,False
E100000004192,E100000130688,Ternium Argentina,methodology,False
E100002003304,E100002003305,Wgh Uk Holdings,methodology,False
E100001015045,E100001015587,small shareholder(s),restatement,True
E100000120176,E100001011404,Ultimate Energy Investment Group,methodology,False
E100000120862,E100000120433,Eren Holding,methodology,False
E100000002233,E100002000780,City of Clarksdale (Mississippi),build-out,False
E100000004249,E100001011189,Globeleq Africa Investments,methodology,False
E100002001141,E100002001143,FIT Holding,methodology,False
E100000001982,E100001000178,The Master Trust Bank of Japan,restatement,False
E100001011521,E100000123261,natural person(s),methodology,True
E100000001770,E100001015587,small shareholder(s),restatement,True
E100001000163,E100002007654,Enfinium Holdings 5,methodology,False
E100001000652,E100001012199,Vicunha Aços,restatement,False
E100002000316,E100002003565,EMCO Holding,methodology,False
E100000130892,E100000130894,Feralpi Holding,methodology,False
E100000131033,E100000130851,KISCO,methodology,False
E100000003784,E100002008228,Palm Beteiligungs,methodology,False
E100000002178,E100002000076,Northeast Missouri Electric Power Cooperative,methodology,False
E100001016007,E100000150007,Énergir,methodology,False
E100001012151,E100000001364,AES Baltic Holdings,methodology,False
E100000003946,E100000000705,State of Sabah,restatement,False
E100000120279,E100000000851,Government of Romania,methodology,False
E100000130898,E100000123261,natural person(s),methodology,True
E100000002359,E100000000817,Vivant,restatement,False
E100001011563,E100001000178,The Master Trust Bank of Japan,restatement,False
E100000155483,E100001010595,The Vanguard Group,restatement,False
E100002006571,E100000001287,Rayburn Country Electric Cooperative,methodology,False
E100001013655,E100001016436,PT Energi Nusa Mandiri,methodology,False
E100000000510,E100002004742,Virgo Trust,methodology,False
E100000002363,E100000001394,Bangla Trac,methodology,False
E100000132208,E100000121434,Thal,build-out,False
E100000132981,E100002002697,Ashfellside,methodology,False
E100001010021,E100001010020,Holding Company SDS Ugol,build-out,False
E100000002905,E100000001861,Egyptian Petrochemicals Holding,restatement,False
E100002001384,E100000123261,natural person(s),methodology,True
E100000000810,E100001000350,First Philippine Holdings,restatement,False
E100000130884,E100002007562,RKV Participacoes,methodology,False
E100000131778,E100000131906,Mercator,methodology,False
E100002002943,E100000123261,natural person(s),methodology,True
E100000121230,E100000123261,natural person(s),methodology,True
E100001011285,E100001015587,small shareholder(s),methodology,True
E100000000395,E100001015587,small shareholder(s),restatement,True
E100001016592,E100001015587,small shareholder(s),methodology,True
E100001016001,E100000123261,natural person(s),methodology,True
E100001014651,E100001015587,small shareholder(s),methodology,True
E100000121231,E100000000382,ENGIE,restatement,False
E100001013479,E100001013480,Vunani Fund Managers,restatement,False
E100000002087,E100001010702,Gazprom Energoholding,restatement,False
E100000000815,E100000123261,natural person(s),restatement,True
E100000001770,E100001010429,Citicorp Nominees,restatement,False
E100000130851,E100001016179,KISCO Holdings,restatement,False
E100000002353,E100000123261,natural person(s),methodology,True
E100000000585,E100000123261,natural person(s),restatement,True
E100000120791,E100000120410,Energia Solution & Service,methodology,False
E100000002331,E100000001321,Valero Energy,methodology,False
E100000001123,E100001000348,BlackRock,restatement,False
E100001015758,E100001015760,NAmerico Energy Holdings,methodology,False
E100000130855,E100000130934,Heico Companies,methodology,False
E100002007628,E100002007629,GCL Projects (Botswana),methodology,False
E100001014345,E100002001416,Sociedad Comercial del Plata,restatement,False
E100001001318,E100002001974,member/employee owned,methodology,False
E100000001057,E100000123261,natural person(s),restatement,True
E100000130739,E100001016135,Holding Company Metalloinvest,methodology,False
E100000003883,E100001000329,Nebras Energy,restatement,False
E100000001213,E100001010595,The Vanguard Group,restatement,False
E100001000695,E100000123261,natural person(s),build-out,True
E100000003422,E100000000542,Farab,restatement,False
E100001016174,E100000123261,natural person(s),methodology,True
E100000003681,E100001015587,small shareholder(s),restatement,True
E100000001164,E100001010596,State Street,restatement,False
E100000131353,E100001016488,Talley’s Group,restatement,False
E100000001652,E100002007679,Sse Thermal Generation Holdings,methodology,False
E100001016921,E100000001985,Hokkaido Electric Power,build-out,False
E100001010526,E100000003471,Lakdhanavi,methodology,False
E100000120033,E100000121593,Çelikler Yatırım Holding,methodology,False
E100001011469,E100001011859,Masimong Group Holdings,methodology,False
E100001001033,E100002004164,EDF Energy (UK),methodology,False
E100001011922,E100001011149,Burmeister & Wain Scandinavian Contractor,methodology,False
E100000121036,E100000125333,Metallurgical Corporation of China,methodology,False
E100000003580,E100000000571,Ministry of Oil (Iraq),methodology,False
E100000131396,E100000131874,Makole Group,methodology,False
E100000001959,E100001010201,National Iranian Steel,methodology,False
E100000002738,E100000001240,InterEnergy Holdings,methodology,False
E100000121511,E100000120044,Albayrak Holding,methodology,False
E100000000645,E100001015051,"Ministry of Economy, Trade & Industry (Japan)",restatement,False
E100000004126,E100001000734,Ta Ya Electric Wire & Cable,methodology,False
E100002007677,E100002007679,Sse Thermal Generation Holdings,methodology,False
E100000120001,E100000121566,Yıldızlar SSS Holding,methodology,False
E100000120843,E100000120844,Milhouse International,methodology,False
E100000000651,E100001000179,Custody Bank of Japan,restatement,False
E100000120240,E100002000154,Shandong Taishan Sunlight Investment,methodology,False
E100001000669,E100001015587,small shareholder(s),restatement,True
E100000000980,E100001015587,small shareholder(s),restatement,True
E100001000846,E100001000404,Siberian Coal Energy Company,methodology,False
E100002003893,E100002003895,Good Importing International,restatement,False
E100000003515,E100000000169,China Harbor Engineering,restatement,False
E100002000897,E100000123261,natural person(s),methodology,True
E100000001237,E100001015587,small shareholder(s),restatement,True
E100001014802,E100002003283,Nam (Kwong) Group,methodology,False
E100002007649,E100002007699,Bears Midco,methodology,False
E100000000388,E100000123261,natural person(s),restatement,True
E100001016116,E100001016117,U.S. Steel Holdings,methodology,False
E100000120497,E100000120067,Anadolu Group,methodology,False
E100001015837,E100001015840,E.ON Ruhrgas,restatement,False
E100001011247,E100001010596,State Street,restatement,False
E100001000315,E100001000082,Government of Sweden,methodology,False
E100001000700,E100002000183,Carbounion Holding,methodology,False
E100001011520,E100001014931,Raiffeisenlandesbank Oberösterreich,methodology,False
E100000120004,E100000120003,ABL,methodology,False
E100000120348,E100000000994,Duferco,methodology,False
E100000131936,E100001015587,small shareholder(s),methodology,True
E100001000774,E100001010403,Public Investment Corporation SOC,restatement,False
E100000002178,E100001001073,Central Electric Power Cooperative,methodology,False
E100001016152,E100002003623,Strategic Value Partners,methodology,False
E100002002898,E100000123261,natural person(s),methodology,True
E100001010196,E100000000651,Mitsui &,methodology,False
E100001011098,E100000001173,Carlyle Group,methodology,False
E100000004074,E100000000552,Iran Power Plant Projects Management,restatement,False
E100000121499,E100000121522,Vidarbha Power Company,methodology,False
E100001012815,E100002003559,Control Empresarial de Capitales,restatement,False
E100000120561,E100001000397,Government of India,restatement,False
E100000132998,E100000000630,Chubu Electric Power,methodology,False
E100002001392,E100002003329,Takeei,methodology,False
E100002003526,E100001015587,small shareholder(s),restatement,True
E100000121555,E100000120147,Aydem Yenilenebilir Enerji,methodology,False
E100000130909,E100000130908,Compania Espanola de Laminacion,methodology,False
E100000002872,E100000123261,natural person(s),methodology,True
E100000120792,E100001000911,Municipality of Ras al-Khaimah,methodology,False
E100000120615,E100000120578,Huafeng Group,methodology,False
E100001000779,E100000000652,Nippon Steel,restatement,False
E100000120921,E100000121559,Yuanda Group,methodology,False
E100001013544,E100002004886,Ministry of Interior (Hungary),methodology,False
E100000000459,E100001015587,small shareholder(s),restatement,True
E100001016735,E100002001008,Gemcorp Capital Management,methodology,False
E100001000657,E100001010286,State of Queensland,methodology,False
E100001014282,E100001015587,small shareholder(s),build-out,True
E100001001189,E100000001143,ArcLight Capital Partners,methodology,False
E100000120084,E100000120460,Formosa Plastics Group,methodology,False
E100000003406,E100000000660,Tokyo Gas,build-out,False
E100002001689,E100000001171,Cargill,methodology,False
E100000120410,E100000001982,The Chugoku Electric Power,methodology,False
E100000003529,E100000000524,Oil and Natural Gas,restatement,False
E100000120108,E100001000847,Ordu Yardımlaşma Kurumu,methodology,False
E100001010651,E100000132266,TalTEK,methodology,False
E100000004176,E100000001705,Tenaska,methodology,False
E100002003628,E100000131158,RSL Group,methodology,False
E100000001966,E100001000257,Government of Kurdistan Region,build-out,False
E100000001260,E100001016498,Mitsubishi UFJ Financial Group,restatement,False
E100002003270,E100000131681,HCCL Holdings,methodology,False
E100000132998,E100002001696,Mitsubishi HC Capital,methodology,False
E100001000571,E100001015587,small shareholder(s),restatement,True
E100000121268,E100000121267,Sew Infrastructure,methodology,False
E100000000433,E100001000348,BlackRock,restatement,False
E100001001269,E100001011321,Moon Lake Electric Association,methodology,False
E100000120094,E100000120148,Besa Group,methodology,False
E100001012702,E100000123261,natural person(s),methodology,True
E100002008300,E100002008327,Guangdong Metals & Minerals Import & Export Group,methodology,False
E100000131068,E100000131048,Abul Khair,methodology,False
E100001014848,E100001014841,Williams Companies,methodology,False
E100000132846,E100000132567,Moema Bioenergia,build-out,False
E100001011235,E100001011236,Bayat Group,methodology,False
E100000130730,E100001015587,small shareholder(s),restatement,True
E100001010295,E100001010296,Corporación Centroamericana del Acero,methodology,False
E100000000836,E100001015587,small shareholder(s),methodology,True
E100000002813,E100000123261,natural person(s),methodology,True
E100000003651,E100000001689,Sumitomo Joint Electric Power,build-out,False
E100002000801,E100002000802,Green Investment Group,methodology,False
E100001001292,E100000002975,Engie North America,methodology,False
E100000121126,E100000000369,Stora Enso,restatement,False
E100000001830,E100001015587,small shareholder(s),restatement,True
E100000002140,E100000123261,natural person(s),methodology,True
E100001000641,E100001010596,State Street,restatement,False
E100000130777,E100001016239,Südwest Beteiligungen,methodology,False
E100001014542,E100001000348,BlackRock,restatement,False
E100000121085,E100000120243,China Hongqiao Group,build-out,False
E100001011930,E100000123261,natural person(s),restatement,True
E100000120041,E100000123261,natural person(s),methodology,True
E100000000531,E100000120517,Grasim Industries,restatement,False
E100002003297,E100002003298,Development Bank of Southern Africa,methodology,False
E100002001074,E100002001077,Lotus HS Holdings,methodology,False
E100000000666,E100000123261,natural person(s),methodology,True
E100000001223,E100001000348,BlackRock,restatement,False
E100002007635,E100000001454,E.ON,methodology,False
E100000132551,E100001016802,Usina Cerradão,build-out,False
E100000130736,E100001015587,small shareholder(s),restatement,True
E100000000136,E100001015587,small shareholder(s),build-out,True
E100001014803,E100000153201,Fluxys,restatement,False
E100000121231,E100000120910,Nareva Holding,restatement,False
E100001014498,E100001000151,Government of Mozambique,build-out,False
E100000130748,E100000123261,natural person(s),restatement,True
E100000120010,E100000001305,AES,methodology,False
E100001013713,E100000131573,Emalangeni Mining Resources,methodology,False
E100001010656,E100000131991,Novaya Gornaya Management Company,methodology,False
E100000003920,E100000123261,natural person(s),methodology,True
E100002002911,E100000001237,ITOCHU,methodology,False
E100000121357,E100001000599,Government of North Korea,methodology,False
E100000132541,E100000152376,Margeruite Fund,methodology,False
E100000002295,E100002000547,Panola-Harrison Electric,methodology,False
E100000120903,E100000120904,Namane Group,methodology,False
E100000121497,E100000120499,Ghantoot Group,methodology,False
E100000001770,E100001010427,HSBC Custody Nominees (Australia),restatement,False
E100001016654,E100001016656,Cargill Beteiligungs,methodology,False
E100000001467,E100000000473,HELLENiQ ENERGY Holdings,restatement,False
E100000121549,E100000121118,Phonesack Group,methodology,False
E100001000597,E100000000652,Nippon Steel,restatement,False
E100001010637,E100001016749,AMUNDI Asset Management,restatement,False
E100000004060,E100000000847,Government of the Republic of the Congo,build-out,False
E100000132147,E100000123261,natural person(s),methodology,True
E100002007659,E100000123261,natural person(s),methodology,True
E100002004173,E100002004174,Özce Madencilik ve Ticaret ve,methodology,False
E100001000402,E100001015587,small shareholder(s),methodology,True
E100000001329,E100001000348,BlackRock,restatement,False
E100001016279,E100001016280,Duferco Participations Holding,methodology,False
E100000130706,E100001015587,small shareholder(s),restatement,True
E100000000813,E100001015587,small shareholder(s),restatement,True
E100000002541,E100000001175,Castleton Commodities International,methodology,False
E100002002823,E100002002824,QBE Insurance Group,methodology,False
E100000001464,E100000000832,TAURON Polska Energia,methodology,False
E100000000657,E100001015587,small shareholder(s),restatement,True
E100000001023,E100001000325,B.Grimm Power (Singapore),restatement,False
E100000000650,E100001000179,Custody Bank of Japan,restatement,False
E100000001830,E100002001375,Brookfield Renewable Energy Group,restatement,False
E100001013479,E100001015587,small shareholder(s),methodology,True
E100000130878,E100000123261,natural person(s),methodology,True
E100000000656,E100000123261,natural person(s),restatement,True
E100000000998,E100001000416,Gunvor Employee Shareplan,restatement,False
E100000000014,E100001010428,JP Morgan Nominees Australia,restatement,False
E100000132742,E100000000353,Seaboard,methodology,False
E100000002251,E100002007947,Excelerate Energy Holdings,restatement,False
E100000004106,E100000001017,Taiwan Cogeneration,restatement,False
E100000004091,E100000001242,Invenergy,methodology,False
E100000120939,E100000121329,Sparkling Commodities,methodology,False
E100000133043,E100000000841,Nebras Power,methodology,False
E100002004587,E100002004588,Bp Lambda Holdings,methodology,False
E100001010290,E100001010086,PT Sinar Mas Group,methodology,False
E100002004038,E100002004042,Leone Rock Metal Group Company,methodology,False
E100002000256,E100002000257,Peel L&P Investments (U.K.),methodology,False
E100000121312,E100002003269,SOCAR Turkey Elektrik Yatırımları Holding,methodology,False
E100001013419,E100001013420,Droxford International,methodology,False
E100001010921,E100001010922,Paladin Hydrogen,methodology,False
E100002004225,E100002004229,JFA Holding Do Brasil,methodology,False
E100000001899,E100000120261,City of Münster,methodology,False
E100000131069,E100000131003,Baku Steel Company,methodology,False
E100002000795,E100002000798,Chaptre Investments,methodology,False
E100000001763,E100001015587,small shareholder(s),restatement,True
E100000132911,E100002003012,AMD Participacoes,methodology,False
E100001010868,E100001010870,Region Stroy,restatement,False
E100001015630,E100001015631,Guolian Zhongrong (Chengdu) Equity Investment Fund Partnership,methodology,False
E100000000836,E100001011510,Massachusetts Financial Services,methodology,False
E100000131777,E100000123261,natural person(s),methodology,True
E100000000630,E100001000179,Custody Bank of Japan,restatement,False
E100000001260,E100001010596,State Street,restatement,False
E100000130831,E100001016336,ORI Martin Holding,methodology,False
E100000120516,E100002000177,Starboard Asset,methodology,False
E100000001034,E100001015587,small shareholder(s),restatement,True
E100000130723,E100001015587,small shareholder(s),restatement,True
E100000002178,E100002000074,KAMO Electric Cooperative,methodology,False
E100000004291,E100002007682,Valero Holdco Uk,methodology,False
E100000001100,E100002000897,Carlton Energy,methodology,False
E100000121130,E100000123261,natural person(s),methodology,True
E100000130970,E100000123261,natural person(s),methodology,True
E100001010523,E100001011086,Vale Canada,restatement,False
E100002004589,E100002004590,Bp Gamma Holdings,methodology,False
E100000003941,E100000000434,SWE Stadtwerke Erfurt,restatement,False
E100000001927,E100000001528,Infrastructure Leasing & Financial Services,methodology,False
E100000121344,E100002000147,Sunil Hitech Engineers,methodology,False
E100000004179,E100000001720,Tyr Energy,methodology,False
E100000002178,E100002000077,N.W. Electric Power Cooperative,methodology,False
E100001010658,E100000131991,Novaya Gornaya Management Company,methodology,False
E100001015414,E100000001595,National Petroleum and Natural Gas Pipeline Network Group,methodology,False
E100001015331,E100001015332,EQM Midstream Partners,restatement,False
E100000003069,E100000000706,Tenaga Nasional,build-out,False
E100000131519,E100001015587,small shareholder(s),methodology,True
E100000003408,E100001011215,Kazakhmys Holding,methodology,False
E100001015798,E100001000282,Government of Syria,methodology,False
E100000001822,E100002001068,Eastern Power,methodology,False
E100000003537,E100000000114,Fortis,build-out,False
E100002003747,E100000120243,China Hongqiao Group,methodology,False
E100002000706,E100002000707,Albion Holdco,methodology,False
E100002003533,E100002007774,Oe Holdco,methodology,False
E100001016069,E100001016070,West Texas Gas,methodology,False
E100001013413,E100000001322,Vistra,methodology,False
E100000003919,E100000000953,POSCO Holdings,methodology,False
E100002003401,E100002003402,M&G Group Regulated Entity Holding Company,methodology,False
E100000001096,E100001000348,BlackRock,restatement,False
E100001010822,E100000000864,RusHydro,build-out,False
E100002004715,E100000131244,Allied Queensland Coalfields,methodology,False
E100000130873,E100000130779,Alfa Acciai,methodology,False
E100000120254,E100000000864,RusHydro,restatement,False
E100001012160,E100001015587,small shareholder(s),restatement,True
E100001013228,E100001013229,PT Indonesia Coal Resources,methodology,False
E100000120604,E100000121451,Tonen General Sekiyu,methodology,False
E100000120755,E100000120439,Eternal Tsingshan Group,methodology,False
E100000120667,E100000121175,Reliance Industries,methodology,False
E100001014800,E100001014801,Luppiter Bidco,methodology,False
E100000000455,E100001000716,STAWAG – Stadt- und Städteregionswerke Aachen,restatement,False
E100002003367,E100000000388,Veolia Environnement,restatement,False
E100000001451,E100002000031,Dow,methodology,False
E100000001804,E100002000591,Fox Energy Servicos de Energia,methodology,False
E100000132615,E100000123261,natural person(s),methodology,True
E100001015630,E100001015632,Sichuan Petroleum Administration,methodology,False
E100001010629,E100000132231,Stroyservis,methodology,False
E100000000022,E100001014929,OÖ Landesholding,restatement,False
E100002002780,E100002002781,Yandal Investments,restatement,False
E100000000614,E100000123261,natural person(s),methodology,True
E100001015066,E100001015069,Abante,restatement,False
E100000002124,E100002000786,Government of Sudan,methodology,False
E100002004457,E100001013560,Cassa Depositi e Prestiti,restatement,False
E100000121596,E100000121593,Çelikler Yatırım Holding,methodology,False
E100001012093,E100001016267,Government of Donetsk People's Republic,methodology,False
E100000130710,E100000000652,Nippon Steel,restatement,False
E100001011023,E100001015587,small shareholder(s),build-out,True
E100000000509,E100001015587,small shareholder(s),restatement,True
E100000000659,E100001000178,The Master Trust Bank of Japan,restatement,False
E100000121263,E100001011300,Gazprom Neft,restatement,False
E100001011927,E100001011928,Cleveland-Cliffs Steel,methodology,False
E100000121162,E100002007667,Npower Group,methodology,False
E100000121526,E100001000537,Vietnam National Coal and Mineral Industries Holding,methodology,False
E100000001857,E100001010999,Government of Ecuador,build-out,False
E100001012406,E100001012407,Government of Angola,methodology,False
E100001010765,E100000123261,natural person(s),methodology,True
E100000002083,E100002001124,KB Agropromkredit,methodology,False
E100000001984,E100001000178,The Master Trust Bank of Japan,restatement,False
E100000132737,E100000123261,natural person(s),methodology,True
E100001016301,E100001016295,UniCredit Bank Austria,methodology,False
E100000001727,E100002007684,Vpi Generation,methodology,False
E100000121515,E100000121514,Vedanta Resources,methodology,False
E100000000860,E100000123261,natural person(s),build-out,True
E100001015609,E100001015610,Malampaya Energy XP,methodology,False
E100002000259,E100002000260,Peel Holdings (Land And Property),methodology,False
E100000131001,E100001016293,Sribir Group of Companies,methodology,False
E100000132689,E100000001190,Denham Capital Management,methodology,False
E100000130779,E100001016253,Siderurgica Investimenti,methodology,False
E100001012081,E100000123261,natural person(s),methodology,True
E100001001410,E100000001262,NRG Energy,methodology,False
E100001010639,E100001016347,Mechel Mining,build-out,False
E100000132717,E100000123261,natural person(s),methodology,True
E100000130987,E100001015587,small shareholder(s),restatement,True
E100001000709,E100000123261,natural person(s),methodology,True
E100001015595,E100000150007,Énergir,build-out,False
E100001014202,E100002000907,Zhaik Holding,methodology,False
E100000001574,E100002009114,MET Holding,methodology,False
E100000121336,E100000121261,Semirara Mining and Power,methodology,False
E100000132231,E100000123261,natural person(s),methodology,True
E100002003297,E100001000789,Zungu Investments Company,methodology,False
E100001015290,E100001000348,BlackRock,restatement,False
E100000131458,E100001015587,small shareholder(s),build-out,True
E100000132958,E100000123261,natural person(s),methodology,True
E100001012202,E100001012203,Shakambhari Group,methodology,False
E100001010324,E100001015587,small shareholder(s),methodology,True
E100000121086,E100000121577,Zhejiang Huajun Investment,methodology,False
E100002007673,E100002007638,Varco Acquisition,methodology,False
E100002000949,E100002004745,Tiger Infrastructure Associates GP III,methodology,False
E100000001030,E100001000324,UBS Singapore Branch,restatement,False
E100000000019,E100001015587,small shareholder(s),restatement,True
E100002002726,E100002002752,LLM Participacoes,methodology,False
E100000003716,E100001000252,Deutsche Investitions- und Entwicklungsgesellschaft,restatement,False
E100002003558,E100000123261,natural person(s),restatement,True
E100000000654,E100001015587,small shareholder(s),restatement,True
E100001000212,E100000001558,LX International,restatement,False
E100000134817,E100000134794,Bamboo Capital,methodology,False
E100000131193,E100000123261,natural person(s),methodology,True
E100002007678,E100001016051,Scotia Gas Networks,methodology,False
E100000130963,E100000123261,natural person(s),build-out,True
E100001001215,E100000001150,Avenue Capital Group,methodology,False
E100000000687,E100001015587,small shareholder(s),restatement,True
E100000131069,E100000120241,China CAMC Engineering,methodology,False
E100000120866,E100000001114,Mondi,methodology,False
E100001017632,E100002002969,Suez Recycling And Recovery Holdings Uk,methodology,False
E100002003967,E100000000875,Rostec,methodology,False
E100001014841,E100001010596,State Street,restatement,False
E100002005371,E100000000421,Kreditanstalt für Wiederaufbau,methodology,False
E100000003342,E100002003233,Qazaqstan Steel Group,methodology,False
E100000130780,E100000123261,natural person(s),methodology,True
E100001012972,E100001012973,PT Kutai Bara Nusantara,methodology,False
E100000004174,E100000001106,EleQtra,methodology,False
E100000001941,E100001010853,Torrent Investments,restatement,False
E100000001550,E100000001705,Tenaska,methodology,False
E100000002182,E100000001155,Berkshire Hathaway,methodology,False
E100000120802,E100002007620,PT Madhucon Indonesia,methodology,False
E100002003252,E100000134109,Jiangsu Etern,methodology,False
E100000150310,E100001015587,small shareholder(s),build-out,True
E100000000135,E100001015587,small shareholder(s),build-out,True
E100000000019,E100001010429,Citicorp Nominees,restatement,False
E100001000457,E100000123261,natural person(s),methodology,True
E100000132541,E100000001237,ITOCHU,methodology,False
E100002004748,E100001014543,Capital Research Global Investors,restatement,False
E100001000839,E100001000404,Siberian Coal Energy Company,methodology,False
E100000120344,E100000120532,HRL Holdings,methodology,False
E100002000080,E100002000081,Ministerio de Minería y Metalurgia del Estado Plurinacional de Bolivia,methodology,False
E100002007757,E100002007759,Enfinium Group,methodology,False
E100001000351,E100002000847,Kıbrıs Türk Elektrik Kurumu - Kıb-Tek,methodology,False
E100000130695,E100000123261,natural person(s),methodology,True
E100001016347,E100000000860,Mechel,methodology,False
E100001010596,E100001015587,small shareholder(s),restatement,True
E100000130804,E100000123261,natural person(s),methodology,True
E100001014225,E100001014226,Gasunie BBL,restatement,False
E100002008201,E100000123261,natural person(s),methodology,True
E100000001824,E100001015587,small shareholder(s),methodology,True
E100001010627,E100000003740,Irkutskenergo,restatement,False
E100001015743,E100001011301,Government of Serbia,build-out,False
E100001011247,E100001000348,BlackRock,restatement,False
E100000001798,E100002000335,Mercurio Holding,methodology,False
E100000003018,E100000000864,RusHydro,restatement,False
E100000120875,E100000120123,Baikal Municipality,methodology,False
E100001015774,E100001015587,small shareholder(s),build-out,True
E100002000710,E100002007647,Cube Mobile Power Holdco,methodology,False
E100002002923,E100001000686,National Mineral Development,restatement,False
E100002007753,E100002007793,Minister For Finance,methodology,False
E100000001329,E100001010595,The Vanguard Group,restatement,False
E100000001817,E100001015587,small shareholder(s),restatement,True
E100000003822,E100000001005,UBS Group,methodology,False
E100001016806,E100001000134,Cerradinho Bioenergia,build-out,False
E100000120896,E100000121471,Tridem Port & Power Company,methodology,False
E100000001651,E100001010360,Luossavaara-Kiirunavaara,restatement,False
E100000121188,E100000001785,Elektroprivreda Republike Srpske,methodology,False
E100000004388,E100000001073,Zorlu Holding,restatement,False
E100000003774,E100002008226,Hera,methodology,False
E100001000930,E100002005999,Social Security Office (Thailand),restatement,False
E100002003269,E100002003271,SOCAR Turkey Enerji,methodology,False
E100000001759,E100001011410,Province of Buenos Aires,build-out,False
E100001000558,E100001016342,Emerging Market Investment,restatement,False
E100001001350,E100001010046,MacPherson Energy,methodology,False
E100002004232,E100000123261,natural person(s),methodology,True
E100000131864,E100000123261,natural person(s),methodology,True
E100000001918,E100001000520,Life Insurance Corporation of India,restatement,False
E100000132845,E100002000600,Paper Excellence,methodology,False
E100002002962,E100002002963,Pip Ppp,methodology,False
E100001000558,E100001016340,Adani Tradeline,restatement,False
E100001001189,E100001001265,DCO Energy,methodology,False
E100001001061,E100002000026,Reynolds American,methodology,False
E100000004176,E100000001445,Diamond Generating,methodology,False
E100001010124,E100001015587,small shareholder(s),restatement,True
E100002002729,E100002003244,Nouryon Speciality Chemicals,methodology,False
E100000152934,E100001000346,Invesco,restatement,False
E100000131246,E100001015587,small shareholder(s),restatement,True
E100002000254,E100002000255,Ayrshire Power Holdings,methodology,False
E100000121087,E100001015635,Sichuan Huayou Group,methodology,False
E100002008021,E100002008145,KAM Holding,methodology,False
E100002000703,E100002000706,Albion Midco,methodology,False
E100000152802,E100000000676,Kuwait Investment Authority,methodology,False
E100000131510,E100000123261,natural person(s),methodology,True
E100000000649,E100001015587,small shareholder(s),restatement,True
E100000132843,E100002002719,Asia Pacific Resources International Holdings,methodology,False
E100000121396,E100000120433,Eren Holding,methodology,False
E100001013587,E100001013588,PT Titan Mining Indonesia,methodology,False
E100001016061,E100000001267,NextEra Energy,methodology,False
E100001016248,E100001000321,Mostazafan Foundation,methodology,False
E100000132532,E100002001383,Highland And Universal Investments,methodology,False
E100000000069,E100001000304,Commandery Participações,restatement,False
E100000002086,E100001000335,Far Eastern Management Company,restatement,False
E100001014599,E100001014600,NOVAGOLD Resources Alaska,restatement,False
E100001013238,E100000132287,The Cline Group,methodology,False
E100000000638,E100001000179,Custody Bank of Japan,restatement,False
E100001000615,E100002007660,J.P. Morgan Capital Holdings,methodology,False
E100000000699,E100001000368,Seaport Terminal (Johore),restatement,False
E100001010311,E100000123261,natural person(s),methodology,True
E100000120780,E100000120779,Lucky Cement,methodology,False
E100000002380,E100001010111,DHS - Dillinger Hutte Saarstahl,restatement,False
E100001000835,E100001000404,Siberian Coal Energy Company,methodology,False
E100000004311,E100000000652,Nippon Steel,build-out,False
E100002004586,E100002004587,Bp Ccus Uk,methodology,False
E100001000736,E100001010637,SBI Funds Management,restatement,False
E100000132142,E100000123261,natural person(s),build-out,True
E100000004126,E100001000733,Mega International Commercial Bank,methodology,False
E100000001376,E100001016662,Alpiq Holding,methodology,False
E100002002937,E100002002938,Cedar Energy And Infrastructure,methodology,False
E100001001293,E100002007937,Central Power Holdings,methodology,False
E100000000938,E100001015587,small shareholder(s),methodology,True
E100000131010,E100000131009,Beshay Steel,methodology,False
E100002002938,E100002002939,Fern Trading Group,methodology,False
E100001016035,E100000001270,Occidental Petroleum,restatement,False
E100001016255,E100001000178,The Master Trust Bank of Japan,restatement,False
E100001010085,E100001010086,PT Sinar Mas Group,methodology,False
E100000120455,E100001000241,Yildirim Holding,methodology,False
E100002007628,E100002007631,CATIDC Power,methodology,False
E100000000555,E100001015106,Ministry of Petroleum (Iran),methodology,False
E100001010312,E100001000604,Menar Capital,methodology,False
E100000121061,E100000121139,PT Priamanaya Djan International,methodology,False
E100000003101,E100001000342,Gigajoule Group,methodology,False
E100000000015,E100001010596,State Street,restatement,False
E100001000930,E100001010887,Thai NVDR,restatement,False
E100002004639,E100000123261,natural person(s),methodology,True
E100001011837,E100001011838,Government of Chad,methodology,False
E100000134775,E100000123261,natural person(s),methodology,True
E100001011922,E100001011924,Redox Power Solutions,methodology,False
E100000132872,E100001000178,The Master Trust Bank of Japan,restatement,False
E100000000385,E100000123261,natural person(s),methodology,True
E100000130710,E100001016208,Toyota Motor,restatement,False
E100000000522,E100001015587,small shareholder(s),restatement,True
E100000002345,E100002000138,HomeWorks Tri-County Electric Cooperative,methodology,False
E100000121189,E100000120129,Balkan Energy,methodology,False
E100001014310,E100001014069,BP Exploration Operating Company,methodology,False
E100001011720,E100002009130,Ezra Group,methodology,False
E100002002847,E100001015587,small shareholder(s),restatement,True
E100000121233,E100001010807,KCR Enterprise,methodology,False
E100000121146,E100000121145,Prophecy Development,methodology,False
E100000131216,E100000000475,Metlen Energy & Metals,methodology,False
E100001001343,E100001000402,Peabody Energy,build-out,False
E100000003270,E100001010146,China Steel,methodology,False
E100001014801,E100002004429,Luppiter Consortium,methodology,False
E100000001241,E100001010596,State Street,restatement,False
E100000004234,E100000000691,Lecta,methodology,False
E100000151268,E100000123261,natural person(s),methodology,True
E100000000641,E100001000382,Nippon Life Insurance,restatement,False
E100000002178,E100002000075,M&A Electric Power Cooperative,methodology,False
E100000121056,E100002000237,City of Batam (Indonesia),methodology,False
E100000002322,E100002000196,Clay Electric Co-operative,methodology,False
E100000002245,E100002005662,Eastman Chemical,methodology,False
E100001013282,E100001000599,Government of North Korea,methodology,False
E100000001270,E100001010595,The Vanguard Group,restatement,False
E100000120473,E100000001714,Therma Power,restatement,False
E100002004429,E100002004424,Bci Uk Irr,methodology,False
E100001014855,E100002003400,M&G Fa,methodology,False
E100002004100,E100000001237,ITOCHU,restatement,False
E100000132208,E100000120513,Province of Sindh (Pakistan),restatement,False
E100000000019,E100001010427,HSBC Custody Nominees (Australia),restatement,False
E100002003360,E100000123261,natural person(s),methodology,True
E100002003617,E100002003618,Hamsho International,methodology,False
E100001016152,E100002003622,GoldenTree Asset Management,methodology,False
E100002002970,E100002002971,Suez Advanced Solutions Holdings Uk,methodology,False
E100000002299,E100002001974,member/employee owned,methodology,False
E100000000744,E100001000010,EP Netherlands,methodology,False
E100001015610,E100001015611,Prime Infrastructure Capital,methodology,False
E100000000014,E100001010427,HSBC Custody Nominees (Australia),restatement,False
E100000120193,E100000120199,Cambodia International Investment Development Group,methodology,False
E100002002726,E100000123261,natural person(s),methodology,True
E100000132543,E100002001669,Bevap Participações,methodology,False
E100001015753,E100001015755,Emma Lambda,methodology,False
E100000131016,E100000130837,Vitkovice Heavy Machinery,methodology,False
E100002007719,E100000001123,SSE,methodology,False
E100000003609,E100000001270,Occidental Petroleum,build-out,False
E100002002933,E100002002934,Melton Renewable Energy (Holdings),methodology,False
E100001016071,E100001016076,FIC Partners Management,methodology,False
E100000000647,E100001015587,small shareholder(s),restatement,True
E100000131406,E100000131690,Idemitsu Australia Resources,methodology,False
E100000000388,E100000000376,Caisse des dépôts et consignations,restatement,False
E100000131876,E100000131213,AMCI Holdings,methodology,False
E100000001384,E100001000348,BlackRock,restatement,False
E100000120916,E100000002996,Essar Power,methodology,False
E100001012200,E100000123261,natural person(s),methodology,True
E100000002840,E100000001194,Duke Energy,build-out,False
E100000132771,E100001000130,Toho Gas,restatement,False
E100000131034,E100001000099,Government of Sri Lanka,methodology,False
E100000132610,E100000123261,natural person(s),methodology,True
E100000002818,E100000001193,Dominion Energy,methodology,False
E100002000918,E100001015595,Énergir,restatement,False
E100000001315,E100001015587,small shareholder(s),build-out,True
E100000120194,E100000000040,Coal Power Generation Company Bangladesh,methodology,False
E100001010659,E100000131991,Novaya Gornaya Management Company,methodology,False
E100000140514,E100001013280,Chase Manhattan Nominees,restatement,False
E100001010254,E100001010201,National Iranian Steel,methodology,False
E100000000067,E100002005244,Banco BTG Pactual,restatement,False
E100002000255,E100002000256,Peel L&P Property (No.2),methodology,False
E100001011750,E100000123261,natural person(s),methodology,True
E100001000480,E100001000348,BlackRock,restatement,False
E100000121111,E100000120414,Energo Group,methodology,False
E100001010018,E100001000520,Life Insurance Corporation of India,restatement,False
E100002002672,E100001013438,Enel X,methodology,False
E100000131502,E100001015587,small shareholder(s),restatement,True
E100001012024,E100000001755,Sonelgaz,methodology,False
E100000120411,E100001000654,Copelmi Mineração,methodology,False
E100001010315,E100001015587,small shareholder(s),restatement,True
E100000120860,E100001001120,Glendal Trading,methodology,False
E100002003292,E100002003295,N M Holding,build-out,False
E100001000384,E100001015587,small shareholder(s),restatement,True
E100000001140,E100001015587,small shareholder(s),methodology,True
E100001010315,E100001016140,State of Niedersachsen,restatement,False
E100002005507,E100000126498,Jiangsu Delong Nickel Industry,restatement,False
E100001000636,E100001000348,BlackRock,restatement,False
E100000000639,E100001000178,The Master Trust Bank of Japan,restatement,False
E100001016223,E100001016222,Bipadosa,methodology,False
E100001016791,E100002003460,Malbro Investment Group,methodology,False
E100001016049,E100001016050,SGN MidCo,methodology,False
E100000000882,E100001015587,small shareholder(s),restatement,True
E100000003888,E100000001638,Reindeer Partnership,methodology,False
E100002003828,E100002003830,African Transformation and Industrialisation Fund,methodology,False
E100000130789,E100000120333,Diler Holding,methodology,False
E100000000394,E100001000348,BlackRock,restatement,False
E100000001164,E100001010595,The Vanguard Group,restatement,False
E100002004100,E100001000652,Companhia Siderúrgica Nacional,restatement,False
E100002007743,E100002007742,Silverstream Bidco,methodology,False
E100002005634,E100000123261,natural person(s),methodology,True
E100000003471,E100001000186,LTL Holdings,methodology,False
E100000130938,E100000125059,Beijing Jianlong Heavy Industry Group,methodology,False
E100001015943,E100001014832,Venture Global LNG,methodology,False
E100000000018,E100001010428,JP Morgan Nominees Australia,restatement,False
E100000149860,E100000123261,natural person(s),methodology,True
E100001010666,E100000131905,MelTEK,methodology,False
E100001011300,E100000001492,Gazprom,methodology,False
E100000000004,E100001012407,Government of Angola,restatement,False
E100001000690,E100002000509,Pasar Holdings,methodology,False
E100002004033,E100002004041,Ferrexpo,methodology,False
E100000001221,E100000001158,Blackstone,methodology,False
E100000132895,E100002002976,Skellefteå Stadshus,methodology,False
E100001000761,E100001015587,small shareholder(s),restatement,True
E100001013895,E100002007643,Portman Power,methodology,False
E100001000386,E100001000387,Adhunik Metaliks,methodology,False
E100000000084,E100001000312,BNDES Participações,restatement,False
E100001013787,E100000131973,New Hope,build-out,False
E100000001651,E100000001640,Government of Finland,restatement,False
E100000120545,E100001011553,Department of Atomic Energy (India),methodology,False
E100001011247,E100001010595,The Vanguard Group,restatement,False
E100000121086,E100000128090,Shanghai Decent Investment (Group),methodology,False
E100001016893,E100000121353,Summit Energy,methodology,False
E100000003573,E100002007646,Drax Smart Generation Holdco,methodology,False
E100000121126,E100002000151,Kemira,restatement,False
E100001010615,E100000132148,Russian Coal,build-out,False
E100000121175,E100001015587,small shareholder(s),restatement,True
E100000000433,E100001000330,Qatar Holding,restatement,False
E100000003022,E100000000786,Fauji Foundation,methodology,False
E100001010177,E100001010178,Tata Steel Nederland,methodology,False
E100001000703,E100001015587,small shareholder(s),restatement,True
E100000133187,E100000000777,Government of Oman,build-out,False
E100000120517,E100001010420,Birla Group Holdings,restatement,False
