entity_id,coal_mw,gas_mw,bio_mw,vintage,blank_rule,name,fossil_mw,thermal_mw,fossil_share,coal_share
E100000000013,0.0,2048.6,0.0,March 2025,zero,YPF,2048.6,2048.6,1.0,0.0
E100000000014,4880.0,930.0,0.0,March 2025,zero,AGL Energy,5810.0,5810.0,1.0,0.8399311531841652
E100000000015,0.0,707.4,0.0,March 2025,zero,BHP Group,707.4,707.4,1.0,0.0
E100000000018,0.0,2081.23,0.0,March 2025,zero,Macquarie Group,2081.23,2081.23,1.0,0.0
E100000000019,2880.0,2533.0,0.0,March 2025,zero,Origin Energy,5413.0,5413.0,1.0,0.5320524662848698
E100000000021,387.1,535.0,0.0,March 2025,zero,EVN,922.1,922.1,1.0,0.41980262444420346
E100000000027,0.0,994.12,0.0,March 2025,zero,OMV,994.12,994.12,1.0,0.0
E100000000030,0.0,1106.2,0.0,March 2025,zero,Verbund,1106.2,1106.2,1.0,0.0
E100000000031,0.0,153.0,0.0,March 2025,zero,Voestalpine,153.0,153.0,1.0,0.0
E100000000049,0.0,0.0,0.0,March 2025,zero,Prudential Financial,0.0,0.0,,
E100000000050,127.72,507.24,0.0,March 2025,zero,Solvay,634.96,634.96,1.0,0.20114652891520723
E100000000053,0.0,676.76,59.61,March 2025,zero,CK Infrastructure Holdings,676.76,736.37,0.9190488477260073,0.0
E100000000067,725.0,4530.7,0.0,March 2025,zero,Eneva,5255.7,5255.7,1.0,0.13794546872918925
E100000000084,0.0,4253.66,0.0,March 2025,zero,Petróleo Brasileiro,4253.66,4253.66,1.0,0.0
E100000000101,0.0,176.0,0.0,March 2025,zero,ATCO,176.0,176.0,1.0,0.0
E100000000102,0.0,905.0,0.0,March 2025,zero,AltaGas,905.0,905.0,1.0,0.0
E100000000103,148.83,207.32,0.0,March 2025,zero,Barrick Gold,356.15,356.15,1.0,0.41788572230801635
E100000000104,0.0,140.88,0.0,March 2025,zero,Brookfield,140.88,140.88,1.0,0.0
E100000000105,0.0,153.0,0.0,March 2025,zero,Canadian Natural Resources,153.0,153.0,1.0,0.0
E100000000107,0.0,6465.0,0.0,March 2025,zero,Capital Power,6465.0,6465.0,1.0,0.0
E100000000111,1743.8,5497.69,90.0,March 2025,zero,Emera,7241.49,7331.49,0.9877241870342863,0.24080679528660537
E100000000112,0.0,60.0,0.0,March 2025,zero,Enbridge,60.0,60.0,1.0,0.0
E100000000114,964.13,1105.55,0.0,March 2025,zero,Fortis,2069.68,2069.68,1.0,0.4658352982103514
E100000000121,0.0,450.0,0.0,March 2025,zero,Maxim Power,450.0,450.0,1.0,0.0
E100000000127,0.0,102.6,0.0,March 2025,zero,Pembina Pipeline,102.6,102.6,1.0,0.0
E100000000134,0.0,65.0,0.0,March 2025,zero,Stelco Holdings,65.0,65.0,1.0,0.0
E100000000135,0.0,425.0,0.0,March 2025,zero,Suncor Energy,425.0,425.0,1.0,0.0
E100000000136,0.0,815.0,32.0,March 2025,zero,TC Energy,815.0,847.0,0.9622195985832349,0.0
E100000000148,0.0,220.3,0.0,March 2025,zero,Energía Latina,220.3,220.3,1.0,0.0
E100000000151,631.08,125.15,12.63,March 2025,zero,Agricultural Bank of China,756.23,768.86,0.9835730822256328,0.8345080200468112
E100000000156,0.0,4526.88,0.0,March 2025,zero,Beijing Jingneng Clean Energy,4526.88,4526.88,1.0,0.0
E100000000157,20801.93,653.48,0.0,March 2025,zero,Beijing Jingneng Power,21455.41,21455.41,1.0,0.9695424137781566
E100000000173,2444.66,96.51,0.0,March 2025,zero,China Petrochemical,2541.17,2541.17,1.0,0.9620214310730884
E100000000174,36534.68,304.5,9.92,March 2025,zero,China Resources Power Holdings,36839.18,36849.1,0.999730793967831,0.9917343437068903
E100000000175,49679.07,2036.06,0.0,March 2025,zero,China Shenhua Energy,51715.13,51715.13,1.0,0.9606293167976181
E100000000180,0.0,94.0,0.0,March 2025,zero,Chongqing Gas Group,94.0,94.0,1.0,0.0
E100000000181,38631.32,5545.81,0.0,March 2025,zero,Datang International Power Generation,44177.13,44177.13,1.0,0.8744642307003647
E100000000185,1183.0,201.0,184.0,March 2025,zero,China Energy Engineering,1384.0,1568.0,0.8826530612244898,0.8547687861271677
E100000000186,4113.67,1170.0,0.0,March 2025,zero,Fujian Funeng,5283.67,5283.67,1.0,0.7785630063951761
E100000000188,39030.86,317.74,0.0,March 2025,zero,GD POWER Development,39348.6,39348.6,1.0,0.9919249986022375
E100000000192,14973.47,8849.15,51.0,March 2025,zero,Guangdong Electric Power Development,23822.62,23873.62,0.997863750868113,0.6285400178485826
E100000000195,1462.0,0.0,0.0,March 2025,zero,Guangxi Guiguan Electric Power,1462.0,1462.0,1.0,1.0
E100000000197,1080.0,920.0,0.0,March 2025,zero,Guangzhou Hengyun Enterprises Holdings,2000.0,2000.0,1.0,0.54
E100000000213,37886.38,7736.16,9.31,March 2025,zero,Huadian Power International,45622.53999999999,45631.84999999999,0.9997959758370525,0.8304311859883295
E100000000217,76040.64,9222.43,131.52,March 2025,zero,Huaneng Power International,85263.07,85394.59000000001,0.9984598555950676,0.8918355860280424
E100000000218,4586.0,370.0,0.0,March 2025,zero,Hubei Energy Group,4956.0,4956.0,1.0,0.9253430185633575
E100000000220,1118.35,276.21,0.0,March 2025,zero,Industrial and Commercial Bank of China,1394.56,1394.56,1.0,0.801937528682882
E100000000245,3300.46,1123.13,0.0,March 2025,zero,PetroChina,4423.59,4423.59,1.0,0.7461044084103635
E100000000247,3974.6,568.37,2.82,March 2025,zero,Power Construction Corporation of China,4542.97,4545.79,0.9993796457821413,0.8748902149915143
E100000000255,6820.18,3868.02,0.0,March 2025,zero,Shanghai Electric Power,10688.2,10688.2,1.0,0.6381037031492675
E100000000262,6684.9,2915.0,0.0,March 2025,zero,Shenergy,9599.9,9599.9,1.0,0.6963510036562881
E100000000265,0.0,791.74,0.0,March 2025,zero,Shenzhen Gas,791.74,791.74,1.0,0.0
E100000000310,29909.89,4503.76,0.22,March 2025,zero,Zhejiang Zheneng Electric Power,34413.65,34413.87,0.9999936072287132,0.869128674232463
E100000000316,374.51,230.0,0.0,March 2025,zero,Zhuhai Port,604.51,604.51,1.0,0.619526558700435
E100000000324,100.35,0.0,0.0,March 2025,zero,Grupo Energía Bogotá,100.35,100.35,1.0,1.0
E100000000336,320.0,180.0,0.0,March 2025,zero,United Company RUSAL,500.0,500.0,1.0,0.64
E100000000337,4039.27,847.0,30.0,March 2025,zero,CEZ,4886.27,4916.27,0.9938978127726915,0.8266571433833987
E100000000353,0.0,261.0,0.0,March 2025,zero,Seaboard,261.0,261.0,1.0,0.0
E100000000360,753.0,300.56,0.0,March 2025,zero,Fortum,1053.56,1053.56,1.0,0.7147196172975436
E100000000368,0.0,60.8,0.0,March 2025,zero,Neste,60.8,60.8,1.0,0.0
E100000000369,39.2,0.0,735.18,March 2025,zero,Stora Enso,39.2,774.38,0.05062114207495029,1.0
E100000000372,0.0,262.0,609.87,March 2025,zero,UPM-Kymmene,262.0,871.87,0.30050351543234655,0.0
E100000000375,0.0,968.0,0.0,March 2025,zero,Air Liquide,968.0,968.0,1.0,0.0
E100000000382,523.89,21572.8,0.0,March 2025,zero,ENGIE,22096.69,22096.69,1.0,0.02370898084735768
E100000000387,0.0,6672.74,0.0,March 2025,zero,TotalEnergies,6672.74,6672.74,1.0,0.0
E100000000388,947.33,735.78,86.85,March 2025,zero,Veolia Environnement,1683.1100000000001,1769.96,0.950931094488011,0.5628449715110717
E100000000395,0.0,1138.2,0.0,March 2025,zero,BASF,1138.2,1138.2,1.0,0.0
E100000000407,4004.04,1646.13,30.22,March 2025,zero,EnBW Energie Baden-Württemberg,5650.17,5680.39,0.9946799427504097,0.7086583235548665
E100000000424,0.0,362.6,0.0,March 2025,zero,Linde,362.6,362.6,1.0,0.0
E100000000426,630.21,214.0,0.0,March 2025,zero,MVV Energie,844.21,844.21,1.0,0.7465085701425
E100000000428,0.0,0.0,0.0,March 2025,zero,Munich RE,0.0,0.0,,
E100000000433,7064.8,8107.2,693.0,March 2025,zero,RWE,15172.0,15865.0,0.956318941065238,0.4656472449248616
E100000000436,660.0,505.4,0.0,March 2025,zero,Siemens,1165.4,1165.4,1.0,0.5663291573708598
E100000000457,3493.0,10124.27,0.0,March 2025,zero,Uniper,13617.27,13617.27,1.0,0.2565125021388281
E100000000459,70.0,627.0,0.0,March 2025,zero,Volkswagen,697.0,697.0,1.0,0.10043041606886657
E100000000472,0.0,582.0,0.0,March 2025,zero,"GEK TERNA Holdings, Real Estate, Construction",582.0,582.0,1.0,0.0
E100000000473,0.0,441.65,0.0,March 2025,zero,HELLENiQ ENERGY Holdings,441.65,441.65,1.0,0.0
E100000000475,0.0,2040.6,0.0,March 2025,zero,Metlen Energy & Metals,2040.6,2040.6,1.0,0.0
E100000000476,1985.0,2662.0,0.0,March 2025,zero,Public Power Corporation,4647.0,4647.0,1.0,0.4271573057886809
E100000000480,0.0,4297.3,110.0,March 2025,zero,CGN Energy International Holding,4297.3,4407.3,0.9750414085721417,0.0
E100000000481,3794.0,2073.5,0.0,March 2025,zero,CLP Holdings,5867.5,5867.5,1.0,0.6466126970600767
E100000000483,12137.02,815.2,0.0,March 2025,zero,China Power International Development,12952.220000000001,12952.220000000001,1.0,0.9370609825960337
E100000000487,2000.0,1995.0,0.0,March 2025,zero,HK Electric Investments and HK Electric Investments,3995.0,3995.0,1.0,0.5006257822277848
E100000000505,0.0,197.0,0.0,March 2025,zero,MOL Magyar Olajes Gazipari,197.0,197.0,1.0,0.0
E100000000512,450.63,0.0,0.0,March 2025,zero,GVK Power & Infrastructure,450.63,450.63,1.0,1.0
E100000000513,0.0,321.82,0.0,March 2025,zero,GAIL,321.82,321.82,1.0,0.0
E100000000522,1252.0,45.2,0.0,March 2025,zero,National Aluminium,1297.2,1297.2,1.0,0.9651557200123342
E100000000524,0.0,739.25,0.0,March 2025,zero,Oil and Natural Gas Corporation,739.25,739.25,1.0,0.0
E100000000530,0.0,94.0,0.0,March 2025,zero,Tata Chemicals,94.0,94.0,1.0,0.0
E100000000531,185.0,50.0,0.0,March 2025,zero,UltraTech Cement,235.0,235.0,1.0,0.7872340425531915
E100000000533,0.0,163.93,0.0,March 2025,zero,PT Medco Energi Internasional,163.93,163.93,1.0,0.0
E100000000543,0.0,2320.8,0.0,March 2025,zero,Ghadir Investment Company,2320.8,2320.8,1.0,0.0
E100000000552,0.0,7421.4,0.0,March 2025,zero,MAPNA Group,7421.4,7421.4,1.0,0.0
E100000000580,0.0,280.8,50.0,March 2025,zero,Smurfit Kappa Group,280.8,330.8,0.848851269649335,0.0
E100000000585,0.0,258.97,0.0,March 2025,zero,Delek Group,258.97,258.97,1.0,0.0
E100000000598,0.0,146.0,0.0,March 2025,zero,Rapac Communication and Infrastructure,146.0,146.0,1.0,0.0
E100000000602,0.0,6766.5,252.0,March 2025,zero,A2A,6766.5,7018.5,0.9640948920709553,0.0
E100000000608,4550.0,7494.0,0.0,March 2025,zero,Enel,12044.0,12044.0,1.0,0.3777814679508469
E100000000610,0.0,5542.8,0.0,March 2025,zero,Eni,5542.8,5542.8,1.0,0.0
E100000000619,0.0,241.6,0.0,March 2025,zero,Hera,241.6,241.6,1.0,0.0
E100000000620,0.0,2523.0,0.0,March 2025,zero,Iren,2523.0,2523.0,1.0,0.0
E100000000630,5522.49,25652.77,160.8,March 2025,zero,Chubu Electric Power,31175.260000000002,31336.06,0.9948685316533094,0.17714335020782504
E100000000635,0.0,1122.0,67.5,March 2025,zero,ENEOS Holdings,1122.0,1189.5,0.9432534678436317,0.0
E100000000638,0.0,361.39,0.0,March 2025,zero,INPEX,361.39,361.39,1.0,0.0
E100000000639,0.0,138.58,24.5,March 2025,zero,Idemitsu Kosan,138.58,163.08,0.849766985528575,0.0
E100000000641,9538.65,8306.59,0.0,March 2025,zero,J-POWER,17845.239999999998,17845.239999999998,1.0,0.5345206901112005
E100000000643,0.0,281.7,0.0,March 2025,zero,JFE Holdings,281.7,281.7,1.0,0.0
E100000000645,0.0,0.0,0.0,March 2025,zero,Japan Petroleum Exploration,0.0,0.0,,
E100000000646,1947.6,11365.0,331.0,March 2025,zero,Kansai Electric Power,13312.6,13643.6,0.9757395408836378,0.14629749260099453
E100000000647,2700.0,1248.2,0.0,March 2025,zero,Kobe Steel,3948.2,3948.2,1.0,0.6838559343498304
E100000000648,3307.65,6746.2,116.9,March 2025,zero,Kyushu Electric Power,10053.85,10170.75,0.9885062556841925,0.32899337069878704
E100000000649,1357.63,4809.82,35.52,March 2025,zero,Marubeni,6167.45,6202.97,0.994273710819172,0.22012825397854868
E100000000650,472.15,3579.0,123.2,March 2025,zero,Mitsubishi,4051.15,4174.35,0.9704864230359217,0.11654715327746441
E100000000651,1243.99,5859.32,0.0,March 2025,zero,Mitsui &,7103.3099999999995,7103.3099999999995,1.0,0.17512821487447403
E100000000652,2253.15,1724.95,0.0,March 2025,zero,Nippon Steel,3978.1000000000004,3978.1000000000004,1.0,0.5663884769110882
E100000000654,246.05,3805.17,112.12,March 2025,zero,Osaka Gas,4051.2200000000003,4163.34,0.9730696988475599,0.060734791001229256
E100000000655,1508.45,2077.25,0.0,March 2025,zero,Shikoku Electric Power Co,3585.7,3585.7,1.0,0.4206849429679003
E100000000656,0.0,807.95,36.75,March 2025,zero,Sojitz,807.95,844.7,0.9564934296199834,0.0
E100000000657,1540.21,2221.25,50.0,March 2025,zero,Sumitomo,3761.46,3811.46,0.9868816673925478,0.40947132230570044
E100000000658,5356.99,6721.0,0.0,March 2025,zero,Tohoku Electric Power,12077.99,12077.99,1.0,0.44353323690448493
E100000000659,5603.04,25783.52,0.0,March 2025,zero,Tokyo Electric Power,31386.56,31386.56,1.0,0.1785171742299889
E100000000660,0.0,362.95,51.0,March 2025,zero,Tokyo Gas,362.95,413.95,0.8767967145790554,0.0
E100000000661,0.0,29.64,0.0,March 2025,zero,Toyo Engineering,29.64,29.64,1.0,0.0
E100000000662,0.0,378.01,1.27,March 2025,zero,Toyota Tsusho,378.01,379.28,0.9966515503058427,0.0
E100000000669,0.0,88.57,0.0,March 2025,zero,National Company KazMunayGas,88.57,88.57,1.0,0.0
E100000000685,0.0,1045.0,70.0,March 2025,zero,Ignitis Grupe,1045.0,1115.0,0.9372197309417041,0.0
E100000000687,88.5,1305.11,0.0,March 2025,zero,ArcelorMittal,1393.61,1393.61,1.0,0.06350413673839884
E100000000692,0.0,483.0,0.0,March 2025,zero,Tenaris,483.0,483.0,1.0,0.0
E100000000706,6810.0,5389.8,0.0,March 2025,zero,Tenaga Nasional,12199.8,12199.8,1.0,0.5582058722274136
E100000000707,231.0,4592.5,0.0,March 2025,zero,YTL Corporation,4823.5,4823.5,1.0,0.04789053591790194
E100000000712,0.0,114.0,0.0,March 2025,zero,Cydsa,114.0,114.0,1.0,0.0
E100000000718,0.0,516.2,0.0,March 2025,zero,Grupo México,516.2,516.2,1.0,0.0
E100000000735,0.0,573.0,0.0,March 2025,zero,Akzo Nobel,573.0,573.0,1.0,0.0
E100000000741,0.0,54.12,0.0,March 2025,zero,LyondellBasell Industries,54.12,54.12,1.0,0.0
E100000000746,0.0,3092.32,0.0,March 2025,zero,Shell,3092.32,3092.32,1.0,0.0
E100000000747,32.0,112.0,0.0,March 2025,zero,Stellantis,144.0,144.0,1.0,0.2222222222222222
E100000000759,0.0,96.0,0.0,March 2025,zero,Oando,96.0,96.0,1.0,0.0
E100000000766,0.0,1161.0,0.0,March 2025,zero,Equinor,1161.0,1161.0,1.0,0.0
E100000000773,0.0,0.0,0.0,March 2025,zero,Wärtsilä,0.0,0.0,,
E100000000774,0.0,68.0,0.0,March 2025,zero,Yara International,68.0,68.0,1.0,0.0
E100000000776,0.0,164.0,0.0,March 2025,zero,Dhofar International Development & Investment Holding Company,164.0,164.0,1.0,0.0
E100000000805,0.0,249.85,0.0,March 2025,zero,ACEN,249.85,249.85,1.0,0.0
E100000000808,160.32,0.0,0.0,March 2025,zero,Ayala,160.32,160.32,1.0,1.0
E100000000810,0.0,2058.88,0.0,March 2025,zero,First Generation Holdings,2058.88,2058.88,1.0,0.0
E100000000813,838.82,0.0,0.0,March 2025,zero,Manila Electric,838.82,838.82,1.0,1.0
E100000000815,1261.48,1251.0,0.0,March 2025,zero,San Miguel,2512.48,2512.48,1.0,0.502085588741005
E100000000817,134.0,235.2,0.0,March 2025,zero,Vivant,369.2,369.2,1.0,0.3629469122426869
E100000000818,0.0,21.0,0.0,March 2025,zero,Arctic Paper,21.0,21.0,1.0,0.0
E100000000824,0.0,49.5,0.0,March 2025,zero,KGHM Polska Miedź,49.5,49.5,1.0,0.0
E100000000826,9526.4,2250.0,68.0,March 2025,zero,Polska Grupa Energetyczna,11776.4,11844.4,0.9942588902772618,0.8089399137257566
E100000000827,700.42,1121.46,0.0,March 2025,zero,ORLEN,1821.88,1821.88,1.0,0.3844490306716139
E100000000828,0.0,129.0,0.0,March 2025,zero,Polenergia,129.0,129.0,1.0,0.0
E100000000832,4423.5,79.0,40.0,March 2025,zero,TAURON Polska Energia,4502.5,4542.5,0.9911942762795817,0.9824541921154913
E100000000834,1708.54,2891.88,0.0,March 2025,zero,EDP,4600.42,4600.42,1.0,0.3713878298068437
E100000000836,0.0,28.3,0.0,March 2025,zero,Galp Energia,28.3,28.3,1.0,0.0
E100000000837,0.0,0.0,0.0,March 2025,zero,Mota-Engil,0.0,0.0,,
E100000000838,0.0,147.0,95.0,March 2025,zero,Semapa - Sociedade de Investimento e Gestão,147.0,242.0,0.6074380165289256,0.0
E100000000840,0.0,200.0,0.0,March 2025,zero,Industries Qatar,200.0,200.0,1.0,0.0
E100000000860,0.0,110.0,0.0,March 2025,zero,Mechel,110.0,110.0,1.0,0.0
E100000000864,3002.0,1254.0,0.0,March 2025,zero,RusHydro,4256.0,4256.0,1.0,0.7053571428571429
E100000000869,0.0,4033.1,0.0,March 2025,zero,LUKOIL,4033.1,4033.1,1.0,0.0
E100000000870,0.0,1212.0,0.0,March 2025,zero,Norilsk Nickel Mining and Metallurgical Company,1212.0,1212.0,1.0,0.0
E100000000874,0.0,1368.09,0.0,March 2025,zero,Rosneft,1368.09,1368.09,1.0,0.0
E100000000881,0.0,684.0,0.0,March 2025,zero,Tatneft,684.0,684.0,1.0,0.0
E100000000882,0.0,10002.09,0.0,March 2025,zero,ACWA Power,10002.09,10002.09,1.0,0.0
E100000000888,0.0,6098.0,0.0,March 2025,zero,Saudi Arabian Oil,6098.0,6098.0,1.0,0.0
E100000000889,0.0,280.0,0.0,March 2025,zero,Saudi Basic Industries,280.0,280.0,1.0,0.0
E100000000890,0.0,61867.05,0.0,March 2025,zero,Saudi Electricity,61867.05,61867.05,1.0,0.0
E100000000904,0.0,1300.0,0.0,March 2025,zero,Keppel,1300.0,1300.0,1.0,0.0
E100000000909,600.0,2427.5,0.0,March 2025,zero,Sembcorp Industries,3027.5,3027.5,1.0,0.1981833195706028
E100000000927,0.0,324.0,0.0,March 2025,zero,Sasol,324.0,324.0,1.0,0.0
E100000000935,0.0,3231.79,147.0,March 2025,zero,GS Holdings,3231.79,3378.79,0.9564933008562236,0.0
E100000000938,0.0,827.0,0.0,March 2025,zero,Hanjin Heavy Industries & Construction Holdings,827.0,827.0,1.0,0.0
E100000000947,36438.99,23186.79,416.31,March 2025,zero,Korea Electric Power,59625.78,60042.09,0.9930663639456921,0.6111281059971039
E100000000950,0.0,270.0,0.0,March 2025,zero,Korea Zinc,270.0,270.0,1.0,0.0
E100000000953,357.0,4122.3,0.0,March 2025,zero,POSCO Holdings,4479.3,4479.3,1.0,0.07969995311767464
E100000000955,395.2,1122.0,0.0,March 2025,zero,SK Gas,1517.2,1517.2,1.0,0.26047983126812546
E100000000960,603.2,1293.5,0.0,March 2025,zero,Samsung C&T,1896.7,1896.7,1.0,0.31802604523646333
E100000000968,0.0,7912.6,0.0,March 2025,zero,Endesa,7912.6,7912.6,1.0,0.0
E100000000975,0.0,7280.3,0.0,March 2025,zero,Iberdrola,7280.3,7280.3,1.0,0.0
E100000000978,0.0,8664.13,24.5,March 2025,zero,Naturgy Energy Group,8664.13,8688.63,0.997180222888994,0.0
E100000000980,0.0,2216.0,0.0,March 2025,zero,Repsol,2216.0,2216.0,1.0,0.0
E100000001009,0.0,96.0,0.0,March 2025,zero,CTCI,96.0,96.0,1.0,0.0
E100000001012,1730.8,0.0,0.0,March 2025,zero,Formosa Chemicals & Fibre,1730.8,1730.8,1.0,1.0
E100000001013,1666.8,0.0,0.0,March 2025,zero,Formosa Petrochemical,1666.8,1666.8,1.0,1.0
E100000001015,1205.8,1243.0,0.0,March 2025,zero,Formosa Plastics,2448.8,2448.8,1.0,0.49240444299248604
E100000001016,1045.8,52.0,0.0,March 2025,zero,Nan Ya Plastics,1097.8,1097.8,1.0,0.9526325378028785
E100000001017,48.0,1401.4,0.0,March 2025,zero,Taiwan Cogeneration,1449.4,1449.4,1.0,0.03311715192493445
E100000001023,0.0,2563.34,0.0,March 2025,zero,B.Grimm Power,2563.34,2563.34,1.0,0.0
E100000001029,600.57,4586.8,0.0,March 2025,zero,Global Power Synergy,5187.37,5187.37,1.0,0.11577543148069254
E100000001030,0.0,5863.18,0.0,March 2025,zero,Gulf Energy Development,5863.18,5863.18,1.0,0.0
E100000001032,0.0,30.86,0.0,March 2025,zero,Italian-Thai Development,30.86,30.86,1.0,0.0
E100000001035,0.0,19.25,0.0,March 2025,zero,PTT,19.25,19.25,1.0,0.0
E100000001044,0.0,104.6,0.0,March 2025,zero,National Enterprises,104.6,104.6,1.0,0.0
E100000001057,225.0,889.7,0.0,March 2025,zero,Hacı Ömer Sabancı Holding,1114.7,1114.7,1.0,0.20184803086032116
E100000001063,0.0,112.0,0.0,March 2025,zero,Koç Holding,112.0,112.0,1.0,0.0
E100000001069,0.0,226.0,0.0,March 2025,zero,Petkim Petrokimya Holding,226.0,226.0,1.0,0.0
E100000001071,0.0,239.22,0.0,March 2025,zero,Turcas Petrol,239.22,239.22,1.0,0.0
E100000001072,0.0,265.83,0.0,March 2025,zero,Türkiye İş Bankasi,265.83,265.83,1.0,0.0
E100000001078,250.0,7633.55,0.0,March 2025,zero,Abu Dhabi National Energy Company,7883.55,7883.55,1.0,0.03171160200671017
E100000001096,0.0,1805.93,152.72,March 2025,zero,BP,1805.93,1958.65,0.9220279273989738,0.0
E100000001101,0.0,627.0,0.0,March 2025,zero,Centrica,627.0,627.0,1.0,0.0
E100000001103,0.0,384.0,0.0,March 2025,zero,DS Smith,384.0,384.0,1.0,0.0
E100000001104,0.0,96.0,2580.0,March 2025,zero,Drax Group,96.0,2676.0,0.03587443946188341,0.0
E100000001116,0.0,3480.4,0.0,March 2025,zero,National Grid,3480.4,3480.4,1.0,0.0
E100000001119,0.0,678.0,0.0,March 2025,zero,Rio Tinto,678.0,678.0,1.0,0.0
E100000001123,0.0,6146.8,0.0,March 2025,zero,SSE,6146.8,6146.8,1.0,0.0
E100000001126,0.0,65.0,0.0,March 2025,zero,Tate & Lyle,65.0,65.0,1.0,0.0
E100000001132,0.0,1779.96,0.0,March 2025,zero,Air Products and Chemicals,1779.96,1779.96,1.0,0.0
E100000001133,0.0,62.0,0.0,March 2025,zero,Algonquin Power & Utilities,62.0,62.0,1.0,0.0
E100000001135,1739.02,4509.88,0.0,March 2025,zero,Alliant Energy,6248.9,6248.9,1.0,0.2782921794235786
E100000001137,0.0,0.0,0.0,March 2025,zero,Alphabet,0.0,0.0,,
E100000001139,3488.8,3502.4,0.0,March 2025,zero,Ameren,6991.200000000001,6991.200000000001,1.0,0.4990273486668955
E100000001140,10661.27,7678.5,0.0,March 2025,zero,American Electric Power Company,18339.77,18339.77,1.0,0.5813197221121094
E100000001155,8314.89,6113.82,0.0,March 2025,zero,Berkshire Hathaway,14428.71,14428.71,1.0,0.5762739704381057
E100000001157,413.88,200.0,0.0,March 2025,zero,Black Hills,613.88,613.88,1.0,0.674203427379944
E100000001158,1300.0,1901.45,0.0,March 2025,zero,Blackstone,3201.45,3201.45,1.0,0.4060660013431414
E100000001163,1888.32,4927.5,0.0,March 2025,zero,Cleco Corporate Holdings,6815.82,6815.82,1.0,0.27704956997103797
E100000001164,1514.03,3845.0,64.5,March 2025,zero,CMS Energy,5359.03,5423.53,0.9881073765610221,0.2825194111620946
E100000001169,0.0,623.0,0.0,March 2025,zero,California Resources,623.0,623.0,1.0,0.0
E100000001173,0.0,7723.84,0.0,March 2025,zero,Carlyle Group,7723.84,7723.84,1.0,0.0
E100000001177,530.4,0.0,0.0,March 2025,zero,CenterPoint Energy,530.4,530.4,1.0,1.0
E100000001179,0.0,794.3,0.0,March 2025,zero,Chevron,794.3,794.3,1.0,0.0
E100000001186,0.0,716.0,0.0,March 2025,zero,Consolidated Edison,716.0,716.0,1.0,0.0
E100000001193,3387.1,9153.0,213.0,March 2025,zero,Dominion Energy,12540.1,12753.1,0.9832981784820946,0.27010151434199087
E100000001194,10383.7,22982.71,0.0,March 2025,zero,Duke Energy,33366.41,33366.41,1.0,0.31120219406283145
E100000001195,0.0,143.8,0.0,March 2025,zero,Dupont,143.8,143.8,1.0,0.0
E100000001198,0.0,1286.0,0.0,March 2025,zero,Edison International,1286.0,1286.0,1.0,0.0
E100000001209,1757.79,20704.7,0.0,March 2025,zero,Entergy,22462.49,22462.49,1.0,0.07825445887788932
E100000001210,3045.56,4300.4,0.0,March 2025,zero,Evergy,7345.959999999999,7345.959999999999,1.0,0.4145897881284407
E100000001212,0.0,1925.0,0.0,March 2025,zero,Exelon,1925.0,1925.0,1.0,0.0
E100000001213,0.0,1970.01,0.0,March 2025,zero,Exxon Mobil,1970.01,1970.01,1.0,0.0
E100000001220,167.13,62.41,0.0,March 2025,zero,FreePort-McMoran,229.54,229.54,1.0,0.7281083906944323
E100000001223,0.0,2609.64,0.0,March 2025,zero,General Electric,2609.64,2609.64,1.0,0.0
E100000001235,666.96,671.0,0.0,March 2025,zero,IDACORP,1337.96,1337.96,1.0,0.49849023887111726
E100000001237,673.05,1058.53,212.75,March 2025,zero,ITOCHU,1731.58,1944.33,0.8905792740944182,0.38869125307522606
E100000001241,0.0,171.7,1067.2,March 2025,zero,International Paper,171.7,1238.9,0.13859068528533375,0.0
E100000001247,662.84,1937.8,0.0,March 2025,zero,KKR & Co.,2600.64,2600.64,1.0,0.25487572289897875
E100000001250,241.87,176.0,0.0,March 2025,zero,MDU Resources Group,417.87,417.87,1.0,0.5788163782994711
E100000001251,323.49,407.13,0.0,March 2025,zero,MGE Energy,730.62,730.62,1.0,0.44276094276094274
E100000001254,0.0,973.95,0.0,March 2025,zero,Marathon Petroleum,973.95,973.95,1.0,0.0
E100000001260,0.0,825.95,0.0,March 2025,zero,Morgan Stanley,825.95,825.95,1.0,0.0
E100000001262,7408.0,7761.4,0.0,March 2025,zero,NRG Energy,15169.4,15169.4,1.0,0.48835154983058
E100000001265,0.0,270.0,0.0,March 2025,zero,New Fortress Energy,270.0,270.0,1.0,0.0
E100000001267,472.75,27708.1,0.0,March 2025,zero,NextEra Energy,28180.85,28180.85,1.0,0.01677557632221881
E100000001268,1387.0,877.0,0.0,March 2025,zero,NiSource,2264.0,2264.0,1.0,0.6126325088339223
E100000001269,2060.0,5541.39,0.0,March 2025,zero,OGE Energy,7601.39,7601.39,1.0,0.2710030665444083
E100000001270,0.0,1781.66,0.0,March 2025,zero,Occidental Petroleum,1781.66,1781.66,1.0,0.0
E100000001275,0.0,284.0,0.0,March 2025,zero,PBF Energy,284.0,284.0,1.0,0.0
E100000001277,212.71,717.5,0.0,March 2025,zero,PNM Resources,930.21,930.21,1.0,0.22866879521828404
E100000001278,4948.36,2296.53,0.0,March 2025,zero,PPL,7244.889999999999,7244.889999999999,1.0,0.6830138207757468
E100000001282,0.0,631.0,0.0,March 2025,zero,Phillips 66,631.0,631.0,1.0,0.0
E100000001283,998.57,4324.4,0.0,March 2025,zero,Pinnacle West Capital,5322.969999999999,5322.969999999999,1.0,0.1875963982513522
E100000001293,0.0,1827.0,0.0,March 2025,zero,Sempra Energy,1827.0,1827.0,1.0,0.0
E100000001305,3549.2,6646.56,0.0,March 2025,zero,AES,10195.76,10195.76,1.0,0.3481054869867474
E100000001306,0.0,2069.0,0.0,March 2025,zero,The Dow Chemical Company,2069.0,2069.0,1.0,0.0
E100000001307,0.0,168.0,0.0,March 2025,zero,The Procter & Gamble,168.0,168.0,1.0,0.0
E100000001309,9508.92,23509.94,0.0,March 2025,zero,Southern,33018.86,33018.86,1.0,0.2879845034019951
E100000001315,0.0,146.0,0.0,March 2025,zero,UGI,146.0,146.0,1.0,0.0
E100000001319,0.0,161.0,0.0,March 2025,zero,United States Steel,161.0,161.0,1.0,0.0
E100000001321,0.0,95.0,0.0,March 2025,zero,Valero Energy,95.0,95.0,1.0,0.0
E100000001322,7971.0,20310.0,0.0,March 2025,zero,Vistra,28281.0,28281.0,1.0,0.2818500053039143
E100000001324,1708.84,4030.81,58.0,March 2025,zero,WEC Energy Group,5739.65,5797.65,0.9899959466335498,0.2977254710653089
E100000001329,5965.26,6185.0,0.0,March 2025,zero,Xcel Energy,12150.26,12150.26,1.0,0.49095739515039183
E100000001366,14782.42,900.0,56.1,March 2025,zero,An Hui Wenergy,15682.42,15738.52,0.9964354971115454,0.9426108980629265
E100000001371,2462.73,555.2,0.0,March 2025,zero,Aboitiz Power,3017.9300000000003,3017.9300000000003,1.0,0.8160328437041282
E100000001379,0.0,345.0,0.0,March 2025,zero,Antin Infrastructure Partners,345.0,345.0,1.0,0.0
E100000001384,0.0,1979.0,0.0,March 2025,zero,Ares Management,1979.0,1979.0,1.0,0.0
E100000001450,0.0,352.11,0.0,March 2025,zero,Doreen Power Generations and Systems,352.11,352.11,1.0,0.0
E100000001454,1825.0,1495.15,318.5,March 2025,zero,E.ON,3320.15,3638.65,0.9124675360367169,0.5496739605138322
E100000001465,225.0,0.0,0.0,March 2025,zero,Elektroprivreda Crne Gore,225.0,225.0,1.0,1.0
E100000001471,3687.3,480.0,0.0,March 2025,zero,En+ Group,4167.3,4167.3,1.0,0.8848175077388237
E100000001492,0.0,1124.42,0.0,March 2025,zero,Gazprom,1124.42,1124.42,1.0,0.0
E100000001534,266.12,161.19,0.0,March 2025,zero,JPMorgan Chase & Co,427.31,427.31,1.0,0.6227797149610353
E100000001551,395.0,0.0,0.0,March 2025,zero,Zespół Elektrociepłowni Wrocławskich Kogeneracja,395.0,395.0,1.0,1.0
E100000001558,0.0,0.0,27.22,March 2025,zero,LX International,0.0,27.22,0.0,
E100000001576,0.0,615.0,0.0,March 2025,zero,MVM Balance,615.0,615.0,1.0,0.0
E100000001597,93.17,135.28,0.0,March 2025,zero,Newmont,228.45,228.45,1.0,0.4078354125629241
E100000001607,0.0,107.68,638.14,March 2025,zero,Ørsted,107.68,745.8199999999999,0.14437800005363227,0.0
E100000001627,0.0,35.0,0.0,March 2025,zero,Petrokemija,35.0,35.0,1.0,0.0
E100000001636,1686.23,4987.4,0.0,March 2025,zero,RATCH Group,6673.629999999999,6673.629999999999,1.0,0.25267058557336863
E100000001645,9526.95,0.0,0.0,March 2025,zero,SDIC Power Holdings,9526.95,9526.95,1.0,1.0
E100000001647,0.0,3267.96,0.0,March 2025,zero,SK,3267.96,3267.96,1.0,0.0
E100000001651,0.0,120.31,0.0,March 2025,zero,SSAB,120.31,120.31,1.0,0.0
E100000001654,0.0,74.4,283.0,March 2025,zero,Sappi,74.4,357.4,0.20817011751538894,0.0
E100000001667,6422.93,7056.51,375.21,March 2025,zero,Shenzhen Energy Group,13479.44,13854.65,0.9729181177438623,0.47649828182773174
E100000001688,550.0,0.0,24.5,March 2025,zero,Sumitomo Chemical,550.0,574.5,0.9573542210617929,1.0
E100000001734,0.0,991.5,0.0,March 2025,zero,Westlake,991.5,991.5,1.0,0.0
E100000001745,474.0,0.0,100.0,March 2025,zero,Zespół Elektrowni Pątnów Adamów Konin,474.0,574.0,0.8257839721254355,1.0
E100000001757,0.0,585.0,0.0,March 2025,zero,Aluar Aluminio Argentino,585.0,585.0,1.0,0.0
E100000001758,0.0,5890.61,0.0,March 2025,zero,Central Puerto,5890.61,5890.61,1.0,0.0
E100000001763,0.0,3691.52,0.0,March 2025,zero,Pampa Energia,3691.52,3691.52,1.0,0.0
E100000001768,0.0,362.2,0.0,March 2025,zero,APA Group,362.2,362.2,1.0,0.0
E100000001770,0.0,299.25,0.0,March 2025,zero,Energy World,299.25,299.25,1.0,0.0
E100000001801,0.0,533.0,0.0,March 2025,zero,Grupo Neoenergia,533.0,533.0,1.0,0.0
E100000001817,0.0,110.0,0.0,March 2025,zero,Algoma Steel Group,110.0,110.0,1.0,0.0
E100000001824,0.0,170.0,0.0,March 2025,zero,MEG Energy,170.0,170.0,1.0,0.0
E100000001827,347.2,640.76,0.0,March 2025,zero,Northland Power,987.96,987.96,1.0,0.35143123203368554
E100000001830,0.0,2706.34,0.0,March 2025,zero,TransAlta,2706.34,2706.34,1.0,0.0
E100000001870,1260.0,6719.33,0.0,March 2025,zero,Electricité de France,7979.33,7979.33,1.0,0.15790799478151674
E100000001873,0.0,130.0,0.0,March 2025,zero,Mercedes-Benz Group,130.0,130.0,1.0,0.0
E100000001880,0.0,84.0,0.0,March 2025,zero,Henkel,84.0,84.0,1.0,0.0
E100000001885,0.0,379.0,0.0,March 2025,zero,K+S,379.0,379.0,1.0,0.0
E100000001895,0.0,1338.0,0.0,March 2025,zero,Siemens Energy,1338.0,1338.0,1.0,0.0
E100000001905,0.0,238.0,0.0,March 2025,zero,Wacker Chemie,238.0,238.0,1.0,0.0
E100000001917,0.0,140.85,0.0,March 2025,zero,Hindustan Petroleum,140.85,140.85,1.0,0.0
E100000001918,0.0,714.4,0.0,March 2025,zero,Indian Oil Corporation,714.4,714.4,1.0,0.0
E100000001919,2064.0,58.0,0.0,March 2025,zero,KSK Energy Ventures,2122.0,2122.0,1.0,0.9726672950047125
E100000001924,0.0,77.5,0.0,March 2025,zero,Maruti Suzuki India,77.5,77.5,1.0,0.0
E100000001926,57025.0,6235.82,0.0,March 2025,zero,NTPC,63260.82,63260.82,1.0,0.9014268231110504
E100000001937,500.0,705.0,0.0,March 2025,zero,Reliance Infrastructure,1205.0,1205.0,1.0,0.4149377593360996
E100000001940,6344.5,234.0,0.0,March 2025,zero,Tata Power Company,6578.5,6578.5,1.0,0.9644295812115223
E100000001941,362.0,2732.0,0.0,March 2025,zero,Torrent Power,3094.0,3094.0,1.0,0.11700064641241112
E100000001942,0.0,50.0,0.0,March 2025,zero,UPL,50.0,50.0,1.0,0.0
E100000001943,0.0,500.0,0.0,March 2025,zero,PT AKR Corporindo,500.0,500.0,1.0,0.0
E100000001946,280.0,864.0,0.0,March 2025,zero,PT Cikarang Listrindo,1144.0,1144.0,1.0,0.24475524475524477
E100000001975,0.0,17.6,0.0,March 2025,zero,Avio,17.6,17.6,1.0,0.0
E100000001977,0.0,99.0,0.0,March 2025,zero,ERG,99.0,99.0,1.0,0.0
E100000001982,3551.0,5000.27,0.0,March 2025,zero,The Chugoku Electric Power,8551.27,8551.27,1.0,0.4152599555387679
E100000001983,0.0,796.4,0.0,March 2025,zero,East Japan Railway,796.4,796.4,1.0,0.0
E100000001984,0.0,218.8,0.0,March 2025,zero,Hitachi Zosen,218.8,218.8,1.0,0.0
E100000001985,1900.0,2367.4,0.0,March 2025,zero,Hokkaido Electric Power,4267.4,4267.4,1.0,0.4452359750667854
E100000001986,2900.0,1664.7,0.0,March 2025,zero,Hokuriku Electric Power,4564.7,4564.7,1.0,0.6353100970490941
E100000001989,0.0,398.0,0.0,March 2025,zero,Kawasaki Heavy Industries,398.0,398.0,1.0,0.0
E100000002000,0.0,176.9,0.0,March 2025,zero,Kenya Electricity Generating Company,176.9,176.9,1.0,0.0
E100000002037,0.0,587.0,0.0,March 2025,zero,Contact Energy,587.0,587.0,1.0,0.0
E100000002038,750.0,454.0,0.0,March 2025,zero,Genesis Energy,1204.0,1204.0,1.0,0.6229235880398671
E100000002054,951.39,1494.4,0.0,March 2025,zero,Hub Power Company,2445.79,2445.79,1.0,0.3889908782029528
E100000002056,0.0,1066.0,0.0,March 2025,zero,Kot Addu Power,1066.0,1066.0,1.0,0.0
E100000002067,0.0,200.0,0.0,March 2025,zero,Romgaz,200.0,200.0,1.0,0.0
E100000002080,0.0,300.0,0.0,March 2025,zero,Magnitogorskiy Metallurgicheskiy Kombinat,300.0,300.0,1.0,0.0
E100000002081,0.0,12229.0,0.0,March 2025,zero,Mosenergo,12229.0,12229.0,1.0,0.0
E100000002083,0.0,450.0,0.0,March 2025,zero,Kurgan Generating Company,450.0,450.0,1.0,0.0
E100000002087,4038.0,11834.0,0.0,March 2025,zero,OGK-2,15872.0,15872.0,1.0,0.2544102822580645
E100000002088,0.0,445.0,0.0,March 2025,zero,Severstal,445.0,445.0,1.0,0.0
E100000002094,0.0,106.8,0.0,March 2025,zero,Saudi Cement,106.8,106.8,1.0,0.0
E100000002096,0.0,161.0,0.0,March 2025,zero,Yamama Saudi Cement,161.0,161.0,1.0,0.0
E100000002130,975.72,3335.86,0.0,March 2025,zero,Electricity Generating,4311.58,4311.58,1.0,0.2263021908441917
E100000002134,0.0,356.98,0.0,March 2025,zero,Thai Oil,356.98,356.98,1.0,0.0
E100000002135,0.0,230.9,0.0,March 2025,zero,WHA Utilities and Power,230.9,230.9,1.0,0.0
E100000002141,0.0,904.0,0.0,March 2025,zero,Akenerji Elektrik Üretim,904.0,904.0,1.0,0.0
E100000002158,0.0,11914.7,0.0,March 2025,zero,Dubai Electricity and Water Authority,11914.7,11914.7,1.0,0.0
E100000002162,0.0,300.0,0.0,March 2025,zero,Atlantica Sustainable Infrastructure,300.0,300.0,1.0,0.0
E100000002169,810.9,116.0,73.0,March 2025,zero,ALLETE,926.9,999.9,0.926992699269927,0.8748516560578271
E100000002180,233.4,515.0,51.0,March 2025,zero,Avista,748.4,799.4,0.9362021516137102,0.311865312667023
E100000002305,311.2,2090.6,0.0,March 2025,zero,Portland General Electric,2401.7999999999997,2401.7999999999997,1.0,0.12956948954950454
E100000002326,0.0,134.0,0.0,March 2025,zero,SunCoke Energy,134.0,134.0,1.0,0.0
E100000002328,4686.6,2664.6,0.0,March 2025,zero,Talen Energy,7351.200000000001,7351.200000000001,1.0,0.6375285667646099
E100000002364,0.0,456.0,0.0,March 2025,zero,Barka Water and Power Company,456.0,456.0,1.0,0.0
E100000002409,100.0,45.0,0.0,March 2025,zero,Aksa Akrilik Kimya Sanayii,145.0,145.0,1.0,0.6896551724137931
E100000002411,270.0,1989.43,0.0,March 2025,zero,Aksa Enerji Uretim,2259.4300000000003,2259.4300000000003,1.0,0.11949916571878746
E100000002412,0.0,766.0,0.0,March 2025,zero,Al Batinah Power Company,766.0,766.0,1.0,0.0
E100000002414,0.0,285.0,0.0,March 2025,zero,Al Kamil Power Company,285.0,285.0,1.0,0.0
E100000002415,0.0,766.0,0.0,March 2025,zero,Al Suwadi Power Company,766.0,766.0,1.0,0.0
E100000002435,0.0,3245.9,0.0,March 2025,zero,Aluminium Bahrain,3245.9,3245.9,1.0,0.0
E100000002474,0.0,23.0,0.0,March 2025,zero,AstraZeneca,23.0,23.0,1.0,0.0
E100000002579,0.0,1691.0,0.0,March 2025,zero,China General Nuclear Power New Energy Holdings,1691.0,1691.0,1.0,0.0
E100000002718,0.0,828.0,0.0,March 2025,zero,Clearway Energy,828.0,828.0,1.0,0.0
E100000002727,350.0,1507.75,0.0,March 2025,zero,Colbun,1857.75,1857.75,1.0,0.18839994617144395
E100000002867,1064.0,639.0,0.0,March 2025,zero,ENGIE Energía Chile,1703.0,1703.0,1.0,0.6247798003523194
E100000002868,0.0,2259.0,0.0,March 2025,zero,ENGIE Energía Perú,2259.0,2259.0,1.0,0.0
E100000002882,1244.0,2930.0,0.0,March 2025,zero,EVNGENCO 3,4174.0,4174.0,1.0,0.29803545759463346
E100000002892,0.0,0.0,35.0,March 2025,zero,Ecopetrol,0.0,35.0,0.0,
E100000002899,0.0,6873.0,0.0,March 2025,zero,Edison,6873.0,6873.0,1.0,0.0
E100000002934,0.0,190.0,0.0,March 2025,zero,Empresa Metropolitana de Águas e Energia,190.0,190.0,1.0,0.0
E100000002936,0.0,1956.0,0.0,March 2025,zero,Enel Generación Chile,1956.0,1956.0,1.0,0.0
E100000002937,0.0,978.7,0.0,March 2025,zero,Enel Generación Perú,978.7,978.7,1.0,0.0
E100000002938,0.0,360.8,0.0,March 2025,zero,Enel Generación Piura,360.8,360.8,1.0,0.0
E100000002976,0.0,227.0,0.0,March 2025,zero,Engro Powergen Qadirpur,227.0,227.0,1.0,0.0
E100000003385,0.0,3155.2,0.0,March 2025,zero,K-Electric,3155.2,3155.2,1.0,0.0
E100000003424,0.0,97.58,0.0,March 2025,zero,Khulna Power Company,97.58,97.58,1.0,0.0
E100000003435,0.0,120.0,0.0,March 2025,zero,Kohinoor Energy,120.0,120.0,1.0,0.0
E100000003440,0.0,2274.6,0.0,March 2025,zero,Korea District Heating,2274.6,2274.6,1.0,0.0
E100000003476,0.0,326.0,0.0,March 2025,zero,Lalpir Power,326.0,326.0,1.0,0.0
E100000003527,4940.0,2384.72,0.0,March 2025,zero,Malakoff Corporation,7324.719999999999,7324.719999999999,1.0,0.6744285105778788
E100000003609,0.0,50.0,0.0,March 2025,zero,NET Power,50.0,50.0,1.0,0.0
E100000003655,0.0,185.9,0.0,March 2025,zero,Nishat Chunian Power,185.9,185.9,1.0,0.0
E100000003676,0.0,620.0,0.0,March 2025,zero,Novolipetsk Steel,620.0,620.0,1.0,0.0
E100000003683,0.0,4193.3,0.0,March 2025,zero,OPC Energy,4193.3,4193.3,1.0,0.0
E100000003694,752.0,1040.0,0.0,March 2025,zero,Okinawa Electric Power,1792.0,1792.0,1.0,0.41964285714285715
E100000003742,153.0,3646.0,0.0,March 2025,zero,Territorial Generating Company No 1,3799.0,3799.0,1.0,0.04027375625164517
E100000003747,0.0,495.0,0.0,March 2025,zero,Nizhnekamskneftekhim,495.0,495.0,1.0,0.0
E100000003757,0.0,82.0,0.0,March 2025,zero,PT Indocement Tunggal Prakarsa,82.0,82.0,1.0,0.0
E100000003772,0.0,365.0,0.0,March 2025,zero,Pakgen Power,365.0,365.0,1.0,0.0
E100000003809,3600.0,0.0,0.0,March 2025,zero,PetroVietnam Power Corporation,3600.0,3600.0,1.0,1.0
E100000003816,0.0,2000.0,0.0,March 2025,zero,Phoenix Power Company,2000.0,2000.0,1.0,0.0
E100000003831,0.0,1974.0,0.0,March 2025,zero,Power and Water Utility Company for Jubail and Yanbu,1974.0,1974.0,1.0,0.0
E100000003950,0.0,202.7,0.0,March 2025,zero,Ratch Pathana Energy,202.7,202.7,1.0,0.0
E100000003966,0.0,636.0,0.0,March 2025,zero,Saras,636.0,636.0,1.0,0.0
E100000003994,0.0,1632.0,0.0,March 2025,zero,Shamal Az Zour Al Oula Power and Water Company,1632.0,1632.0,1.0,0.0
E100000004032,0.0,929.5,0.0,March 2025,zero,Shikun & Binui Energy,929.5,929.5,1.0,0.0
E100000004057,0.0,181.3,0.0,March 2025,zero,Sociedad Minera Cerro Verde,181.3,181.3,1.0,0.0
E100000004062,0.0,597.0,0.0,March 2025,zero,Sohar Power Company,597.0,597.0,1.0,0.0
E100000004212,0.0,1075.0,0.0,March 2025,zero,thyssenkrupp,1075.0,1075.0,1.0,0.0
E100000004280,0.0,54.9,0.0,March 2025,zero,United Wagon Company,54.9,54.9,1.0,0.0
E100000004388,0.0,223.2,0.0,March 2025,zero,Zorlu Enerji Elektrik Uretim,223.2,223.2,1.0,0.0
E100000120009,726.3,643.0,0.0,March 2025,zero,AES Andes,1369.3,1369.3,1.0,0.5304170013875703
E100000120035,0.0,0.0,109.0,March 2025,zero,Air Water,0.0,109.0,0.0,
E100000120070,33.0,0.0,0.0,March 2025,zero,The Andhra Sugars,33.0,33.0,1.0,1.0
E100000120102,84.0,0.0,0.0,March 2025,zero,Atul,84.0,84.0,1.0,1.0
E100000120130,100.0,0.0,0.0,March 2025,zero,Ballarpur Industries,100.0,100.0,1.0,1.0
E100000120243,0.0,0.0,0.0,March 2025,zero,China Hongqiao Group,0.0,0.0,,
E100000120295,0.0,0.0,54.06,March 2025,zero,DCM Shriram,0.0,54.06,0.0,
E100000120297,141.0,0.0,0.0,March 2025,zero,DCM Shriram Industries,141.0,141.0,1.0,1.0
E100000120300,60.0,0.0,0.0,March 2025,zero,DG Khan Cement,60.0,60.0,1.0,1.0
E100000120309,356.0,0.0,63.0,March 2025,zero,Daio Paper,356.0,419.0,0.8496420047732697,1.0
E100000120388,81.5,0.0,0.0,March 2025,zero,Elektrocieplownia Bedzin,81.5,81.5,1.0,1.0
E100000120419,0.0,0.0,111.35,March 2025,zero,Engie Brasil Energia,0.0,111.35,0.0,
E100000120426,0.0,230.18,0.0,March 2025,zero,Eramet,230.18,230.18,1.0,0.0
E100000120453,118.0,0.0,0.0,March 2025,zero,Fauji Fertilizer Bin Qasim,118.0,118.0,1.0,1.0
E100000120454,0.0,0.0,0.0,March 2025,zero,Filinvest Development,0.0,0.0,,
E100000120477,38.88,0.0,0.0,March 2025,zero,GSD Holding,38.88,38.88,1.0,1.0
E100000120517,120.0,0.0,0.0,March 2025,zero,Grasim Industries,120.0,120.0,1.0,1.0
E100000120520,92.0,0.0,0.0,March 2025,zero,Grupa Azoty,92.0,92.0,1.0,1.0
E100000120541,0.0,0.0,0.0,March 2025,zero,Hanwha,0.0,0.0,,
E100000120560,2983.2,0.0,0.0,March 2025,zero,Hindalco Industries,2983.2,2983.2,1.0,1.0
E100000120561,474.0,0.0,0.0,March 2025,zero,Hindustan Zinc,474.0,474.0,1.0,1.0
E100000120567,56.0,0.0,0.0,March 2025,zero,Hiroshima Gas,56.0,56.0,1.0,1.0
E100000120600,40.0,0.0,0.0,March 2025,zero,ISMT,40.0,40.0,1.0,1.0
E100000120611,316.8,0.0,0.0,March 2025,zero,PT Indika Energy,316.8,316.8,1.0,1.0
E100000120621,0.0,41.0,0.0,March 2025,zero,Indorama Ventures,41.0,41.0,1.0,0.0
E100000120639,112.0,0.0,0.0,March 2025,zero,Itochu ENEX,112.0,112.0,1.0,1.0
E100000120645,89.52,0.0,0.0,March 2025,zero,JAKS Resources,89.52,89.52,1.0,1.0
E100000120648,55.0,0.0,0.0,March 2025,zero,JK Paper,55.0,55.0,1.0,1.0
E100000120663,0.0,130.0,0.0,March 2025,zero,PT Kawasan Industri Jababeka,130.0,130.0,1.0,0.0
E100000120672,55.0,0.0,0.0,March 2025,zero,Jayaswal Neco Industries,55.0,55.0,1.0,1.0
E100000120686,250.0,0.0,0.0,March 2025,zero,Jindal Stainless,250.0,250.0,1.0,1.0
E100000120748,264.0,0.0,0.0,March 2025,zero,Kumho Petrochemical,264.0,264.0,1.0,1.0
E100000120749,45.0,0.0,0.0,March 2025,zero,Kureha,45.0,45.0,1.0,1.0
E100000120765,1400.0,0.0,0.0,March 2025,zero,Larsen & Toubro,1400.0,1400.0,1.0,1.0
E100000120767,0.0,0.0,0.0,March 2025,zero,Lee & Man Paper Manufacturing,0.0,0.0,,
E100000120776,60.0,0.0,0.0,March 2025,zero,Lotte Chemical,60.0,60.0,1.0,1.0
E100000120779,0.0,0.0,0.0,March 2025,zero,Lucky Cement,0.0,0.0,,
E100000120818,0.0,0.0,0.0,March 2025,zero,Maple Leaf Cement Factory,0.0,0.0,,
E100000120830,17.2,0.0,0.0,March 2025,zero,Mazda Motor,17.2,17.2,1.0,1.0
E100000120836,15.42,0.0,0.0,March 2025,zero,Meiko Trans,15.42,15.42,1.0,1.0
E100000120855,106.8,0.0,0.0,March 2025,zero,Mitsubishi Electric,106.8,106.8,1.0,1.0
E100000120856,115.0,0.0,0.0,March 2025,zero,Mitsubishi Materials,115.0,115.0,1.0,1.0
E100000120868,151.0,0.0,0.0,March 2025,zero,JSW Ispat Special Products,151.0,151.0,1.0,1.0
E100000120871,374.4,0.0,0.0,March 2025,zero,Mudajaya Group,374.4,374.4,1.0,1.0
E100000120926,608.0,0.0,0.0,March 2025,zero,Nickel Industries,608.0,608.0,1.0,1.0
E100000120931,428.8,0.0,172.65,March 2025,zero,Nippon Paper Industries,428.8,601.45,0.7129437193449164,1.0
E100000120945,0.0,0.0,0.0,March 2025,zero,OCI Holdings,0.0,0.0,,
E100000120948,714.0,0.0,0.0,March 2025,zero,OPG Power Ventures,714.0,714.0,1.0,1.0
E100000120972,142.32,0.0,0.0,March 2025,zero,ORIX,142.32,142.32,1.0,1.0
E100000120975,110.0,0.0,0.0,March 2025,zero,Oswal Greentech,110.0,110.0,1.0,1.0
E100000120990,60.0,0.0,0.0,March 2025,zero,PT Aneka Tambang,60.0,60.0,1.0,1.0
E100000121006,60.0,0.0,0.0,March 2025,zero,PT Cemindo Gemilang,60.0,60.0,1.0,1.0
E100000121011,55.0,0.0,0.0,March 2025,zero,PT Fajar Surya Wisesa,55.0,55.0,1.0,1.0
E100000121022,755.0,0.0,0.0,March 2025,zero,PT Indah Kiat Pulp & Paper,755.0,755.0,1.0,1.0
E100000121030,99.0,0.0,0.0,March 2025,zero,PT Intraco Penta,99.0,99.0,1.0,1.0
E100000121051,230.0,0.0,0.0,March 2025,zero,PT Pabrik Kertas Tjiwi Kimia,230.0,230.0,1.0,1.0
E100000121067,69.97,0.0,0.0,March 2025,zero,PT Semen Indonesia (Persero),69.97,69.97,1.0,1.0
E100000121080,34.2,0.0,0.0,March 2025,zero,PT Trimegah Bangun Persada,34.2,34.2,1.0,1.0
E100000121115,140.0,0.0,0.0,March 2025,zero,Petron,140.0,140.0,1.0,1.0
E100000121116,1040.0,0.0,0.0,March 2025,zero,Pha Lai Thermal Power,1040.0,1040.0,1.0,1.0
E100000121137,162.5,0.0,0.0,March 2025,zero,Prakash Industries,162.5,162.5,1.0,1.0
E100000121138,11.25,0.0,0.0,March 2025,zero,Press Metal Aluminium Holdings,11.25,11.25,1.0,1.0
E100000121168,2700.0,0.0,0.0,March 2025,zero,RattanIndia Power,2700.0,2700.0,1.0,1.0
E100000121175,312.0,0.0,0.0,March 2025,zero,Reliance Industries,312.0,312.0,1.0,1.0
E100000121176,37.8,0.0,40.53,March 2025,zero,Rengo,37.8,78.33,0.48257372654155495,1.0
E100000121206,361.0,0.0,65.58,March 2025,zero,SGC Energy,361.0,426.58,0.846265647709691,1.0
E100000121235,120.0,225.0,0.0,March 2025,zero,Sakhalinenergo,345.0,345.0,1.0,0.34782608695652173
E100000121255,15.42,0.0,0.0,March 2025,zero,Seika,15.42,15.42,1.0,1.0
E100000121261,900.0,0.0,0.0,March 2025,zero,Semirara Mining and Power,900.0,900.0,1.0,1.0
E100000121281,300.0,0.0,0.0,March 2025,zero,Shree Cement,300.0,300.0,1.0,1.0
E100000121304,40.0,0.0,0.0,March 2025,zero,Sitara Chemical Industries,40.0,40.0,1.0,1.0
E100000121352,224.5,0.0,0.0,March 2025,zero,Sumitomo Osaka Cement,224.5,224.5,1.0,1.0
E100000121372,2056.0,0.0,0.0,March 2025,zero,TAQA Morocco,2056.0,2056.0,1.0,1.0
E100000121375,785.4,0.0,0.0,March 2025,zero,Taiwan Cement,785.4,785.4,1.0,1.0
E100000121391,150.0,0.0,160.0,March 2025,zero,TPI Polene Power,150.0,310.0,0.4838709677419355,1.0
E100000121400,40.0,0.0,0.0,March 2025,zero,Tamil Nadu Newsprint & Papers,40.0,40.0,1.0,1.0
E100000121429,0.0,0.0,0.0,March 2025,zero,Terra Mauricia,0.0,0.0,,
E100000121434,85.8,0.0,0.0,March 2025,zero,Thal,85.8,85.8,1.0,1.0
E100000121461,0.0,0.0,50.0,March 2025,zero,Toshiba,0.0,50.0,0.0,
E100000121462,630.0,0.0,0.0,March 2025,zero,Tosoh,630.0,630.0,1.0,1.0
E100000121478,70.0,0.0,0.0,March 2025,zero,Tulsyan NEC,70.0,70.0,1.0,1.0
E100000121484,353.2,0.0,0.0,March 2025,zero,UBE,353.2,353.2,1.0,1.0
E100000121528,60.0,0.0,0.0,March 2025,zero,Vinaconex,60.0,60.0,1.0,1.0
E100000121535,190.38,0.0,0.0,March 2025,zero,Walsin Lihwa,190.38,190.38,1.0,1.0
E100000121552,50.0,0.0,0.0,March 2025,zero,YFY,50.0,50.0,1.0,1.0
E100000121564,554.0,0.0,0.0,March 2025,zero,Yuzhno-Kuzbasskaya GRES,554.0,554.0,1.0,1.0
E100000121583,95.36,0.0,96.95,March 2025,zero,eRex,95.36,192.31,0.4958660496074047,1.0
E100000121588,330.0,0.0,0.0,March 2025,zero,Çan2 Termik,330.0,330.0,1.0,1.0
E100000121604,370.0,0.0,0.0,March 2025,zero,İzdemir Enerji Elektrik Üretim,370.0,370.0,1.0,1.0
E100000122257,1307.0,0.0,0.0,March 2025,zero,Inner Mongolia Junzheng Energy & Chemical Group,1307.0,1307.0,1.0,1.0
E100000122571,1812.85,850.0,3.24,March 2025,zero,Baoshan Iron & Steel,2662.85,2666.0899999999997,0.9987847371994194,0.6807931351747188
E100000123215,0.0,279.0,0.0,March 2025,zero,Xinyu Iron & Steel,279.0,279.0,1.0,0.0
E100000123366,2376.94,0.0,0.0,March 2025,zero,Yankuang Energy Group,2376.94,2376.94,1.0,1.0
E100000123560,277.0,0.0,42.0,March 2025,zero,Shanying International Holdings,277.0,319.0,0.8683385579937304,1.0
E100000123737,0.0,93.5,0.0,March 2025,zero,Maanshan Iron & Steel,93.5,93.5,1.0,0.0
E100000123791,27.0,0.0,27.0,March 2025,zero,Tongyu Heavy Industry,27.0,54.0,0.5,1.0
E100000123957,1767.07,0.0,0.0,March 2025,zero,TBEA,1767.07,1767.07,1.0,1.0
E100000129432,0.0,0.0,80.0,March 2025,zero,Hunan Junxin Environmental Protection,0.0,80.0,0.0,
E100000129850,0.0,0.0,265.6,March 2025,zero,Chongqing Sanfeng Environment Group,0.0,265.6,0.0,
E100000130688,0.0,0.0,0.0,March 2025,zero,Ternium Argentina,0.0,0.0,,
E100000130720,0.0,0.0,0.0,March 2025,zero,Hiap Teck Venture,0.0,0.0,,
E100000130730,0.0,33.4,0.0,March 2025,zero,Corporacion Aceros Arequipa,33.4,33.4,1.0,0.0
E100000130751,0.0,191.1,0.0,March 2025,zero,Eregli Demir ve Celik Fabrikalari,191.1,191.1,1.0,0.0
E100000132372,0.0,0.0,0.0,March 2025,zero,Yanzhou Coal Mining,0.0,0.0,,
E100000132404,0.0,0.0,65.0,March 2025,zero,Clearwater Paper,0.0,65.0,0.0,
E100000132450,0.0,0.0,64.64,March 2025,zero,Packaging Corporation of America,0.0,64.64,0.0,
E100000132496,0.0,0.0,15.0,March 2025,zero,Altri,0.0,15.0,0.0,
E100000132539,0.0,0.0,31.0,March 2025,zero,Balrampur Chini Mills,0.0,31.0,0.0,
E100000132612,0.0,0.0,36.0,March 2025,zero,Conifex Timber,0.0,36.0,0.0,
E100000132632,0.0,0.0,71.93,March 2025,zero,Greenvolt - Energias Renováveis,0.0,71.93,0.0,
E100000132713,0.0,0.0,39.0,March 2025,zero,Hippo Valley Estates,0.0,39.0,0.0,
E100000132758,0.0,0.0,44.0,March 2025,zero,JBS,0.0,44.0,0.0,
E100000132807,0.0,0.0,12.75,March 2025,zero,Mizuho Leasing,0.0,12.75,0.0,
E100000132862,0.0,0.0,80.0,March 2025,zero,Rayonier Advanced Materials,0.0,80.0,0.0,
E100000132867,0.0,0.0,149.15,March 2025,zero,Renova,0.0,149.15,0.0,
E100000132872,0.0,0.0,74.0,March 2025,zero,SANIX,0.0,74.0,0.0,
E100000132881,0.0,0.0,67.0,March 2025,zero,Sakthi Sugars,0.0,67.0,0.0,
E100000132897,0.0,0.0,43.0,March 2025,zero,Sociedad Agrícola e Industrial San Carlos,0.0,43.0,0.0,
E100000132904,0.0,0.0,67.88,March 2025,zero,Sumitomo Forestry,0.0,67.88,0.0,
E100000132909,0.0,0.0,75.0,March 2025,zero,Svenska Cellulosa SCA,0.0,75.0,0.0,
E100000132960,0.0,0.0,92.0,March 2025,zero,Universal Robina,0.0,92.0,0.0,
E100000133123,0.0,0.0,0.0,March 2025,zero,Obayashi,0.0,0.0,,
E100000133539,157.5,0.0,0.0,March 2025,zero,AGC,157.5,157.5,1.0,1.0
E100000134116,0.0,105.84,0.0,March 2025,zero,Paramount Textile,105.84,105.84,1.0,0.0
E100000134350,0.0,0.0,26.0,March 2025,zero,Okumura,0.0,26.0,0.0,
E100000135336,0.0,376.0,0.0,March 2025,zero,Celsia Colombia,376.0,376.0,1.0,0.0
E100000149011,0.0,0.0,6.75,March 2025,zero,Nishinippon Plant Engineering and Construction,0.0,6.75,0.0,
E100000149012,0.0,0.0,0.0,March 2025,zero,Tokyu Fudosan Holdings,0.0,0.0,,
E100000149634,94.5,0.0,0.0,March 2025,zero,Doosan Enerbility,94.5,94.5,1.0,1.0
E100000149695,102.6,0.0,0.0,March 2025,zero,Omnicane,102.6,102.6,1.0,1.0
E100000150310,438.95,529.6,0.0,March 2025,zero,NorthWestern Energy Group,968.55,968.55,1.0,0.4532032419596304
E100000150598,0.0,0.0,30.0,March 2025,zero,Acciona,0.0,30.0,0.0,
E100000153028,0.0,8.99,0.0,March 2025,zero,Oil India,8.99,8.99,1.0,0.0
E100001000012,5761.0,0.0,280.0,March 2025,zero,ENEA,5761.0,6041.0,0.9536500579374276,1.0
E100001000044,0.0,139.0,1224.5,March 2025,zero,Suzano,139.0,1363.5,0.10194352768610195,0.0
E100001000049,0.0,0.0,785.0,March 2025,zero,Klabin,0.0,785.0,0.0,
E100001000054,0.0,0.0,322.48,March 2025,zero,Metsä Board,0.0,322.48,0.0,
E100001000064,270.0,0.0,870.0,March 2025,zero,Kaidi Ecological and Environmental Technology,270.0,1140.0,0.23684210526315788,1.0
E100001000083,5760.0,0.0,0.0,March 2025,zero,Reliance Power,5760.0,5760.0,1.0,1.0
E100001000111,0.0,3.83,250.0,March 2025,zero,Empresas CMPC,3.83,253.83,0.015088838986723398,0.0
E100001000120,0.0,0.0,99.47,March 2025,zero,Dexco,0.0,99.47,0.0,
E100001000124,0.0,0.0,148.91,March 2025,zero,Ence Energía y Celulosa,0.0,148.91,0.0,
E100001000130,0.0,0.0,27.75,March 2025,zero,Toho Gas,0.0,27.75,0.0,
E100001000131,180.0,0.0,0.0,March 2025,zero,Tokyo Century,180.0,180.0,1.0,1.0
E100001000139,0.0,0.0,241.0,March 2025,zero,São Martinho,0.0,241.0,0.0,
E100001000152,0.0,0.0,190.0,March 2025,zero,Adecoagro,0.0,190.0,0.0,
E100001000155,0.0,0.0,0.0,March 2025,zero,Evonik Industries,0.0,0.0,,
E100001000161,30.0,0.0,81.97,March 2025,zero,Shree Renuka Sugars,30.0,111.97,0.26792890952933823,1.0
E100001000165,0.0,23.88,35.37,March 2025,zero,Power Assets Holdings,23.88,59.25,0.4030379746835443,0.0
E100001000174,0.0,0.0,91.5,March 2025,zero,Schroders,0.0,91.5,0.0,
E100001000177,427.2,104.52,0.0,March 2025,zero,Mitsubishi Heavy Industries,531.72,531.72,1.0,0.8034303768900924
E100001000188,0.0,0.0,118.0,March 2025,zero,Wilmar International,0.0,118.0,0.0,
E100001000208,0.0,5500.0,0.0,March 2025,zero,Constellation Energy,5500.0,5500.0,1.0,0.0
E100001000212,0.0,120.0,0.0,March 2025,zero,Musandam Power Company,120.0,120.0,1.0,0.0
E100001000220,0.0,124.5,0.0,March 2025,zero,Canadian Utilities,124.5,124.5,1.0,0.0
E100001000222,0.0,0.0,105.0,March 2025,zero,Dhampur Sugar Mills,0.0,105.0,0.0,
E100001000232,0.0,0.0,343.5,March 2025,zero,Mercer International,0.0,343.5,0.0,
E100001000247,0.0,90.94,0.0,March 2025,zero,UBS Asset Management,90.94,90.94,1.0,0.0
E100001000303,0.0,269.91,0.0,March 2025,zero,Altern Energy,269.91,269.91,1.0,0.0
E100001000329,320.58,6575.58,0.0,March 2025,zero,Qatar Electricity and Water Company,6896.16,6896.16,1.0,0.04648674044685738
E100001000364,0.0,4000.0,0.0,March 2025,zero,ENKA İnşaat ve Sanayi,4000.0,4000.0,1.0,0.0
E100001000383,0.0,0.0,7.5,March 2025,zero,JGC Holdings,0.0,7.5,0.0,
E100001000384,0.0,922.0,0.0,March 2025,zero,Ternium,922.0,922.0,1.0,0.0
E100001000388,0.0,103.51,0.0,March 2025,zero,Jastrzębska Spółka Węglowa,103.51,103.51,1.0,0.0
E100001000400,163.5,0.0,0.0,March 2025,zero,Glencore,163.5,163.5,1.0,1.0
E100001000402,2.01,0.0,0.0,March 2025,zero,Peabody Energy,2.01,2.01,1.0,1.0
E100001000437,55.84,0.04,0.0,March 2025,zero,China Construction Bank,55.88,55.88,1.0,0.9992841803865427
E100001000439,4990.0,0.0,0.0,March 2025,zero,Jindal Steel & Power,4990.0,4990.0,1.0,1.0
E100001000440,4866.6,0.0,0.0,March 2025,zero,NLC India,4866.6,4866.6,1.0,1.0
E100001000479,1325.1,0.0,0.0,March 2025,zero,Vedanta,1325.1,1325.1,1.0,1.0
E100001000516,397.31,0.0,0.0,March 2025,zero,JSW Steel,397.31,397.31,1.0,1.0
E100001000519,60.0,0.0,0.0,March 2025,zero,JSW Holdings,60.0,60.0,1.0,1.0
E100001000520,304.08,0.0,0.0,March 2025,zero,Life Insurance Corporation of India,304.08,304.08,1.0,1.0
E100001000522,3472.5,142.5,0.0,March 2025,zero,JSW Energy,3615.0,3615.0,1.0,0.9605809128630706
E100001000558,13528.0,0.0,0.0,March 2025,zero,Adani Power,13528.0,13528.0,1.0,1.0
E100001000569,40.09,0.0,0.0,March 2025,zero,PT Harum Energy,40.09,40.09,1.0,1.0
E100001000598,77.5,0.0,0.0,March 2025,zero,Kardemir Karabuk Demir Çelik Sanayi Ve Ticaret,77.5,77.5,1.0,1.0
E100001000609,253.0,0.0,0.0,March 2025,zero,Jaiprakash Associates,253.0,253.0,1.0,1.0
E100001000611,3800.0,0.0,0.0,March 2025,zero,Jaiprakash Power Ventures,3800.0,3800.0,1.0,1.0
E100001000618,221.0,0.0,0.0,March 2025,zero,SPC Power,221.0,221.0,1.0,1.0
E100001000639,123.0,0.0,0.0,March 2025,zero,Ambuja Cements,123.0,123.0,1.0,1.0
E100001000640,34.0,0.0,0.0,March 2025,zero,Andhra Paper,34.0,34.0,1.0,1.0
E100001000641,842.5,0.0,0.0,March 2025,zero,Archer-Daniels-Midland,842.5,842.5,1.0,1.0
E100001000648,83.0,0.0,0.0,March 2025,zero,Cheng Loong,83.0,83.0,1.0,1.0
E100001000649,131.6,176.2,0.0,March 2025,zero,Cleveland-Cliffs,307.79999999999995,307.79999999999995,1.0,0.4275503573749188
E100001000652,0.0,8.11,0.0,March 2025,zero,Companhia Siderúrgica Nacional,8.11,8.11,1.0,0.0
E100001000659,30.0,0.0,0.0,March 2025,zero,Dangote Cement,30.0,30.0,1.0,1.0
E100001000661,144.0,0.0,0.0,March 2025,zero,EDP Brasil,144.0,144.0,1.0,1.0
E100001000663,600.0,0.0,0.0,March 2025,zero,EVRAZ,600.0,600.0,1.0,1.0
E100001000665,30.0,0.0,0.0,March 2025,zero,Godawari Power and Ispat,30.0,30.0,1.0,1.0
E100001000668,76.35,310.0,0.0,March 2025,zero,Gujarat Industries Power,386.35,386.35,1.0,0.19761873948492298
E100001000669,250.0,0.0,0.0,March 2025,zero,Gujarat Mineral Development,250.0,250.0,1.0,1.0
E100001000677,258.0,0.0,0.0,March 2025,zero,Indian Metals and Ferro Alloys,258.0,258.0,1.0,1.0
E100001000694,114.0,0.0,0.0,March 2025,zero,Sarda Energy & Minerals,114.0,114.0,1.0,1.0
E100001000703,688.0,0.0,0.0,March 2025,zero,Steel Authority of India,688.0,688.0,1.0,1.0
E100001000704,50.0,0.0,0.0,March 2025,zero,Steel Exchange India,50.0,50.0,1.0,1.0
E100001000707,577.0,0.0,0.0,March 2025,zero,Tokuyama,577.0,577.0,1.0,1.0
E100001000710,0.0,0.0,0.0,March 2025,zero,PT United Tractors,0.0,0.0,,
E100001000734,0.0,49.0,0.0,March 2025,zero,Ta Ya Electric Wire & Cable,49.0,49.0,1.0,0.0
E100001000736,2365.0,0.0,0.0,March 2025,zero,CESC,2365.0,2365.0,1.0,1.0
E100001000746,725.45,0.0,0.0,March 2025,zero,PT Bukit Asam,725.45,725.45,1.0,1.0
E100001000782,776.0,0.0,0.0,March 2025,zero,PT Adaro Energy Indonesia,776.0,776.0,1.0,1.0
E100001000793,0.0,531.96,0.0,March 2025,zero,HDC Hyundai Development,531.96,531.96,1.0,0.0
E100001000796,924.0,0.0,0.0,March 2025,zero,S. Alam Cold Rolled Steels,924.0,924.0,1.0,1.0
E100001000859,0.0,5565.0,0.0,March 2025,zero,EL5-Energo,5565.0,5565.0,1.0,0.0
E100001000878,354.24,0.0,0.0,March 2025,zero,Bharat Heavy Electricals,354.24,354.24,1.0,1.0
E100001000919,12.95,0.0,0.0,March 2025,zero,Nakayama Steel Works,12.95,12.95,1.0,1.0
E100001000920,0.0,390.0,0.0,March 2025,zero,Nanjing Iron and Steel,390.0,390.0,1.0,0.0
E100001000930,0.0,0.0,0.0,March 2025,zero,Siam Cement,0.0,0.0,,
E100001000932,184.14,0.0,48.75,March 2025,zero,Taiheiyo Cement,184.14,232.89,0.7906737086178024,1.0
E100001000963,0.0,873.91,0.0,March 2025,zero,SMN Power Holding,873.91,873.91,1.0,0.0
E100001001020,0.0,0.0,75.0,March 2025,zero,Mitsubishi Paper Mills,0.0,75.0,0.0,
E100001001023,0.0,206.25,0.0,March 2025,zero,Rojana Industrial Park,206.25,206.25,1.0,0.0
E100001001043,52.44,0.0,0.0,March 2025,zero,Yes Bank,52.44,52.44,1.0,1.0
E100001001046,135.32,0.0,0.0,March 2025,zero,Enel Américas,135.32,135.32,1.0,1.0
E100001001053,3204.0,0.0,0.0,March 2025,zero,FirstEnergy,3204.0,3204.0,1.0,1.0
E100001001070,0.0,0.0,286.0,March 2025,zero,Billerud,0.0,286.0,0.0,
E100001001078,0.0,0.0,448.0,March 2025,zero,Westrock,0.0,448.0,0.0,
E100001001205,0.0,0.0,0.0,March 2025,zero,Babcock & Wilcox Enterprises,0.0,0.0,,
E100001001417,94.0,0.0,0.0,March 2025,zero,Stronghold Digital Mining,94.0,94.0,1.0,1.0
E100001010018,390.0,30.0,0.0,March 2025,zero,Tata Steel,420.0,420.0,1.0,0.9285714285714286
E100001010062,94.71,0.0,0.0,March 2025,zero,Welspun India,94.71,94.71,1.0,1.0
E100001010084,525.0,0.0,0.0,March 2025,zero,PT Dian Swastatika Sentosa,525.0,525.0,1.0,1.0
E100001010119,420.23,0.0,0.0,March 2025,zero,Fondul Proprietatea,420.23,420.23,1.0,1.0
E100001010125,62.7,0.0,0.0,March 2025,zero,Habib Bank,62.7,62.7,1.0,1.0
E100001010133,127.28,103.2,0.0,March 2025,zero,South32,230.48000000000002,230.48000000000002,1.0,0.5522388059701492
E100001010136,0.0,639.94,0.0,March 2025,zero,PT Krakatau Steel (Persero),639.94,639.94,1.0,0.0
E100001010263,0.0,4.62,0.0,March 2025,zero,Kia,4.62,4.62,1.0,0.0
E100001010270,0.0,102.98,0.0,March 2025,zero,Gerdau,102.98,102.98,1.0,0.0
E100001010315,0.0,0.0,0.0,March 2025,zero,Salzgitter,0.0,0.0,,
E100001010324,0.0,128.0,0.0,March 2025,zero,Vallourec,128.0,128.0,1.0,0.0
E100001010447,0.0,519.48,0.0,March 2025,zero,DL E&C,519.48,519.48,1.0,0.0
E100001010455,0.0,162.31,0.0,March 2025,zero,Baraka Power,162.31,162.31,1.0,0.0
E100001010456,0.0,118.0,0.0,March 2025,zero,Oil Refineries,118.0,118.0,1.0,0.0
E100001010461,0.0,114.0,0.0,March 2025,zero,Caribbean Utilities,114.0,114.0,1.0,0.0
E100001010499,0.0,5.34,0.0,March 2025,zero,Kinross Gold,5.34,5.34,1.0,0.0
E100001010530,0.0,97.2,0.0,March 2025,zero,Riyadh Cement Company,97.2,97.2,1.0,0.0
E100001010532,0.0,57.6,0.0,March 2025,zero,Saudi Arabian Mining,57.6,57.6,1.0,0.0
E100001010537,0.0,124.1,0.0,March 2025,zero,Southern Province Cement,124.1,124.1,1.0,0.0
E100001010549,0.0,262.13,0.0,March 2025,zero,VPower Group International Holdings,262.13,262.13,1.0,0.0
E100001010554,0.0,93.6,0.0,March 2025,zero,Yanbu Cement,93.6,93.6,1.0,0.0
E100001010674,190.31,0.0,0.0,March 2025,zero,GMR Airports Infrastructure,190.31,190.31,1.0,1.0
E100001010708,372.0,0.0,0.0,March 2025,zero,POSCO International,372.0,372.0,1.0,1.0
E100001010758,105.0,0.0,0.0,March 2025,zero,ZCCM Investments Holdings,105.0,105.0,1.0,1.0
E100001010783,77.04,0.0,0.0,March 2025,zero,State Bank of India,77.04,77.04,1.0,1.0
E100001010784,92.04,0.0,0.0,March 2025,zero,Central Bank of India,92.04,92.04,1.0,1.0
E100001010888,1468.2,0.0,0.0,March 2025,zero,Banpu Power,1468.2,1468.2,1.0,1.0
E100001010916,0.0,0.0,44.26,March 2025,zero,Arca Continental,0.0,44.26,0.0,
E100001010923,0.0,0.0,881.98,March 2025,zero,Empresas Copec,0.0,881.98,0.0,
E100001010968,0.0,0.0,10.5,March 2025,zero,Kyudenko,0.0,10.5,0.0,
E100001011003,0.0,0.0,0.0,March 2025,zero,Caterpillar,0.0,0.0,,
E100001011008,533.0,0.0,0.0,March 2025,zero,Nava,533.0,533.0,1.0,1.0
E100001011020,0.0,0.0,90.8,March 2025,zero,Jalles Machado,0.0,90.8,0.0,
E100001011023,0.0,0.0,0.0,March 2025,zero,Oji Holdings,0.0,0.0,,
E100001011066,0.0,4.8,0.0,March 2025,zero,Korea Gas,4.8,4.8,1.0,0.0
E100001011067,2.81,0.0,0.0,March 2025,zero,Nuvoco Vistas Corporation,2.81,2.81,1.0,1.0
E100001011093,124.0,0.0,0.0,March 2025,zero,PT Amman Mineral Internasional,124.0,124.0,1.0,1.0
E100001011103,0.0,350.0,0.0,March 2025,zero,Eastern Power Group,350.0,350.0,1.0,0.0
E100001011107,0.0,0.0,0.0,March 2025,zero,RAO ES Vostoka,0.0,0.0,,
E100001011122,0.0,40.0,0.0,March 2025,zero,Nuh Çimento Sanayi,40.0,40.0,1.0,0.0
E100001011127,0.0,11.79,0.0,March 2025,zero,Fortescue,11.79,11.79,1.0,0.0
E100001011131,150.4,117.58,0.0,March 2025,zero,IRPC,267.98,267.98,1.0,0.5612359131278454
E100001011132,0.0,47.76,0.0,March 2025,zero,CK Asset Holdings,47.76,47.76,1.0,0.0
E100001011135,0.0,82.6,0.0,March 2025,zero,Samick Musical Instrument,82.6,82.6,1.0,0.0
E100001011137,0.0,114.0,0.0,March 2025,zero,Gallant Venture,114.0,114.0,1.0,0.0
E100001011187,130.0,0.0,0.0,March 2025,zero,Sanghi Industries,130.0,130.0,1.0,1.0
E100001011199,0.0,149.22,0.0,March 2025,zero,Confidence Cement,149.22,149.22,1.0,0.0
E100001011216,0.0,10.83,0.0,March 2025,zero,LVL Energy Fund,10.83,10.83,1.0,0.0
E100001011222,0.0,43.37,0.0,March 2025,zero,Arabian Cement Company,43.37,43.37,1.0,0.0
E100001011233,0.0,45.0,0.0,March 2025,zero,Baticim Bati Anadolu Cimento Sanayii,45.0,45.0,1.0,0.0
E100001011243,0.0,29.0,0.0,March 2025,zero,Essity,29.0,29.0,1.0,0.0
E100001011309,640.87,0.0,0.0,March 2025,zero,WHA Corporation,640.87,640.87,1.0,1.0
E100001011399,0.0,0.0,82.0,March 2025,zero,Hokuetsu,0.0,82.0,0.0,
E100001011407,0.0,300.6,0.0,March 2025,zero,UNACEM Corp,300.6,300.6,1.0,0.0
E100001011522,0.0,22.12,0.0,March 2025,zero,Oberbank,22.12,22.12,1.0,0.0
E100001011555,0.0,0.0,0.0,March 2025,zero,Daicel,0.0,0.0,,
E100001011563,73.0,0.0,0.0,March 2025,zero,Mitsubishi Chemical Group,73.0,73.0,1.0,1.0
E100001011575,0.0,94.47,0.0,March 2025,zero,Celanese,94.47,94.47,1.0,0.0
E100001011576,0.0,100.56,0.0,March 2025,zero,Clariant,100.56,100.56,1.0,0.0
E100001011585,59.94,0.0,0.0,March 2025,zero,Vedan International (Holdings),59.94,59.94,1.0,1.0
E100001011649,0.0,0.0,0.0,March 2025,zero,SCG Packaging,0.0,0.0,,
E100001011672,0.0,153.25,0.0,March 2025,zero,Sapphire Fibres,153.25,153.25,1.0,0.0
E100001011674,0.0,11.25,0.0,March 2025,zero,Meezan Bank,11.25,11.25,1.0,0.0
E100001011690,0.0,18.97,0.0,March 2025,zero,Eversource Energy,18.97,18.97,1.0,0.0
E100001011696,0.0,380.0,0.0,March 2025,zero,Ranhill Holdings,380.0,380.0,1.0,0.0
E100001011714,78.0,67.8,0.0,March 2025,zero,Gujarat Alkalies & Chemicals,145.8,145.8,1.0,0.5349794238683128
E100001011755,0.0,5.53,0.0,March 2025,zero,IAMGOLD,5.53,5.53,1.0,0.0
E100001011793,0.0,81.0,0.0,March 2025,zero,Shiraz Petrochemical,81.0,81.0,1.0,0.0
E100001011835,0.0,120.0,0.0,March 2025,zero,Veridis Environment,120.0,120.0,1.0,0.0
E100001011985,0.0,66.0,0.0,March 2025,zero,Hawaiian Electric Industries,66.0,66.0,1.0,0.0
E100001012038,0.0,44.2,0.0,March 2025,zero,Par Pacific Holdings,44.2,44.2,1.0,0.0
E100001012537,0.0,1038.0,0.0,March 2025,zero,Chadormalu Mining & Industrial,1038.0,1038.0,1.0,0.0
E100001013557,80.0,0.0,0.0,March 2025,zero,PT TBS Energi Utama,80.0,80.0,1.0,1.0
E100001014312,0.0,5.31,0.0,March 2025,zero,Royal Bank of Canada,5.31,5.31,1.0,0.0
E100001014314,0.0,3.66,0.0,March 2025,zero,Bank of Montreal,3.66,3.66,1.0,0.0
E100001014430,0.0,0.0,0.0,March 2025,zero,Cheniere Energy,0.0,0.0,,
E100001014455,0.0,56.61,0.0,March 2025,zero,China Petroleum & Chemical,56.61,56.61,1.0,0.0
E100001015298,344.6,2051.68,0.0,March 2025,zero,Federal Grid Company - Rosseti,2396.2799999999997,2396.2799999999997,1.0,0.1438062329944748
E100001015607,0.0,0.0,0.0,March 2025,zero,Aradel Holdings,0.0,0.0,,
E100001016398,0.0,0.0,0.0,March 2025,zero,M&G,0.0,0.0,,
E100001016664,0.0,0.0,0.0,March 2025,zero,Jindal Poly Investment & Finance,0.0,0.0,,
E100001016793,0.0,0.0,40.0,March 2025,zero,Zambia Sugar,0.0,40.0,0.0,
E100001016841,0.0,0.0,109.0,March 2025,zero,Sylvamo,0.0,109.0,0.0,
E100001016862,0.0,0.0,40.0,March 2025,zero,Pactiv Evergreen,0.0,40.0,0.0,
E100001016899,0.0,0.0,11.0,March 2025,zero,Mitsui E&S,0.0,11.0,0.0,
E100001016941,0.0,0.0,40.0,March 2025,zero,Victorias Milling,0.0,40.0,0.0,
E100001017067,0.0,0.0,30.0,March 2025,zero,Zhejiang Weiming Environmental Protection,0.0,30.0,0.0,
E100002000010,1084.48,0.0,0.0,March 2025,zero,GMR Power and Urban Infra,1084.48,1084.48,1.0,1.0
E100002000031,0.0,0.0,0.0,March 2025,zero,Dow,0.0,0.0,,
E100002000132,52.13,0.0,0.0,March 2025,zero,Korea Petrochemical Ind.,52.13,52.13,1.0,1.0
E100002000151,0.0,0.0,12.21,March 2025,zero,Kemira,0.0,12.21,0.0,
E100002000567,0.0,149.69,0.0,March 2025,zero,Orion Pharma,149.69,149.69,1.0,0.0
E100002000740,0.0,430.0,0.0,March 2025,zero,Imperial Oil,430.0,430.0,1.0,0.0
E100002000785,0.0,0.0,60.0,March 2025,zero,Canfor,0.0,60.0,0.0,
E100002000812,0.0,0.0,16.83,March 2025,zero,Impulsora del Desarrollo y Empleo en America Latina,0.0,16.83,0.0,
E100002001024,45.93,0.0,0.0,March 2025,zero,Porsche Automobil Holding,45.93,45.93,1.0,1.0
E100002001108,0.0,105.0,0.0,March 2025,zero,Aitken Spence,105.0,105.0,1.0,0.0
E100002001125,0.0,106.48,0.0,March 2025,zero,Shahjibazar Power,106.48,106.48,1.0,0.0
E100002001149,0.0,0.0,30.0,March 2025,zero,AJR Infra and Tolling,0.0,30.0,0.0,
E100002001305,0.0,0.0,24.0,March 2025,zero,Associated British Foods,0.0,24.0,0.0,
E100002001393,0.0,0.0,1237.0,March 2025,zero,Raizen,0.0,1237.0,0.0,
E100002001551,0.0,0.0,41.0,March 2025,zero,Packages,0.0,41.0,0.0,
E100002001696,0.0,0.0,0.0,March 2025,zero,Mitsubishi HC Capital,0.0,0.0,,
E100002001713,0.0,0.0,16.5,March 2025,zero,West Fraser Timber,0.0,16.5,0.0,
E100002002718,0.0,0.0,0.0,March 2025,zero,Vontobel Holding,0.0,0.0,,
E100002002945,0.0,0.0,25.97,March 2025,zero,abrdn,0.0,25.97,0.0,
E100002002980,0.0,0.0,124.0,March 2025,zero,Holmen,0.0,124.0,0.0,
E100002003001,0.0,0.0,0.0,March 2025,zero,CPFL Energia,0.0,0.0,,
E100002003006,0.0,0.0,24.03,March 2025,zero,LOLC Holdings,0.0,24.03,0.0,
E100002003246,0.0,18.6,0.0,March 2025,zero,TSRC,18.6,18.6,1.0,0.0
E100002003247,0.0,9.3,0.0,March 2025,zero,Lien Hwa Industrial Holdings,9.3,9.3,1.0,0.0
E100002003261,0.0,0.0,36.0,March 2025,zero,Riopaila Castilla,0.0,36.0,0.0,
E100002003364,0.0,0.0,32.0,March 2025,zero,Canfor Pulp Products,0.0,32.0,0.0,
E100002003381,0.0,0.0,4.9,March 2025,zero,Toyo Kanetsu,0.0,4.9,0.0,
E100002003410,0.0,0.0,40.0,March 2025,zero,MAYAGÜEZ,0.0,40.0,0.0,
E100002003495,0.0,0.0,8.73,March 2025,zero,RCL Foods,0.0,8.73,0.0,
E100002003558,0.0,0.0,0.0,March 2025,zero,Fomento de Construcciones y Contratas,0.0,0.0,,
E100002003582,0.0,286.97,6.77,March 2025,zero,Intesa Sanpaolo,286.97,293.74,0.9769524068904474,0.0
E100002004703,0.0,24.0,0.0,March 2025,zero,DCC,24.0,24.0,1.0,0.0
E100002004748,0.0,0.0,0.0,March 2025,zero,DTE Energy,0.0,0.0,,
E100002004826,0.0,4.0,0.0,March 2025,zero,Hyundai,4.0,4.0,1.0,0.0
E100002005629,0.0,273.24,0.0,March 2025,zero,Far Eastern New Century,273.24,273.24,1.0,0.0
E100002005662,0.0,0.0,0.0,March 2025,zero,Eastman Chemical,0.0,0.0,,
E100002005670,79.2,0.0,0.0,March 2025,zero,CNGR Advanced Material,79.2,79.2,1.0,1.0
E100002007932,399.18,399.0,0.0,March 2025,zero,Otter Tail,798.1800000000001,798.1800000000001,1.0,0.5001127565210854
E100002007991,99.0,0.0,0.0,March 2025,zero,Fauji Fertilizer Company,99.0,99.0,1.0,1.0
E100002009055,108.24,0.0,0.0,March 2025,zero,HDFC Bank,108.24,108.24,1.0,1.0
E100000000013,0.0,2048.6,0.0,March 2025,impute,YPF,2048.6,2048.6,1.0,0.0
E100000000014,4880.0,930.0,0.0,March 2025,impute,AGL Energy,5810.0,5810.0,1.0,0.8399311531841652
E100000000015,0.0,707.4,0.0,March 2025,impute,BHP Group,707.4,707.4,1.0,0.0
E100000000018,0.0,2081.23,0.0,March 2025,impute,Macquarie Group,2081.23,2081.23,1.0,0.0
E100000000019,2880.0,2533.0,0.0,March 2025,impute,Origin Energy,5413.0,5413.0,1.0,0.5320524662848698
E100000000021,387.1,535.0,0.0,March 2025,impute,EVN,922.1,922.1,1.0,0.41980262444420346
E100000000027,0.0,994.12,0.0,March 2025,impute,OMV,994.12,994.12,1.0,0.0
E100000000030,0.0,1106.2,0.0,March 2025,impute,Verbund,1106.2,1106.2,1.0,0.0
E100000000031,0.0,153.0,0.0,March 2025,impute,Voestalpine,153.0,153.0,1.0,0.0
E100000000049,0.0,138.67,0.0,March 2025,impute,Prudential Financial,138.67,138.67,1.0,0.0
E100000000050,127.72,507.24,0.0,March 2025,impute,Solvay,634.96,634.96,1.0,0.20114652891520723
E100000000053,0.0,676.76,59.61,March 2025,impute,CK Infrastructure Holdings,676.76,736.37,0.9190488477260073,0.0
E100000000067,725.0,4530.7,0.0,March 2025,impute,Eneva,5255.7,5255.7,1.0,0.13794546872918925
E100000000084,0.0,4253.66,0.0,March 2025,impute,Petróleo Brasileiro,4253.66,4253.66,1.0,0.0
E100000000101,0.0,176.0,0.0,March 2025,impute,ATCO,176.0,176.0,1.0,0.0
E100000000102,0.0,905.0,0.0,March 2025,impute,AltaGas,905.0,905.0,1.0,0.0
E100000000103,148.83,207.32,0.0,March 2025,impute,Barrick Gold,356.15,356.15,1.0,0.41788572230801635
E100000000104,0.0,140.88,0.0,March 2025,impute,Brookfield,140.88,140.88,1.0,0.0
E100000000105,0.0,153.0,0.0,March 2025,impute,Canadian Natural Resources,153.0,153.0,1.0,0.0
E100000000107,0.0,7367.0,0.0,March 2025,impute,Capital Power,7367.0,7367.0,1.0,0.0
E100000000111,1743.8,5497.69,90.0,March 2025,impute,Emera,7241.49,7331.49,0.9877241870342863,0.24080679528660537
E100000000112,0.0,60.0,0.0,March 2025,impute,Enbridge,60.0,60.0,1.0,0.0
E100000000114,964.13,1155.55,0.0,March 2025,impute,Fortis,2119.68,2119.68,1.0,0.454846958031401
E100000000121,0.0,450.0,0.0,March 2025,impute,Maxim Power,450.0,450.0,1.0,0.0
E100000000127,0.0,102.6,0.0,March 2025,impute,Pembina Pipeline,102.6,102.6,1.0,0.0
E100000000134,0.0,65.0,0.0,March 2025,impute,Stelco Holdings,65.0,65.0,1.0,0.0
E100000000135,0.0,561.0,0.0,March 2025,impute,Suncor Energy,561.0,561.0,1.0,0.0
E100000000136,0.0,815.0,32.0,March 2025,impute,TC Energy,815.0,847.0,0.9622195985832349,0.0
E100000000148,0.0,220.3,0.0,March 2025,impute,Energía Latina,220.3,220.3,1.0,0.0
E100000000151,631.08,125.15,12.63,March 2025,impute,Agricultural Bank of China,756.23,768.86,0.9835730822256328,0.8345080200468112
E100000000156,0.0,4526.88,0.0,March 2025,impute,Beijing Jingneng Clean Energy,4526.88,4526.88,1.0,0.0
E100000000157,20801.93,653.48,0.0,March 2025,impute,Beijing Jingneng Power,21455.41,21455.41,1.0,0.9695424137781566
E100000000173,2444.66,232.51,0.0,March 2025,impute,China Petrochemical,2677.17,2677.17,1.0,0.9131508271794468
E100000000174,36534.68,304.5,9.92,March 2025,impute,China Resources Power Holdings,36839.18,36849.1,0.999730793967831,0.9917343437068903
E100000000175,49889.07,2036.06,0.0,March 2025,impute,China Shenhua Energy,51925.13,51925.13,1.0,0.9607885430426463
E100000000180,0.0,94.0,0.0,March 2025,impute,Chongqing Gas Group,94.0,94.0,1.0,0.0
E100000000181,38631.32,5545.81,0.0,March 2025,impute,Datang International Power Generation,44177.13,44177.13,1.0,0.8744642307003647
E100000000185,1183.0,201.0,184.0,March 2025,impute,China Energy Engineering,1384.0,1568.0,0.8826530612244898,0.8547687861271677
E100000000186,4113.67,1170.0,0.0,March 2025,impute,Fujian Funeng,5283.67,5283.67,1.0,0.7785630063951761
E100000000188,39030.86,317.74,0.0,March 2025,impute,GD POWER Development,39348.6,39348.6,1.0,0.9919249986022375
E100000000192,14973.47,8849.15,51.0,March 2025,impute,Guangdong Electric Power Development,23822.62,23873.62,0.997863750868113,0.6285400178485826
E100000000195,1462.0,0.0,0.0,March 2025,impute,Guangxi Guiguan Electric Power,1462.0,1462.0,1.0,1.0
E100000000197,1080.0,920.0,0.0,March 2025,impute,Guangzhou Hengyun Enterprises Holdings,2000.0,2000.0,1.0,0.54
E100000000213,37886.38,7736.16,9.31,March 2025,impute,Huadian Power International,45622.53999999999,45631.84999999999,0.9997959758370525,0.8304311859883295
E100000000217,76040.64,9222.43,131.52,March 2025,impute,Huaneng Power International,85263.07,85394.59000000001,0.9984598555950676,0.8918355860280424
E100000000218,4586.0,370.0,0.0,March 2025,impute,Hubei Energy Group,4956.0,4956.0,1.0,0.9253430185633575
E100000000220,1118.35,276.21,0.0,March 2025,impute,Industrial and Commercial Bank of China,1394.56,1394.56,1.0,0.801937528682882
E100000000245,3300.46,1382.63,0.0,March 2025,impute,PetroChina,4683.09,4683.09,1.0,0.7047611726445573
E100000000247,3974.6,568.37,2.82,March 2025,impute,Power Construction Corporation of China,4542.97,4545.79,0.9993796457821413,0.8748902149915143
E100000000255,8800.18,3868.02,0.0,March 2025,impute,Shanghai Electric Power,12668.2,12668.2,1.0,0.6946669613678345
E100000000262,6684.9,2915.0,0.0,March 2025,impute,Shenergy,9599.9,9599.9,1.0,0.6963510036562881
E100000000265,0.0,791.74,0.0,March 2025,impute,Shenzhen Gas,791.74,791.74,1.0,0.0
E100000000310,29909.89,4503.76,0.22,March 2025,impute,Zhejiang Zheneng Electric Power,34413.65,34413.87,0.9999936072287132,0.869128674232463
E100000000316,374.51,230.0,0.0,March 2025,impute,Zhuhai Port,604.51,604.51,1.0,0.619526558700435
E100000000324,100.35,0.0,0.0,March 2025,impute,Grupo Energía Bogotá,100.35,100.35,1.0,1.0
E100000000336,320.0,350.0,0.0,March 2025,impute,United Company RUSAL,670.0,670.0,1.0,0.47761194029850745
E100000000337,4039.27,847.0,30.0,March 2025,impute,CEZ,4886.27,4916.27,0.9938978127726915,0.8266571433833987
E100000000353,0.0,261.0,40.0,March 2025,impute,Seaboard,261.0,301.0,0.867109634551495,0.0
E100000000360,753.0,300.56,0.0,March 2025,impute,Fortum,1053.56,1053.56,1.0,0.7147196172975436
E100000000368,0.0,60.8,0.0,March 2025,impute,Neste,60.8,60.8,1.0,0.0
E100000000369,39.2,0.0,735.18,March 2025,impute,Stora Enso,39.2,774.38,0.05062114207495029,1.0
E100000000372,0.0,262.0,609.87,March 2025,impute,UPM-Kymmene,262.0,871.87,0.30050351543234655,0.0
E100000000375,0.0,968.0,0.0,March 2025,impute,Air Liquide,968.0,968.0,1.0,0.0
E100000000382,523.89,22279.03,0.0,March 2025,impute,ENGIE,22802.92,22802.92,1.0,0.02297468920647005
E100000000387,0.0,6674.3,0.0,March 2025,impute,TotalEnergies,6674.3,6674.3,1.0,0.0
E100000000388,947.33,1071.38,315.95,March 2025,impute,Veolia Environnement,2018.71,2334.66,0.8646698020268476,0.4692749330017685
E100000000395,0.0,1138.2,0.0,March 2025,impute,BASF,1138.2,1138.2,1.0,0.0
E100000000407,4004.04,1646.13,30.22,March 2025,impute,EnBW Energie Baden-Württemberg,5650.17,5680.39,0.9946799427504097,0.7086583235548665
E100000000424,0.0,362.6,0.0,March 2025,impute,Linde,362.6,362.6,1.0,0.0
E100000000426,630.21,214.0,0.0,March 2025,impute,MVV Energie,844.21,844.21,1.0,0.7465085701425
E100000000428,0.0,200.25,0.0,March 2025,impute,Munich RE,200.25,200.25,1.0,0.0
E100000000433,7064.8,8107.2,693.0,March 2025,impute,RWE,15172.0,15865.0,0.956318941065238,0.4656472449248616
E100000000436,660.0,573.73,0.0,March 2025,impute,Siemens,1233.73,1233.73,1.0,0.5349630794420173
E100000000457,3493.0,10124.27,0.0,March 2025,impute,Uniper,13617.27,13617.27,1.0,0.2565125021388281
E100000000459,70.0,734.25,0.0,March 2025,impute,Volkswagen,804.25,804.25,1.0,0.08703761268262357
E100000000472,0.0,582.0,0.0,March 2025,impute,"GEK TERNA Holdings, Real Estate, Construction",582.0,582.0,1.0,0.0
E100000000473,0.0,441.65,0.0,March 2025,impute,HELLENiQ ENERGY Holdings,441.65,441.65,1.0,0.0
E100000000475,0.0,2040.6,0.0,March 2025,impute,Metlen Energy & Metals,2040.6,2040.6,1.0,0.0
E100000000476,1985.0,2662.0,0.0,March 2025,impute,Public Power Corporation,4647.0,4647.0,1.0,0.4271573057886809
E100000000480,0.0,4297.3,110.0,March 2025,impute,CGN Energy International Holding,4297.3,4407.3,0.9750414085721417,0.0
E100000000481,5936.0,4943.85,0.0,March 2025,impute,CLP Holdings,10879.85,10879.85,1.0,0.545595757294448
E100000000483,12137.02,815.2,0.0,March 2025,impute,China Power International Development,12952.220000000001,12952.220000000001,1.0,0.9370609825960337
E100000000487,2000.0,1995.0,0.0,March 2025,impute,HK Electric Investments and HK Electric Investments,3995.0,3995.0,1.0,0.5006257822277848
E100000000505,0.0,197.0,0.0,March 2025,impute,MOL Magyar Olajes Gazipari,197.0,197.0,1.0,0.0
E100000000512,450.63,0.0,0.0,March 2025,impute,GVK Power & Infrastructure,450.63,450.63,1.0,1.0
E100000000513,0.0,321.82,0.0,March 2025,impute,GAIL,321.82,321.82,1.0,0.0
E100000000522,1252.0,45.2,0.0,March 2025,impute,National Aluminium,1297.2,1297.2,1.0,0.9651557200123342
E100000000524,0.0,739.25,0.0,March 2025,impute,Oil and Natural Gas Corporation,739.25,739.25,1.0,0.0
E100000000530,0.0,94.0,0.0,March 2025,impute,Tata Chemicals,94.0,94.0,1.0,0.0
E100000000531,185.0,50.0,0.0,March 2025,impute,UltraTech Cement,235.0,235.0,1.0,0.7872340425531915
E100000000533,0.0,163.93,0.0,March 2025,impute,PT Medco Energi Internasional,163.93,163.93,1.0,0.0
E100000000543,0.0,2320.8,0.0,March 2025,impute,Ghadir Investment Company,2320.8,2320.8,1.0,0.0
E100000000552,0.0,9234.4,0.0,March 2025,impute,MAPNA Group,9234.4,9234.4,1.0,0.0
E100000000580,0.0,280.8,50.0,March 2025,impute,Smurfit Kappa Group,280.8,330.8,0.848851269649335,0.0
E100000000585,0.0,258.97,0.0,March 2025,impute,Delek Group,258.97,258.97,1.0,0.0
E100000000598,0.0,340.21,0.0,March 2025,impute,Rapac Communication and Infrastructure,340.21,340.21,1.0,0.0
E100000000602,0.0,6766.5,252.0,March 2025,impute,A2A,6766.5,7018.5,0.9640948920709553,0.0
E100000000608,4550.0,7521.0,0.0,March 2025,impute,Enel,12071.0,12071.0,1.0,0.3769364592825781
E100000000610,0.0,5784.8,0.0,March 2025,impute,Eni,5784.8,5784.8,1.0,0.0
E100000000619,0.0,241.6,0.0,March 2025,impute,Hera,241.6,241.6,1.0,0.0
E100000000620,0.0,2523.0,0.0,March 2025,impute,Iren,2523.0,2523.0,1.0,0.0
E100000000630,6574.99,26157.02,171.8,March 2025,impute,Chubu Electric Power,32732.010000000002,32903.810000000005,0.994778720154292,0.20087339579818042
E100000000635,0.0,1586.7,67.5,March 2025,impute,ENEOS Holdings,1586.7,1654.2,0.9591947769314473,0.0
E100000000638,0.0,361.39,0.0,March 2025,impute,INPEX,361.39,361.39,1.0,0.0
E100000000639,0.0,749.23,24.5,March 2025,impute,Idemitsu Kosan,749.23,773.73,0.9683352073720807,0.0
E100000000641,9538.65,8306.59,0.0,March 2025,impute,J-POWER,17845.239999999998,17845.239999999998,1.0,0.5345206901112005
E100000000643,0.0,281.7,0.0,March 2025,impute,JFE Holdings,281.7,281.7,1.0,0.0
E100000000645,0.0,1180.0,0.0,March 2025,impute,Japan Petroleum Exploration,1180.0,1180.0,1.0,0.0
E100000000646,2651.6,11517.0,331.0,March 2025,impute,Kansai Electric Power,14168.6,14499.6,0.9771717840492151,0.18714622475050463
E100000000647,2700.0,1248.2,0.0,March 2025,impute,Kobe Steel,3948.2,3948.2,1.0,0.6838559343498304
E100000000648,3307.65,6746.2,116.9,March 2025,impute,Kyushu Electric Power,10053.85,10170.75,0.9885062556841925,0.32899337069878704
E100000000649,1462.63,4896.62,35.52,March 2025,impute,Marubeni,6359.25,6394.77,0.9944454609000792,0.23000039312812048
E100000000650,522.38,4773.76,123.2,March 2025,impute,Mitsubishi,5296.14,5419.34,0.9772666044204645,0.098634099551749
E100000000651,1243.99,5979.32,0.0,March 2025,impute,Mitsui &,7223.3099999999995,7223.3099999999995,1.0,0.17221883042538672
E100000000652,2253.15,1876.95,0.0,March 2025,impute,Nippon Steel,4130.1,4130.1,1.0,0.5455436914360426
E100000000654,246.05,3805.17,112.12,March 2025,impute,Osaka Gas,4051.2200000000003,4163.34,0.9730696988475599,0.060734791001229256
E100000000655,1508.45,2527.25,0.0,March 2025,impute,Shikoku Electric Power Co,4035.7,4035.7,1.0,0.3737765443417499
E100000000656,0.0,807.95,36.75,March 2025,impute,Sojitz,807.95,844.7,0.9564934296199834,0.0
E100000000657,4846.88,3267.08,125.0,March 2025,impute,Sumitomo,8113.96,8238.96,0.9848281821977533,0.5973507387268362
E100000000658,5356.99,6721.0,0.0,March 2025,impute,Tohoku Electric Power,12077.99,12077.99,1.0,0.44353323690448493
E100000000659,6655.54,26287.77,0.0,March 2025,impute,Tokyo Electric Power,32943.31,32943.31,1.0,0.20203009351519324
E100000000660,0.0,1572.12,51.0,March 2025,impute,Tokyo Gas,1572.12,1623.12,0.9685790329735324,0.0
E100000000661,0.0,29.64,0.0,March 2025,impute,Toyo Engineering,29.64,29.64,1.0,0.0
E100000000662,0.0,542.27,1.27,March 2025,impute,Toyota Tsusho,542.27,543.54,0.9976634654303271,0.0
E100000000669,0.0,88.57,0.0,March 2025,impute,National Company KazMunayGas,88.57,88.57,1.0,0.0
E100000000685,0.0,1045.0,70.0,March 2025,impute,Ignitis Grupe,1045.0,1115.0,0.9372197309417041,0.0
E100000000687,88.5,1952.39,0.0,March 2025,impute,ArcelorMittal,2040.89,2040.89,1.0,0.043363434580011656
E100000000692,0.0,483.0,0.0,March 2025,impute,Tenaris,483.0,483.0,1.0,0.0
E100000000706,6810.0,5816.3,0.0,March 2025,impute,Tenaga Nasional,12626.3,12626.3,1.0,0.5393504035228056
E100000000707,231.0,4592.5,0.0,March 2025,impute,YTL Corporation,4823.5,4823.5,1.0,0.04789053591790194
E100000000712,0.0,114.0,0.0,March 2025,impute,Cydsa,114.0,114.0,1.0,0.0
E100000000718,0.0,516.2,0.0,March 2025,impute,Grupo México,516.2,516.2,1.0,0.0
E100000000735,0.0,573.0,0.0,March 2025,impute,Akzo Nobel,573.0,573.0,1.0,0.0
E100000000741,0.0,54.12,0.0,March 2025,impute,LyondellBasell Industries,54.12,54.12,1.0,0.0
E100000000746,0.0,3429.32,0.0,March 2025,impute,Shell,3429.32,3429.32,1.0,0.0
E100000000747,32.0,112.0,0.0,March 2025,impute,Stellantis,144.0,144.0,1.0,0.2222222222222222
E100000000759,0.0,96.0,0.0,March 2025,impute,Oando,96.0,96.0,1.0,0.0
E100000000766,0.0,1161.0,0.0,March 2025,impute,Equinor,1161.0,1161.0,1.0,0.0
E100000000773,0.0,114.76,0.0,March 2025,impute,Wärtsilä,114.76,114.76,1.0,0.0
E100000000774,0.0,68.0,0.0,March 2025,impute,Yara International,68.0,68.0,1.0,0.0
E100000000776,0.0,164.0,0.0,March 2025,impute,Dhofar International Development & Investment Holding Company,164.0,164.0,1.0,0.0
E100000000805,0.0,249.85,0.0,March 2025,impute,ACEN,249.85,249.85,1.0,0.0
E100000000808,160.32,0.0,0.0,March 2025,impute,Ayala,160.32,160.32,1.0,1.0
E100000000810,0.0,2058.88,0.0,March 2025,impute,First Generation Holdings,2058.88,2058.88,1.0,0.0
E100000000813,838.82,400.0,0.0,March 2025,impute,Manila Electric,1238.8200000000002,1238.8200000000002,1.0,0.6771120905377698
E100000000815,3581.27,1251.0,0.0,March 2025,impute,San Miguel,4832.27,4832.27,1.0,0.7411154591941261
E100000000817,134.0,235.2,0.0,March 2025,impute,Vivant,369.2,369.2,1.0,0.3629469122426869
E100000000818,0.0,21.0,0.0,March 2025,impute,Arctic Paper,21.0,21.0,1.0,0.0
E100000000824,0.0,49.5,0.0,March 2025,impute,KGHM Polska Miedź,49.5,49.5,1.0,0.0
E100000000826,13140.4,2250.0,68.0,March 2025,impute,Polska Grupa Energetyczna,15390.4,15458.4,0.9956010971381255,0.8538049693315314
E100000000827,700.42,1121.46,0.0,March 2025,impute,ORLEN,1821.88,1821.88,1.0,0.3844490306716139
E100000000828,0.0,129.0,0.0,March 2025,impute,Polenergia,129.0,129.0,1.0,0.0
E100000000832,4423.5,304.0,40.0,March 2025,impute,TAURON Polska Energia,4727.5,4767.5,0.9916098584163607,0.935695399259651
E100000000834,1708.54,2891.88,0.0,March 2025,impute,EDP,4600.42,4600.42,1.0,0.3713878298068437
E100000000836,0.0,28.3,0.0,March 2025,impute,Galp Energia,28.3,28.3,1.0,0.0
E100000000837,0.0,0.0,26.46,March 2025,impute,Mota-Engil,0.0,26.46,0.0,
E100000000838,0.0,147.0,95.0,March 2025,impute,Semapa - Sociedade de Investimento e Gestão,147.0,242.0,0.6074380165289256,0.0
E100000000840,0.0,200.0,0.0,March 2025,impute,Industries Qatar,200.0,200.0,1.0,0.0
E100000000860,0.0,110.0,0.0,March 2025,impute,Mechel,110.0,110.0,1.0,0.0
E100000000864,3002.0,1326.0,0.0,March 2025,impute,RusHydro,4328.0,4328.0,1.0,0.69362292051756
E100000000869,0.0,4269.1,0.0,March 2025,impute,LUKOIL,4269.1,4269.1,1.0,0.0
E100000000870,0.0,1212.0,0.0,March 2025,impute,Norilsk Nickel Mining and Metallurgical Company,1212.0,1212.0,1.0,0.0
E100000000874,0.0,1368.09,0.0,March 2025,impute,Rosneft,1368.09,1368.09,1.0,0.0
E100000000881,0.0,684.0,0.0,March 2025,impute,Tatneft,684.0,684.0,1.0,0.0
E100000000882,0.0,10002.09,0.0,March 2025,impute,ACWA Power,10002.09,10002.09,1.0,0.0
E100000000888,0.0,6098.0,0.0,March 2025,impute,Saudi Arabian Oil,6098.0,6098.0,1.0,0.0
E100000000889,0.0,280.0,0.0,March 2025,impute,Saudi Basic Industries,280.0,280.0,1.0,0.0
E100000000890,0.0,61867.05,0.0,March 2025,impute,Saudi Electricity,61867.05,61867.05,1.0,0.0
E100000000904,0.0,1300.0,0.0,March 2025,impute,Keppel,1300.0,1300.0,1.0,0.0
E100000000909,600.0,2427.5,0.0,March 2025,impute,Sembcorp Industries,3027.5,3027.5,1.0,0.1981833195706028
E100000000927,0.0,324.0,0.0,March 2025,impute,Sasol,324.0,324.0,1.0,0.0
E100000000935,267.0,3231.79,147.0,March 2025,impute,GS Holdings,3498.79,3645.79,0.9596795207623039,0.07631209646763595
E100000000938,0.0,827.0,0.0,March 2025,impute,Hanjin Heavy Industries & Construction Holdings,827.0,827.0,1.0,0.0
E100000000947,36438.99,24026.59,416.31,March 2025,impute,Korea Electric Power,60465.58,60881.89,0.9931620059758329,0.6026402128285215
E100000000950,0.0,270.0,0.0,March 2025,impute,Korea Zinc,270.0,270.0,1.0,0.0
E100000000953,357.0,4400.3,0.0,March 2025,impute,POSCO Holdings,4757.3,4757.3,1.0,0.07504256616147814
E100000000955,395.2,1122.0,0.0,March 2025,impute,SK Gas,1517.2,1517.2,1.0,0.26047983126812546
E100000000960,603.2,1293.5,0.0,March 2025,impute,Samsung C&T,1896.7,1896.7,1.0,0.31802604523646333
E100000000968,0.0,7912.6,0.0,March 2025,impute,Endesa,7912.6,7912.6,1.0,0.0
E100000000975,0.0,7280.3,0.0,March 2025,impute,Iberdrola,7280.3,7280.3,1.0,0.0
E100000000978,0.0,8664.13,24.5,March 2025,impute,Naturgy Energy Group,8664.13,8688.63,0.997180222888994,0.0
E100000000980,0.0,2216.0,0.0,March 2025,impute,Repsol,2216.0,2216.0,1.0,0.0
E100000001009,0.0,96.0,0.0,March 2025,impute,CTCI,96.0,96.0,1.0,0.0
E100000001012,1730.8,0.0,0.0,March 2025,impute,Formosa Chemicals & Fibre,1730.8,1730.8,1.0,1.0
E100000001013,1666.8,0.0,0.0,March 2025,impute,Formosa Petrochemical,1666.8,1666.8,1.0,1.0
E100000001015,1205.8,1243.0,0.0,March 2025,impute,Formosa Plastics,2448.8,2448.8,1.0,0.49240444299248604
E100000001016,1045.8,52.0,0.0,March 2025,impute,Nan Ya Plastics,1097.8,1097.8,1.0,0.9526325378028785
E100000001017,48.0,1401.4,0.0,March 2025,impute,Taiwan Cogeneration,1449.4,1449.4,1.0,0.03311715192493445
E100000001023,0.0,2563.34,0.0,March 2025,impute,B.Grimm Power,2563.34,2563.34,1.0,0.0
E100000001029,600.57,4586.8,0.0,March 2025,impute,Global Power Synergy,5187.37,5187.37,1.0,0.11577543148069254
E100000001030,0.0,5863.18,0.0,March 2025,impute,Gulf Energy Development,5863.18,5863.18,1.0,0.0
E100000001032,0.0,30.86,0.0,March 2025,impute,Italian-Thai Development,30.86,30.86,1.0,0.0
E100000001035,0.0,19.25,0.0,March 2025,impute,PTT,19.25,19.25,1.0,0.0
E100000001044,0.0,104.6,0.0,March 2025,impute,National Enterprises,104.6,104.6,1.0,0.0
E100000001057,225.0,889.7,0.0,March 2025,impute,Hacı Ömer Sabancı Holding,1114.7,1114.7,1.0,0.20184803086032116
E100000001063,0.0,112.0,0.0,March 2025,impute,Koç Holding,112.0,112.0,1.0,0.0
E100000001069,0.0,226.0,0.0,March 2025,impute,Petkim Petrokimya Holding,226.0,226.0,1.0,0.0
E100000001071,0.0,239.22,0.0,March 2025,impute,Turcas Petrol,239.22,239.22,1.0,0.0
E100000001072,0.0,265.83,0.0,March 2025,impute,Türkiye İş Bankasi,265.83,265.83,1.0,0.0
E100000001078,250.0,7633.55,0.0,March 2025,impute,Abu Dhabi National Energy Company,7883.55,7883.55,1.0,0.03171160200671017
E100000001096,0.0,1805.93,204.42,March 2025,impute,BP,1805.93,2010.3500000000001,0.8983162135946476,0.0
E100000001101,0.0,627.0,0.0,March 2025,impute,Centrica,627.0,627.0,1.0,0.0
E100000001103,0.0,384.0,0.0,March 2025,impute,DS Smith,384.0,384.0,1.0,0.0
E100000001104,0.0,96.0,2580.0,March 2025,impute,Drax Group,96.0,2676.0,0.03587443946188341,0.0
E100000001116,0.0,3480.4,0.0,March 2025,impute,National Grid,3480.4,3480.4,1.0,0.0
E100000001119,0.0,678.0,0.0,March 2025,impute,Rio Tinto,678.0,678.0,1.0,0.0
E100000001123,0.0,6146.8,0.0,March 2025,impute,SSE,6146.8,6146.8,1.0,0.0
E100000001126,0.0,65.0,0.0,March 2025,impute,Tate & Lyle,65.0,65.0,1.0,0.0
E100000001132,0.0,1802.36,0.0,March 2025,impute,Air Products and Chemicals,1802.36,1802.36,1.0,0.0
E100000001133,247.2,1244.8,0.0,March 2025,impute,Algonquin Power & Utilities,1492.0,1492.0,1.0,0.16568364611260053
E100000001135,1739.02,4509.88,0.0,March 2025,impute,Alliant Energy,6248.9,6248.9,1.0,0.2782921794235786
E100000001137,0.0,130.67,0.0,March 2025,impute,Alphabet,130.67,130.67,1.0,0.0
E100000001139,3488.8,3502.4,0.0,March 2025,impute,Ameren,6991.200000000001,6991.200000000001,1.0,0.4990273486668955
E100000001140,10661.27,7678.5,0.0,March 2025,impute,American Electric Power Company,18339.77,18339.77,1.0,0.5813197221121094
E100000001155,8314.89,6113.82,0.0,March 2025,impute,Berkshire Hathaway,14428.71,14428.71,1.0,0.5762739704381057
E100000001157,413.88,342.0,0.0,March 2025,impute,Black Hills,755.88,755.88,1.0,0.547547229719003
E100000001158,2560.0,1901.45,0.0,March 2025,impute,Blackstone,4461.45,4461.45,1.0,0.573804480606081
E100000001163,1888.32,4927.5,0.0,March 2025,impute,Cleco Corporate Holdings,6815.82,6815.82,1.0,0.27704956997103797
E100000001164,1514.03,3845.0,64.5,March 2025,impute,CMS Energy,5359.03,5423.53,0.9881073765610221,0.2825194111620946
E100000001169,0.0,623.0,0.0,March 2025,impute,California Resources,623.0,623.0,1.0,0.0
E100000001173,0.0,9094.32,0.0,March 2025,impute,Carlyle Group,9094.32,9094.32,1.0,0.0
E100000001177,530.4,0.0,0.0,March 2025,impute,CenterPoint Energy,530.4,530.4,1.0,1.0
E100000001179,0.0,1113.3,0.0,March 2025,impute,Chevron,1113.3,1113.3,1.0,0.0
E100000001186,0.0,716.0,0.0,March 2025,impute,Consolidated Edison,716.0,716.0,1.0,0.0
E100000001193,4576.2,12078.0,213.0,March 2025,impute,Dominion Energy,16654.2,16867.2,0.9873719408081958,0.27477753359512913
E100000001194,15255.75,25189.23,0.0,March 2025,impute,Duke Energy,40444.979999999996,40444.979999999996,1.0,0.377197615130481
E100000001195,0.0,143.8,0.0,March 2025,impute,Dupont,143.8,143.8,1.0,0.0
E100000001198,0.0,1586.0,0.0,March 2025,impute,Edison International,1586.0,1586.0,1.0,0.0
E100000001209,1757.79,20704.7,0.0,March 2025,impute,Entergy,22462.49,22462.49,1.0,0.07825445887788932
E100000001210,3045.56,4300.4,0.0,March 2025,impute,Evergy,7345.959999999999,7345.959999999999,1.0,0.4145897881284407
E100000001212,0.0,1925.0,0.0,March 2025,impute,Exelon,1925.0,1925.0,1.0,0.0
E100000001213,0.0,2047.51,0.0,March 2025,impute,Exxon Mobil,2047.51,2047.51,1.0,0.0
E100000001220,167.13,62.41,0.0,March 2025,impute,FreePort-McMoran,229.54,229.54,1.0,0.7281083906944323
E100000001223,0.0,3189.56,0.0,March 2025,impute,General Electric,3189.56,3189.56,1.0,0.0
E100000001235,666.96,671.0,0.0,March 2025,impute,IDACORP,1337.96,1337.96,1.0,0.49849023887111726
E100000001237,673.05,1789.7,235.42,March 2025,impute,ITOCHU,2462.75,2698.17,0.9127482701238246,0.27329205156836867
E100000001241,0.0,171.7,1067.2,March 2025,impute,International Paper,171.7,1238.9,0.13859068528533375,0.0
E100000001247,834.95,2317.8,395.7,March 2025,impute,KKR & Co.,3152.75,3548.45,0.8884865222843777,0.2648322892712711
E100000001250,241.87,176.0,0.0,March 2025,impute,MDU Resources Group,417.87,417.87,1.0,0.5788163782994711
E100000001251,323.49,407.13,0.0,March 2025,impute,MGE Energy,730.62,730.62,1.0,0.44276094276094274
E100000001254,0.0,1087.95,0.0,March 2025,impute,Marathon Petroleum,1087.95,1087.95,1.0,0.0
E100000001260,0.0,825.95,0.0,March 2025,impute,Morgan Stanley,825.95,825.95,1.0,0.0
E100000001262,7408.0,8422.52,0.0,March 2025,impute,NRG Energy,15830.52,15830.52,1.0,0.46795683275091404
E100000001265,0.0,270.0,0.0,March 2025,impute,New Fortress Energy,270.0,270.0,1.0,0.0
E100000001267,472.75,27901.1,0.0,March 2025,impute,NextEra Energy,28373.85,28373.85,1.0,0.016661468218095183
E100000001268,1387.0,877.0,0.0,March 2025,impute,NiSource,2264.0,2264.0,1.0,0.6126325088339223
E100000001269,2060.0,5541.39,0.0,March 2025,impute,OGE Energy,7601.39,7601.39,1.0,0.2710030665444083
E100000001270,0.0,1781.66,0.0,March 2025,impute,Occidental Petroleum,1781.66,1781.66,1.0,0.0
E100000001275,0.0,284.0,0.0,March 2025,impute,PBF Energy,284.0,284.0,1.0,0.0
E100000001277,212.71,717.5,0.0,March 2025,impute,PNM Resources,930.21,930.21,1.0,0.22866879521828404
E100000001278,5181.76,2296.53,0.0,March 2025,impute,PPL,7478.290000000001,7478.290000000001,1.0,0.6929070683271175
E100000001282,0.0,631.0,0.0,March 2025,impute,Phillips 66,631.0,631.0,1.0,0.0
E100000001283,998.57,4324.4,0.0,March 2025,impute,Pinnacle West Capital,5322.969999999999,5322.969999999999,1.0,0.1875963982513522
E100000001293,0.0,1827.0,0.0,March 2025,impute,Sempra Energy,1827.0,1827.0,1.0,0.0
E100000001305,3549.2,7114.83,0.0,March 2025,impute,AES,10664.029999999999,10664.029999999999,1.0,0.3328197688866217
E100000001306,0.0,2069.0,0.0,March 2025,impute,The Dow Chemical Company,2069.0,2069.0,1.0,0.0
E100000001307,0.0,168.0,0.0,March 2025,impute,The Procter & Gamble,168.0,168.0,1.0,0.0
E100000001309,9508.92,23509.94,0.0,March 2025,impute,Southern,33018.86,33018.86,1.0,0.2879845034019951
E100000001315,0.0,146.0,0.0,March 2025,impute,UGI,146.0,146.0,1.0,0.0
E100000001319,208.0,161.0,0.0,March 2025,impute,United States Steel,369.0,369.0,1.0,0.5636856368563685
E100000001321,0.0,173.0,0.0,March 2025,impute,Valero Energy,173.0,173.0,1.0,0.0
E100000001322,7971.0,24661.0,0.0,March 2025,impute,Vistra,32632.0,32632.0,1.0,0.2442694287815641
E100000001324,1708.84,4030.81,58.0,March 2025,impute,WEC Energy Group,5739.65,5797.65,0.9899959466335498,0.2977254710653089
E100000001329,5965.26,6185.0,0.0,March 2025,impute,Xcel Energy,12150.26,12150.26,1.0,0.49095739515039183
E100000001366,14782.42,900.0,56.1,March 2025,impute,An Hui Wenergy,15682.42,15738.52,0.9964354971115454,0.9426108980629265
E100000001371,2462.73,555.2,0.0,March 2025,impute,Aboitiz Power,3017.9300000000003,3017.9300000000003,1.0,0.8160328437041282
E100000001379,0.0,345.0,0.0,March 2025,impute,Antin Infrastructure Partners,345.0,345.0,1.0,0.0
E100000001384,0.0,2442.85,0.0,March 2025,impute,Ares Management,2442.85,2442.85,1.0,0.0
E100000001450,0.0,408.21,0.0,March 2025,impute,Doreen Power Generations and Systems,408.21,408.21,1.0,0.0
E100000001454,1825.0,1514.15,318.5,March 2025,impute,E.ON,3339.15,3657.65,0.9129222314874305,0.5465462767470763
E100000001465,225.0,0.0,0.0,March 2025,impute,Elektroprivreda Crne Gore,225.0,225.0,1.0,1.0
E100000001471,3687.3,480.0,0.0,March 2025,impute,En+ Group,4167.3,4167.3,1.0,0.8848175077388237
E100000001492,0.0,1143.42,0.0,March 2025,impute,Gazprom,1143.42,1143.42,1.0,0.0
E100000001534,266.12,161.19,0.0,March 2025,impute,JPMorgan Chase & Co,427.31,427.31,1.0,0.6227797149610353
E100000001551,395.0,0.0,0.0,March 2025,impute,Zespół Elektrociepłowni Wrocławskich Kogeneracja,395.0,395.0,1.0,1.0
E100000001558,0.0,0.0,27.22,March 2025,impute,LX International,0.0,27.22,0.0,
E100000001576,0.0,615.0,0.0,March 2025,impute,MVM Balance,615.0,615.0,1.0,0.0
E100000001597,93.17,135.28,0.0,March 2025,impute,Newmont,228.45,228.45,1.0,0.4078354125629241
E100000001607,0.0,107.68,638.14,March 2025,impute,Ørsted,107.68,745.8199999999999,0.14437800005363227,0.0
E100000001627,0.0,35.0,0.0,March 2025,impute,Petrokemija,35.0,35.0,1.0,0.0
E100000001636,1686.23,4987.4,0.0,March 2025,impute,RATCH Group,6673.629999999999,6673.629999999999,1.0,0.25267058557336863
E100000001645,9526.95,0.0,0.0,March 2025,impute,SDIC Power Holdings,9526.95,9526.95,1.0,1.0
E100000001647,0.0,4078.96,0.0,March 2025,impute,SK,4078.96,4078.96,1.0,0.0
E100000001651,0.0,120.31,0.0,March 2025,impute,SSAB,120.31,120.31,1.0,0.0
E100000001654,0.0,144.4,283.0,March 2025,impute,Sappi,144.4,427.4,0.33785680861020123,0.0
E100000001667,6422.93,7056.51,375.21,March 2025,impute,Shenzhen Energy Group,13479.44,13854.65,0.9729181177438623,0.47649828182773174
E100000001688,550.0,19.8,24.5,March 2025,impute,Sumitomo Chemical,569.8,594.3,0.9587750294464076,0.9652509652509653
E100000001734,0.0,991.5,0.0,March 2025,impute,Westlake,991.5,991.5,1.0,0.0
E100000001745,474.0,0.0,100.0,March 2025,impute,Zespół Elektrowni Pątnów Adamów Konin,474.0,574.0,0.8257839721254355,1.0
E100000001757,0.0,585.0,0.0,March 2025,impute,Aluar Aluminio Argentino,585.0,585.0,1.0,0.0
E100000001758,0.0,5890.61,0.0,March 2025,impute,Central Puerto,5890.61,5890.61,1.0,0.0
E100000001763,0.0,3691.52,0.0,March 2025,impute,Pampa Energia,3691.52,3691.52,1.0,0.0
E100000001768,0.0,362.2,0.0,March 2025,impute,APA Group,362.2,362.2,1.0,0.0
E100000001770,0.0,299.25,0.0,March 2025,impute,Energy World,299.25,299.25,1.0,0.0
E100000001801,0.0,533.0,0.0,March 2025,impute,Grupo Neoenergia,533.0,533.0,1.0,0.0
E100000001817,0.0,110.0,0.0,March 2025,impute,Algoma Steel Group,110.0,110.0,1.0,0.0
E100000001824,0.0,170.0,0.0,March 2025,impute,MEG Energy,170.0,170.0,1.0,0.0
E100000001827,347.2,640.76,0.0,March 2025,impute,Northland Power,987.96,987.96,1.0,0.35143123203368554
E100000001830,0.0,2706.34,0.0,March 2025,impute,TransAlta,2706.34,2706.34,1.0,0.0
E100000001870,1260.0,6719.33,0.0,March 2025,impute,Electricité de France,7979.33,7979.33,1.0,0.15790799478151674
E100000001873,0.0,130.0,0.0,March 2025,impute,Mercedes-Benz Group,130.0,130.0,1.0,0.0
E100000001880,0.0,84.0,0.0,March 2025,impute,Henkel,84.0,84.0,1.0,0.0
E100000001885,0.0,379.0,0.0,March 2025,impute,K+S,379.0,379.0,1.0,0.0
E100000001895,0.0,1338.0,0.0,March 2025,impute,Siemens Energy,1338.0,1338.0,1.0,0.0
E100000001905,0.0,238.0,0.0,March 2025,impute,Wacker Chemie,238.0,238.0,1.0,0.0
E100000001917,0.0,140.85,0.0,March 2025,impute,Hindustan Petroleum,140.85,140.85,1.0,0.0
E100000001918,0.0,714.4,0.0,March 2025,impute,Indian Oil Corporation,714.4,714.4,1.0,0.0
E100000001919,2064.0,58.0,0.0,March 2025,impute,KSK Energy Ventures,2122.0,2122.0,1.0,0.9726672950047125
E100000001924,0.0,77.5,0.0,March 2025,impute,Maruti Suzuki India,77.5,77.5,1.0,0.0
E100000001926,57025.0,6235.82,0.0,March 2025,impute,NTPC,63260.82,63260.82,1.0,0.9014268231110504
E100000001937,500.0,705.0,0.0,March 2025,impute,Reliance Infrastructure,1205.0,1205.0,1.0,0.4149377593360996
E100000001940,6344.5,234.0,0.0,March 2025,impute,Tata Power Company,6578.5,6578.5,1.0,0.9644295812115223
E100000001941,362.0,2732.0,0.0,March 2025,impute,Torrent Power,3094.0,3094.0,1.0,0.11700064641241112
E100000001942,0.0,50.0,0.0,March 2025,impute,UPL,50.0,50.0,1.0,0.0
E100000001943,0.0,500.0,0.0,March 2025,impute,PT AKR Corporindo,500.0,500.0,1.0,0.0
E100000001946,280.0,864.0,0.0,March 2025,impute,PT Cikarang Listrindo,1144.0,1144.0,1.0,0.24475524475524477
E100000001975,0.0,17.6,0.0,March 2025,impute,Avio,17.6,17.6,1.0,0.0
E100000001977,0.0,99.0,0.0,March 2025,impute,ERG,99.0,99.0,1.0,0.0
E100000001982,3563.9,5000.27,0.0,March 2025,impute,The Chugoku Electric Power,8564.17,8564.17,1.0,0.41614073517924094
E100000001983,0.0,796.4,0.0,March 2025,impute,East Japan Railway,796.4,796.4,1.0,0.0
E100000001984,0.0,218.8,0.0,March 2025,impute,Hitachi Zosen,218.8,218.8,1.0,0.0
E100000001985,1900.0,2367.4,0.0,March 2025,impute,Hokkaido Electric Power,4267.4,4267.4,1.0,0.4452359750667854
E100000001986,2900.0,1664.7,0.0,March 2025,impute,Hokuriku Electric Power,4564.7,4564.7,1.0,0.6353100970490941
E100000001989,0.0,398.0,0.0,March 2025,impute,Kawasaki Heavy Industries,398.0,398.0,1.0,0.0
E100000002000,0.0,176.9,0.0,March 2025,impute,Kenya Electricity Generating Company,176.9,176.9,1.0,0.0
E100000002037,0.0,587.0,0.0,March 2025,impute,Contact Energy,587.0,587.0,1.0,0.0
E100000002038,750.0,454.0,0.0,March 2025,impute,Genesis Energy,1204.0,1204.0,1.0,0.6229235880398671
E100000002054,951.39,1494.4,0.0,March 2025,impute,Hub Power Company,2445.79,2445.79,1.0,0.3889908782029528
E100000002056,0.0,1066.0,0.0,March 2025,impute,Kot Addu Power,1066.0,1066.0,1.0,0.0
E100000002067,0.0,200.0,0.0,March 2025,impute,Romgaz,200.0,200.0,1.0,0.0
E100000002080,0.0,300.0,0.0,March 2025,impute,Magnitogorskiy Metallurgicheskiy Kombinat,300.0,300.0,1.0,0.0
E100000002081,0.0,12229.0,0.0,March 2025,impute,Mosenergo,12229.0,12229.0,1.0,0.0
E100000002083,0.0,450.0,0.0,March 2025,impute,Kurgan Generating Company,450.0,450.0,1.0,0.0
E100000002087,4038.0,11834.0,0.0,March 2025,impute,OGK-2,15872.0,15872.0,1.0,0.2544102822580645
E100000002088,0.0,445.0,0.0,March 2025,impute,Severstal,445.0,445.0,1.0,0.0
E100000002094,0.0,106.8,0.0,March 2025,impute,Saudi Cement,106.8,106.8,1.0,0.0
E100000002096,0.0,161.0,0.0,March 2025,impute,Yamama Saudi Cement,161.0,161.0,1.0,0.0
E100000002130,1513.72,3335.86,0.0,March 2025,impute,Electricity Generating,4849.58,4849.58,1.0,0.3121342466770318
E100000002134,0.0,356.98,0.0,March 2025,impute,Thai Oil,356.98,356.98,1.0,0.0
E100000002135,0.0,230.9,0.0,March 2025,impute,WHA Utilities and Power,230.9,230.9,1.0,0.0
E100000002141,0.0,904.0,0.0,March 2025,impute,Akenerji Elektrik Üretim,904.0,904.0,1.0,0.0
E100000002158,0.0,11914.7,0.0,March 2025,impute,Dubai Electricity and Water Authority,11914.7,11914.7,1.0,0.0
E100000002162,0.0,300.0,0.0,March 2025,impute,Atlantica Sustainable Infrastructure,300.0,300.0,1.0,0.0
E100000002169,810.9,116.0,73.0,March 2025,impute,ALLETE,926.9,999.9,0.926992699269927,0.8748516560578271
E100000002180,233.4,515.0,51.0,March 2025,impute,Avista,748.4,799.4,0.9362021516137102,0.311865312667023
E100000002305,311.2,2090.6,0.0,March 2025,impute,Portland General Electric,2401.7999999999997,2401.7999999999997,1.0,0.12956948954950454
E100000002326,0.0,134.0,0.0,March 2025,impute,SunCoke Energy,134.0,134.0,1.0,0.0
E100000002328,5323.08,2664.6,0.0,March 2025,impute,Talen Energy,7987.68,7987.68,1.0,0.6664112733609758
E100000002364,0.0,456.0,0.0,March 2025,impute,Barka Water and Power Company,456.0,456.0,1.0,0.0
E100000002409,100.0,45.0,0.0,March 2025,impute,Aksa Akrilik Kimya Sanayii,145.0,145.0,1.0,0.6896551724137931
E100000002411,270.0,1989.43,0.0,March 2025,impute,Aksa Enerji Uretim,2259.4300000000003,2259.4300000000003,1.0,0.11949916571878746
E100000002412,0.0,766.0,0.0,March 2025,impute,Al Batinah Power Company,766.0,766.0,1.0,0.0
E100000002414,0.0,285.0,0.0,March 2025,impute,Al Kamil Power Company,285.0,285.0,1.0,0.0
E100000002415,0.0,766.0,0.0,March 2025,impute,Al Suwadi Power Company,766.0,766.0,1.0,0.0
E100000002435,0.0,3245.9,0.0,March 2025,impute,Aluminium Bahrain,3245.9,3245.9,1.0,0.0
E100000002474,0.0,23.0,0.0,March 2025,impute,AstraZeneca,23.0,23.0,1.0,0.0
E100000002579,0.0,1691.0,0.0,March 2025,impute,China General Nuclear Power New Energy Holdings,1691.0,1691.0,1.0,0.0
E100000002718,0.0,828.0,0.0,March 2025,impute,Clearway Energy,828.0,828.0,1.0,0.0
E100000002727,350.0,1507.75,0.0,March 2025,impute,Colbun,1857.75,1857.75,1.0,0.18839994617144395
E100000002867,1064.0,639.0,0.0,March 2025,impute,ENGIE Energía Chile,1703.0,1703.0,1.0,0.6247798003523194
E100000002868,0.0,2259.0,0.0,March 2025,impute,ENGIE Energía Perú,2259.0,2259.0,1.0,0.0
E100000002882,1244.0,2930.0,0.0,March 2025,impute,EVNGENCO 3,4174.0,4174.0,1.0,0.29803545759463346
E100000002892,0.0,0.0,35.0,March 2025,impute,Ecopetrol,0.0,35.0,0.0,
E100000002899,0.0,6873.0,0.0,March 2025,impute,Edison,6873.0,6873.0,1.0,0.0
E100000002934,0.0,190.0,0.0,March 2025,impute,Empresa Metropolitana de Águas e Energia,190.0,190.0,1.0,0.0
E100000002936,0.0,1956.0,0.0,March 2025,impute,Enel Generación Chile,1956.0,1956.0,1.0,0.0
E100000002937,0.0,978.7,0.0,March 2025,impute,Enel Generación Perú,978.7,978.7,1.0,0.0
E100000002938,0.0,360.8,0.0,March 2025,impute,Enel Generación Piura,360.8,360.8,1.0,0.0
E100000002976,0.0,227.0,0.0,March 2025,impute,Engro Powergen Qadirpur,227.0,227.0,1.0,0.0
E100000003385,0.0,3155.2,0.0,March 2025,impute,K-Electric,3155.2,3155.2,1.0,0.0
E100000003424,0.0,97.58,0.0,March 2025,impute,Khulna Power Company,97.58,97.58,1.0,0.0
E100000003435,0.0,120.0,0.0,March 2025,impute,Kohinoor Energy,120.0,120.0,1.0,0.0
E100000003440,0.0,2274.6,0.0,March 2025,impute,Korea District Heating,2274.6,2274.6,1.0,0.0
E100000003476,0.0,326.0,0.0,March 2025,impute,Lalpir Power,326.0,326.0,1.0,0.0
E100000003527,4940.0,2384.72,0.0,March 2025,impute,Malakoff Corporation,7324.719999999999,7324.719999999999,1.0,0.6744285105778788
E100000003609,0.0,50.0,0.0,March 2025,impute,NET Power,50.0,50.0,1.0,0.0
E100000003655,0.0,185.9,0.0,March 2025,impute,Nishat Chunian Power,185.9,185.9,1.0,0.0
E100000003676,0.0,620.0,0.0,March 2025,impute,Novolipetsk Steel,620.0,620.0,1.0,0.0
E100000003683,0.0,4193.3,0.0,March 2025,impute,OPC Energy,4193.3,4193.3,1.0,0.0
E100000003694,752.0,1040.0,0.0,March 2025,impute,Okinawa Electric Power,1792.0,1792.0,1.0,0.41964285714285715
E100000003742,153.0,3646.0,0.0,March 2025,impute,Territorial Generating Company No 1,3799.0,3799.0,1.0,0.04027375625164517
E100000003747,0.0,495.0,0.0,March 2025,impute,Nizhnekamskneftekhim,495.0,495.0,1.0,0.0
E100000003757,0.0,82.0,0.0,March 2025,impute,PT Indocement Tunggal Prakarsa,82.0,82.0,1.0,0.0
E100000003772,0.0,365.0,0.0,March 2025,impute,Pakgen Power,365.0,365.0,1.0,0.0
E100000003809,3600.0,0.0,0.0,March 2025,impute,PetroVietnam Power Corporation,3600.0,3600.0,1.0,1.0
E100000003816,0.0,2000.0,0.0,March 2025,impute,Phoenix Power Company,2000.0,2000.0,1.0,0.0
E100000003831,0.0,4884.26,0.0,March 2025,impute,Power and Water Utility Company for Jubail and Yanbu,4884.26,4884.26,1.0,0.0
E100000003950,0.0,202.7,0.0,March 2025,impute,Ratch Pathana Energy,202.7,202.7,1.0,0.0
E100000003966,0.0,636.0,0.0,March 2025,impute,Saras,636.0,636.0,1.0,0.0
E100000003994,0.0,1632.0,0.0,March 2025,impute,Shamal Az Zour Al Oula Power and Water Company,1632.0,1632.0,1.0,0.0
E100000004032,0.0,929.5,0.0,March 2025,impute,Shikun & Binui Energy,929.5,929.5,1.0,0.0
E100000004057,0.0,181.3,0.0,March 2025,impute,Sociedad Minera Cerro Verde,181.3,181.3,1.0,0.0
E100000004062,0.0,597.0,0.0,March 2025,impute,Sohar Power Company,597.0,597.0,1.0,0.0
E100000004212,0.0,1075.0,0.0,March 2025,impute,thyssenkrupp,1075.0,1075.0,1.0,0.0
E100000004280,0.0,54.9,0.0,March 2025,impute,United Wagon Company,54.9,54.9,1.0,0.0
E100000004388,0.0,223.2,0.0,March 2025,impute,Zorlu Enerji Elektrik Uretim,223.2,223.2,1.0,0.0
E100000120009,726.3,643.0,0.0,March 2025,impute,AES Andes,1369.3,1369.3,1.0,0.5304170013875703
E100000120035,0.0,0.0,109.0,March 2025,impute,Air Water,0.0,109.0,0.0,
E100000120070,33.0,0.0,0.0,March 2025,impute,The Andhra Sugars,33.0,33.0,1.0,1.0
E100000120102,84.0,0.0,0.0,March 2025,impute,Atul,84.0,84.0,1.0,1.0
E100000120130,100.0,0.0,0.0,March 2025,impute,Ballarpur Industries,100.0,100.0,1.0,1.0
E100000120243,110.0,0.0,0.0,March 2025,impute,China Hongqiao Group,110.0,110.0,1.0,1.0
E100000120295,0.0,0.0,54.06,March 2025,impute,DCM Shriram,0.0,54.06,0.0,
E100000120297,141.0,0.0,0.0,March 2025,impute,DCM Shriram Industries,141.0,141.0,1.0,1.0
E100000120300,60.0,0.0,0.0,March 2025,impute,DG Khan Cement,60.0,60.0,1.0,1.0
E100000120309,356.0,0.0,63.0,March 2025,impute,Daio Paper,356.0,419.0,0.8496420047732697,1.0
E100000120388,81.5,0.0,0.0,March 2025,impute,Elektrocieplownia Bedzin,81.5,81.5,1.0,1.0
E100000120419,0.0,0.0,111.35,March 2025,impute,Engie Brasil Energia,0.0,111.35,0.0,
E100000120426,0.0,230.18,0.0,March 2025,impute,Eramet,230.18,230.18,1.0,0.0
E100000120453,118.0,0.0,0.0,March 2025,impute,Fauji Fertilizer Bin Qasim,118.0,118.0,1.0,1.0
E100000120454,405.0,0.0,0.0,March 2025,impute,Filinvest Development,405.0,405.0,1.0,1.0
E100000120477,38.88,0.0,0.0,March 2025,impute,GSD Holding,38.88,38.88,1.0,1.0
E100000120517,120.0,0.0,0.0,March 2025,impute,Grasim Industries,120.0,120.0,1.0,1.0
E100000120520,92.0,0.0,0.0,March 2025,impute,Grupa Azoty,92.0,92.0,1.0,1.0
E100000120541,472.0,500.0,0.0,March 2025,impute,Hanwha,972.0,972.0,1.0,0.48559670781893005
E100000120560,2983.2,0.0,0.0,March 2025,impute,Hindalco Industries,2983.2,2983.2,1.0,1.0
E100000120561,474.0,0.0,0.0,March 2025,impute,Hindustan Zinc,474.0,474.0,1.0,1.0
E100000120567,56.0,0.0,0.0,March 2025,impute,Hiroshima Gas,56.0,56.0,1.0,1.0
E100000120600,40.0,0.0,0.0,March 2025,impute,ISMT,40.0,40.0,1.0,1.0
E100000120611,316.8,0.0,0.0,March 2025,impute,PT Indika Energy,316.8,316.8,1.0,1.0
E100000120621,95.0,41.0,0.0,March 2025,impute,Indorama Ventures,136.0,136.0,1.0,0.6985294117647058
E100000120639,148.0,0.0,0.0,March 2025,impute,Itochu ENEX,148.0,148.0,1.0,1.0
E100000120645,89.52,0.0,0.0,March 2025,impute,JAKS Resources,89.52,89.52,1.0,1.0
E100000120648,55.0,0.0,0.0,March 2025,impute,JK Paper,55.0,55.0,1.0,1.0
E100000120663,0.0,130.0,0.0,March 2025,impute,PT Kawasan Industri Jababeka,130.0,130.0,1.0,0.0
E100000120672,55.0,0.0,0.0,March 2025,impute,Jayaswal Neco Industries,55.0,55.0,1.0,1.0
E100000120686,250.0,0.0,0.0,March 2025,impute,Jindal Stainless,250.0,250.0,1.0,1.0
E100000120748,264.0,0.0,0.0,March 2025,impute,Kumho Petrochemical,264.0,264.0,1.0,1.0
E100000120749,45.0,0.0,0.0,March 2025,impute,Kureha,45.0,45.0,1.0,1.0
E100000120765,1400.0,0.0,0.0,March 2025,impute,Larsen & Toubro,1400.0,1400.0,1.0,1.0
E100000120767,125.0,0.0,0.0,March 2025,impute,Lee & Man Paper Manufacturing,125.0,125.0,1.0,1.0
E100000120776,60.0,0.0,0.0,March 2025,impute,Lotte Chemical,60.0,60.0,1.0,1.0
E100000120779,660.0,0.0,0.0,March 2025,impute,Lucky Cement,660.0,660.0,1.0,1.0
E100000120818,40.0,0.0,0.0,March 2025,impute,Maple Leaf Cement Factory,40.0,40.0,1.0,1.0
E100000120830,17.2,0.0,0.0,March 2025,impute,Mazda Motor,17.2,17.2,1.0,1.0
E100000120836,15.42,0.0,0.0,March 2025,impute,Meiko Trans,15.42,15.42,1.0,1.0
E100000120855,106.8,0.0,0.0,March 2025,impute,Mitsubishi Electric,106.8,106.8,1.0,1.0
E100000120856,115.0,0.0,0.0,March 2025,impute,Mitsubishi Materials,115.0,115.0,1.0,1.0
E100000120868,151.0,0.0,0.0,March 2025,impute,JSW Ispat Special Products,151.0,151.0,1.0,1.0
E100000120871,374.4,0.0,0.0,March 2025,impute,Mudajaya Group,374.4,374.4,1.0,1.0
E100000120926,608.0,0.0,0.0,March 2025,impute,Nickel Industries,608.0,608.0,1.0,1.0
E100000120931,428.8,0.0,172.65,March 2025,impute,Nippon Paper Industries,428.8,601.45,0.7129437193449164,1.0
E100000120945,304.0,0.0,0.0,March 2025,impute,OCI Holdings,304.0,304.0,1.0,1.0
E100000120948,714.0,0.0,0.0,March 2025,impute,OPG Power Ventures,714.0,714.0,1.0,1.0
E100000120972,310.32,0.0,0.0,March 2025,impute,ORIX,310.32,310.32,1.0,1.0
E100000120975,110.0,0.0,0.0,March 2025,impute,Oswal Greentech,110.0,110.0,1.0,1.0
E100000120990,60.0,0.0,0.0,March 2025,impute,PT Aneka Tambang,60.0,60.0,1.0,1.0
E100000121006,60.0,0.0,0.0,March 2025,impute,PT Cemindo Gemilang,60.0,60.0,1.0,1.0
E100000121011,55.0,0.0,0.0,March 2025,impute,PT Fajar Surya Wisesa,55.0,55.0,1.0,1.0
E100000121022,755.0,0.0,0.0,March 2025,impute,PT Indah Kiat Pulp & Paper,755.0,755.0,1.0,1.0
E100000121030,99.0,0.0,0.0,March 2025,impute,PT Intraco Penta,99.0,99.0,1.0,1.0
E100000121051,230.0,0.0,0.0,March 2025,impute,PT Pabrik Kertas Tjiwi Kimia,230.0,230.0,1.0,1.0
E100000121067,69.97,0.0,0.0,March 2025,impute,PT Semen Indonesia (Persero),69.97,69.97,1.0,1.0
E100000121080,34.2,0.0,0.0,March 2025,impute,PT Trimegah Bangun Persada,34.2,34.2,1.0,1.0
E100000121115,140.0,0.0,0.0,March 2025,impute,Petron,140.0,140.0,1.0,1.0
E100000121116,1040.0,0.0,0.0,March 2025,impute,Pha Lai Thermal Power,1040.0,1040.0,1.0,1.0
E100000121137,162.5,0.0,0.0,March 2025,impute,Prakash Industries,162.5,162.5,1.0,1.0
E100000121138,11.25,0.0,0.0,March 2025,impute,Press Metal Aluminium Holdings,11.25,11.25,1.0,1.0
E100000121168,2700.0,0.0,0.0,March 2025,impute,RattanIndia Power,2700.0,2700.0,1.0,1.0
E100000121175,492.0,0.0,0.0,March 2025,impute,Reliance Industries,492.0,492.0,1.0,1.0
E100000121176,37.8,0.0,40.53,March 2025,impute,Rengo,37.8,78.33,0.48257372654155495,1.0
E100000121206,361.0,0.0,65.58,March 2025,impute,SGC Energy,361.0,426.58,0.846265647709691,1.0
E100000121235,120.0,225.0,0.0,March 2025,impute,Sakhalinenergo,345.0,345.0,1.0,0.34782608695652173
E100000121255,15.42,0.0,0.0,March 2025,impute,Seika,15.42,15.42,1.0,1.0
E100000121261,900.0,0.0,0.0,March 2025,impute,Semirara Mining and Power,900.0,900.0,1.0,1.0
E100000121281,300.0,0.0,0.0,March 2025,impute,Shree Cement,300.0,300.0,1.0,1.0
E100000121304,40.0,0.0,0.0,March 2025,impute,Sitara Chemical Industries,40.0,40.0,1.0,1.0
E100000121352,224.5,0.0,0.0,March 2025,impute,Sumitomo Osaka Cement,224.5,224.5,1.0,1.0
E100000121372,2056.0,0.0,0.0,March 2025,impute,TAQA Morocco,2056.0,2056.0,1.0,1.0
E100000121375,785.4,0.0,16.5,March 2025,impute,Taiwan Cement,785.4,801.9,0.9794238683127572,1.0
E100000121391,150.0,0.0,160.0,March 2025,impute,TPI Polene Power,150.0,310.0,0.4838709677419355,1.0
E100000121400,40.0,0.0,0.0,March 2025,impute,Tamil Nadu Newsprint & Papers,40.0,40.0,1.0,1.0
E100000121429,70.0,0.0,0.0,March 2025,impute,Terra Mauricia,70.0,70.0,1.0,1.0
E100000121434,85.8,0.0,0.0,March 2025,impute,Thal,85.8,85.8,1.0,1.0
E100000121461,0.0,0.0,50.0,March 2025,impute,Toshiba,0.0,50.0,0.0,
E100000121462,630.0,0.0,0.0,March 2025,impute,Tosoh,630.0,630.0,1.0,1.0
E100000121478,70.0,0.0,0.0,March 2025,impute,Tulsyan NEC,70.0,70.0,1.0,1.0
E100000121484,353.2,0.0,0.0,March 2025,impute,UBE,353.2,353.2,1.0,1.0
E100000121528,60.0,0.0,0.0,March 2025,impute,Vinaconex,60.0,60.0,1.0,1.0
E100000121535,190.38,0.0,0.0,March 2025,impute,Walsin Lihwa,190.38,190.38,1.0,1.0
E100000121552,50.0,0.0,0.0,March 2025,impute,YFY,50.0,50.0,1.0,1.0
E100000121564,554.0,0.0,0.0,March 2025,impute,Yuzhno-Kuzbasskaya GRES,554.0,554.0,1.0,1.0
E100000121583,95.36,0.0,96.95,March 2025,impute,eRex,95.36,192.31,0.4958660496074047,1.0
E100000121588,330.0,0.0,0.0,March 2025,impute,Çan2 Termik,330.0,330.0,1.0,1.0
E100000121604,370.0,0.0,0.0,March 2025,impute,İzdemir Enerji Elektrik Üretim,370.0,370.0,1.0,1.0
E100000122257,1307.0,0.0,0.0,March 2025,impute,Inner Mongolia Junzheng Energy & Chemical Group,1307.0,1307.0,1.0,1.0
E100000122571,1812.85,850.0,3.24,March 2025,impute,Baoshan Iron & Steel,2662.85,2666.0899999999997,0.9987847371994194,0.6807931351747188
E100000123215,0.0,279.0,0.0,March 2025,impute,Xinyu Iron & Steel,279.0,279.0,1.0,0.0
E100000123366,2376.94,0.0,0.0,March 2025,impute,Yankuang Energy Group,2376.94,2376.94,1.0,1.0
E100000123560,277.0,0.0,42.0,March 2025,impute,Shanying International Holdings,277.0,319.0,0.8683385579937304,1.0
E100000123737,0.0,93.5,0.0,March 2025,impute,Maanshan Iron & Steel,93.5,93.5,1.0,0.0
E100000123791,27.0,0.0,27.0,March 2025,impute,Tongyu Heavy Industry,27.0,54.0,0.5,1.0
E100000123957,1767.07,0.0,0.0,March 2025,impute,TBEA,1767.07,1767.07,1.0,1.0
E100000129432,0.0,0.0,80.0,March 2025,impute,Hunan Junxin Environmental Protection,0.0,80.0,0.0,
E100000129850,0.0,0.0,265.6,March 2025,impute,Chongqing Sanfeng Environment Group,0.0,265.6,0.0,
E100000130688,0.0,25.0,0.0,March 2025,impute,Ternium Argentina,25.0,25.0,1.0,0.0
E100000130720,0.0,77.5,0.0,March 2025,impute,Hiap Teck Venture,77.5,77.5,1.0,0.0
E100000130730,0.0,33.4,0.0,March 2025,impute,Corporacion Aceros Arequipa,33.4,33.4,1.0,0.0
E100000130751,0.0,191.1,0.0,March 2025,impute,Eregli Demir ve Celik Fabrikalari,191.1,191.1,1.0,0.0
E100000132372,715.75,0.0,0.0,March 2025,impute,Yanzhou Coal Mining,715.75,715.75,1.0,1.0
E100000132404,0.0,0.0,65.0,March 2025,impute,Clearwater Paper,0.0,65.0,0.0,
E100000132450,0.0,0.0,64.64,March 2025,impute,Packaging Corporation of America,0.0,64.64,0.0,
E100000132496,0.0,0.0,15.0,March 2025,impute,Altri,0.0,15.0,0.0,
E100000132539,0.0,0.0,31.0,March 2025,impute,Balrampur Chini Mills,0.0,31.0,0.0,
E100000132612,0.0,0.0,36.0,March 2025,impute,Conifex Timber,0.0,36.0,0.0,
E100000132632,0.0,0.0,71.93,March 2025,impute,Greenvolt - Energias Renováveis,0.0,71.93,0.0,
E100000132713,0.0,0.0,39.0,March 2025,impute,Hippo Valley Estates,0.0,39.0,0.0,
E100000132758,0.0,0.0,44.0,March 2025,impute,JBS,0.0,44.0,0.0,
E100000132807,0.0,0.0,12.75,March 2025,impute,Mizuho Leasing,0.0,12.75,0.0,
E100000132862,0.0,0.0,80.0,March 2025,impute,Rayonier Advanced Materials,0.0,80.0,0.0,
E100000132867,0.0,0.0,149.15,March 2025,impute,Renova,0.0,149.15,0.0,
E100000132872,0.0,0.0,74.0,March 2025,impute,SANIX,0.0,74.0,0.0,
E100000132881,0.0,0.0,67.0,March 2025,impute,Sakthi Sugars,0.0,67.0,0.0,
E100000132897,0.0,0.0,43.0,March 2025,impute,Sociedad Agrícola e Industrial San Carlos,0.0,43.0,0.0,
E100000132904,0.0,0.0,67.88,March 2025,impute,Sumitomo Forestry,0.0,67.88,0.0,
E100000132909,0.0,0.0,75.0,March 2025,impute,Svenska Cellulosa SCA,0.0,75.0,0.0,
E100000132960,0.0,0.0,92.0,March 2025,impute,Universal Robina,0.0,92.0,0.0,
E100000133123,0.0,0.0,52.0,March 2025,impute,Obayashi,0.0,52.0,0.0,
E100000133539,157.5,0.0,0.0,March 2025,impute,AGC,157.5,157.5,1.0,1.0
E100000134116,0.0,105.84,0.0,March 2025,impute,Paramount Textile,105.84,105.84,1.0,0.0
E100000134350,0.0,0.0,26.0,March 2025,impute,Okumura,0.0,26.0,0.0,
E100000135336,0.0,376.0,0.0,March 2025,impute,Celsia Colombia,376.0,376.0,1.0,0.0
E100000149011,0.0,0.0,6.75,March 2025,impute,Nishinippon Plant Engineering and Construction,0.0,6.75,0.0,
E100000149012,0.0,0.0,11.0,March 2025,impute,Tokyu Fudosan Holdings,0.0,11.0,0.0,
E100000149634,94.5,0.0,0.0,March 2025,impute,Doosan Enerbility,94.5,94.5,1.0,1.0
E100000149695,102.6,0.0,0.0,March 2025,impute,Omnicane,102.6,102.6,1.0,1.0
E100000150310,438.95,529.6,0.0,March 2025,impute,NorthWestern Energy Group,968.55,968.55,1.0,0.4532032419596304
E100000150598,0.0,0.0,30.0,March 2025,impute,Acciona,0.0,30.0,0.0,
E100000153028,0.0,8.99,0.0,March 2025,impute,Oil India,8.99,8.99,1.0,0.0
E100001000012,5761.0,0.0,280.0,March 2025,impute,ENEA,5761.0,6041.0,0.9536500579374276,1.0
E100001000044,0.0,139.0,1224.5,March 2025,impute,Suzano,139.0,1363.5,0.10194352768610195,0.0
E100001000049,0.0,0.0,785.0,March 2025,impute,Klabin,0.0,785.0,0.0,
E100001000054,0.0,0.0,322.48,March 2025,impute,Metsä Board,0.0,322.48,0.0,
E100001000064,270.0,0.0,870.0,March 2025,impute,Kaidi Ecological and Environmental Technology,270.0,1140.0,0.23684210526315788,1.0
E100001000083,5760.0,0.0,0.0,March 2025,impute,Reliance Power,5760.0,5760.0,1.0,1.0
E100001000111,0.0,3.83,450.0,March 2025,impute,Empresas CMPC,3.83,453.83,0.008439283432122162,0.0
E100001000120,0.0,0.0,99.47,March 2025,impute,Dexco,0.0,99.47,0.0,
E100001000124,0.0,0.0,148.91,March 2025,impute,Ence Energía y Celulosa,0.0,148.91,0.0,
E100001000130,0.0,0.0,27.75,March 2025,impute,Toho Gas,0.0,27.75,0.0,
E100001000131,180.0,0.0,0.0,March 2025,impute,Tokyo Century,180.0,180.0,1.0,1.0
E100001000139,0.0,0.0,281.0,March 2025,impute,São Martinho,0.0,281.0,0.0,
E100001000152,0.0,0.0,190.0,March 2025,impute,Adecoagro,0.0,190.0,0.0,
E100001000155,0.0,423.8,0.0,March 2025,impute,Evonik Industries,423.8,423.8,1.0,0.0
E100001000161,30.0,0.0,81.97,March 2025,impute,Shree Renuka Sugars,30.0,111.97,0.26792890952933823,1.0
E100001000165,0.0,23.88,35.37,March 2025,impute,Power Assets Holdings,23.88,59.25,0.4030379746835443,0.0
E100001000174,0.0,0.0,91.5,March 2025,impute,Schroders,0.0,91.5,0.0,
E100001000177,427.2,104.52,0.0,March 2025,impute,Mitsubishi Heavy Industries,531.72,531.72,1.0,0.8034303768900924
E100001000188,0.0,0.0,118.0,March 2025,impute,Wilmar International,0.0,118.0,0.0,
E100001000208,29.05,6023.92,0.0,March 2025,impute,Constellation Energy,6052.97,6052.97,1.0,0.004799296874096518
E100001000212,0.0,120.0,0.0,March 2025,impute,Musandam Power Company,120.0,120.0,1.0,0.0
E100001000220,0.0,124.5,0.0,March 2025,impute,Canadian Utilities,124.5,124.5,1.0,0.0
E100001000222,0.0,0.0,105.0,March 2025,impute,Dhampur Sugar Mills,0.0,105.0,0.0,
E100001000232,0.0,0.0,343.5,March 2025,impute,Mercer International,0.0,343.5,0.0,
E100001000247,0.0,90.94,0.0,March 2025,impute,UBS Asset Management,90.94,90.94,1.0,0.0
E100001000303,0.0,269.91,0.0,March 2025,impute,Altern Energy,269.91,269.91,1.0,0.0
E100001000329,320.58,6575.58,0.0,March 2025,impute,Qatar Electricity and Water Company,6896.16,6896.16,1.0,0.04648674044685738
E100001000364,0.0,4000.0,0.0,March 2025,impute,ENKA İnşaat ve Sanayi,4000.0,4000.0,1.0,0.0
E100001000383,0.0,0.0,7.5,March 2025,impute,JGC Holdings,0.0,7.5,0.0,
E100001000384,0.0,947.0,0.0,March 2025,impute,Ternium,947.0,947.0,1.0,0.0
E100001000388,0.0,103.51,0.0,March 2025,impute,Jastrzębska Spółka Węglowa,103.51,103.51,1.0,0.0
E100001000400,163.5,0.0,0.0,March 2025,impute,Glencore,163.5,163.5,1.0,1.0
E100001000402,46.16,0.0,0.0,March 2025,impute,Peabody Energy,46.16,46.16,1.0,1.0
E100001000437,55.84,0.04,0.0,March 2025,impute,China Construction Bank,55.88,55.88,1.0,0.9992841803865427
E100001000439,4990.0,0.0,0.0,March 2025,impute,Jindal Steel & Power,4990.0,4990.0,1.0,1.0
E100001000440,4866.6,0.0,0.0,March 2025,impute,NLC India,4866.6,4866.6,1.0,1.0
E100001000479,1325.1,0.0,0.0,March 2025,impute,Vedanta,1325.1,1325.1,1.0,1.0
E100001000516,397.31,0.0,0.0,March 2025,impute,JSW Steel,397.31,397.31,1.0,1.0
E100001000519,60.0,0.0,0.0,March 2025,impute,JSW Holdings,60.0,60.0,1.0,1.0
E100001000520,304.08,0.0,0.0,March 2025,impute,Life Insurance Corporation of India,304.08,304.08,1.0,1.0
E100001000522,3472.5,142.5,0.0,March 2025,impute,JSW Energy,3615.0,3615.0,1.0,0.9605809128630706
E100001000558,13528.0,0.0,0.0,March 2025,impute,Adani Power,13528.0,13528.0,1.0,1.0
E100001000569,40.09,0.0,0.0,March 2025,impute,PT Harum Energy,40.09,40.09,1.0,1.0
E100001000598,77.5,0.0,0.0,March 2025,impute,Kardemir Karabuk Demir Çelik Sanayi Ve Ticaret,77.5,77.5,1.0,1.0
E100001000609,253.0,0.0,0.0,March 2025,impute,Jaiprakash Associates,253.0,253.0,1.0,1.0
E100001000611,3800.0,0.0,0.0,March 2025,impute,Jaiprakash Power Ventures,3800.0,3800.0,1.0,1.0
E100001000618,221.0,0.0,0.0,March 2025,impute,SPC Power,221.0,221.0,1.0,1.0
E100001000639,123.0,0.0,0.0,March 2025,impute,Ambuja Cements,123.0,123.0,1.0,1.0
E100001000640,34.0,0.0,0.0,March 2025,impute,Andhra Paper,34.0,34.0,1.0,1.0
E100001000641,842.5,0.0,0.0,March 2025,impute,Archer-Daniels-Midland,842.5,842.5,1.0,1.0
E100001000648,83.0,0.0,0.0,March 2025,impute,Cheng Loong,83.0,83.0,1.0,1.0
E100001000649,131.6,246.2,0.0,March 2025,impute,Cleveland-Cliffs,377.79999999999995,377.79999999999995,1.0,0.34833245103229227
E100001000652,0.0,8.11,0.0,March 2025,impute,Companhia Siderúrgica Nacional,8.11,8.11,1.0,0.0
E100001000659,30.0,0.0,0.0,March 2025,impute,Dangote Cement,30.0,30.0,1.0,1.0
E100001000661,144.0,0.0,0.0,March 2025,impute,EDP Brasil,144.0,144.0,1.0,1.0
E100001000663,600.0,0.0,0.0,March 2025,impute,EVRAZ,600.0,600.0,1.0,1.0
E100001000665,30.0,0.0,0.0,March 2025,impute,Godawari Power and Ispat,30.0,30.0,1.0,1.0
E100001000668,76.35,310.0,0.0,March 2025,impute,Gujarat Industries Power,386.35,386.35,1.0,0.19761873948492298
E100001000669,250.0,0.0,0.0,March 2025,impute,Gujarat Mineral Development,250.0,250.0,1.0,1.0
E100001000677,258.0,0.0,0.0,March 2025,impute,Indian Metals and Ferro Alloys,258.0,258.0,1.0,1.0
E100001000694,114.0,0.0,0.0,March 2025,impute,Sarda Energy & Minerals,114.0,114.0,1.0,1.0
E100001000703,688.0,0.0,0.0,March 2025,impute,Steel Authority of India,688.0,688.0,1.0,1.0
E100001000704,50.0,0.0,0.0,March 2025,impute,Steel Exchange India,50.0,50.0,1.0,1.0
E100001000707,577.0,0.0,0.0,March 2025,impute,Tokuyama,577.0,577.0,1.0,1.0
E100001000710,666.67,0.0,0.0,March 2025,impute,PT United Tractors,666.67,666.67,1.0,1.0
E100001000734,0.0,49.0,0.0,March 2025,impute,Ta Ya Electric Wire & Cable,49.0,49.0,1.0,0.0
E100001000736,2365.0,0.0,0.0,March 2025,impute,CESC,2365.0,2365.0,1.0,1.0
E100001000746,725.45,0.0,0.0,March 2025,impute,PT Bukit Asam,725.45,725.45,1.0,1.0
E100001000782,836.0,0.0,0.0,March 2025,impute,PT Adaro Energy Indonesia,836.0,836.0,1.0,1.0
E100001000793,0.0,531.96,0.0,March 2025,impute,HDC Hyundai Development,531.96,531.96,1.0,0.0
E100001000796,924.0,0.0,0.0,March 2025,impute,S. Alam Cold Rolled Steels,924.0,924.0,1.0,1.0
E100001000859,0.0,5565.0,0.0,March 2025,impute,EL5-Energo,5565.0,5565.0,1.0,0.0
E100001000878,354.24,0.0,0.0,March 2025,impute,Bharat Heavy Electricals,354.24,354.24,1.0,1.0
E100001000919,12.95,0.0,0.0,March 2025,impute,Nakayama Steel Works,12.95,12.95,1.0,1.0
E100001000920,30.0,390.0,0.0,March 2025,impute,Nanjing Iron and Steel,420.0,420.0,1.0,0.07142857142857142
E100001000930,34.0,0.0,0.0,March 2025,impute,Siam Cement,34.0,34.0,1.0,1.0
E100001000932,184.14,0.0,48.75,March 2025,impute,Taiheiyo Cement,184.14,232.89,0.7906737086178024,1.0
E100001000963,0.0,873.91,0.0,March 2025,impute,SMN Power Holding,873.91,873.91,1.0,0.0
E100001001020,0.0,0.0,75.0,March 2025,impute,Mitsubishi Paper Mills,0.0,75.0,0.0,
E100001001023,0.0,206.25,0.0,March 2025,impute,Rojana Industrial Park,206.25,206.25,1.0,0.0
E100001001043,52.44,0.0,0.0,March 2025,impute,Yes Bank,52.44,52.44,1.0,1.0
E100001001046,135.32,0.0,0.0,March 2025,impute,Enel Américas,135.32,135.32,1.0,1.0
E100001001053,3204.0,0.0,0.0,March 2025,impute,FirstEnergy,3204.0,3204.0,1.0,1.0
E100001001070,0.0,0.0,286.0,March 2025,impute,Billerud,0.0,286.0,0.0,
E100001001078,0.0,0.0,626.0,March 2025,impute,Westrock,0.0,626.0,0.0,
E100001001205,57.02,0.0,0.0,March 2025,impute,Babcock & Wilcox Enterprises,57.02,57.02,1.0,1.0
E100001001417,188.7,0.0,0.0,March 2025,impute,Stronghold Digital Mining,188.7,188.7,1.0,1.0
E100001010018,390.0,30.0,0.0,March 2025,impute,Tata Steel,420.0,420.0,1.0,0.9285714285714286
E100001010062,94.71,0.0,0.0,March 2025,impute,Welspun India,94.71,94.71,1.0,1.0
E100001010084,525.0,0.0,0.0,March 2025,impute,PT Dian Swastatika Sentosa,525.0,525.0,1.0,1.0
E100001010119,420.23,0.0,0.0,March 2025,impute,Fondul Proprietatea,420.23,420.23,1.0,1.0
E100001010125,62.7,0.0,0.0,March 2025,impute,Habib Bank,62.7,62.7,1.0,1.0
E100001010133,127.28,103.2,0.0,March 2025,impute,South32,230.48000000000002,230.48000000000002,1.0,0.5522388059701492
E100001010136,0.0,639.94,0.0,March 2025,impute,PT Krakatau Steel (Persero),639.94,639.94,1.0,0.0
E100001010263,0.0,4.62,0.0,March 2025,impute,Kia,4.62,4.62,1.0,0.0
E100001010270,0.0,102.98,0.0,March 2025,impute,Gerdau,102.98,102.98,1.0,0.0
E100001010315,0.0,592.0,0.0,March 2025,impute,Salzgitter,592.0,592.0,1.0,0.0
E100001010324,0.0,128.0,0.0,March 2025,impute,Vallourec,128.0,128.0,1.0,0.0
E100001010447,0.0,519.48,0.0,March 2025,impute,DL E&C,519.48,519.48,1.0,0.0
E100001010455,0.0,162.31,0.0,March 2025,impute,Baraka Power,162.31,162.31,1.0,0.0
E100001010456,0.0,118.0,0.0,March 2025,impute,Oil Refineries,118.0,118.0,1.0,0.0
E100001010461,0.0,114.0,0.0,March 2025,impute,Caribbean Utilities,114.0,114.0,1.0,0.0
E100001010499,0.0,5.34,0.0,March 2025,impute,Kinross Gold,5.34,5.34,1.0,0.0
E100001010530,0.0,97.2,0.0,March 2025,impute,Riyadh Cement Company,97.2,97.2,1.0,0.0
E100001010532,0.0,57.6,0.0,March 2025,impute,Saudi Arabian Mining,57.6,57.6,1.0,0.0
E100001010537,0.0,124.1,0.0,March 2025,impute,Southern Province Cement,124.1,124.1,1.0,0.0
E100001010549,0.0,262.13,0.0,March 2025,impute,VPower Group International Holdings,262.13,262.13,1.0,0.0
E100001010554,0.0,93.6,0.0,March 2025,impute,Yanbu Cement,93.6,93.6,1.0,0.0
E100001010674,190.31,0.0,0.0,March 2025,impute,GMR Airports Infrastructure,190.31,190.31,1.0,1.0
E100001010708,372.0,0.0,0.0,March 2025,impute,POSCO International,372.0,372.0,1.0,1.0
E100001010758,105.0,0.0,0.0,March 2025,impute,ZCCM Investments Holdings,105.0,105.0,1.0,1.0
E100001010783,77.04,0.0,0.0,March 2025,impute,State Bank of India,77.04,77.04,1.0,1.0
E100001010784,92.04,0.0,0.0,March 2025,impute,Central Bank of India,92.04,92.04,1.0,1.0
E100001010888,1468.2,0.0,0.0,March 2025,impute,Banpu Power,1468.2,1468.2,1.0,1.0
E100001010916,0.0,0.0,44.26,March 2025,impute,Arca Continental,0.0,44.26,0.0,
E100001010923,0.0,0.0,881.98,March 2025,impute,Empresas Copec,0.0,881.98,0.0,
E100001010968,0.0,0.0,10.5,March 2025,impute,Kyudenko,0.0,10.5,0.0,
E100001011003,0.0,69.3,0.0,March 2025,impute,Caterpillar,69.3,69.3,1.0,0.0
E100001011008,533.0,0.0,0.0,March 2025,impute,Nava,533.0,533.0,1.0,1.0
E100001011020,0.0,0.0,90.8,March 2025,impute,Jalles Machado,0.0,90.8,0.0,
E100001011023,0.0,0.0,39.0,March 2025,impute,Oji Holdings,0.0,39.0,0.0,
E100001011066,0.0,4.8,0.0,March 2025,impute,Korea Gas,4.8,4.8,1.0,0.0
E100001011067,2.81,0.0,0.0,March 2025,impute,Nuvoco Vistas Corporation,2.81,2.81,1.0,1.0
E100001011093,124.0,0.0,0.0,March 2025,impute,PT Amman Mineral Internasional,124.0,124.0,1.0,1.0
E100001011103,0.0,350.0,0.0,March 2025,impute,Eastern Power Group,350.0,350.0,1.0,0.0
E100001011107,0.0,315.0,0.0,March 2025,impute,RAO ES Vostoka,315.0,315.0,1.0,0.0
E100001011122,0.0,40.0,0.0,March 2025,impute,Nuh Çimento Sanayi,40.0,40.0,1.0,0.0
E100001011127,0.0,11.79,0.0,March 2025,impute,Fortescue,11.79,11.79,1.0,0.0
E100001011131,150.4,117.58,0.0,March 2025,impute,IRPC,267.98,267.98,1.0,0.5612359131278454
E100001011132,0.0,47.76,0.0,March 2025,impute,CK Asset Holdings,47.76,47.76,1.0,0.0
E100001011135,0.0,82.6,0.0,March 2025,impute,Samick Musical Instrument,82.6,82.6,1.0,0.0
E100001011137,0.0,114.0,0.0,March 2025,impute,Gallant Venture,114.0,114.0,1.0,0.0
E100001011187,130.0,0.0,0.0,March 2025,impute,Sanghi Industries,130.0,130.0,1.0,1.0
E100001011199,0.0,149.22,0.0,March 2025,impute,Confidence Cement,149.22,149.22,1.0,0.0
E100001011216,0.0,10.83,0.0,March 2025,impute,LVL Energy Fund,10.83,10.83,1.0,0.0
E100001011222,0.0,43.37,0.0,March 2025,impute,Arabian Cement Company,43.37,43.37,1.0,0.0
E100001011233,0.0,45.0,0.0,March 2025,impute,Baticim Bati Anadolu Cimento Sanayii,45.0,45.0,1.0,0.0
E100001011243,0.0,29.0,0.0,March 2025,impute,Essity,29.0,29.0,1.0,0.0
E100001011309,640.87,0.0,0.0,March 2025,impute,WHA Corporation,640.87,640.87,1.0,1.0
E100001011399,0.0,0.0,82.0,March 2025,impute,Hokuetsu,0.0,82.0,0.0,
E100001011407,0.0,300.6,0.0,March 2025,impute,UNACEM Corp,300.6,300.6,1.0,0.0
E100001011522,0.0,22.12,0.0,March 2025,impute,Oberbank,22.12,22.12,1.0,0.0
E100001011555,88.5,0.0,0.0,March 2025,impute,Daicel,88.5,88.5,1.0,1.0
E100001011563,110.33,0.0,0.0,March 2025,impute,Mitsubishi Chemical Group,110.33,110.33,1.0,1.0
E100001011575,0.0,130.97,0.0,March 2025,impute,Celanese,130.97,130.97,1.0,0.0
E100001011576,0.0,100.56,0.0,March 2025,impute,Clariant,100.56,100.56,1.0,0.0
E100001011585,59.94,0.0,0.0,March 2025,impute,Vedan International (Holdings),59.94,59.94,1.0,1.0
E100001011649,30.0,0.0,0.0,March 2025,impute,SCG Packaging,30.0,30.0,1.0,1.0
E100001011672,0.0,153.25,0.0,March 2025,impute,Sapphire Fibres,153.25,153.25,1.0,0.0
E100001011674,0.0,11.25,0.0,March 2025,impute,Meezan Bank,11.25,11.25,1.0,0.0
E100001011690,0.0,18.97,0.0,March 2025,impute,Eversource Energy,18.97,18.97,1.0,0.0
E100001011696,0.0,380.0,0.0,March 2025,impute,Ranhill Holdings,380.0,380.0,1.0,0.0
E100001011714,78.0,67.8,0.0,March 2025,impute,Gujarat Alkalies & Chemicals,145.8,145.8,1.0,0.5349794238683128
E100001011755,0.0,5.53,0.0,March 2025,impute,IAMGOLD,5.53,5.53,1.0,0.0
E100001011793,0.0,81.0,0.0,March 2025,impute,Shiraz Petrochemical,81.0,81.0,1.0,0.0
E100001011835,0.0,120.0,0.0,March 2025,impute,Veridis Environment,120.0,120.0,1.0,0.0
E100001011985,0.0,1557.1,0.0,March 2025,impute,Hawaiian Electric Industries,1557.1,1557.1,1.0,0.0
E100001012038,0.0,44.2,0.0,March 2025,impute,Par Pacific Holdings,44.2,44.2,1.0,0.0
E100001012537,0.0,1038.0,0.0,March 2025,impute,Chadormalu Mining & Industrial,1038.0,1038.0,1.0,0.0
E100001013557,170.0,0.0,0.0,March 2025,impute,PT TBS Energi Utama,170.0,170.0,1.0,1.0
E100001014312,0.0,5.31,0.0,March 2025,impute,Royal Bank of Canada,5.31,5.31,1.0,0.0
E100001014314,0.0,3.66,0.0,March 2025,impute,Bank of Montreal,3.66,3.66,1.0,0.0
E100001014430,0.0,432.0,0.0,March 2025,impute,Cheniere Energy,432.0,432.0,1.0,0.0
E100001014455,0.0,56.61,0.0,March 2025,impute,China Petroleum & Chemical,56.61,56.61,1.0,0.0
E100001015298,344.6,2051.68,0.0,March 2025,impute,Federal Grid Company - Rosseti,2396.2799999999997,2396.2799999999997,1.0,0.1438062329944748
E100001015607,0.0,130.0,0.0,March 2025,impute,Aradel Holdings,130.0,130.0,1.0,0.0
E100001016398,0.0,75.83,0.0,March 2025,impute,M&G,75.83,75.83,1.0,0.0
E100001016664,1200.0,0.0,0.0,March 2025,impute,Jindal Poly Investment & Finance,1200.0,1200.0,1.0,1.0
E100001016793,0.0,0.0,40.0,March 2025,impute,Zambia Sugar,0.0,40.0,0.0,
E100001016841,0.0,0.0,109.0,March 2025,impute,Sylvamo,0.0,109.0,0.0,
E100001016862,0.0,0.0,40.0,March 2025,impute,Pactiv Evergreen,0.0,40.0,0.0,
E100001016899,0.0,0.0,11.0,March 2025,impute,Mitsui E&S,0.0,11.0,0.0,
E100001016941,0.0,0.0,40.0,March 2025,impute,Victorias Milling,0.0,40.0,0.0,
E100001017067,0.0,0.0,30.0,March 2025,impute,Zhejiang Weiming Environmental Protection,0.0,30.0,0.0,
E100002000010,1084.48,0.0,0.0,March 2025,impute,GMR Power and Urban Infra,1084.48,1084.48,1.0,1.0
E100002000031,0.0,460.0,0.0,March 2025,impute,Dow,460.0,460.0,1.0,0.0
E100002000132,52.13,0.0,0.0,March 2025,impute,Korea Petrochemical Ind.,52.13,52.13,1.0,1.0
E100002000151,0.0,0.0,12.21,March 2025,impute,Kemira,0.0,12.21,0.0,
E100002000567,0.0,149.69,0.0,March 2025,impute,Orion Pharma,149.69,149.69,1.0,0.0
E100002000740,0.0,566.0,0.0,March 2025,impute,Imperial Oil,566.0,566.0,1.0,0.0
E100002000785,0.0,0.0,60.0,March 2025,impute,Canfor,0.0,60.0,0.0,
E100002000812,0.0,0.0,16.83,March 2025,impute,Impulsora del Desarrollo y Empleo en America Latina,0.0,16.83,0.0,
E100002001024,45.93,0.0,0.0,March 2025,impute,Porsche Automobil Holding,45.93,45.93,1.0,1.0
E100002001108,0.0,105.0,0.0,March 2025,impute,Aitken Spence,105.0,105.0,1.0,0.0
E100002001125,0.0,106.48,0.0,March 2025,impute,Shahjibazar Power,106.48,106.48,1.0,0.0
E100002001149,0.0,0.0,30.0,March 2025,impute,AJR Infra and Tolling,0.0,30.0,0.0,
E100002001305,0.0,0.0,24.0,March 2025,impute,Associated British Foods,0.0,24.0,0.0,
E100002001393,0.0,0.0,1237.0,March 2025,impute,Raizen,0.0,1237.0,0.0,
E100002001551,0.0,0.0,41.0,March 2025,impute,Packages,0.0,41.0,0.0,
E100002001696,0.0,0.0,11.0,March 2025,impute,Mitsubishi HC Capital,0.0,11.0,0.0,
E100002001713,0.0,0.0,16.5,March 2025,impute,West Fraser Timber,0.0,16.5,0.0,
E100002002718,0.0,0.0,34.55,March 2025,impute,Vontobel Holding,0.0,34.55,0.0,
E100002002945,0.0,0.0,25.97,March 2025,impute,abrdn,0.0,25.97,0.0,
E100002002980,0.0,0.0,124.0,March 2025,impute,Holmen,0.0,124.0,0.0,
E100002003001,0.0,182.24,100.0,March 2025,impute,CPFL Energia,182.24,282.24,0.6456916099773242,0.0
E100002003006,0.0,0.0,24.03,March 2025,impute,LOLC Holdings,0.0,24.03,0.0,
E100002003246,0.0,18.6,0.0,March 2025,impute,TSRC,18.6,18.6,1.0,0.0
E100002003247,0.0,9.3,0.0,March 2025,impute,Lien Hwa Industrial Holdings,9.3,9.3,1.0,0.0
E100002003261,0.0,0.0,36.0,March 2025,impute,Riopaila Castilla,0.0,36.0,0.0,
E100002003364,0.0,0.0,32.0,March 2025,impute,Canfor Pulp Products,0.0,32.0,0.0,
E100002003381,0.0,0.0,4.9,March 2025,impute,Toyo Kanetsu,0.0,4.9,0.0,
E100002003410,0.0,0.0,40.0,March 2025,impute,MAYAGÜEZ,0.0,40.0,0.0,
E100002003495,0.0,0.0,8.73,March 2025,impute,RCL Foods,0.0,8.73,0.0,
E100002003558,0.0,0.0,43.0,March 2025,impute,Fomento de Construcciones y Contratas,0.0,43.0,0.0,
E100002003582,0.0,286.97,6.77,March 2025,impute,Intesa Sanpaolo,286.97,293.74,0.9769524068904474,0.0
E100002004703,0.0,24.0,0.0,March 2025,impute,DCC,24.0,24.0,1.0,0.0
E100002004748,4409.55,3874.0,131.92,March 2025,impute,DTE Energy,8283.55,8415.47,0.9843241078632566,0.5323261162182881
E100002004826,0.0,4.0,0.0,March 2025,impute,Hyundai,4.0,4.0,1.0,0.0
E100002005629,0.0,273.24,0.0,March 2025,impute,Far Eastern New Century,273.24,273.24,1.0,0.0
E100002005662,0.0,468.0,0.0,March 2025,impute,Eastman Chemical,468.0,468.0,1.0,0.0
E100002005670,79.2,0.0,0.0,March 2025,impute,CNGR Advanced Material,79.2,79.2,1.0,1.0
E100002007932,399.18,399.0,0.0,March 2025,impute,Otter Tail,798.1800000000001,798.1800000000001,1.0,0.5001127565210854
E100002007991,99.0,0.0,0.0,March 2025,impute,Fauji Fertilizer Company,99.0,99.0,1.0,1.0
E100002009055,108.24,0.0,0.0,March 2025,impute,HDFC Bank,108.24,108.24,1.0,1.0
E100000000006,0.0,672.0,0.0,August 2026,zero,Capex,672.0,672.0,1.0,0.0
E100000000013,0.0,2048.32,0.0,August 2026,zero,YPF,2048.32,2048.32,1.0,0.0
E100000000014,4880.0,1130.0,0.0,August 2026,zero,AGL Energy,6010.0,6010.0,1.0,0.8119800332778702
E100000000015,0.0,707.4,0.0,August 2026,zero,BHP Group,707.4,707.4,1.0,0.0
E100000000018,206.52,2070.89,25.2,August 2026,zero,Macquarie Group,2277.41,2302.6099999999997,0.9890558974381246,0.09068195889189914
E100000000019,2880.0,2549.18,0.0,August 2026,zero,Origin Energy,5429.18,5429.18,1.0,0.5304668476639197
E100000000021,387.1,535.0,0.0,August 2026,zero,EVN,922.1,922.1,1.0,0.41980262444420346
E100000000025,29.97,70.0,103.53,August 2026,zero,Lenzing,99.97,203.5,0.49125307125307127,0.2997899369810943
E100000000027,0.0,42.33,0.0,August 2026,zero,OMV,42.33,42.33,1.0,0.0
E100000000030,0.0,1106.2,0.03,August 2026,zero,Verbund,1106.2,1106.23,0.9999728808656428,0.0
E100000000031,0.0,153.0,0.0,August 2026,zero,Voestalpine,153.0,153.0,1.0,0.0
E100000000050,127.72,868.24,0.0,August 2026,zero,Solvay,995.96,995.96,1.0,0.12823808185067673
E100000000051,0.0,422.0,0.0,August 2026,zero,Tessenderlo Group,422.0,422.0,1.0,0.0
E100000000053,0.0,790.44,64.99,August 2026,zero,CK Infrastructure Holdings,790.44,855.4300000000001,0.9240265129817753,0.0
E100000000060,0.0,131.7,0.0,August 2026,zero,Braskem,131.7,131.7,1.0,0.0
E100000000067,360.0,4460.86,9.0,August 2026,zero,Eneva,4820.86,4829.86,0.9981365919509054,0.0746754728409454
E100000000084,0.0,4392.73,0.0,August 2026,zero,Petróleo Brasileiro,4392.73,4392.73,1.0,0.0
E100000000101,0.0,176.0,0.0,August 2026,zero,ATCO,176.0,176.0,1.0,0.0
E100000000102,0.0,812.0,0.0,August 2026,zero,AltaGas,812.0,812.0,1.0,0.0
E100000000103,148.83,207.32,0.0,August 2026,zero,Barrick Mining,356.15,356.15,1.0,0.41788572230801635
E100000000104,0.0,0.0,145.0,August 2026,zero,Brookfield,0.0,145.0,0.0,
E100000000105,0.0,125.29,0.0,August 2026,zero,Canadian Natural Resources,125.29,125.29,1.0,0.0
E100000000107,0.0,6663.5,0.0,August 2026,zero,Capital Power,6663.5,6663.5,1.0,0.0
E100000000111,1743.8,5591.8,90.0,August 2026,zero,Emera,7335.6,7425.6,0.987879767291532,0.23771743279350016
E100000000112,0.0,60.0,0.0,August 2026,zero,Enbridge,60.0,60.0,1.0,0.0
E100000000113,306.0,0.0,0.0,August 2026,zero,First Quantum Minerals,306.0,306.0,1.0,1.0
E100000000114,964.13,1619.8,0.0,August 2026,zero,Fortis,2583.93,2583.93,1.0,0.37312543296451534
E100000000121,0.0,450.0,0.0,August 2026,zero,Maxim Power,450.0,450.0,1.0,0.0
E100000000127,0.0,111.15,0.0,August 2026,zero,Pembina Pipeline,111.15,111.15,1.0,0.0
E100000000132,0.0,161.84,0.0,August 2026,zero,Sherritt International,161.84,161.84,1.0,0.0
E100000000135,0.0,1550.33,0.0,August 2026,zero,Suncor Energy,1550.33,1550.33,1.0,0.0
E100000000136,0.0,815.0,32.0,August 2026,zero,TC Energy,815.0,847.0,0.9622195985832349,0.0
E100000000141,0.0,283.06,0.0,August 2026,zero,Pátria Investments,283.06,283.06,1.0,0.0
E100000000148,0.0,220.3,0.0,August 2026,zero,Energía Latina,220.3,220.3,1.0,0.0
E100000000151,834.59,135.57,14.25,August 2026,zero,Agricultural Bank of China,970.1600000000001,984.4100000000001,0.9855243242145041,0.8602601632720376
E100000000156,0.0,4526.8,0.0,August 2026,zero,Beijing Jingneng Clean Energy,4526.8,4526.8,1.0,0.0
E100000000157,20802.11,653.48,0.0,August 2026,zero,Beijing Jingneng Power,21455.59,21455.59,1.0,0.9695426692997023
E100000000173,2444.81,111.36,0.0,August 2026,zero,China Petrochemical,2556.17,2556.17,1.0,0.95643482241009
E100000000174,42862.48,304.5,9.88,August 2026,zero,China Resources Power Holdings,43166.98,43176.86,0.9997711737259264,0.9929459971487465
E100000000175,56455.7,2036.0,0.0,August 2026,zero,China Shenhua Energy,58491.7,58491.7,1.0,0.9651916425749294
E100000000180,0.0,242.4,0.0,August 2026,zero,Chongqing Gas Group,242.4,242.4,1.0,0.0
E100000000181,39365.46,6006.04,0.0,August 2026,zero,Datang International Power Generation,45371.5,45371.5,1.0,0.8676252713707944
E100000000185,3743.0,411.0,184.0,August 2026,zero,China Energy Engineering,4154.0,4338.0,0.9575841401567543,0.9010592200288878
E100000000186,4513.68,1170.0,0.0,August 2026,zero,Fujian Funeng,5683.68,5683.68,1.0,0.7941474537623512
E100000000188,41678.63,317.8,0.0,August 2026,zero,GD POWER Development,41996.43,41996.43,1.0,0.9924326901119928
E100000000192,18604.05,9223.42,51.0,August 2026,zero,Guangdong Electric Power Development,27827.47,27878.47,0.9981706313151332,0.6685498178598341
E100000000195,1462.0,0.0,0.0,August 2026,zero,Guangxi Guiguan Electric Power,1462.0,1462.0,1.0,1.0
E100000000197,1080.0,920.0,0.0,August 2026,zero,Guangzhou Hengyun Enterprises Holdings,2000.0,2000.0,1.0,0.54
E100000000213,38034.24,8121.36,9.3,August 2026,zero,Huadian Power International,46155.6,46164.9,0.9997985482476947,0.8240438863323194
E100000000217,75805.15,11930.6,291.52,August 2026,zero,Huaneng Power International,87735.75,88027.27,0.9966882989782597,0.8640166636747277
E100000000218,5246.0,370.0,0.0,August 2026,zero,Hubei Energy Group,5616.0,5616.0,1.0,0.9341168091168092
E100000000220,1320.44,276.7,0.0,August 2026,zero,Industrial and Commercial Bank of China,1597.14,1597.14,1.0,0.8267528206669421
E100000000245,3300.48,1321.57,0.0,August 2026,zero,PetroChina,4622.05,4622.05,1.0,0.7140727599225452
E100000000247,4525.72,567.56,2.82,August 2026,zero,Power Construction Corporation of China,5093.280000000001,5096.1,0.9994466356625655,0.8885668959884396
E100000000255,9254.04,4434.21,0.0,August 2026,zero,Shanghai Electric Power,13688.25,13688.25,1.0,0.676057202345077
E100000000262,6684.9,3689.2,0.0,August 2026,zero,Shenergy,10374.099999999999,10374.099999999999,1.0,0.6443836091805555
E100000000265,0.0,1240.2,0.0,August 2026,zero,Shenzhen Gas,1240.2,1240.2,1.0,0.0
E100000000310,33410.26,4944.01,0.22,August 2026,zero,Zhejiang Zheneng Electric Power,38354.270000000004,38354.490000000005,0.9999942640353189,0.8710962299634434
E100000000316,374.92,230.0,0.0,August 2026,zero,Zhuhai Port,604.9200000000001,604.9200000000001,1.0,0.6197844343053627
E100000000324,96.05,0.0,0.0,August 2026,zero,Grupo Energía Bogotá,96.05,96.05,1.0,1.0
E100000000337,2997.0,897.0,30.0,August 2026,zero,CEZ,3894.0,3924.0,0.9923547400611621,0.7696456086286595
E100000000353,0.0,261.0,40.0,August 2026,zero,Seaboard,261.0,301.0,0.867109634551495,0.0
E100000000360,753.0,300.56,0.0,August 2026,zero,Fortum,1053.56,1053.56,1.0,0.7147196172975436
E100000000368,0.0,60.8,0.0,August 2026,zero,Neste,60.8,60.8,1.0,0.0
E100000000369,39.2,0.0,866.83,August 2026,zero,Stora Enso,39.2,906.0300000000001,0.04326567552950785,1.0
E100000000372,0.0,262.0,865.21,August 2026,zero,UPM-Kymmene,262.0,1127.21,0.2324322885708963,0.0
E100000000375,0.0,996.0,0.0,August 2026,zero,Air Liquide,996.0,996.0,1.0,0.0
E100000000382,319.53,21210.35,28.89,August 2026,zero,ENGIE,21529.879999999997,21558.769999999997,0.9986599421024484,0.014841234600471532
E100000000387,320.0,7664.2,0.0,August 2026,zero,TotalEnergies,7984.2,7984.2,1.0,0.04007915633375918
E100000000388,991.01,702.3,317.52,August 2026,zero,Veolia Environnement,1693.31,2010.83,0.8420950552756822,0.5852501904553803
E100000000395,0.0,1138.2,0.0,August 2026,zero,BASF,1138.2,1138.2,1.0,0.0
E100000000397,0.0,25.0,0.0,August 2026,zero,Bertelsmann,25.0,25.0,1.0,0.0
E100000000407,5590.75,2060.55,30.25,August 2026,zero,EnBW Energie Baden-Württemberg,7651.3,7681.55,0.9960619926967864,0.730692823441768
E100000000424,0.0,362.6,0.0,August 2026,zero,Linde,362.6,362.6,1.0,0.0
E100000000426,630.2,214.0,50.85,August 2026,zero,MVV Energie,844.2,895.0500000000001,0.9431875314228255,0.7465055674010898
E100000000433,7064.8,15689.58,593.0,August 2026,zero,RWE,22754.38,23347.38,0.9746010044810167,0.31048088324094086
E100000000436,660.0,610.67,1.15,August 2026,zero,Siemens,1270.67,1271.8200000000002,0.9990957839945903,0.5194110193834748
E100000000457,2393.0,10004.27,0.0,August 2026,zero,Uniper,12397.27,12397.27,1.0,0.1930263679019655
E100000000459,70.0,602.0,0.0,August 2026,zero,Volkswagen,672.0,672.0,1.0,0.10416666666666667
E100000000472,0.0,1020.5,0.0,August 2026,zero,"GEK TERNA Holdings, Real Estate, Construction",1020.5,1020.5,1.0,0.0
E100000000473,0.0,856.84,0.0,August 2026,zero,HELLENiQ ENERGY Holdings,856.84,856.84,1.0,0.0
E100000000475,0.0,1887.79,0.0,August 2026,zero,Metlen Energy & Metals,1887.79,1887.79,1.0,0.0
E100000000476,660.0,2987.11,0.0,August 2026,zero,Public Power Corporation,3647.11,3647.11,1.0,0.1809652025850605
E100000000481,6596.0,4616.35,0.0,August 2026,zero,CLP Holdings,11212.35,11212.35,1.0,0.5882798878022895
E100000000483,12476.62,815.2,88.0,August 2026,zero,China Power International Development,13291.820000000002,13379.820000000002,0.9934229309512385,0.9386690460749543
E100000000486,0.0,518.01,0.0,August 2026,zero,First Pacific,518.01,518.01,1.0,0.0
E100000000487,1050.0,1995.0,0.0,August 2026,zero,HK Electric Investments and HK Electric Investments,3045.0,3045.0,1.0,0.3448275862068966
E100000000490,20.0,1739.1,0.0,August 2026,zero,Kunlun Energy Company Limited,1759.1,1759.1,1.0,0.011369450287078621
E100000000505,0.0,197.0,6.0,August 2026,zero,MOL Magyar Olajes Gazipari,197.0,203.0,0.9704433497536946,0.0
E100000000512,540.0,0.0,0.0,August 2026,zero,GVK Power & Infrastructure,540.0,540.0,1.0,1.0
E100000000513,0.0,225.86,0.0,August 2026,zero,GAIL,225.86,225.86,1.0,0.0
E100000000522,1252.0,45.2,0.0,August 2026,zero,National Aluminium,1297.2,1297.2,1.0,0.9651557200123342
E100000000524,0.0,600.62,0.0,August 2026,zero,Oil and Natural Gas,600.62,600.62,1.0,0.0
E100000000531,220.0,50.0,0.0,August 2026,zero,UltraTech Cement,270.0,270.0,1.0,0.8148148148148148
E100000000533,170.0,113.1,0.0,August 2026,zero,PT Medco Energi Internasional,283.1,283.1,1.0,0.6004945249028611
E100000000585,0.0,88.27,0.0,August 2026,zero,Delek Group,88.27,88.27,1.0,0.0
E100000000591,0.0,230.0,0.0,August 2026,zero,ICL Group,230.0,230.0,1.0,0.0
E100000000598,0.0,146.0,0.0,August 2026,zero,Rapac Communication and Infrastructure,146.0,146.0,1.0,0.0
E100000000602,0.0,6779.0,264.1,August 2026,zero,A2A,6779.0,7043.1,0.9625023072226718,0.0
E100000000608,590.0,7521.0,26.4,August 2026,zero,Enel,8111.0,8137.4,0.9967557205004056,0.07274072247565035
E100000000610,0.0,5621.32,0.0,August 2026,zero,Eni,5621.32,5621.32,1.0,0.0
E100000000619,0.0,241.6,22.84,August 2026,zero,Hera,241.6,264.44,0.9136288004840417,0.0
E100000000620,0.0,2523.0,0.0,August 2026,zero,Iren,2523.0,2523.0,1.0,0.0
E100000000630,6574.92,26454.33,197.88,August 2026,zero,Chubu Electric Power,33029.25,33227.13,0.9940446255815655,0.19906355730148279
E100000000635,0.0,3196.17,91.9,August 2026,zero,ENEOS Holdings,3196.17,3288.07,0.9720504733779999,0.0
E100000000638,0.0,321.89,0.0,August 2026,zero,INPEX,321.89,321.89,1.0,0.0
E100000000639,0.0,581.83,26.07,August 2026,zero,Idemitsu Kosan,581.83,607.9000000000001,0.9571146570159565,0.0
E100000000641,9066.14,5091.59,11.67,August 2026,zero,Electric Power Development,14157.73,14169.4,0.9991763942015893,0.6403667819629276
E100000000643,329.85,281.7,0.0,August 2026,zero,JFE Holdings,611.55,611.55,1.0,0.5393671817512878
E100000000645,0.0,389.4,67.38,August 2026,zero,Japan Petroleum Exploration,389.4,456.78,0.8524891632733482,0.0
E100000000646,2626.3,11032.32,331.0,August 2026,zero,Kansai Electric Power,13658.619999999999,13989.619999999999,0.976339600360839,0.19228150428081317
E100000000647,2700.0,1248.2,0.0,August 2026,zero,Kobe Steel,3948.2,3948.2,1.0,0.6838559343498304
E100000000648,3307.65,6112.07,124.37,August 2026,zero,Kyushu Electric Power,9419.72,9544.09,0.9869688990778586,0.3511410105608235
E100000000649,1518.63,5198.83,54.02,August 2026,zero,Marubeni,6717.46,6771.4800000000005,0.9920224234583872,0.22607205699773428
E100000000650,382.7,4523.83,39.66,August 2026,zero,Mitsubishi,4906.53,4946.19,0.9919817071321563,0.07799809641437024
E100000000651,1245.04,5827.52,1.61,August 2026,zero,Mitsui &,7072.56,7074.17,0.9997724114631116,0.17603809653081767
E100000000652,2355.15,2528.83,0.0,August 2026,zero,Nippon Steel,4883.98,4883.98,1.0,0.48221941940794194
E100000000654,246.05,3365.29,148.38,August 2026,zero,Osaka Gas,3611.34,3759.7200000000003,0.9605342951070824,0.06813260451799055
E100000000655,1450.0,2544.49,27.0,August 2026,zero,Shikoku Electric Power,3994.49,4021.49,0.9932860705857779,0.36300003254483054
E100000000656,0.0,807.95,36.75,August 2026,zero,Sojitz,807.95,844.7,0.9564934296199834,0.0
E100000000657,4654.04,2557.92,125.0,August 2026,zero,Sumitomo,7211.96,7336.96,0.9829629710397767,0.6453224920825962
E100000000658,5356.84,6721.0,1.82,August 2026,zero,Tohoku Electric Power,12077.84,12079.66,0.9998493335077312,0.443526325899333
E100000000659,6655.47,26085.08,0.58,August 2026,zero,Tokyo Electric Power,32740.550000000003,32741.130000000005,0.9999822852784861,0.20327911412606078
E100000000660,0.0,1966.98,137.25,August 2026,zero,Tokyo Gas,1966.98,2104.23,0.934774240458505,0.0
E100000000662,52.5,706.53,1.5,August 2026,zero,Toyota Tsusho,759.03,760.53,0.9980276912153366,0.06916722659183432
E100000000669,0.0,298.62,0.0,August 2026,zero,National Company KazMunayGas,298.62,298.62,1.0,0.0
E100000000685,0.0,1045.0,112.24,August 2026,zero,Ignitis Grupe,1045.0,1157.24,0.9030106114548409,0.0
E100000000687,88.5,1306.54,0.0,August 2026,zero,ArcelorMittal,1395.04,1395.04,1.0,0.06343904117444661
E100000000692,0.0,483.0,0.0,August 2026,zero,Tenaris,483.0,483.0,1.0,0.0
E100000000700,0.0,157.44,9.2,August 2026,zero,Melewar Industrial Group,157.44,166.64,0.944791166586654,0.0
E100000000703,0.0,171.0,0.0,August 2026,zero,Petronas Gas,171.0,171.0,1.0,0.0
E100000000706,6810.0,4912.04,11.25,August 2026,zero,Tenaga Nasional,11722.04,11733.29,0.9990411896407572,0.5809568982873288
E100000000707,231.0,0.0,0.0,August 2026,zero,YTL Corporation,231.0,231.0,1.0,1.0
E100000000712,0.0,114.0,0.0,August 2026,zero,Cydsa,114.0,114.0,1.0,0.0
E100000000718,0.0,516.2,0.0,August 2026,zero,Grupo México,516.2,516.2,1.0,0.0
E100000000735,0.0,573.0,0.0,August 2026,zero,Akzo Nobel,573.0,573.0,1.0,0.0
E100000000741,0.0,56.41,0.0,August 2026,zero,LyondellBasell Industries,56.41,56.41,1.0,0.0
E100000000746,0.0,3339.17,0.0,August 2026,zero,Shell,3339.17,3339.17,1.0,0.0
E100000000747,32.0,112.0,0.0,August 2026,zero,Stellantis,144.0,144.0,1.0,0.2222222222222222
E100000000749,0.0,35.0,0.0,August 2026,zero,Fonterra Co-operative Group,35.0,35.0,1.0,0.0
E100000000759,0.0,480.0,0.0,August 2026,zero,Oando,480.0,480.0,1.0,0.0
E100000000764,0.0,676.26,0.0,August 2026,zero,Transnational Corporation,676.26,676.26,1.0,0.0
E100000000766,0.0,1161.0,0.0,August 2026,zero,Equinor,1161.0,1161.0,1.0,0.0
E100000000770,0.0,0.0,38.02,August 2026,zero,Norske Skog,0.0,38.02,0.0,
E100000000773,0.0,28.69,0.0,August 2026,zero,Wärtsilä,28.69,28.69,1.0,0.0
E100000000774,0.0,68.0,11.5,August 2026,zero,Yara International,68.0,79.5,0.8553459119496856,0.0
E100000000776,0.0,164.0,0.0,August 2026,zero,Dhofar International Development & Investment Holding Company,164.0,164.0,1.0,0.0
E100000000798,0.0,140.0,0.0,August 2026,zero,Palestine Electric Company,140.0,140.0,1.0,0.0
E100000000805,0.0,129.85,0.0,August 2026,zero,ACEN,129.85,129.85,1.0,0.0
E100000000810,0.0,823.55,2.55,August 2026,zero,First Generation Holdings,823.55,826.0999999999999,0.9969132066335795,0.0
E100000000813,838.84,763.74,0.0,August 2026,zero,Manila Electric,1602.58,1602.58,1.0,0.5234309675648018
E100000000815,3755.8,1539.75,0.0,August 2026,zero,San Miguel,5295.55,5295.55,1.0,0.7092370008780958
E100000000817,68.0,129.36,0.0,August 2026,zero,Vivant,197.36,197.36,1.0,0.3445480340494528
E100000000818,0.0,21.0,0.0,August 2026,zero,Arctic Paper,21.0,21.0,1.0,0.0
E100000000822,340.55,0.0,0.0,August 2026,zero,Energa,340.55,340.55,1.0,1.0
E100000000824,0.0,49.5,0.0,August 2026,zero,KGHM Polska Miedź,49.5,49.5,1.0,0.0
E100000000826,12609.4,2303.0,68.0,August 2026,zero,PGE Polska Grupa Energetyczna,14912.4,14980.4,0.9954607353608715,0.8455647648936455
E100000000827,1598.55,1180.33,25.0,August 2026,zero,ORLEN,2778.88,2803.88,0.9910837838994536,0.5752497409028098
E100000000828,0.0,129.0,0.0,August 2026,zero,Polenergia,129.0,129.0,1.0,0.0
E100000000832,4423.5,304.0,40.0,August 2026,zero,TAURON Polska Energia,4727.5,4767.5,0.9916098584163607,0.935695399259651
E100000000834,0.0,3141.61,0.0,August 2026,zero,EDP,3141.61,3141.61,1.0,0.0
E100000000836,0.0,54.19,0.0,August 2026,zero,Galp Energia,54.19,54.19,1.0,0.0
E100000000837,0.0,0.0,26.45,August 2026,zero,Mota-Engil,0.0,26.45,0.0,
E100000000840,0.0,200.0,0.0,August 2026,zero,Industries Qatar,200.0,200.0,1.0,0.0
E100000000842,0.0,675.0,0.0,August 2026,zero,Qatar Aluminium Manufacturing Co,675.0,675.0,1.0,0.0
E100000000858,0.0,230.0,0.0,August 2026,zero,Ilim Group,230.0,230.0,1.0,0.0
E100000000860,0.0,110.0,0.0,August 2026,zero,Mechel,110.0,110.0,1.0,0.0
E100000000864,2480.41,1505.61,0.0,August 2026,zero,RusHydro,3986.0199999999995,3986.0199999999995,1.0,0.6222773593710017
E100000000866,2420.0,8920.0,0.0,August 2026,zero,Unipro,11340.0,11340.0,1.0,0.21340388007054673
E100000000868,4021.0,24205.45,0.0,August 2026,zero,Inter RAO,28226.45,28226.45,1.0,0.14245503773942525
E100000000869,0.0,3343.6,0.0,August 2026,zero,LUKOIL,3343.6,3343.6,1.0,0.0
E100000000870,0.0,1016.7,0.0,August 2026,zero,Norilsk Nickel Mining and Metallurgical Company,1016.7,1016.7,1.0,0.0
E100000000874,0.0,1312.67,0.0,August 2026,zero,Rosneft,1312.67,1312.67,1.0,0.0
E100000000878,0.0,13465.9,0.0,August 2026,zero,T Plus,13465.9,13465.9,1.0,0.0
E100000000881,0.0,684.0,0.0,August 2026,zero,Tatneft,684.0,684.0,1.0,0.0
E100000000882,0.0,10448.35,0.0,August 2026,zero,ACWA Power,10448.35,10448.35,1.0,0.0
E100000000888,0.0,6356.0,0.0,August 2026,zero,Saudi Arabian Oil,6356.0,6356.0,1.0,0.0
E100000000889,0.0,185.0,0.0,August 2026,zero,Saudi Basic Industries,185.0,185.0,1.0,0.0
E100000000890,0.0,61967.85,0.0,August 2026,zero,Saudi Electricity,61967.85,61967.85,1.0,0.0
E100000000906,0.0,22.4,0.0,August 2026,zero,NSL,22.4,22.4,1.0,0.0
E100000000909,1626.0,5103.0,37.38,August 2026,zero,Sembcorp Industries,6729.0,6766.38,0.9944756280315323,0.24164065983058403
E100000000927,0.0,324.0,0.0,August 2026,zero,Sasol,324.0,324.0,1.0,0.0
E100000000935,267.0,3465.41,148.04,August 2026,zero,GS Holdings,3732.41,3880.45,0.9618497854630262,0.07153554941713264
E100000000936,0.0,500.0,0.0,August 2026,zero,HDC Holdings,500.0,500.0,1.0,0.0
E100000000938,0.0,827.0,0.0,August 2026,zero,Hanjin Heavy Industries & Construction Holdings,827.0,827.0,1.0,0.0
E100000000947,35688.37,24436.0,785.11,August 2026,zero,Korea Electric Power,60124.37,60909.48,0.9871102166690636,0.5935757829978094
E100000000950,0.0,270.0,0.0,August 2026,zero,Korea Zinc,270.0,270.0,1.0,0.0
E100000000953,714.0,4400.02,0.0,August 2026,zero,POSCO Holdings,5114.02,5114.02,1.0,0.13961619234965839
E100000000955,395.2,1116.39,0.0,August 2026,zero,SK Gas,1511.5900000000001,1511.5900000000001,1.0,0.26144655627518043
E100000000958,911.8,308.96,0.0,August 2026,zero,Samchully,1220.76,1220.76,1.0,0.7469117598872833
E100000000960,603.2,1296.75,0.0,August 2026,zero,Samsung C&T,1899.95,1899.95,1.0,0.31748203900102634
E100000000968,0.0,7784.6,0.0,August 2026,zero,Endesa,7784.6,7784.6,1.0,0.0
E100000000975,0.0,7280.3,0.0,August 2026,zero,Iberdrola,7280.3,7280.3,1.0,0.0
E100000000978,0.0,8664.13,24.5,August 2026,zero,Naturgy Energy Group,8664.13,8688.63,0.997180222888994,0.0
E100000000980,0.0,2216.0,0.0,August 2026,zero,Repsol,2216.0,2216.0,1.0,0.0
E100000000991,0.0,263.65,0.0,August 2026,zero,BKW,263.65,263.65,1.0,0.0
E100000001005,0.0,733.09,0.26,August 2026,zero,UBS Group,733.09,733.35,0.9996454626031227,0.0
E100000001008,0.0,1210.0,0.0,August 2026,zero,Asia Cement,1210.0,1210.0,1.0,0.0
E100000001009,0.0,0.0,8.65,August 2026,zero,CTCI,0.0,8.65,0.0,
E100000001012,983.8,0.0,0.0,August 2026,zero,Formosa Chemicals & Fibre,983.8,983.8,1.0,1.0
E100000001013,3102.8,0.0,0.0,August 2026,zero,Formosa Petrochemical,3102.8,3102.8,1.0,1.0
E100000001015,608.65,1243.0,0.0,August 2026,zero,Formosa Plastics,1851.65,1851.65,1.0,0.3287068290443658
E100000001016,298.8,52.0,0.0,August 2026,zero,Nan Ya Plastics,350.8,350.8,1.0,0.8517673888255416
E100000001017,48.0,1610.61,0.0,August 2026,zero,Taiwan Cogeneration,1658.61,1658.61,1.0,0.028939895454627673
E100000001021,0.0,114.0,112.63,August 2026,zero,Absolute Clean Energy,114.0,226.63,0.5030225477650797,0.0
E100000001023,0.0,2803.33,0.0,August 2026,zero,B.Grimm Power,2803.33,2803.33,1.0,0.0
E100000001029,594.38,3840.7,0.0,August 2026,zero,Global Power Synergy,4435.08,4435.08,1.0,0.1340178756640241
E100000001035,0.0,19.25,0.0,August 2026,zero,PTT,19.25,19.25,1.0,0.0
E100000001043,0.0,49.17,0.0,August 2026,zero,Univentures,49.17,49.17,1.0,0.0
E100000001044,0.0,94.14,0.0,August 2026,zero,National Enterprises,94.14,94.14,1.0,0.0
E100000001057,225.0,889.7,2.39,August 2026,zero,Hacı Ömer Sabancı Holding,1114.7,1117.0900000000001,0.9978605125817973,0.20184803086032116
E100000001069,0.0,226.0,0.0,August 2026,zero,Petkim Petrokimya Holding,226.0,226.0,1.0,0.0
E100000001071,0.0,239.22,0.0,August 2026,zero,Turcas Petrol,239.22,239.22,1.0,0.0
E100000001072,0.0,15.84,0.0,August 2026,zero,Türkiye İş Bankasi,15.84,15.84,1.0,0.0
E100000001078,250.0,7616.15,4.99,August 2026,zero,Abu Dhabi National Energy Company,7866.15,7871.139999999999,0.9993660384645681,0.031781748377541746
E100000001096,0.0,1916.71,191.6,August 2026,zero,BP,1916.71,2108.31,0.9091215238745726,0.0
E100000001101,0.0,565.0,0.0,August 2026,zero,Centrica,565.0,565.0,1.0,0.0
E100000001104,0.0,96.0,2580.0,August 2026,zero,Drax Group,96.0,2676.0,0.03587443946188341,0.0
E100000001114,279.3,0.0,121.0,August 2026,zero,Mondi,279.3,400.3,0.6977267049712715,1.0
E100000001116,0.0,3480.4,0.0,August 2026,zero,National Grid,3480.4,3480.4,1.0,0.0
E100000001119,0.0,380.0,0.0,August 2026,zero,Rio Tinto,380.0,380.0,1.0,0.0
E100000001122,0.0,145.0,0.0,August 2026,zero,SDCL Energy Efficiency Income Trust,145.0,145.0,1.0,0.0
E100000001123,0.0,6117.8,25.0,August 2026,zero,SSE,6117.8,6142.8,0.9959301946994856,0.0
E100000001126,0.0,65.0,0.0,August 2026,zero,Tate & Lyle,65.0,65.0,1.0,0.0
E100000001132,0.0,1973.11,0.0,August 2026,zero,Air Products and Chemicals,1973.11,1973.11,1.0,0.0
E100000001133,247.2,1244.8,0.0,August 2026,zero,Algonquin Power & Utilities,1492.0,1492.0,1.0,0.16568364611260053
E100000001135,1689.02,3262.08,0.0,August 2026,zero,Alliant Energy,4951.1,4951.1,1.0,0.3411403526489063
E100000001137,0.0,129.75,0.0,August 2026,zero,Alphabet,129.75,129.75,1.0,0.0
E100000001140,10567.57,8581.5,0.0,August 2026,zero,American Electric Power Company,19149.07,19149.07,1.0,0.5518581320137218
E100000001155,7583.39,13887.54,0.0,August 2026,zero,Berkshire Hathaway,21470.93,21470.93,1.0,0.35319336423713366
E100000001157,413.88,262.64,0.0,August 2026,zero,Black Hills,676.52,676.52,1.0,0.6117779223082835
E100000001158,1260.0,3566.94,0.0,August 2026,zero,Blackstone,4826.9400000000005,4826.9400000000005,1.0,0.2610349413914405
E100000001164,1514.03,3895.0,64.5,August 2026,zero,CMS Energy,5409.03,5473.53,0.9882160141627067,0.2799078577859616
E100000001169,0.0,797.0,0.0,August 2026,zero,California Resources,797.0,797.0,1.0,0.0
E100000001173,0.0,3268.68,0.0,August 2026,zero,Carlyle Group,3268.68,3268.68,1.0,0.0
E100000001177,530.4,51.07,0.0,August 2026,zero,CenterPoint Energy,581.47,581.47,1.0,0.9121708772593599
E100000001179,0.0,1059.3,0.0,August 2026,zero,Chevron,1059.3,1059.3,1.0,0.0
E100000001186,0.0,716.0,0.0,August 2026,zero,Consolidated Edison,716.0,716.0,1.0,0.0
E100000001193,4576.2,12078.0,213.0,August 2026,zero,Dominion Energy,16654.2,16867.2,0.9873719408081958,0.27477753359512913
E100000001194,15030.71,24376.63,0.0,August 2026,zero,Duke Energy,39407.34,39407.34,1.0,0.3814190452844572
E100000001195,0.0,5.77,0.0,August 2026,zero,Dupont,5.77,5.77,1.0,0.0
E100000001198,0.0,1286.0,0.0,August 2026,zero,Edison International,1286.0,1286.0,1.0,0.0
E100000001209,1775.92,6945.0,0.0,August 2026,zero,Entergy,8720.92,8720.92,1.0,0.20363906560317033
E100000001210,6116.96,4444.54,0.0,August 2026,zero,Evergy,10561.5,10561.5,1.0,0.5791753065378971
E100000001212,0.0,105.0,0.0,August 2026,zero,Exelon,105.0,105.0,1.0,0.0
E100000001213,0.0,2102.48,0.0,August 2026,zero,Exxon Mobil,2102.48,2102.48,1.0,0.0
E100000001215,0.0,25.0,0.0,August 2026,zero,FMC,25.0,25.0,1.0,0.0
E100000001220,95.16,116.46,0.0,August 2026,zero,FreePort-McMoran,211.62,211.62,1.0,0.4496739438616388
E100000001223,0.0,3044.43,0.0,August 2026,zero,General Electric,3044.43,3044.43,1.0,0.0
E100000001235,383.46,1146.92,0.0,August 2026,zero,IDACORP,1530.38,1530.38,1.0,0.2505652190959108
E100000001237,646.61,1955.42,244.38,August 2026,zero,ITOCHU,2602.03,2846.4100000000003,0.9141444837532189,0.24850213102846622
E100000001241,0.0,508.7,1072.81,August 2026,zero,International Paper,508.7,1581.51,0.3216546212164324,0.0
E100000001247,367.86,3347.77,875.98,August 2026,zero,KKR & Co.,3715.63,4591.610000000001,0.8092216020088814,0.09900339915438297
E100000001251,323.49,407.13,0.0,August 2026,zero,MGE Energy,730.62,730.62,1.0,0.44276094276094274
E100000001254,0.0,973.95,0.0,August 2026,zero,Marathon Petroleum,973.95,973.95,1.0,0.0
E100000001260,0.0,837.99,0.0,August 2026,zero,Morgan Stanley,837.99,837.99,1.0,0.0
E100000001262,6963.0,11184.74,0.0,August 2026,zero,NRG Energy,18147.739999999998,18147.739999999998,1.0,0.383684139182069
E100000001265,0.0,120.0,16.0,August 2026,zero,New Fortress Energy,120.0,136.0,0.8823529411764706,0.0
E100000001267,222.75,28185.1,0.0,August 2026,zero,NextEra Energy,28407.85,28407.85,1.0,0.007841142501104448
E100000001268,1387.0,877.0,0.0,August 2026,zero,NiSource,2264.0,2264.0,1.0,0.6126325088339223
E100000001269,2060.0,5321.39,0.0,August 2026,zero,OGE Energy,7381.39,7381.39,1.0,0.27908022743683775
E100000001270,0.0,1786.83,0.0,August 2026,zero,Occidental Petroleum,1786.83,1786.83,1.0,0.0
E100000001271,0.0,678.0,0.0,August 2026,zero,Olin,678.0,678.0,1.0,0.0
E100000001275,0.0,284.0,0.0,August 2026,zero,PBF Energy,284.0,284.0,1.0,0.0
E100000001277,212.71,717.5,0.0,August 2026,zero,PNM Resources,930.21,930.21,1.0,0.22866879521828404
E100000001278,5326.66,3160.0,0.0,August 2026,zero,PPL,8486.66,8486.66,1.0,0.62765092509892
E100000001282,0.0,631.0,0.0,August 2026,zero,Phillips 66,631.0,631.0,1.0,0.0
E100000001283,1030.81,4324.4,0.0,August 2026,zero,Pinnacle West Capital,5355.209999999999,5355.209999999999,1.0,0.19248731609031208
E100000001293,0.0,1639.5,0.0,August 2026,zero,Sempra,1639.5,1639.5,1.0,0.0
E100000001303,0.0,853.0,0.0,August 2026,zero,TexGen Power,853.0,853.0,1.0,0.0
E100000001305,2714.59,7829.72,11.27,August 2026,zero,AES,10544.310000000001,10555.580000000002,0.9989323182619998,0.25744595900537826
E100000001307,0.0,168.0,0.0,August 2026,zero,The Procter & Gamble,168.0,168.0,1.0,0.0
E100000001309,9758.92,25954.7,0.0,August 2026,zero,Southern,35713.62,35713.62,1.0,0.2732548534704687
E100000001315,0.0,146.0,0.0,August 2026,zero,UGI,146.0,146.0,1.0,0.0
E100000001321,0.0,173.0,0.0,August 2026,zero,Valero Energy,173.0,173.0,1.0,0.0
E100000001322,9085.2,23237.65,0.0,August 2026,zero,Vistra,32322.850000000002,32322.850000000002,1.0,0.2810766996103376
E100000001324,2873.0,4118.21,58.0,August 2026,zero,WEC Energy Group,6991.21,7049.21,0.991772127656858,0.4109446004339735
E100000001329,4332.96,10234.4,68.0,August 2026,zero,Xcel Energy,14567.36,14635.36,0.995353718664932,0.29744305076554706
E100000001341,0.0,15.0,0.0,August 2026,zero,China Primary Energy Holdings,15.0,15.0,1.0,0.0
E100000001366,15882.66,900.0,58.7,August 2026,zero,An Hui Wenergy,16782.66,16841.36,0.996514533268097,0.9463732209316044
E100000001371,3625.84,555.2,0.0,August 2026,zero,Aboitiz Power,4181.04,4181.04,1.0,0.8672100721351625
E100000001379,0.0,132.0,21.3,August 2026,zero,Antin Infrastructure Partners,132.0,153.3,0.8610567514677103,0.0
E100000001384,0.0,1484.82,0.0,August 2026,zero,Ares Management,1484.82,1484.82,1.0,0.0
E100000001450,0.0,408.24,0.0,August 2026,zero,Doreen Power Generations and Systems,408.24,408.24,1.0,0.0
E100000001454,1825.0,1327.14,451.96,August 2026,zero,E.ON,3152.1400000000003,3604.1000000000004,0.8745983740739713,0.5789717461787864
E100000001465,225.0,0.0,0.0,August 2026,zero,Elektroprivreda Crne Gore,225.0,225.0,1.0,1.0
E100000001471,3882.69,663.79,0.0,August 2026,zero,En+ Group,4546.48,4546.48,1.0,0.8539991377945136
E100000001492,124.6,3074.92,1.85,August 2026,zero,Gazprom,3199.52,3201.37,0.9994221224038459,0.03894334150122518
E100000001528,1200.0,0.0,3.0,August 2026,zero,Infrastructure Leasing & Financial Services,1200.0,1203.0,0.9975062344139651,1.0
E100000001534,266.26,161.27,0.0,August 2026,zero,JPMorgan Chase & Co,427.53,427.53,1.0,0.6227867050265479
E100000001551,263.0,179.0,0.0,August 2026,zero,Zespół Elektrociepłowni Wrocławskich Kogeneracja,442.0,442.0,1.0,0.5950226244343891
E100000001558,0.0,0.0,27.22,August 2026,zero,LX International,0.0,27.22,0.0,
E100000001576,0.0,615.0,0.0,August 2026,zero,MVM Balance,615.0,615.0,1.0,0.0
E100000001585,0.0,197.47,0.0,August 2026,zero,Mivtach Shamir Holdings,197.47,197.47,1.0,0.0
E100000001586,0.0,591.31,0.0,August 2026,zero,Motor Oil Hellas,591.31,591.31,1.0,0.0
E100000001597,93.17,135.28,0.0,August 2026,zero,Newmont,228.45,228.45,1.0,0.4078354125629241
E100000001607,0.0,41.36,608.83,August 2026,zero,Ørsted,41.36,650.19,0.06361217490272074,0.0
E100000001636,1681.68,5344.77,1.6,August 2026,zero,RATCH Group,7026.450000000001,7028.050000000001,0.9997723408342285,0.23933565313920968
E100000001645,10389.24,0.0,0.0,August 2026,zero,SDIC Power Holdings,10389.24,10389.24,1.0,1.0
E100000001647,208.0,1864.96,0.0,August 2026,zero,SK,2072.96,2072.96,1.0,0.10033961099104662
E100000001651,0.0,73.44,0.0,August 2026,zero,SSAB,73.44,73.44,1.0,0.0
E100000001654,0.0,144.4,284.18,August 2026,zero,Sappi,144.4,428.58000000000004,0.3369265948014373,0.0
E100000001667,6422.86,7665.78,375.21,August 2026,zero,Shenzhen Energy Group,14088.64,14463.849999999999,0.9740587741161586,0.4558892838485475
E100000001688,275.0,18.6,12.25,August 2026,zero,Sumitomo Chemical,293.6,305.85,0.9599476867745627,0.9366485013623977
E100000001691,0.0,410.59,0.0,August 2026,zero,Summit Power,410.59,410.59,1.0,0.0
E100000001713,0.0,147.0,157.33,August 2026,zero,The Navigator,147.0,304.33000000000004,0.4830282916570827,0.0
E100000001716,230.0,43.0,0.0,August 2026,zero,Toplofikacia Pleven,273.0,273.0,1.0,0.8424908424908425
E100000001734,0.0,991.5,0.0,August 2026,zero,Westlake,991.5,991.5,1.0,0.0
E100000001745,474.0,0.0,100.0,August 2026,zero,Zespół Elektrowni Pątnów Adamów Konin,474.0,574.0,0.8257839721254355,1.0
E100000001757,0.0,585.0,0.0,August 2026,zero,Aluar Aluminio Argentino,585.0,585.0,1.0,0.0
E100000001758,0.0,5890.61,0.0,August 2026,zero,Central Puerto,5890.61,5890.61,1.0,0.0
E100000001763,0.0,3691.52,0.0,August 2026,zero,Pampa Energia,3691.52,3691.52,1.0,0.0
E100000001768,0.0,362.2,0.0,August 2026,zero,APA Group,362.2,362.2,1.0,0.0
E100000001770,0.0,299.25,0.0,August 2026,zero,Energy World,299.25,299.25,1.0,0.0
E100000001801,0.0,533.0,0.0,August 2026,zero,Grupo Neoenergia,533.0,533.0,1.0,0.0
E100000001818,0.0,198.0,0.0,August 2026,zero,Cenovus Energy,198.0,198.0,1.0,0.0
E100000001824,0.0,170.0,0.0,August 2026,zero,MEG Energy,170.0,170.0,1.0,0.0
E100000001827,0.0,640.76,0.0,August 2026,zero,Northland Power,640.76,640.76,1.0,0.0
E100000001830,0.0,4861.08,0.0,August 2026,zero,TransAlta,4861.08,4861.08,1.0,0.0
E100000001873,0.0,130.0,0.0,August 2026,zero,Mercedes-Benz Group,130.0,130.0,1.0,0.0
E100000001880,0.0,84.0,0.0,August 2026,zero,Henkel,84.0,84.0,1.0,0.0
E100000001885,0.0,379.0,0.0,August 2026,zero,K+S,379.0,379.0,1.0,0.0
E100000001895,0.0,3010.0,0.0,August 2026,zero,Siemens Energy,3010.0,3010.0,1.0,0.0
E100000001905,0.0,238.0,0.0,August 2026,zero,Wacker Chemie,238.0,238.0,1.0,0.0
E100000001906,127.05,288.81,20.0,August 2026,zero,enercity,415.86,435.86,0.9541137062359474,0.3055114702063194
E100000001917,0.0,140.85,0.0,August 2026,zero,Hindustan Petroleum Corporation,140.85,140.85,1.0,0.0
E100000001918,0.0,714.4,0.0,August 2026,zero,Indian Oil,714.4,714.4,1.0,0.0
E100000001919,264.0,58.0,0.0,August 2026,zero,KSK Energy Ventures,322.0,322.0,1.0,0.8198757763975155
E100000001924,0.0,77.5,0.0,August 2026,zero,Maruti Suzuki India,77.5,77.5,1.0,0.0
E100000001926,62879.2,6236.02,0.0,August 2026,zero,NTPC,69115.22,69115.22,1.0,0.9097735636231787
E100000001937,500.0,705.0,0.0,August 2026,zero,Reliance Infrastructure,1205.0,1205.0,1.0,0.4149377593360996
E100000001940,6074.5,234.0,0.0,August 2026,zero,Tata Power Company,6308.5,6308.5,1.0,0.9629071887136403
E100000001941,1762.0,2732.0,0.0,August 2026,zero,Torrent Power,4494.0,4494.0,1.0,0.39207832665776593
E100000001942,0.0,50.0,0.0,August 2026,zero,UPL,50.0,50.0,1.0,0.0
E100000001943,0.0,500.0,0.0,August 2026,zero,PT AKR Corporindo,500.0,500.0,1.0,0.0
E100000001946,280.0,864.0,0.0,August 2026,zero,PT Cikarang Listrindo,1144.0,1144.0,1.0,0.24475524475524477
E100000001975,0.0,17.6,0.0,August 2026,zero,Avio,17.6,17.6,1.0,0.0
E100000001977,0.0,99.0,0.0,August 2026,zero,ERG,99.0,99.0,1.0,0.0
E100000001982,3563.9,4905.24,0.0,August 2026,zero,The Chugoku Electric Power,8469.14,8469.14,1.0,0.4208101412894344
E100000001983,0.0,796.4,0.0,August 2026,zero,East Japan Railway,796.4,796.4,1.0,0.0
E100000001984,0.0,218.8,0.0,August 2026,zero,Kanadevia,218.8,218.8,1.0,0.0
E100000001985,1900.0,2473.6,0.0,August 2026,zero,Hokkaido Electric Power,4373.6,4373.6,1.0,0.43442473019937805
E100000001986,2900.0,1664.7,0.0,August 2026,zero,Hokuriku Electric Power,4564.7,4564.7,1.0,0.6353100970490941
E100000001989,0.0,398.0,0.0,August 2026,zero,Kawasaki Heavy Industries,398.0,398.0,1.0,0.0
E100000002000,0.0,176.9,0.0,August 2026,zero,Kenya Electricity Generating Company,176.9,176.9,1.0,0.0
E100000002037,0.0,587.0,0.0,August 2026,zero,Contact Energy,587.0,587.0,1.0,0.0
E100000002038,750.0,454.0,0.0,August 2026,zero,Genesis Energy,1204.0,1204.0,1.0,0.6229235880398671
E100000002054,951.39,1494.4,0.0,August 2026,zero,Hub Power Company,2445.79,2445.79,1.0,0.3889908782029528
E100000002056,0.0,1600.0,0.0,August 2026,zero,Kot Addu Power,1600.0,1600.0,1.0,0.0
E100000002067,0.0,200.0,0.0,August 2026,zero,Romgaz,200.0,200.0,1.0,0.0
E100000002075,0.0,114.0,0.0,August 2026,zero,Solikamskbumprom,114.0,114.0,1.0,0.0
E100000002080,0.0,300.0,0.0,August 2026,zero,Magnitogorskiy Metallurgicheskiy Kombinat,300.0,300.0,1.0,0.0
E100000002081,0.0,12229.0,0.0,August 2026,zero,Mosenergo,12229.0,12229.0,1.0,0.0
E100000002083,0.0,450.0,0.0,August 2026,zero,Kurgan Generating Company,450.0,450.0,1.0,0.0
E100000002085,0.0,320.0,0.0,August 2026,zero,Kamchatskenergo,320.0,320.0,1.0,0.0
E100000002086,601.2,0.0,0.0,August 2026,zero,Territorial Generating Company No 14,601.2,601.2,1.0,1.0
E100000002087,4038.0,12239.0,0.0,August 2026,zero,OGK-2,16277.0,16277.0,1.0,0.24808011304294403
E100000002088,0.0,445.0,0.0,August 2026,zero,Severstal,445.0,445.0,1.0,0.0
E100000002094,0.0,106.8,0.0,August 2026,zero,Saudi Cement,106.8,106.8,1.0,0.0
E100000002096,0.0,161.0,0.0,August 2026,zero,Yamama Saudi Cement,161.0,161.0,1.0,0.0
E100000002115,0.0,1155.0,0.0,August 2026,zero,SK Hynix,1155.0,1155.0,1.0,0.0
E100000002130,1502.96,3335.86,5.63,August 2026,zero,Electricity Generating,4838.82,4844.45,0.9988378453694433,0.31060465154727807
E100000002134,0.0,357.0,0.0,August 2026,zero,Thai Oil,357.0,357.0,1.0,0.0
E100000002135,0.0,230.9,0.0,August 2026,zero,WHA Utilities and Power,230.9,230.9,1.0,0.0
E100000002141,0.0,904.0,11.0,August 2026,zero,Akenerji Elektrik Üretim,904.0,915.0,0.9879781420765027,0.0
E100000002158,0.0,11914.7,2.16,August 2026,zero,Dubai Electricity and Water Authority,11914.7,11916.86,0.9998187441993949,0.0
E100000002169,810.9,116.0,73.0,August 2026,zero,ALLETE,926.9,999.9,0.926992699269927,0.8748516560578271
E100000002180,0.0,515.0,51.0,August 2026,zero,Avista,515.0,566.0,0.9098939929328622,0.0
E100000002305,311.2,2090.6,0.0,August 2026,zero,Portland General Electric,2401.7999999999997,2401.7999999999997,1.0,0.12956948954950454
E100000002326,0.0,134.0,0.0,August 2026,zero,SunCoke Energy,134.0,134.0,1.0,0.0
E100000002328,3622.58,6619.9,0.0,August 2026,zero,Talen Energy,10242.48,10242.48,1.0,0.3536819207848099
E100000002364,0.0,456.0,0.0,August 2026,zero,Barka Water and Power Company,456.0,456.0,1.0,0.0
E100000002409,100.0,45.0,0.0,August 2026,zero,Aksa Akrilik Kimya Sanayii,145.0,145.0,1.0,0.6896551724137931
E100000002411,270.0,2852.13,0.0,August 2026,zero,Aksa Enerji Uretim,3122.13,3122.13,1.0,0.08647942270180933
E100000002412,0.0,766.0,0.0,August 2026,zero,Al Batinah Power Company,766.0,766.0,1.0,0.0
E100000002414,0.0,285.0,0.0,August 2026,zero,Al Kamil Power Company,285.0,285.0,1.0,0.0
E100000002415,0.0,766.0,0.0,August 2026,zero,Al Suwadi Power Company,766.0,766.0,1.0,0.0
E100000002435,0.0,3926.9,0.0,August 2026,zero,Aluminium Bahrain,3926.9,3926.9,1.0,0.0
E100000002474,0.0,23.0,0.0,August 2026,zero,AstraZeneca,23.0,23.0,1.0,0.0
E100000002504,0.0,112.71,0.0,August 2026,zero,Baraka Patenga Power,112.71,112.71,1.0,0.0
E100000002579,0.0,1988.0,0.0,August 2026,zero,China General Nuclear Power New Energy Holdings,1988.0,1988.0,1.0,0.0
E100000002664,0.0,690.0,0.0,August 2026,zero,Central Electricity Generating,690.0,690.0,1.0,0.0
E100000002691,0.0,5765.28,0.0,August 2026,zero,China General Nuclear Power,5765.28,5765.28,1.0,0.0
E100000002718,0.0,1610.0,0.0,August 2026,zero,Clearway Energy,1610.0,1610.0,1.0,0.0
E100000002727,350.0,1516.22,0.0,August 2026,zero,Colbun,1866.22,1866.22,1.0,0.18754487680980805
E100000002824,560.0,270.0,102.6,August 2026,zero,Dongguan Nine Dragons Paper Industries,830.0,932.6,0.8899849882050183,0.6746987951807228
E100000002864,0.0,177.8,0.0,August 2026,zero,ENDE Valle Hermoso,177.8,177.8,1.0,0.0
E100000002867,355.0,639.0,0.0,August 2026,zero,ENGIE Energía Chile,994.0,994.0,1.0,0.35714285714285715
E100000002868,0.0,2259.0,0.0,August 2026,zero,ENGIE Energía Perú,2259.0,2259.0,1.0,0.0
E100000002882,1244.0,2930.0,0.0,August 2026,zero,Power Generation 3,4174.0,4174.0,1.0,0.29803545759463346
E100000002892,0.0,0.0,35.0,August 2026,zero,Ecopetrol,0.0,35.0,0.0,
E100000002899,0.0,6453.0,0.0,August 2026,zero,Edison,6453.0,6453.0,1.0,0.0
E100000002934,0.0,190.0,0.0,August 2026,zero,Empresa Metropolitana de Águas e Energia,190.0,190.0,1.0,0.0
E100000002936,0.0,1956.0,0.0,August 2026,zero,Enel Generación Chile,1956.0,1956.0,1.0,0.0
E100000002937,0.0,978.7,2.8,August 2026,zero,Orygen Perú,978.7,981.5,0.9971472236372899,0.0
E100000002938,0.0,360.8,0.0,August 2026,zero,Enel Generación Piura,360.8,360.8,1.0,0.0
E100000002959,0.0,111.7,0.0,August 2026,zero,Energypac Power Generation,111.7,111.7,1.0,0.0
E100000002976,0.0,227.0,0.0,August 2026,zero,Engro Powergen Qadirpur,227.0,227.0,1.0,0.0
E100000002988,394.4,10727.0,0.0,August 2026,zero,Entergy Louisiana,11121.4,11121.4,1.0,0.03546316111280954
E100000003097,0.0,507.0,0.0,August 2026,zero,Geregu Power,507.0,507.0,1.0,0.0
E100000003338,0.0,73.0,0.0,August 2026,zero,Mordovcement,73.0,73.0,1.0,0.0
E100000003385,0.0,3152.8,0.0,August 2026,zero,K-Electric,3152.8,3152.8,1.0,0.0
E100000003424,0.0,97.58,0.0,August 2026,zero,Khulna Power Company,97.58,97.58,1.0,0.0
E100000003435,0.0,120.0,0.0,August 2026,zero,Kohinoor Energy,120.0,120.0,1.0,0.0
E100000003440,0.0,2544.6,0.59,August 2026,zero,Korea District Heating,2544.6,2545.19,0.9997681901940523,0.0
E100000003476,0.0,326.0,0.0,August 2026,zero,Lalpir Power,326.0,326.0,1.0,0.0
E100000003523,144.0,521.98,46.68,August 2026,zero,Mainova,665.98,712.66,0.934498919540875,0.2162227093906724
E100000003527,4940.0,2064.68,0.0,August 2026,zero,Malakoff Corporation,7004.68,7004.68,1.0,0.7052427805410098
E100000003529,0.0,229.0,0.0,August 2026,zero,Mangalore Refinery and Petrochemicals,229.0,229.0,1.0,0.0
E100000003609,0.0,50.0,0.0,August 2026,zero,NET Power,50.0,50.0,1.0,0.0
E100000003655,0.0,185.9,0.0,August 2026,zero,Nishat Chunian Power,185.9,185.9,1.0,0.0
E100000003656,0.0,185.9,0.0,August 2026,zero,Nishat Power,185.9,185.9,1.0,0.0
E100000003676,0.0,620.0,0.0,August 2026,zero,Novolipetsk Steel,620.0,620.0,1.0,0.0
E100000003683,0.0,2123.3,0.0,August 2026,zero,OPC Energy,2123.3,2123.3,1.0,0.0
E100000003684,0.0,920.0,0.0,August 2026,zero,OVM Petrom,920.0,920.0,1.0,0.0
E100000003694,752.0,1143.0,0.0,August 2026,zero,Okinawa Electric Power,1895.0,1895.0,1.0,0.39683377308707124
E100000003732,0.0,4467.0,0.0,August 2026,zero,Forward Energo,4467.0,4467.0,1.0,0.0
E100000003742,153.0,3646.0,0.0,August 2026,zero,Territorial Generating Company No 1,3799.0,3799.0,1.0,0.04027375625164517
E100000003747,0.0,495.0,0.0,August 2026,zero,Nizhnekamskneftekhim,495.0,495.0,1.0,0.0
E100000003757,0.0,82.0,0.0,August 2026,zero,PT Indocement Tunggal Prakarsa,82.0,82.0,1.0,0.0
E100000003769,0.0,1499.0,0.0,August 2026,zero,Pacific Gas and Electric,1499.0,1499.0,1.0,0.0
E100000003772,0.0,365.0,0.0,August 2026,zero,Pakgen Power,365.0,365.0,1.0,0.0
E100000003791,0.0,60.0,0.0,August 2026,zero,Paz Retail And Energy,60.0,60.0,1.0,0.0
E100000003809,3600.0,2839.0,0.0,August 2026,zero,PetroVietnam Power Corporation,6439.0,6439.0,1.0,0.559093026867526
E100000003831,0.0,4884.26,0.0,August 2026,zero,Power and Water Utility Company for Jubail and Yanbu,4884.26,4884.26,1.0,0.0
E100000003950,0.0,202.7,5.17,August 2026,zero,Ratch Pathana Energy,202.7,207.86999999999998,0.9751286861981047,0.0
E100000003952,0.0,225.0,0.0,August 2026,zero,Saif Power,225.0,225.0,1.0,0.0
E100000003980,0.0,445.0,0.0,August 2026,zero,Sembcorp Salalah Power & Water,445.0,445.0,1.0,0.0
E100000003994,0.0,1464.78,0.0,August 2026,zero,Shamal Az Zour Al Oula Power and Water Company,1464.78,1464.78,1.0,0.0
E100000004032,0.0,929.5,0.0,August 2026,zero,Shikun & Binui Energy,929.5,929.5,1.0,0.0
E100000004057,0.0,181.3,0.0,August 2026,zero,Sociedad Minera Cerro Verde,181.3,181.3,1.0,0.0
E100000004062,0.0,597.0,0.0,August 2026,zero,Sohar Power Company,597.0,597.0,1.0,0.0
E100000004212,0.0,1075.0,0.0,August 2026,zero,thyssenkrupp,1075.0,1075.0,1.0,0.0
E100000004252,0.0,60.0,0.0,August 2026,zero,Tulachermet,60.0,60.0,1.0,0.0
E100000004265,3488.8,3502.4,0.0,August 2026,zero,Union Electric,6991.200000000001,6991.200000000001,1.0,0.4990273486668955
E100000004268,0.0,69.6,0.0,August 2026,zero,Unipar Indupa,69.6,69.6,1.0,0.0
E100000004278,0.0,610.38,0.0,August 2026,zero,United Power Generation & Distribution Company,610.38,610.38,1.0,0.0
E100000004280,0.0,54.9,0.0,August 2026,zero,United Wagon Company,54.9,54.9,1.0,0.0
E100000004351,0.0,4592.5,0.0,August 2026,zero,YTL Power International,4592.5,4592.5,1.0,0.0
E100000004388,0.0,223.2,0.0,August 2026,zero,Zorlu Enerji Elektrik Uretim,223.2,223.2,1.0,0.0
E100000120035,0.0,0.0,109.0,August 2026,zero,Air Water,0.0,109.0,0.0,
E100000120043,0.0,82.0,0.0,August 2026,zero,Alarko Holding,82.0,82.0,1.0,0.0
E100000120070,33.0,0.0,0.0,August 2026,zero,The Andhra Sugars,33.0,33.0,1.0,1.0
E100000120080,110.0,0.0,0.0,August 2026,zero,Asahi Kasei,110.0,110.0,1.0,1.0
E100000120102,84.0,0.0,0.0,August 2026,zero,Atul,84.0,84.0,1.0,1.0
E100000120125,0.0,0.0,1.79,August 2026,zero,Bajaj Hindusthan Sugar,0.0,1.79,0.0,
E100000120130,40.0,0.0,0.0,August 2026,zero,Ballarpur Industries,40.0,40.0,1.0,1.0
E100000120147,630.0,0.0,0.0,August 2026,zero,Aydem Yenilenebilir Enerji,630.0,630.0,1.0,1.0
E100000120243,10670.21,0.0,0.0,August 2026,zero,China Hongqiao Group,10670.21,10670.21,1.0,1.0
E100000120295,125.0,0.0,77.32,August 2026,zero,DCM Shriram,125.0,202.32,0.6178331356267299,1.0
E100000120297,141.0,0.0,0.0,August 2026,zero,DCM Shriram Industries,141.0,141.0,1.0,1.0
E100000120300,60.0,0.0,0.0,August 2026,zero,DG Khan Cement,60.0,60.0,1.0,1.0
E100000120301,0.0,0.0,4.62,August 2026,zero,DMCI Holdings,0.0,4.62,0.0,
E100000120309,356.0,0.0,63.0,August 2026,zero,Daio Paper,356.0,419.0,0.8496420047732697,1.0
E100000120388,81.5,0.0,0.0,August 2026,zero,Elektrocieplownia Bedzin,81.5,81.5,1.0,1.0
E100000120419,0.0,0.0,111.35,August 2026,zero,Engie Brasil Energia,0.0,111.35,0.0,
E100000120426,0.0,198.0,0.0,August 2026,zero,Eramet,198.0,198.0,1.0,0.0
E100000120454,405.0,0.0,10.0,August 2026,zero,Filinvest Development,405.0,415.0,0.9759036144578314,1.0
E100000120477,60.75,0.0,0.0,August 2026,zero,GSD Holding,60.75,60.75,1.0,1.0
E100000120517,150.0,0.0,4.63,August 2026,zero,Grasim Industries,150.0,154.63,0.9700575567483671,1.0
E100000120520,92.0,0.0,0.0,August 2026,zero,Grupa Azoty,92.0,92.0,1.0,1.0
E100000120560,2983.2,0.0,0.0,August 2026,zero,Hindalco Industries,2983.2,2983.2,1.0,1.0
E100000120561,474.0,0.0,0.0,August 2026,zero,Hindustan Zinc,474.0,474.0,1.0,1.0
E100000120611,316.8,0.0,0.0,August 2026,zero,PT Indika Energy,316.8,316.8,1.0,1.0
E100000120621,95.0,41.0,0.0,August 2026,zero,Indorama Ventures,136.0,136.0,1.0,0.6985294117647058
E100000120639,92.0,0.0,0.0,August 2026,zero,Itochu ENEX,92.0,92.0,1.0,1.0
E100000120645,600.0,0.0,0.0,August 2026,zero,JAKS Resources,600.0,600.0,1.0,1.0
E100000120648,55.0,0.0,0.0,August 2026,zero,JK Paper,55.0,55.0,1.0,1.0
E100000120663,0.0,130.0,0.0,August 2026,zero,PT Kawasan Industri Jababeka,130.0,130.0,1.0,0.0
E100000120672,55.0,0.0,0.0,August 2026,zero,Jayaswal Neco Industries,55.0,55.0,1.0,1.0
E100000120686,250.0,0.0,0.0,August 2026,zero,Jindal Stainless,250.0,250.0,1.0,1.0
E100000120748,264.0,0.0,0.0,August 2026,zero,Kumho Petrochemical,264.0,264.0,1.0,1.0
E100000120749,45.0,0.0,0.0,August 2026,zero,Kureha,45.0,45.0,1.0,1.0
E100000120754,0.0,0.0,4.5,August 2026,zero,LANXESS,0.0,4.5,0.0,
E100000120767,562.55,0.0,0.0,August 2026,zero,Lee & Man Paper Manufacturing,562.55,562.55,1.0,1.0
E100000120776,60.0,0.0,0.0,August 2026,zero,Lotte Chemical,60.0,60.0,1.0,1.0
E100000120779,660.0,0.0,0.0,August 2026,zero,Lucky Cement,660.0,660.0,1.0,1.0
E100000120818,40.0,0.0,0.0,August 2026,zero,Maple Leaf Cement Factory,40.0,40.0,1.0,1.0
E100000120830,17.2,0.0,0.0,August 2026,zero,Mazda Motor,17.2,17.2,1.0,1.0
E100000120855,106.8,0.0,0.0,August 2026,zero,Mitsubishi Electric,106.8,106.8,1.0,1.0
E100000120856,115.0,0.0,0.0,August 2026,zero,Mitsubishi Materials,115.0,115.0,1.0,1.0
E100000120871,374.4,0.0,0.0,August 2026,zero,Mudajaya Group,374.4,374.4,1.0,1.0
E100000120926,608.0,0.0,0.0,August 2026,zero,Nickel Industries,608.0,608.0,1.0,1.0
E100000120931,463.8,0.0,257.05,August 2026,zero,Nippon Paper Industries,463.8,720.85,0.6434070888534369,1.0
E100000120943,2326.0,0.0,0.0,August 2026,zero,SGK-Novosibirsk,2326.0,2326.0,1.0,1.0
E100000120945,304.0,0.0,0.0,August 2026,zero,OCI Holdings,304.0,304.0,1.0,1.0
E100000120948,714.0,0.0,0.0,August 2026,zero,OPG Power Ventures,714.0,714.0,1.0,1.0
E100000120951,0.0,174.0,0.0,August 2026,zero,Odaş Elektrik Üretim Sanayi Ticaret,174.0,174.0,1.0,0.0
E100000120972,56.0,0.0,11.35,August 2026,zero,ORIX,56.0,67.35,0.8314773570898293,1.0
E100000120975,110.0,0.0,0.0,August 2026,zero,Oswal Greentech,110.0,110.0,1.0,1.0
E100000120990,60.0,0.0,0.0,August 2026,zero,PT Aneka Tambang,60.0,60.0,1.0,1.0
E100000121006,60.0,0.0,0.0,August 2026,zero,PT Cemindo Gemilang,60.0,60.0,1.0,1.0
E100000121011,55.0,0.0,0.0,August 2026,zero,PT Fajar Surya Wisesa,55.0,55.0,1.0,1.0
E100000121022,965.0,0.0,0.0,August 2026,zero,PT Indah Kiat Pulp & Paper,965.0,965.0,1.0,1.0
E100000121030,60.0,0.0,0.0,August 2026,zero,PT Intraco Penta,60.0,60.0,1.0,1.0
E100000121051,230.0,0.0,108.02,August 2026,zero,PT Pabrik Kertas Tjiwi Kimia,230.0,338.02,0.6804331104668363,1.0
E100000121057,151.62,0.0,0.0,August 2026,zero,PT Pembangunan Perumahan (Persero),151.62,151.62,1.0,1.0
E100000121067,70.0,0.0,0.0,August 2026,zero,PT Semen Indonesia (Persero),70.0,70.0,1.0,1.0
E100000121080,771.5,0.0,0.0,August 2026,zero,PT Trimegah Bangun Persada,771.5,771.5,1.0,1.0
E100000121115,140.0,0.0,0.0,August 2026,zero,Petron,140.0,140.0,1.0,1.0
E100000121116,1040.0,0.0,0.0,August 2026,zero,Pha Lai Thermal Power,1040.0,1040.0,1.0,1.0
E100000121137,162.5,0.0,0.0,August 2026,zero,Prakash Industries,162.5,162.5,1.0,1.0
E100000121154,1200.0,0.0,0.0,August 2026,zero,Quang Ninh Thermal Power,1200.0,1200.0,1.0,1.0
E100000121168,2700.0,0.0,0.0,August 2026,zero,RattanIndia Power,2700.0,2700.0,1.0,1.0
E100000121175,492.0,0.0,0.0,August 2026,zero,Reliance Industries,492.0,492.0,1.0,1.0
E100000121176,0.0,0.0,40.53,August 2026,zero,Rengo,0.0,40.53,0.0,
E100000121188,300.0,0.0,0.0,August 2026,zero,Rudnik i Termoelektrana Ugljevik,300.0,300.0,1.0,1.0
E100000121206,361.0,0.0,108.84,August 2026,zero,SGC Energy,361.0,469.84000000000003,0.7683466712072194,1.0
E100000121210,660.0,0.0,0.0,August 2026,zero,SJVN,660.0,660.0,1.0,1.0
E100000121235,120.0,455.28,0.0,August 2026,zero,Sakhalinenergo,575.28,575.28,1.0,0.20859407592824364
E100000121255,31.0,0.0,0.0,August 2026,zero,Seika,31.0,31.0,1.0,1.0
E100000121261,900.0,0.0,0.0,August 2026,zero,Semirara Mining and Power,900.0,900.0,1.0,1.0
E100000121263,0.0,92.61,0.0,August 2026,zero,Naftna Industrija Srbije,92.61,92.61,1.0,0.0
E100000121281,300.0,0.0,0.0,August 2026,zero,Shree Cement,300.0,300.0,1.0,1.0
E100000121304,90.0,0.0,0.0,August 2026,zero,Sitara Chemical Industries,90.0,90.0,1.0,1.0
E100000121352,122.0,0.0,0.0,August 2026,zero,Sumitomo Osaka Cement,122.0,122.0,1.0,1.0
E100000121372,2056.0,0.0,0.0,August 2026,zero,TAQA Morocco,2056.0,2056.0,1.0,1.0
E100000121375,792.0,0.0,16.5,August 2026,zero,TCC Group Holdings,792.0,808.5,0.9795918367346939,1.0
E100000121391,0.0,0.0,160.0,August 2026,zero,TPI Polene Power,0.0,160.0,0.0,
E100000121395,0.0,26.02,0.0,August 2026,zero,TTCL,26.02,26.02,1.0,0.0
E100000121400,40.0,0.0,0.0,August 2026,zero,Tamil Nadu Newsprint & Papers,40.0,40.0,1.0,1.0
E100000121429,34.3,0.0,0.0,August 2026,zero,Terra Mauricia,34.3,34.3,1.0,1.0
E100000121434,85.8,0.0,0.0,August 2026,zero,Thal,85.8,85.8,1.0,1.0
E100000121462,630.0,0.0,0.0,August 2026,zero,Tosoh,630.0,630.0,1.0,1.0
E100000121478,70.0,0.0,0.0,August 2026,zero,Tulsyan NEC,70.0,70.0,1.0,1.0
E100000121484,353.2,0.0,0.0,August 2026,zero,UBE,353.2,353.2,1.0,1.0
E100000121535,365.38,0.0,0.0,August 2026,zero,Walsin Lihwa,365.38,365.38,1.0,1.0
E100000121552,44.0,0.0,0.0,August 2026,zero,YFY,44.0,44.0,1.0,1.0
E100000121564,554.0,0.0,0.0,August 2026,zero,Yuzhno-Kuzbasskaya GRES,554.0,554.0,1.0,1.0
E100000121578,250.0,0.0,0.0,August 2026,zero,Zhejiang Huayou Cobalt,250.0,250.0,1.0,1.0
E100000121583,95.36,0.0,110.98,August 2026,zero,eRex,95.36,206.34,0.4621498497625279,1.0
E100000121588,330.0,0.0,0.0,August 2026,zero,Çan2 Termik,330.0,330.0,1.0,1.0
E100000121589,314.0,0.0,0.0,August 2026,zero,Çates Elektrik Üretim,314.0,314.0,1.0,1.0
E100000121604,370.0,0.0,0.0,August 2026,zero,İzdemir Enerji Elektrik Üretim,370.0,370.0,1.0,1.0
E100000122257,1307.0,0.0,0.0,August 2026,zero,Inner Mongolia Junzheng Energy & Chemical Group,1307.0,1307.0,1.0,1.0
E100000122571,1832.21,850.0,3.22,August 2026,zero,Baoshan Iron & Steel,2682.21,2685.43,0.9988009369076833,0.6830971475015006
E100000123215,0.0,279.0,0.0,August 2026,zero,Xinyu Iron & Steel,279.0,279.0,1.0,0.0
E100000123366,2108.81,0.0,0.0,August 2026,zero,Yankuang Energy Group,2108.81,2108.81,1.0,1.0
E100000123560,367.0,0.0,55.5,August 2026,zero,Shanying International Holdings,367.0,422.5,0.8686390532544379,1.0
E100000123737,0.0,93.5,0.0,August 2026,zero,Maanshan Iron & Steel,93.5,93.5,1.0,0.0
E100000123791,27.0,0.0,27.0,August 2026,zero,Tongyu Heavy Industry,27.0,54.0,0.5,1.0
E100000123957,2333.76,0.0,0.0,August 2026,zero,TBEA,2333.76,2333.76,1.0,1.0
E100000124191,0.0,352.8,40.0,August 2026,zero,Harbin Electric,352.8,392.8,0.8981670061099797,0.0
E100000125952,51.0,0.0,0.0,August 2026,zero,ENN Energy Holdings,51.0,51.0,1.0,1.0
E100000126073,13.72,0.22,0.83,August 2026,zero,Far East Horizon,13.940000000000001,14.770000000000001,0.943805010155721,0.9842180774748923
E100000129050,606.86,0.0,2.24,August 2026,zero,Ping An Insurance (Group) Company of China,606.86,609.1,0.9963224429486127,1.0
E100000129432,0.0,0.0,110.33,August 2026,zero,Hunan Junxin Environmental Protection,0.0,110.33,0.0,
E100000129850,0.0,0.0,783.99,August 2026,zero,Chongqing Sanfeng Environment Group,0.0,783.99,0.0,
E100000130688,0.0,25.0,0.0,August 2026,zero,Ternium Argentina,25.0,25.0,1.0,0.0
E100000130720,0.0,77.5,0.0,August 2026,zero,Hiap Teck Venture,77.5,77.5,1.0,0.0
E100000130730,0.0,33.4,0.0,August 2026,zero,Corporacion Aceros Arequipa,33.4,33.4,1.0,0.0
E100000130751,0.0,191.1,0.0,August 2026,zero,Eregli Demir ve Celik Fabrikalari,191.1,191.1,1.0,0.0
E100000132372,837.24,0.0,0.0,August 2026,zero,Yanzhou Coal Mining,837.24,837.24,1.0,1.0
E100000132404,0.0,0.0,93.8,August 2026,zero,Clearwater Paper,0.0,93.8,0.0,
E100000132450,0.0,0.0,143.36,August 2026,zero,Packaging Corporation of America,0.0,143.36,0.0,
E100000132496,0.0,0.0,39.66,August 2026,zero,Altri,0.0,39.66,0.0,
E100000132539,0.0,0.0,31.0,August 2026,zero,Balrampur Chini Mills,0.0,31.0,0.0,
E100000132600,0.0,0.0,8.88,August 2026,zero,Cleanaway Waste Management,0.0,8.88,0.0,
E100000132612,0.0,0.0,36.0,August 2026,zero,Conifex Timber,0.0,36.0,0.0,
E100000132713,0.0,0.0,39.0,August 2026,zero,Hippo Valley Estates,0.0,39.0,0.0,
E100000132807,0.0,0.0,12.75,August 2026,zero,Mizuho Leasing,0.0,12.75,0.0,
E100000132862,0.0,0.0,59.55,August 2026,zero,Rayonier Advanced Materials,0.0,59.55,0.0,
E100000132867,0.0,0.0,177.68,August 2026,zero,Renova,0.0,177.68,0.0,
E100000132872,0.0,0.0,74.0,August 2026,zero,SANIX,0.0,74.0,0.0,
E100000132881,0.0,0.0,67.0,August 2026,zero,Sakthi Sugars,0.0,67.0,0.0,
E100000132897,0.0,0.0,78.0,August 2026,zero,Sociedad Agrícola e Industrial San Carlos,0.0,78.0,0.0,
E100000132904,0.0,0.0,67.88,August 2026,zero,Sumitomo Forestry,0.0,67.88,0.0,
E100000132909,0.0,0.0,75.0,August 2026,zero,Svenska Cellulosa SCA,0.0,75.0,0.0,
E100000132960,0.0,0.0,92.0,August 2026,zero,Universal Robina,0.0,92.0,0.0,
E100000133123,0.0,0.0,54.4,August 2026,zero,Obayashi,0.0,54.4,0.0,
E100000133209,0.0,0.0,1.19,August 2026,zero,United Renewable Energy,0.0,1.19,0.0,
E100000133539,157.5,0.0,0.0,August 2026,zero,AGC,157.5,157.5,1.0,1.0
E100000133586,0.0,0.0,7.48,August 2026,zero,Voltalia,0.0,7.48,0.0,
E100000133798,0.0,0.0,2.5,August 2026,zero,Vidullanka,0.0,2.5,0.0,
E100000133919,0.0,34.96,0.0,August 2026,zero,Old Mutual,34.96,34.96,1.0,0.0
E100000134116,0.0,105.84,0.0,August 2026,zero,Paramount Textile,105.84,105.84,1.0,0.0
E100000134350,0.0,0.0,26.0,August 2026,zero,Okumura,0.0,26.0,0.0,
E100000134468,0.0,0.0,4.24,August 2026,zero,Cypark Resources,0.0,4.24,0.0,
E100000134810,0.0,0.0,10.0,August 2026,zero,Power Solution Technologies,0.0,10.0,0.0,
E100000135336,0.0,376.0,0.0,August 2026,zero,Celsia Colombia,376.0,376.0,1.0,0.0
E100000135814,0.0,0.0,2.45,August 2026,zero,Ameresco,0.0,2.45,0.0,
E100000136961,0.0,0.0,52.09,August 2026,zero,Cox Energy,0.0,52.09,0.0,
E100000149012,0.0,0.0,11.0,August 2026,zero,Tokyu Fudosan Holdings,0.0,11.0,0.0,
E100000149634,189.0,0.0,0.0,August 2026,zero,Doosan Enerbility,189.0,189.0,1.0,1.0
E100000149695,56.91,0.0,0.0,August 2026,zero,Omnicane,56.91,56.91,1.0,1.0
E100000150310,1061.35,562.0,0.0,August 2026,zero,NorthWestern Energy Group,1623.35,1623.35,1.0,0.6538023223580867
E100000150598,0.0,0.0,33.91,August 2026,zero,Acciona,0.0,33.91,0.0,
E100000150698,0.0,0.0,15.0,August 2026,zero,Hazama Ando,0.0,15.0,0.0,
E100000150921,0.0,277.39,0.0,August 2026,zero,E1,277.39,277.39,1.0,0.0
E100000151245,0.0,0.0,2.16,August 2026,zero,Sermsang Power Corporation,0.0,2.16,0.0,
E100000151411,0.0,0.0,1.95,August 2026,zero,Orient Green Power,0.0,1.95,0.0,
E100000152186,0.0,0.0,4.5,August 2026,zero,Heineken,0.0,4.5,0.0,
E100000152192,0.0,2171.0,0.0,August 2026,zero,Partners Group Holding,2171.0,2171.0,1.0,0.0
E100000152472,0.0,600.0,0.0,August 2026,zero,Novatek,600.0,600.0,1.0,0.0
E100000152701,0.0,0.0,14.0,August 2026,zero,Romande Energie Holding,0.0,14.0,0.0,
E100000152756,0.0,0.0,2.05,August 2026,zero,Foresight Environmental Infrastructure,0.0,2.05,0.0,
E100000153024,43.0,0.0,15.3,August 2026,zero,ITC,43.0,58.3,0.7375643224699829,1.0
E100000153028,0.0,8.99,0.0,August 2026,zero,Oil India,8.99,8.99,1.0,0.0
E100000188387,0.0,130.0,0.0,August 2026,zero,Keppel,130.0,130.0,1.0,0.0
E100000188562,56.0,0.0,0.0,August 2026,zero,Hiroshima Gas,56.0,56.0,1.0,1.0
E100000188948,0.0,129.18,0.0,August 2026,zero,AXA,129.18,129.18,1.0,0.0
E100000190190,0.0,0.0,6.53,August 2026,zero,Camil Alimentos,0.0,6.53,0.0,
E100001000012,5761.0,0.0,280.0,August 2026,zero,ENEA,5761.0,6041.0,0.9536500579374276,1.0
E100001000044,0.0,139.0,1608.5,August 2026,zero,Suzano,139.0,1747.5,0.07954220314735336,0.0
E100001000049,0.0,0.0,785.0,August 2026,zero,Klabin,0.0,785.0,0.0,
E100001000054,0.0,0.0,303.99,August 2026,zero,Metsä Board,0.0,303.99,0.0,
E100001000064,270.0,0.0,840.0,August 2026,zero,Kaidi Ecological and Environmental Technology,270.0,1110.0,0.24324324324324326,1.0
E100001000083,5160.0,0.0,0.0,August 2026,zero,Reliance Power,5160.0,5160.0,1.0,1.0
E100001000111,0.0,3.84,276.89,August 2026,zero,Empresas CMPC,3.84,280.72999999999996,0.013678623588501408,0.0
E100001000120,0.0,0.0,99.47,August 2026,zero,Dexco,0.0,99.47,0.0,
E100001000124,0.0,0.0,186.85,August 2026,zero,Ence Energía y Celulosa,0.0,186.85,0.0,
E100001000130,0.0,0.0,27.75,August 2026,zero,Toho Gas,0.0,27.75,0.0,
E100001000131,180.0,0.0,12.5,August 2026,zero,Tokyo Century,180.0,192.5,0.935064935064935,1.0
E100001000139,0.0,0.0,329.01,August 2026,zero,São Martinho,0.0,329.01,0.0,
E100001000152,0.0,0.0,206.0,August 2026,zero,Adecoagro,0.0,206.0,0.0,
E100001000155,0.0,423.8,0.0,August 2026,zero,Evonik Industries,423.8,423.8,1.0,0.0
E100001000161,30.0,0.0,139.77,August 2026,zero,Shree Renuka Sugars,30.0,169.77,0.17670966601873123,1.0
E100001000165,0.0,137.72,47.79,August 2026,zero,Power Assets Holdings,137.72,185.51,0.7423858552099618,0.0
E100001000174,0.0,0.0,91.5,August 2026,zero,Schroders,0.0,91.5,0.0,
E100001000177,427.2,776.52,0.0,August 2026,zero,Mitsubishi Heavy Industries,1203.72,1203.72,1.0,0.35489981058717973
E100001000188,0.0,0.0,205.0,August 2026,zero,Wilmar International,0.0,205.0,0.0,
E100001000208,0.0,33533.71,2.34,August 2026,zero,Constellation Energy,33533.71,33536.049999999996,0.9999302243406724,0.0
E100001000212,0.0,120.0,0.0,August 2026,zero,Musandam Power Company,120.0,120.0,1.0,0.0
E100001000220,0.0,124.5,0.0,August 2026,zero,Canadian Utilities,124.5,124.5,1.0,0.0
E100001000222,0.0,0.0,105.0,August 2026,zero,Dhampur Sugar Mills,0.0,105.0,0.0,
E100001000232,0.0,0.0,343.5,August 2026,zero,Mercer International,0.0,343.5,0.0,
E100001000303,0.0,270.0,0.0,August 2026,zero,Altern Energy,270.0,270.0,1.0,0.0
E100001000329,319.02,6459.78,0.0,August 2026,zero,Nebras Energy,6778.799999999999,6778.799999999999,1.0,0.04706142680120375
E100001000364,0.0,4000.0,0.0,August 2026,zero,ENKA İnşaat ve Sanayi,4000.0,4000.0,1.0,0.0
E100001000383,0.0,108.36,7.74,August 2026,zero,JGC Holdings,108.36,116.1,0.9333333333333333,0.0
E100001000384,0.0,947.0,0.0,August 2026,zero,Ternium,947.0,947.0,1.0,0.0
E100001000388,0.0,103.5,0.0,August 2026,zero,Jastrzębska Spółka Węglowa,103.5,103.5,1.0,0.0
E100001000400,132.3,0.0,0.0,August 2026,zero,Glencore,132.3,132.3,1.0,1.0
E100001000402,46.16,0.0,0.0,August 2026,zero,Peabody Energy,46.16,46.16,1.0,1.0
E100001000437,103.37,13.9,0.0,August 2026,zero,China Construction Bank,117.27000000000001,117.27000000000001,1.0,0.8814701117080241
E100001000439,4990.0,0.0,0.0,August 2026,zero,Jindal Steel,4990.0,4990.0,1.0,1.0
E100001000440,5539.8,0.0,0.0,August 2026,zero,NLC India,5539.8,5539.8,1.0,1.0
E100001000479,7005.1,0.0,0.0,August 2026,zero,Vedanta,7005.1,7005.1,1.0,1.0
E100001000516,428.5,0.0,0.0,August 2026,zero,JSW Steel,428.5,428.5,1.0,1.0
E100001000519,60.0,0.0,0.0,August 2026,zero,JSW Holdings,60.0,60.0,1.0,1.0
E100001000522,5137.0,0.0,0.0,August 2026,zero,JSW Energy,5137.0,5137.0,1.0,1.0
E100001000535,1090.0,0.0,0.0,August 2026,zero,Elektroprivreda BiH,1090.0,1090.0,1.0,1.0
E100001000558,17886.0,0.0,0.0,August 2026,zero,Adani Power,17886.0,17886.0,1.0,1.0
E100001000569,40.28,0.0,0.0,August 2026,zero,PT Harum Energy,40.28,40.28,1.0,1.0
E100001000598,77.5,0.0,0.0,August 2026,zero,Kardemir Karabuk Demir Çelik Sanayi Ve Ticaret,77.5,77.5,1.0,1.0
E100001000609,180.0,0.0,0.0,August 2026,zero,Jaiprakash Associates,180.0,180.0,1.0,1.0
E100001000611,3800.0,0.0,0.0,August 2026,zero,Jaiprakash Power Ventures,3800.0,3800.0,1.0,1.0
E100001000618,221.0,0.0,0.0,August 2026,zero,SPC Power,221.0,221.0,1.0,1.0
E100001000636,661.3,0.0,0.0,August 2026,zero,Alcoa,661.3,661.3,1.0,1.0
E100001000639,123.0,0.0,13.68,August 2026,zero,Ambuja Cements,123.0,136.68,0.8999122036874451,1.0
E100001000640,34.0,0.0,0.0,August 2026,zero,Andhra Paper,34.0,34.0,1.0,1.0
E100001000641,842.5,0.0,0.85,August 2026,zero,Archer-Daniels-Midland,842.5,843.35,0.9989921147803403,1.0
E100001000648,83.0,0.0,0.0,August 2026,zero,Cheng Loong,83.0,83.0,1.0,1.0
E100001000649,131.6,311.2,0.0,August 2026,zero,Cleveland-Cliffs,442.79999999999995,442.79999999999995,1.0,0.2971996386630533
E100001000652,0.0,97.98,0.0,August 2026,zero,Companhia Siderúrgica Nacional,97.98,97.98,1.0,0.0
E100001000659,30.0,0.0,0.0,August 2026,zero,Dangote Cement,30.0,30.0,1.0,1.0
E100001000665,30.0,0.0,0.0,August 2026,zero,Godawari Power and Ispat,30.0,30.0,1.0,1.0
E100001000668,500.0,310.0,0.0,August 2026,zero,Gujarat Industries Power,810.0,810.0,1.0,0.6172839506172839
E100001000669,250.0,0.0,0.0,August 2026,zero,Gujarat Mineral Development,250.0,250.0,1.0,1.0
E100001000677,258.0,0.0,0.0,August 2026,zero,Indian Metals and Ferro Alloys,258.0,258.0,1.0,1.0
E100001000694,84.0,0.0,0.0,August 2026,zero,Sarda Energy & Minerals,84.0,84.0,1.0,1.0
E100001000703,688.0,0.0,0.0,August 2026,zero,Steel Authority of India,688.0,688.0,1.0,1.0
E100001000704,50.0,0.0,0.0,August 2026,zero,Steel Exchange India,50.0,50.0,1.0,1.0
E100001000707,577.0,0.0,0.0,August 2026,zero,Tokuyama,577.0,577.0,1.0,1.0
E100001000710,500.0,0.0,0.0,August 2026,zero,PT United Tractors,500.0,500.0,1.0,1.0
E100001000734,0.0,197.6,0.0,August 2026,zero,Ta Ya Electric Wire & Cable,197.6,197.6,1.0,0.0
E100001000736,2365.0,0.0,0.0,August 2026,zero,CESC,2365.0,2365.0,1.0,1.0
E100001000746,725.56,0.0,0.0,August 2026,zero,PT Bukit Asam,725.56,725.56,1.0,1.0
E100001000782,836.0,0.0,0.0,August 2026,zero,PT Alamtri Resources Indonesia,836.0,836.0,1.0,1.0
E100001000794,980.0,0.0,0.0,August 2026,zero,PT Barito Pacific,980.0,980.0,1.0,1.0
E100001000796,924.0,0.0,0.0,August 2026,zero,S. Alam Cold Rolled Steels,924.0,924.0,1.0,1.0
E100001000859,0.0,5585.0,0.0,August 2026,zero,EL5-Energo,5585.0,5585.0,1.0,0.0
E100001000861,410.0,0.0,0.0,August 2026,zero,Priargunsky Industrial Mining and Chemical Association,410.0,410.0,1.0,1.0
E100001000878,353.6,0.0,0.0,August 2026,zero,Bharat Heavy Electricals,353.6,353.6,1.0,1.0
E100001000919,12.95,0.0,0.0,August 2026,zero,Nakayama Steel Works,12.95,12.95,1.0,1.0
E100001000920,30.0,390.0,0.0,August 2026,zero,Nanjing Iron and Steel,420.0,420.0,1.0,0.07142857142857142
E100001000930,34.0,0.0,0.0,August 2026,zero,Siam Cement,34.0,34.0,1.0,1.0
E100001000932,150.74,0.0,48.75,August 2026,zero,Taiheiyo Cement,150.74,199.49,0.7556268484635822,1.0
E100001000937,0.0,197.3,0.0,August 2026,zero,Microsoft,197.3,197.3,1.0,0.0
E100001000963,0.0,874.0,0.0,August 2026,zero,SMN Power Holding,874.0,874.0,1.0,0.0
E100001001019,1255.5,0.0,0.0,August 2026,zero,Konya Şeker Sanayi ve Ticaret,1255.5,1255.5,1.0,1.0
E100001001020,0.0,0.0,33.75,August 2026,zero,Mitsubishi Paper Mills,0.0,33.75,0.0,
E100001001023,0.0,206.25,0.0,August 2026,zero,Rojana Industrial Park,206.25,206.25,1.0,0.0
E100001001043,52.2,0.0,0.0,August 2026,zero,Yes Bank,52.2,52.2,1.0,1.0
E100001001046,129.5,0.0,0.0,August 2026,zero,Enel Américas,129.5,129.5,1.0,1.0
E100001001053,3204.0,0.0,0.0,August 2026,zero,FirstEnergy,3204.0,3204.0,1.0,1.0
E100001001070,0.0,0.0,271.85,August 2026,zero,Billerud,0.0,271.85,0.0,
E100001001322,0.0,0.0,39.0,August 2026,zero,IHI,0.0,39.0,0.0,
E100001010018,525.0,30.0,0.0,August 2026,zero,Tata Steel,555.0,555.0,1.0,0.9459459459459459
E100001010062,94.71,0.0,0.0,August 2026,zero,Welspun India,94.71,94.71,1.0,1.0
E100001010084,150.0,0.0,0.0,August 2026,zero,PT Dian Swastatika Sentosa,150.0,150.0,1.0,1.0
E100001010119,356.4,0.0,0.0,August 2026,zero,Fondul Proprietatea,356.4,356.4,1.0,1.0
E100001010125,62.7,0.0,0.0,August 2026,zero,Habib Bank,62.7,62.7,1.0,1.0
E100001010133,127.28,103.2,0.0,August 2026,zero,South32,230.48000000000002,230.48000000000002,1.0,0.5522388059701492
E100001010136,0.0,640.0,0.0,August 2026,zero,PT Krakatau Steel (Persero),640.0,640.0,1.0,0.0
E100001010146,149.85,463.8,0.0,August 2026,zero,China Steel,613.65,613.65,1.0,0.24419457345392326
E100001010234,0.0,0.0,6.16,August 2026,zero,Goldman Sachs Group,0.0,6.16,0.0,
E100001010263,0.0,4.62,0.0,August 2026,zero,Kia,4.62,4.62,1.0,0.0
E100001010270,0.0,102.99,0.0,August 2026,zero,Gerdau,102.99,102.99,1.0,0.0
E100001010315,0.0,592.0,0.0,August 2026,zero,Salzgitter,592.0,592.0,1.0,0.0
E100001010324,0.0,128.0,0.0,August 2026,zero,Vallourec,128.0,128.0,1.0,0.0
E100001010326,600.0,0.0,0.0,August 2026,zero,Evraz,600.0,600.0,1.0,1.0
E100001010431,0.59,0.43,0.0,August 2026,zero,Washington H Soul Pattinson and Company,1.02,1.02,1.0,0.5784313725490196
E100001010446,0.0,243.36,0.0,August 2026,zero,Taeyoung Engineering & Construction,243.36,243.36,1.0,0.0
E100001010447,0.0,519.48,0.0,August 2026,zero,DL E&C,519.48,519.48,1.0,0.0
E100001010455,0.0,104.83,0.0,August 2026,zero,Baraka Power,104.83,104.83,1.0,0.0
E100001010456,0.0,118.0,0.0,August 2026,zero,Oil Refineries,118.0,118.0,1.0,0.0
E100001010461,0.0,114.0,0.0,August 2026,zero,Caribbean Utilities,114.0,114.0,1.0,0.0
E100001010530,0.0,97.2,0.0,August 2026,zero,Riyadh Cement Company,97.2,97.2,1.0,0.0
E100001010532,0.0,57.6,0.0,August 2026,zero,Saudi Arabian Mining,57.6,57.6,1.0,0.0
E100001010537,0.0,124.1,0.0,August 2026,zero,Southern Province Cement,124.1,124.1,1.0,0.0
E100001010549,0.0,262.13,0.0,August 2026,zero,VPower Group International Holdings,262.13,262.13,1.0,0.0
E100001010554,0.0,93.6,0.0,August 2026,zero,Yanbu Cement,93.6,93.6,1.0,0.0
E100001010596,0.66,0.48,0.0,August 2026,zero,State Street,1.1400000000000001,1.1400000000000001,1.0,0.5789473684210525
E100001010674,195.52,0.0,0.0,August 2026,zero,GMR Airports Infrastructure,195.52,195.52,1.0,1.0
E100001010708,482.0,4.0,0.0,August 2026,zero,POSCO International,486.0,486.0,1.0,0.9917695473251029
E100001010758,105.0,0.0,0.0,August 2026,zero,ZCCM Investments Holdings,105.0,105.0,1.0,1.0
E100001010888,1468.2,401.5,0.0,August 2026,zero,Banpu Power,1869.7,1869.7,1.0,0.785259667326309
E100001010916,0.0,0.0,49.12,August 2026,zero,Arca Continental,0.0,49.12,0.0,
E100001010923,0.0,0.0,749.71,August 2026,zero,Empresas Copec,0.0,749.71,0.0,
E100001010968,0.0,0.0,10.5,August 2026,zero,Kyudenko,0.0,10.5,0.0,
E100001010969,0.0,0.0,27.5,August 2026,zero,Tokyo Energy & Systems,0.0,27.5,0.0,
E100001010971,0.0,0.0,11.25,August 2026,zero,Chofu Seisakusho,0.0,11.25,0.0,
E100001011003,0.0,34.65,0.0,August 2026,zero,Caterpillar,34.65,34.65,1.0,0.0
E100001011008,533.0,0.0,0.0,August 2026,zero,Nava,533.0,533.0,1.0,1.0
E100001011020,0.0,0.0,90.8,August 2026,zero,Jalles Machado,0.0,90.8,0.0,
E100001011023,0.0,0.0,278.87,August 2026,zero,Oji Holdings,0.0,278.87,0.0,
E100001011066,0.0,4.8,0.0,August 2026,zero,Korea Gas,4.8,4.8,1.0,0.0
E100001011067,30.0,0.0,0.0,August 2026,zero,Nuvoco Vistas Corporation,30.0,30.0,1.0,1.0
E100001011087,275.0,3.75,12.25,August 2026,zero,Sumitomo Metal Mining,278.75,291.0,0.9579037800687286,0.9865470852017937
E100001011093,124.0,0.0,0.0,August 2026,zero,PT Amman Mineral Internasional,124.0,124.0,1.0,1.0
E100001011103,0.0,350.0,0.0,August 2026,zero,Eastern Power Group,350.0,350.0,1.0,0.0
E100001011107,337.35,120.39,0.0,August 2026,zero,RAO ES Vostoka,457.74,457.74,1.0,0.7369904312491808
E100001011122,0.0,40.0,2.94,August 2026,zero,Nuh Çimento Sanayi,40.0,42.94,0.9315323707498836,0.0
E100001011127,0.0,60.08,0.0,August 2026,zero,Fortescue,60.08,60.08,1.0,0.0
E100001011131,150.43,117.6,0.0,August 2026,zero,IRPC,268.03,268.03,1.0,0.5612431444241317
E100001011132,0.0,47.44,8.64,August 2026,zero,CK Asset Holdings,47.44,56.08,0.8459343794579173,0.0
E100001011135,0.0,82.6,0.0,August 2026,zero,Samick Musical Instrument,82.6,82.6,1.0,0.0
E100001011137,0.0,114.0,0.0,August 2026,zero,Gallant Venture,114.0,114.0,1.0,0.0
E100001011143,78.75,113.4,0.0,August 2026,zero,Alsons Consolidated Resources,192.15,192.15,1.0,0.4098360655737705
E100001011187,130.0,0.0,0.0,August 2026,zero,Sanghi Industries,130.0,130.0,1.0,1.0
E100001011199,0.0,149.22,0.0,August 2026,zero,Confidence Cement,149.22,149.22,1.0,0.0
E100001011216,0.0,10.81,0.0,August 2026,zero,LVL Energy Fund,10.81,10.81,1.0,0.0
E100001011222,0.0,43.35,0.0,August 2026,zero,Arabian Cement Company,43.35,43.35,1.0,0.0
E100001011233,0.0,45.0,0.0,August 2026,zero,Baticim Bati Anadolu Cimento Sanayii,45.0,45.0,1.0,0.0
E100001011243,0.0,29.0,29.0,August 2026,zero,Essity,29.0,58.0,0.5,0.0
E100001011247,0.0,5.17,0.0,August 2026,zero,ConocoPhillips,5.17,5.17,1.0,0.0
E100001011309,227.53,0.0,0.0,August 2026,zero,WHA Corporation,227.53,227.53,1.0,1.0
E100001011399,0.0,0.0,82.0,August 2026,zero,Hokuetsu,0.0,82.0,0.0,
E100001011407,0.0,300.6,0.0,August 2026,zero,UNACEM Corp,300.6,300.6,1.0,0.0
E100001011522,0.0,22.2,0.03,August 2026,zero,Oberbank,22.2,22.23,0.9986504723346828,0.0
E100001011555,88.5,0.0,0.0,August 2026,zero,Daicel,88.5,88.5,1.0,1.0
E100001011563,110.3,5.25,0.0,August 2026,zero,Mitsubishi Chemical Group,115.55,115.55,1.0,0.9545651233232367
E100001011575,0.0,130.97,23.73,August 2026,zero,Celanese,130.97,154.7,0.8466063348416291,0.0
E100001011576,0.0,100.56,7.16,August 2026,zero,Clariant,100.56,107.72,0.9335313776457482,0.0
E100001011585,59.94,0.0,0.0,August 2026,zero,Vedan International (Holdings),59.94,59.94,1.0,1.0
E100001011649,30.0,0.0,0.0,August 2026,zero,SCG Packaging,30.0,30.0,1.0,1.0
E100001011672,0.0,446.23,0.0,August 2026,zero,Sapphire Fibres,446.23,446.23,1.0,0.0
E100001011674,0.0,11.25,0.0,August 2026,zero,Meezan Bank,11.25,11.25,1.0,0.0
E100001011690,0.0,18.97,0.0,August 2026,zero,Eversource Energy,18.97,18.97,1.0,0.0
E100001011696,0.0,380.0,0.0,August 2026,zero,Ranhill Holdings,380.0,380.0,1.0,0.0
E100001011714,78.0,67.8,0.0,August 2026,zero,Gujarat Alkalies & Chemicals,145.8,145.8,1.0,0.5349794238683128
E100001011755,0.0,5.53,0.0,August 2026,zero,IAMGOLD,5.53,5.53,1.0,0.0
E100001011835,0.0,120.0,0.0,August 2026,zero,Veridis Environment,120.0,120.0,1.0,0.0
E100001011985,0.0,1491.1,0.0,August 2026,zero,Hawaiian Electric Industries,1491.1,1491.1,1.0,0.0
E100001012038,0.0,44.2,0.0,August 2026,zero,Par Pacific Holdings,44.2,44.2,1.0,0.0
E100001014311,0.0,57.12,0.0,August 2026,zero,Brookfield Infrastructure Partners,57.12,57.12,1.0,0.0
E100001014354,0.0,226.1,0.0,August 2026,zero,CNOOC,226.1,226.1,1.0,0.0
E100001014430,0.0,432.0,0.0,August 2026,zero,Cheniere Energy,432.0,432.0,1.0,0.0
E100001014455,0.0,71.9,0.0,August 2026,zero,China Petroleum & Chemical,71.9,71.9,1.0,0.0
E100001014553,0.0,1940.2,0.0,August 2026,zero,SK Innovation,1940.2,1940.2,1.0,0.0
E100001015119,0.0,0.0,0.13,August 2026,zero,Itaúsa,0.0,0.13,0.0,
E100001015607,0.0,130.0,0.0,August 2026,zero,Aradel Holdings,130.0,130.0,1.0,0.0
E100001015700,0.0,16.09,0.0,August 2026,zero,National Bank of Pakistan,16.09,16.09,1.0,0.0
E100001015999,0.0,48.4,0.0,August 2026,zero,Uzbekneftegaz,48.4,48.4,1.0,0.0
E100001016064,0.0,1249.2,0.0,August 2026,zero,Cheniere Energy Partners,1249.2,1249.2,1.0,0.0
E100001016206,0.0,0.0,1.49,August 2026,zero,Apollo Global Management,0.0,1.49,0.0,
E100001016250,155.0,0.0,0.0,August 2026,zero,Hanwa,155.0,155.0,1.0,1.0
E100001016464,38.0,0.0,0.0,August 2026,zero,Dalmia Bharat,38.0,38.0,1.0,1.0
E100001016498,0.0,0.0,92.95,August 2026,zero,Mitsubishi UFJ Financial Group,0.0,92.95,0.0,
E100001016664,1200.0,0.0,0.0,August 2026,zero,Jindal Poly Investment & Finance,1200.0,1200.0,1.0,1.0
E100001016793,0.0,0.0,40.0,August 2026,zero,Zambia Sugar,0.0,40.0,0.0,
E100001016841,0.0,0.0,109.0,August 2026,zero,Sylvamo,0.0,109.0,0.0,
E100001016899,0.0,29.08,58.0,August 2026,zero,Mitsui E&S,29.08,87.08,0.333945796968305,0.0
E100001016941,0.0,0.0,40.0,August 2026,zero,Victorias Milling,0.0,40.0,0.0,
E100001016964,0.0,663.0,9.09,August 2026,zero,Keppel Infrastructure Trust Management,663.0,672.09,0.9864750256662054,0.0
E100001017067,0.0,0.0,30.0,August 2026,zero,Zhejiang Weiming Environmental Protection,0.0,30.0,0.0,
E100001017366,0.0,0.0,60.0,August 2026,zero,"Yihai Kerry Arowana Grain, Oil and Foodstuff",0.0,60.0,0.0,
E100002000010,1115.41,0.0,0.0,August 2026,zero,GMR Power and Urban Infra,1115.41,1115.41,1.0,1.0
E100002000031,0.0,1868.8,0.0,August 2026,zero,Dow,1868.8,1868.8,1.0,0.0
E100002000132,52.13,57.74,0.0,August 2026,zero,Korea Petrochemical Ind.,109.87,109.87,1.0,0.47446982797852005
E100002000151,0.0,0.0,17.08,August 2026,zero,Kemira,0.0,17.08,0.0,
E100002000451,0.0,0.0,42.75,August 2026,zero,JDW Sugar Mills,0.0,42.75,0.0,
E100002000567,0.0,149.69,0.0,August 2026,zero,Orion Pharma,149.69,149.69,1.0,0.0
E100002000725,0.0,30.0,0.0,August 2026,zero,Starwood Real Estate Income Trust,30.0,30.0,1.0,0.0
E100002000740,0.0,566.0,0.0,August 2026,zero,Imperial Oil,566.0,566.0,1.0,0.0
E100002000785,0.0,0.0,60.0,August 2026,zero,Canfor,0.0,60.0,0.0,
E100002000812,0.0,0.0,16.83,August 2026,zero,Impulsora del Desarrollo y Empleo en America Latina,0.0,16.83,0.0,
E100002001024,22.95,0.0,0.0,August 2026,zero,Porsche Automobil Holding,22.95,22.95,1.0,1.0
E100002001108,0.0,77.7,6.4,August 2026,zero,Aitken Spence,77.7,84.10000000000001,0.9239001189060642,0.0
E100002001125,0.0,106.33,0.0,August 2026,zero,Shahjibazar Power,106.33,106.33,1.0,0.0
E100002001149,0.0,0.0,30.34,August 2026,zero,AJR Infra and Tolling,0.0,30.34,0.0,
E100002001305,0.0,0.0,92.3,August 2026,zero,Associated British Foods,0.0,92.3,0.0,
E100002001393,0.0,0.0,1451.52,August 2026,zero,Raizen,0.0,1451.52,0.0,
E100002001404,0.0,0.0,16.1,August 2026,zero,Sun&L,0.0,16.1,0.0,
E100002001405,0.0,0.0,0.44,August 2026,zero,Hansol Paper,0.0,0.44,0.0,
E100002001551,0.0,0.0,41.0,August 2026,zero,Packages,0.0,41.0,0.0,
E100002001696,0.0,0.0,11.0,August 2026,zero,Mitsubishi HC Capital,0.0,11.0,0.0,
E100002001713,0.0,0.0,28.5,August 2026,zero,West Fraser Timber,0.0,28.5,0.0,
E100002002166,0.0,0.0,5.15,August 2026,zero,India Cements,0.0,5.15,0.0,
E100002002411,0.0,0.0,13.34,August 2026,zero,KCP,0.0,13.34,0.0,
E100002002718,0.0,0.0,51.7,August 2026,zero,Vontobel Holding,0.0,51.7,0.0,
E100002002779,0.0,456.0,0.0,August 2026,zero,CITIC,456.0,456.0,1.0,0.0
E100002002847,707.28,298.0,0.0,August 2026,zero,Rio Tinto,1005.28,1005.28,1.0,0.703565175871399
E100002002945,0.0,0.0,55.04,August 2026,zero,abrdn,0.0,55.04,0.0,
E100002002980,0.0,0.0,124.0,August 2026,zero,Holmen,0.0,124.0,0.0,
E100002003001,0.0,182.41,225.0,August 2026,zero,CPFL Energia,182.41,407.40999999999997,0.447730787167718,0.0
E100002003006,0.0,0.0,24.03,August 2026,zero,LOLC Holdings,0.0,24.03,0.0,
E100002003246,0.0,18.6,0.0,August 2026,zero,TSRC,18.6,18.6,1.0,0.0
E100002003247,0.0,9.3,0.0,August 2026,zero,Lien Hwa Industrial Holdings,9.3,9.3,1.0,0.0
E100002003261,0.0,0.0,36.0,August 2026,zero,Riopaila Castilla,0.0,36.0,0.0,
E100002003364,0.0,0.0,95.0,August 2026,zero,Canfor Pulp Products,0.0,95.0,0.0,
E100002003381,0.0,0.0,4.9,August 2026,zero,Toyo Kanetsu,0.0,4.9,0.0,
E100002003410,0.0,0.0,40.0,August 2026,zero,MAYAGÜEZ,0.0,40.0,0.0,
E100002003459,0.0,0.0,46.0,August 2026,zero,Tess Holdings,0.0,46.0,0.0,
E100002003495,0.0,0.0,8.73,August 2026,zero,RCL Foods,0.0,8.73,0.0,
E100002003521,0.0,0.0,30.59,August 2026,zero,Shanghai Industrial Holdings,0.0,30.59,0.0,
E100002003526,0.0,0.0,3.0,August 2026,zero,Daiichi Jitsugyo,0.0,3.0,0.0,
E100002003529,0.0,0.0,2.5,August 2026,zero,Iwatani,0.0,2.5,0.0,
E100002003531,0.0,0.0,11.0,August 2026,zero,Kawasaki Kisen Kaisha,0.0,11.0,0.0,
E100002003558,0.0,0.0,113.61,August 2026,zero,Fomento de Construcciones y Contratas,0.0,113.61,0.0,
E100002003582,0.0,286.7,6.77,August 2026,zero,Intesa Sanpaolo,286.7,293.46999999999997,0.9769312025079225,0.0
E100002004300,0.0,155.5,50.06,August 2026,zero,Brookfield Asset Management,155.5,205.56,0.7564701303755594,0.0
E100002004641,0.0,52.36,0.0,August 2026,zero,Promotora Mexpac,52.36,52.36,1.0,0.0
E100002004703,0.0,24.0,0.0,August 2026,zero,DCC,24.0,24.0,1.0,0.0
E100002004748,3844.57,3874.0,175.42,August 2026,zero,DTE Energy,7718.57,7893.99,0.9777780311350787,0.49809355878096595
E100002004826,0.0,4.0,0.0,August 2026,zero,Hyundai,4.0,4.0,1.0,0.0
E100002005662,0.0,468.0,0.0,August 2026,zero,Eastman Chemical,468.0,468.0,1.0,0.0
E100002006154,0.0,0.0,1.8,August 2026,zero,Tokyo Cement Company (Lanka),0.0,1.8,0.0,
E100002006770,0.0,57.24,0.82,August 2026,zero,UBS Fund Management (Switzerland),57.24,58.06,0.9858766792972786,0.0
E100002007167,13.68,0.0,0.0,August 2026,zero,Prism Johnson,13.68,13.68,1.0,1.0
E100002007932,399.18,399.0,0.0,August 2026,zero,Otter Tail,798.1800000000001,798.1800000000001,1.0,0.5001127565210854
E100002007946,0.0,150.0,0.0,August 2026,zero,Excelerate Energy,150.0,150.0,1.0,0.0
E100002007991,217.0,0.0,0.0,August 2026,zero,Fauji Fertilizer Company,217.0,217.0,1.0,1.0
E100002008793,0.0,30.0,0.0,August 2026,zero,Sidi Kerir Petrochemicals,30.0,30.0,1.0,0.0
E100002009511,0.0,0.0,12.75,August 2026,zero,Rottneros,0.0,12.75,0.0,
E100002009548,0.0,0.0,9.0,August 2026,zero,Miwa Sugar,0.0,9.0,0.0,
E100002010547,0.0,0.0,6.19,August 2026,zero,Séché Environnement,0.0,6.19,0.0,
E100002011285,0.0,7.81,0.0,August 2026,zero,Resonac Holdings,7.81,7.81,1.0,0.0
E100002011797,0.0,660.38,0.0,August 2026,zero,Meshek Energy - Renewable Energies,660.38,660.38,1.0,0.0
E100002011849,0.0,0.0,29.7,August 2026,zero,Gascogne,0.0,29.7,0.0,
E100002011943,0.0,0.0,2.04,August 2026,zero,Mirae Asset Securities,0.0,2.04,0.0,
E100002012014,0.0,0.0,4.5,August 2026,zero,SD Guthrie,0.0,4.5,0.0,
E100002012024,0.0,0.0,22.33,August 2026,zero,Paramonga Agro Industrial,0.0,22.33,0.0,
E100002012027,0.0,0.0,17.96,August 2026,zero,Agroindustrias San Jacinto,0.0,17.96,0.0,
E100002013739,0.0,0.0,7.72,August 2026,zero,Masisa,0.0,7.72,0.0,
E100002015281,130.86,0.0,0.0,August 2026,zero,Nanshan Aluminium International Holdings,130.86,130.86,1.0,1.0
E100002015324,0.0,0.0,5.09,August 2026,zero,Vishwaraj Sugar Industries,0.0,5.09,0.0,
E100002015334,0.0,0.0,7.7,August 2026,zero,Rana Sugars,0.0,7.7,0.0,
E100002015348,0.0,0.0,5.44,August 2026,zero,Triveni Engineering & Industries,0.0,5.44,0.0,
E100002015366,0.0,0.0,3.3,August 2026,zero,Jocil,0.0,3.3,0.0,
E100002015372,0.0,0.0,8.6,August 2026,zero,Dwarikesh Sugar Industries,0.0,8.6,0.0,
E100002015522,0.0,0.0,8.06,August 2026,zero,K M Sugar Mills,0.0,8.06,0.0,
E100002015547,0.0,0.0,15.5,August 2026,zero,EID Parry (India),0.0,15.5,0.0,
E100002015561,0.0,0.0,7.25,August 2026,zero,Ponni Sugars (Erode),0.0,7.25,0.0,
E100002015622,0.0,0.0,0.55,August 2026,zero,SEL Manufacturing Company,0.0,0.55,0.0,
E100002015632,0.0,0.0,1.68,August 2026,zero,Bannari Amman Sugars,0.0,1.68,0.0,
E100002015636,0.0,0.0,4.25,August 2026,zero,Avadh Sugar and Energy,0.0,4.25,0.0,
E100002015762,0.0,0.0,4.57,August 2026,zero,DEE Development Engineers,0.0,4.57,0.0,
E100002015906,0.0,0.0,1.2,August 2026,zero,Kencana Agri,0.0,1.2,0.0,
E100002016031,0.0,89.89,0.0,August 2026,zero,Lahav LR Real Estate,89.89,89.89,1.0,0.0
E100002016040,22.5,0.0,0.0,August 2026,zero,Formosa Taffeta,22.5,22.5,1.0,1.0
E100002016163,0.0,250.0,0.0,August 2026,zero,Türkiye Sise Ve Cam Fabrikalari,250.0,250.0,1.0,0.0
E100002016166,0.0,135.0,0.0,August 2026,zero,CVC Capital Partners,135.0,135.0,1.0,0.0
E100002016185,0.0,215.0,0.0,August 2026,zero,Phoenix Financial,215.0,215.0,1.0,0.0
E100002016189,0.0,0.0,2.04,August 2026,zero,Al-Noor Sugar Mills,0.0,2.04,0.0,
E100002016205,0.0,0.0,18.58,August 2026,zero,Mehran Sugar Mills,0.0,18.58,0.0,
E100002016234,0.0,0.0,36.4,August 2026,zero,Thachang Green Energy,0.0,36.4,0.0,
E100002016257,0.0,0.0,18.51,August 2026,zero,Kaset Thai International Sugar Corporation,0.0,18.51,0.0,
E100002016269,0.0,0.0,2.23,August 2026,zero,Clover Power,0.0,2.23,0.0,
E100002016271,0.0,0.0,0.7,August 2026,zero,Ajinomoto,0.0,0.7,0.0,
E100002016305,0.0,401.5,0.0,August 2026,zero,BKV,401.5,401.5,1.0,0.0
E100002016367,0.0,112.0,0.0,August 2026,zero,Greenidge Generation Holdings,112.0,112.0,1.0,0.0
E100002016384,1300.0,2067.5,0.0,August 2026,zero,Bridgepoint Group,3367.5,3367.5,1.0,0.3860430586488493
E100002016427,0.0,12.28,0.0,August 2026,zero,Digi Power X,12.28,12.28,1.0,0.0
E100002016605,0.0,0.0,4.11,August 2026,zero,TPC Power Holding,0.0,4.11,0.0,
E100002016609,0.0,0.0,3.95,August 2026,zero,Subur Tiasa Holdings,0.0,3.95,0.0,
E100002016630,0.0,0.0,0.04,August 2026,zero,KBC Groep,0.0,0.04,0.0,
E100002016642,0.0,0.0,1.6,August 2026,zero,Precise Corporation,0.0,1.6,0.0,
E100002016646,0.0,0.0,16.17,August 2026,zero,TSH Resources,0.0,16.17,0.0,
E100002016647,0.0,0.0,3.4,August 2026,zero,Mohawk Industries,0.0,3.4,0.0,
E100002016649,0.0,0.0,3.58,August 2026,zero,Cepatwawasan Group,0.0,3.58,0.0,
E100002016672,0.0,0.0,2.4,August 2026,zero,PTC India Financial Services,0.0,2.4,0.0,
E100002016682,0.0,0.0,5.04,August 2026,zero,Thai Rayon,0.0,5.04,0.0,
E100002016726,0.0,0.0,110.0,August 2026,zero,Graphic Packaging Holding,0.0,110.0,0.0,
E100002016729,0.0,0.0,3.7,August 2026,zero,Webuild,0.0,3.7,0.0,
E100002016760,0.0,0.0,38.86,August 2026,zero,Biotrend Cevre ve Enerji Yatirimlari,0.0,38.86,0.0,
E100002016804,0.0,0.0,26.0,August 2026,zero,CropEnergies,0.0,26.0,0.0,
E100002016809,0.0,0.0,1.58,August 2026,zero,Danone,0.0,1.58,0.0,
E100002016829,0.0,0.0,18.01,August 2026,zero,LEG Immobilien,0.0,18.01,0.0,
E100002016845,0.0,0.0,50.69,August 2026,zero,JITF Infralogistics,0.0,50.69,0.0,
E100002016863,0.0,0.0,3.8,August 2026,zero,Global Dominion Access,0.0,3.8,0.0,
E100002016924,0.0,0.0,0.61,August 2026,zero,Samsung Life Insurance,0.0,0.61,0.0,
E100002016943,0.0,0.0,1.8,August 2026,zero,Maire,0.0,1.8,0.0,
E100002016952,0.0,0.0,19.5,August 2026,zero,SIIC Environment Holdings,0.0,19.5,0.0,
E100002016955,0.0,292.0,0.0,August 2026,zero,DigitalBridge Group,292.0,292.0,1.0,0.0
E100002016964,0.0,0.0,7.0,August 2026,zero,Société Financière Des Sucres,0.0,7.0,0.0,
E100002016986,0.0,0.0,9.6,August 2026,zero,Evergreen Fibreboard,0.0,9.6,0.0,
E100002017005,0.0,0.0,10.0,August 2026,zero,Buriram Sugar,0.0,10.0,0.0,
E100002017085,0.0,0.0,23.44,August 2026,zero,Remgro,0.0,23.44,0.0,
E100002017127,0.0,0.0,22.61,August 2026,zero,Yesil Yapi Endustrisi,0.0,22.61,0.0,
E100002017136,0.0,0.0,2.0,August 2026,zero,VibroPower Corporation,0.0,2.0,0.0,
E100002017140,0.0,0.0,24.0,August 2026,zero,Consus Enerji Isletmeciligi ve Hizmetleri,0.0,24.0,0.0,
E100002017182,0.0,0.0,10.0,August 2026,zero,Hun Yenilenebilir Enerji Üretim,0.0,10.0,0.0,
E100002017187,0.0,0.0,1.22,August 2026,zero,OPAL Fuels,0.0,1.22,0.0,
E100002017534,0.0,0.0,30.0,August 2026,zero,Khon Kaen Sugar Industry,0.0,30.0,0.0,
E100002017623,0.0,16.09,0.0,August 2026,zero,Allied Bank,16.09,16.09,1.0,0.0
E100002017821,0.0,266.0,0.0,August 2026,zero,Banco Santander,266.0,266.0,1.0,0.0
E100002018157,0.0,106.2,0.0,August 2026,zero,Mitsubishi Gas Chemical Company,106.2,106.2,1.0,0.0
E100002018551,0.0,135.0,0.0,August 2026,zero,GE Vernova,135.0,135.0,1.0,0.0
E100002018990,18.0,0.0,0.0,August 2026,zero,PT Cita Mineral Investindo,18.0,18.0,1.0,1.0
E100002019158,270.0,0.0,0.0,August 2026,zero,CIAN Agro Industries & Infrastructure,270.0,270.0,1.0,1.0
E100002019983,50.0,0.0,0.0,August 2026,zero,PT Toba Pulp Lestari,50.0,50.0,1.0,1.0
E100002021926,0.0,1775.0,24.5,August 2026,zero,City of Vienna,1775.0,1799.5,0.9863851069741595,0.0
E100002022266,10.39,0.0,0.0,August 2026,zero,SAIC Motor,10.39,10.39,1.0,1.0
E100002022267,19.88,0.0,0.0,August 2026,zero,Dah Sing Banking Group,19.88,19.88,1.0,1.0
E100002022268,0.0,91.2,2.03,August 2026,zero,Beijing Enterprises Holdings,91.2,93.23,0.9782258929529122,0.0
E100002024474,0.0,0.0,14.67,August 2026,zero,Orizon Valorização de Resíduos,0.0,14.67,0.0,
E100002024548,478.5,0.0,0.0,August 2026,zero,Lygend Resources & Technology,478.5,478.5,1.0,1.0
E100002024593,0.0,45.68,5.02,August 2026,zero,Braunschweig Beteiligungen,45.68,50.7,0.9009861932938855,0.0
E100002025038,0.0,237.5,0.0,August 2026,zero,KB Financial Group,237.5,237.5,1.0,0.0
E100002025081,0.0,0.0,5.77,August 2026,zero,China Galaxy Securities,0.0,5.77,0.0,
E100000000006,0.0,672.0,0.0,August 2026,impute,Capex,672.0,672.0,1.0,0.0
E100000000013,0.0,2048.32,0.0,August 2026,impute,YPF,2048.32,2048.32,1.0,0.0
E100000000014,4880.0,1130.0,0.0,August 2026,impute,AGL Energy,6010.0,6010.0,1.0,0.8119800332778702
E100000000015,0.0,707.4,0.0,August 2026,impute,BHP Group,707.4,707.4,1.0,0.0
E100000000018,206.52,2070.89,25.2,August 2026,impute,Macquarie Group,2277.41,2302.6099999999997,0.9890558974381246,0.09068195889189914
E100000000019,2880.0,2549.18,0.0,August 2026,impute,Origin Energy,5429.18,5429.18,1.0,0.5304668476639197
E100000000021,387.1,535.0,0.0,August 2026,impute,EVN,922.1,922.1,1.0,0.41980262444420346
E100000000025,29.97,70.0,103.53,August 2026,impute,Lenzing,99.97,203.5,0.49125307125307127,0.2997899369810943
E100000000027,0.0,42.33,0.0,August 2026,impute,OMV,42.33,42.33,1.0,0.0
E100000000030,0.0,1106.2,0.03,August 2026,impute,Verbund,1106.2,1106.23,0.9999728808656428,0.0
E100000000031,0.0,153.0,0.0,August 2026,impute,Voestalpine,153.0,153.0,1.0,0.0
E100000000050,127.72,868.24,0.0,August 2026,impute,Solvay,995.96,995.96,1.0,0.12823808185067673
E100000000051,0.0,422.0,0.0,August 2026,impute,Tessenderlo Group,422.0,422.0,1.0,0.0
E100000000053,0.0,790.44,64.99,August 2026,impute,CK Infrastructure Holdings,790.44,855.4300000000001,0.9240265129817753,0.0
E100000000060,0.0,131.7,0.0,August 2026,impute,Braskem,131.7,131.7,1.0,0.0
E100000000067,360.0,4460.86,9.0,August 2026,impute,Eneva,4820.86,4829.86,0.9981365919509054,0.0746754728409454
E100000000084,0.0,4392.73,0.0,August 2026,impute,Petróleo Brasileiro,4392.73,4392.73,1.0,0.0
E100000000101,0.0,176.0,0.0,August 2026,impute,ATCO,176.0,176.0,1.0,0.0
E100000000102,0.0,812.0,0.0,August 2026,impute,AltaGas,812.0,812.0,1.0,0.0
E100000000103,148.83,207.32,0.0,August 2026,impute,Barrick Mining,356.15,356.15,1.0,0.41788572230801635
E100000000104,0.0,0.0,145.0,August 2026,impute,Brookfield,0.0,145.0,0.0,
E100000000105,0.0,125.29,0.0,August 2026,impute,Canadian Natural Resources,125.29,125.29,1.0,0.0
E100000000107,0.0,6663.5,0.0,August 2026,impute,Capital Power,6663.5,6663.5,1.0,0.0
E100000000111,1743.8,5591.8,90.0,August 2026,impute,Emera,7335.6,7425.6,0.987879767291532,0.23771743279350016
E100000000112,0.0,60.0,0.0,August 2026,impute,Enbridge,60.0,60.0,1.0,0.0
E100000000113,306.0,0.0,0.0,August 2026,impute,First Quantum Minerals,306.0,306.0,1.0,1.0
E100000000114,964.13,1619.8,0.0,August 2026,impute,Fortis,2583.93,2583.93,1.0,0.37312543296451534
E100000000121,0.0,450.0,0.0,August 2026,impute,Maxim Power,450.0,450.0,1.0,0.0
E100000000127,0.0,111.15,0.0,August 2026,impute,Pembina Pipeline,111.15,111.15,1.0,0.0
E100000000132,0.0,161.84,0.0,August 2026,impute,Sherritt International,161.84,161.84,1.0,0.0
E100000000135,0.0,1550.33,0.0,August 2026,impute,Suncor Energy,1550.33,1550.33,1.0,0.0
E100000000136,0.0,815.0,32.0,August 2026,impute,TC Energy,815.0,847.0,0.9622195985832349,0.0
E100000000141,0.0,283.06,0.0,August 2026,impute,Pátria Investments,283.06,283.06,1.0,0.0
E100000000148,0.0,220.3,0.0,August 2026,impute,Energía Latina,220.3,220.3,1.0,0.0
E100000000151,834.59,135.57,14.25,August 2026,impute,Agricultural Bank of China,970.1600000000001,984.4100000000001,0.9855243242145041,0.8602601632720376
E100000000156,0.0,4526.8,0.0,August 2026,impute,Beijing Jingneng Clean Energy,4526.8,4526.8,1.0,0.0
E100000000157,20802.11,653.48,0.0,August 2026,impute,Beijing Jingneng Power,21455.59,21455.59,1.0,0.9695426692997023
E100000000173,2444.81,111.36,0.0,August 2026,impute,China Petrochemical,2556.17,2556.17,1.0,0.95643482241009
E100000000174,42862.48,304.5,9.88,August 2026,impute,China Resources Power Holdings,43166.98,43176.86,0.9997711737259264,0.9929459971487465
E100000000175,56455.7,2036.0,0.0,August 2026,impute,China Shenhua Energy,58491.7,58491.7,1.0,0.9651916425749294
E100000000180,0.0,242.4,0.0,August 2026,impute,Chongqing Gas Group,242.4,242.4,1.0,0.0
E100000000181,39365.46,6006.04,0.0,August 2026,impute,Datang International Power Generation,45371.5,45371.5,1.0,0.8676252713707944
E100000000185,3743.0,411.0,184.0,August 2026,impute,China Energy Engineering,4154.0,4338.0,0.9575841401567543,0.9010592200288878
E100000000186,4513.68,1170.0,0.0,August 2026,impute,Fujian Funeng,5683.68,5683.68,1.0,0.7941474537623512
E100000000188,41678.63,317.8,0.0,August 2026,impute,GD POWER Development,41996.43,41996.43,1.0,0.9924326901119928
E100000000192,18604.05,9223.42,51.0,August 2026,impute,Guangdong Electric Power Development,27827.47,27878.47,0.9981706313151332,0.6685498178598341
E100000000195,1462.0,0.0,0.0,August 2026,impute,Guangxi Guiguan Electric Power,1462.0,1462.0,1.0,1.0
E100000000197,1080.0,920.0,0.0,August 2026,impute,Guangzhou Hengyun Enterprises Holdings,2000.0,2000.0,1.0,0.54
E100000000213,38034.24,8121.36,9.3,August 2026,impute,Huadian Power International,46155.6,46164.9,0.9997985482476947,0.8240438863323194
E100000000217,75805.15,11930.6,291.52,August 2026,impute,Huaneng Power International,87735.75,88027.27,0.9966882989782597,0.8640166636747277
E100000000218,5246.0,370.0,0.0,August 2026,impute,Hubei Energy Group,5616.0,5616.0,1.0,0.9341168091168092
E100000000220,1320.44,276.7,0.0,August 2026,impute,Industrial and Commercial Bank of China,1597.14,1597.14,1.0,0.8267528206669421
E100000000245,3300.48,1321.57,0.0,August 2026,impute,PetroChina,4622.05,4622.05,1.0,0.7140727599225452
E100000000247,4525.72,567.56,2.82,August 2026,impute,Power Construction Corporation of China,5093.280000000001,5096.1,0.9994466356625655,0.8885668959884396
E100000000255,9254.04,4434.21,0.0,August 2026,impute,Shanghai Electric Power,13688.25,13688.25,1.0,0.676057202345077
E100000000262,6684.9,3689.2,0.0,August 2026,impute,Shenergy,10374.099999999999,10374.099999999999,1.0,0.6443836091805555
E100000000265,0.0,1240.2,0.0,August 2026,impute,Shenzhen Gas,1240.2,1240.2,1.0,0.0
E100000000310,33410.26,4944.01,0.22,August 2026,impute,Zhejiang Zheneng Electric Power,38354.270000000004,38354.490000000005,0.9999942640353189,0.8710962299634434
E100000000316,374.92,230.0,0.0,August 2026,impute,Zhuhai Port,604.9200000000001,604.9200000000001,1.0,0.6197844343053627
E100000000324,96.05,0.0,0.0,August 2026,impute,Grupo Energía Bogotá,96.05,96.05,1.0,1.0
E100000000337,2997.0,897.0,30.0,August 2026,impute,CEZ,3894.0,3924.0,0.9923547400611621,0.7696456086286595
E100000000353,0.0,261.0,40.0,August 2026,impute,Seaboard,261.0,301.0,0.867109634551495,0.0
E100000000360,753.0,300.56,0.0,August 2026,impute,Fortum,1053.56,1053.56,1.0,0.7147196172975436
E100000000368,0.0,60.8,0.0,August 2026,impute,Neste,60.8,60.8,1.0,0.0
E100000000369,39.2,0.0,866.83,August 2026,impute,Stora Enso,39.2,906.0300000000001,0.04326567552950785,1.0
E100000000372,0.0,262.0,865.21,August 2026,impute,UPM-Kymmene,262.0,1127.21,0.2324322885708963,0.0
E100000000375,0.0,996.0,0.0,August 2026,impute,Air Liquide,996.0,996.0,1.0,0.0
E100000000382,319.53,21210.35,28.89,August 2026,impute,ENGIE,21529.879999999997,21558.769999999997,0.9986599421024484,0.014841234600471532
E100000000387,320.0,7664.2,0.0,August 2026,impute,TotalEnergies,7984.2,7984.2,1.0,0.04007915633375918
E100000000388,991.01,702.3,317.52,August 2026,impute,Veolia Environnement,1693.31,2010.83,0.8420950552756822,0.5852501904553803
E100000000395,0.0,1138.2,0.0,August 2026,impute,BASF,1138.2,1138.2,1.0,0.0
E100000000397,0.0,25.0,0.0,August 2026,impute,Bertelsmann,25.0,25.0,1.0,0.0
E100000000407,5590.75,2060.55,30.25,August 2026,impute,EnBW Energie Baden-Württemberg,7651.3,7681.55,0.9960619926967864,0.730692823441768
E100000000424,0.0,362.6,0.0,August 2026,impute,Linde,362.6,362.6,1.0,0.0
E100000000426,630.2,214.0,50.85,August 2026,impute,MVV Energie,844.2,895.0500000000001,0.9431875314228255,0.7465055674010898
E100000000433,7064.8,15689.58,593.0,August 2026,impute,RWE,22754.38,23347.38,0.9746010044810167,0.31048088324094086
E100000000436,660.0,610.67,1.15,August 2026,impute,Siemens,1270.67,1271.8200000000002,0.9990957839945903,0.5194110193834748
E100000000457,2393.0,10004.27,0.0,August 2026,impute,Uniper,12397.27,12397.27,1.0,0.1930263679019655
E100000000459,70.0,602.0,0.0,August 2026,impute,Volkswagen,672.0,672.0,1.0,0.10416666666666667
E100000000472,0.0,1020.5,0.0,August 2026,impute,"GEK TERNA Holdings, Real Estate, Construction",1020.5,1020.5,1.0,0.0
E100000000473,0.0,856.84,0.0,August 2026,impute,HELLENiQ ENERGY Holdings,856.84,856.84,1.0,0.0
E100000000475,0.0,1887.79,0.0,August 2026,impute,Metlen Energy & Metals,1887.79,1887.79,1.0,0.0
E100000000476,660.0,2987.11,0.0,August 2026,impute,Public Power Corporation,3647.11,3647.11,1.0,0.1809652025850605
E100000000481,6596.0,4616.35,0.0,August 2026,impute,CLP Holdings,11212.35,11212.35,1.0,0.5882798878022895
E100000000483,12476.62,815.2,88.0,August 2026,impute,China Power International Development,13291.820000000002,13379.820000000002,0.9934229309512385,0.9386690460749543
E100000000486,0.0,518.01,0.0,August 2026,impute,First Pacific,518.01,518.01,1.0,0.0
E100000000487,1050.0,1995.0,0.0,August 2026,impute,HK Electric Investments and HK Electric Investments,3045.0,3045.0,1.0,0.3448275862068966
E100000000490,20.0,1739.1,0.0,August 2026,impute,Kunlun Energy Company Limited,1759.1,1759.1,1.0,0.011369450287078621
E100000000505,0.0,197.0,6.0,August 2026,impute,MOL Magyar Olajes Gazipari,197.0,203.0,0.9704433497536946,0.0
E100000000512,540.0,0.0,0.0,August 2026,impute,GVK Power & Infrastructure,540.0,540.0,1.0,1.0
E100000000513,0.0,225.86,0.0,August 2026,impute,GAIL,225.86,225.86,1.0,0.0
E100000000522,1252.0,45.2,0.0,August 2026,impute,National Aluminium,1297.2,1297.2,1.0,0.9651557200123342
E100000000524,0.0,600.62,0.0,August 2026,impute,Oil and Natural Gas,600.62,600.62,1.0,0.0
E100000000531,220.0,50.0,0.0,August 2026,impute,UltraTech Cement,270.0,270.0,1.0,0.8148148148148148
E100000000533,170.0,113.1,0.0,August 2026,impute,PT Medco Energi Internasional,283.1,283.1,1.0,0.6004945249028611
E100000000585,0.0,88.27,0.0,August 2026,impute,Delek Group,88.27,88.27,1.0,0.0
E100000000591,0.0,230.0,0.0,August 2026,impute,ICL Group,230.0,230.0,1.0,0.0
E100000000598,0.0,146.0,0.0,August 2026,impute,Rapac Communication and Infrastructure,146.0,146.0,1.0,0.0
E100000000602,0.0,6779.0,264.1,August 2026,impute,A2A,6779.0,7043.1,0.9625023072226718,0.0
E100000000608,590.0,7521.0,26.4,August 2026,impute,Enel,8111.0,8137.4,0.9967557205004056,0.07274072247565035
E100000000610,0.0,5621.32,0.0,August 2026,impute,Eni,5621.32,5621.32,1.0,0.0
E100000000619,0.0,241.6,22.84,August 2026,impute,Hera,241.6,264.44,0.9136288004840417,0.0
E100000000620,0.0,2523.0,0.0,August 2026,impute,Iren,2523.0,2523.0,1.0,0.0
E100000000630,6574.92,26454.33,197.88,August 2026,impute,Chubu Electric Power,33029.25,33227.13,0.9940446255815655,0.19906355730148279
E100000000635,0.0,3196.17,91.9,August 2026,impute,ENEOS Holdings,3196.17,3288.07,0.9720504733779999,0.0
E100000000638,0.0,321.89,0.0,August 2026,impute,INPEX,321.89,321.89,1.0,0.0
E100000000639,0.0,581.83,26.07,August 2026,impute,Idemitsu Kosan,581.83,607.9000000000001,0.9571146570159565,0.0
E100000000641,9066.14,5091.59,11.67,August 2026,impute,Electric Power Development,14157.73,14169.4,0.9991763942015893,0.6403667819629276
E100000000643,329.85,281.7,0.0,August 2026,impute,JFE Holdings,611.55,611.55,1.0,0.5393671817512878
E100000000645,0.0,389.4,67.38,August 2026,impute,Japan Petroleum Exploration,389.4,456.78,0.8524891632733482,0.0
E100000000646,2626.3,11032.32,331.0,August 2026,impute,Kansai Electric Power,13658.619999999999,13989.619999999999,0.976339600360839,0.19228150428081317
E100000000647,2700.0,1248.2,0.0,August 2026,impute,Kobe Steel,3948.2,3948.2,1.0,0.6838559343498304
E100000000648,3307.65,6112.07,124.37,August 2026,impute,Kyushu Electric Power,9419.72,9544.09,0.9869688990778586,0.3511410105608235
E100000000649,1518.63,5198.83,54.02,August 2026,impute,Marubeni,6717.46,6771.4800000000005,0.9920224234583872,0.22607205699773428
E100000000650,382.7,4523.83,39.66,August 2026,impute,Mitsubishi,4906.53,4946.19,0.9919817071321563,0.07799809641437024
E100000000651,1245.04,5827.52,1.61,August 2026,impute,Mitsui &,7072.56,7074.17,0.9997724114631116,0.17603809653081767
E100000000652,2355.15,2528.83,0.0,August 2026,impute,Nippon Steel,4883.98,4883.98,1.0,0.48221941940794194
E100000000654,246.05,3365.29,148.38,August 2026,impute,Osaka Gas,3611.34,3759.7200000000003,0.9605342951070824,0.06813260451799055
E100000000655,1450.0,2544.49,27.0,August 2026,impute,Shikoku Electric Power,3994.49,4021.49,0.9932860705857779,0.36300003254483054
E100000000656,0.0,807.95,36.75,August 2026,impute,Sojitz,807.95,844.7,0.9564934296199834,0.0
E100000000657,4654.04,2557.92,125.0,August 2026,impute,Sumitomo,7211.96,7336.96,0.9829629710397767,0.6453224920825962
E100000000658,5356.84,6721.0,1.82,August 2026,impute,Tohoku Electric Power,12077.84,12079.66,0.9998493335077312,0.443526325899333
E100000000659,6655.47,26085.08,0.58,August 2026,impute,Tokyo Electric Power,32740.550000000003,32741.130000000005,0.9999822852784861,0.20327911412606078
E100000000660,0.0,1966.98,137.25,August 2026,impute,Tokyo Gas,1966.98,2104.23,0.934774240458505,0.0
E100000000662,52.5,706.53,1.5,August 2026,impute,Toyota Tsusho,759.03,760.53,0.9980276912153366,0.06916722659183432
E100000000669,0.0,298.62,0.0,August 2026,impute,National Company KazMunayGas,298.62,298.62,1.0,0.0
E100000000685,0.0,1045.0,112.24,August 2026,impute,Ignitis Grupe,1045.0,1157.24,0.9030106114548409,0.0
E100000000687,88.5,1306.54,0.0,August 2026,impute,ArcelorMittal,1395.04,1395.04,1.0,0.06343904117444661
E100000000692,0.0,483.0,0.0,August 2026,impute,Tenaris,483.0,483.0,1.0,0.0
E100000000700,0.0,157.44,9.2,August 2026,impute,Melewar Industrial Group,157.44,166.64,0.944791166586654,0.0
E100000000703,0.0,171.0,0.0,August 2026,impute,Petronas Gas,171.0,171.0,1.0,0.0
E100000000706,6810.0,4912.04,11.25,August 2026,impute,Tenaga Nasional,11722.04,11733.29,0.9990411896407572,0.5809568982873288
E100000000707,231.0,0.0,0.0,August 2026,impute,YTL Corporation,231.0,231.0,1.0,1.0
E100000000712,0.0,114.0,0.0,August 2026,impute,Cydsa,114.0,114.0,1.0,0.0
E100000000718,0.0,516.2,0.0,August 2026,impute,Grupo México,516.2,516.2,1.0,0.0
E100000000735,0.0,573.0,0.0,August 2026,impute,Akzo Nobel,573.0,573.0,1.0,0.0
E100000000741,0.0,56.41,0.0,August 2026,impute,LyondellBasell Industries,56.41,56.41,1.0,0.0
E100000000746,0.0,3339.17,0.0,August 2026,impute,Shell,3339.17,3339.17,1.0,0.0
E100000000747,32.0,112.0,0.0,August 2026,impute,Stellantis,144.0,144.0,1.0,0.2222222222222222
E100000000749,0.0,35.0,0.0,August 2026,impute,Fonterra Co-operative Group,35.0,35.0,1.0,0.0
E100000000759,0.0,480.0,0.0,August 2026,impute,Oando,480.0,480.0,1.0,0.0
E100000000764,0.0,676.26,0.0,August 2026,impute,Transnational Corporation,676.26,676.26,1.0,0.0
E100000000766,0.0,1161.0,0.0,August 2026,impute,Equinor,1161.0,1161.0,1.0,0.0
E100000000770,0.0,0.0,38.02,August 2026,impute,Norske Skog,0.0,38.02,0.0,
E100000000773,0.0,28.69,0.0,August 2026,impute,Wärtsilä,28.69,28.69,1.0,0.0
E100000000774,0.0,68.0,11.5,August 2026,impute,Yara International,68.0,79.5,0.8553459119496856,0.0
E100000000776,0.0,164.0,0.0,August 2026,impute,Dhofar International Development & Investment Holding Company,164.0,164.0,1.0,0.0
E100000000798,0.0,140.0,0.0,August 2026,impute,Palestine Electric Company,140.0,140.0,1.0,0.0
E100000000805,0.0,129.85,0.0,August 2026,impute,ACEN,129.85,129.85,1.0,0.0
E100000000810,0.0,823.55,2.55,August 2026,impute,First Generation Holdings,823.55,826.0999999999999,0.9969132066335795,0.0
E100000000813,838.84,763.74,0.0,August 2026,impute,Manila Electric,1602.58,1602.58,1.0,0.5234309675648018
E100000000815,3755.8,1539.75,0.0,August 2026,impute,San Miguel,5295.55,5295.55,1.0,0.7092370008780958
E100000000817,68.0,129.36,0.0,August 2026,impute,Vivant,197.36,197.36,1.0,0.3445480340494528
E100000000818,0.0,21.0,0.0,August 2026,impute,Arctic Paper,21.0,21.0,1.0,0.0
E100000000822,340.55,0.0,0.0,August 2026,impute,Energa,340.55,340.55,1.0,1.0
E100000000824,0.0,49.5,0.0,August 2026,impute,KGHM Polska Miedź,49.5,49.5,1.0,0.0
E100000000826,12609.4,2303.0,68.0,August 2026,impute,PGE Polska Grupa Energetyczna,14912.4,14980.4,0.9954607353608715,0.8455647648936455
E100000000827,1598.55,1180.33,25.0,August 2026,impute,ORLEN,2778.88,2803.88,0.9910837838994536,0.5752497409028098
E100000000828,0.0,129.0,0.0,August 2026,impute,Polenergia,129.0,129.0,1.0,0.0
E100000000832,4423.5,304.0,40.0,August 2026,impute,TAURON Polska Energia,4727.5,4767.5,0.9916098584163607,0.935695399259651
E100000000834,0.0,3141.61,0.0,August 2026,impute,EDP,3141.61,3141.61,1.0,0.0
E100000000836,0.0,54.19,0.0,August 2026,impute,Galp Energia,54.19,54.19,1.0,0.0
E100000000837,0.0,0.0,26.45,August 2026,impute,Mota-Engil,0.0,26.45,0.0,
E100000000840,0.0,200.0,0.0,August 2026,impute,Industries Qatar,200.0,200.0,1.0,0.0
E100000000842,0.0,675.0,0.0,August 2026,impute,Qatar Aluminium Manufacturing Co,675.0,675.0,1.0,0.0
E100000000858,0.0,230.0,0.0,August 2026,impute,Ilim Group,230.0,230.0,1.0,0.0
E100000000860,0.0,110.0,0.0,August 2026,impute,Mechel,110.0,110.0,1.0,0.0
E100000000864,2480.41,1505.61,0.0,August 2026,impute,RusHydro,3986.0199999999995,3986.0199999999995,1.0,0.6222773593710017
E100000000866,2420.0,8920.0,0.0,August 2026,impute,Unipro,11340.0,11340.0,1.0,0.21340388007054673
E100000000868,4021.0,24205.45,0.0,August 2026,impute,Inter RAO,28226.45,28226.45,1.0,0.14245503773942525
E100000000869,0.0,3343.6,0.0,August 2026,impute,LUKOIL,3343.6,3343.6,1.0,0.0
E100000000870,0.0,1016.7,0.0,August 2026,impute,Norilsk Nickel Mining and Metallurgical Company,1016.7,1016.7,1.0,0.0
E100000000874,0.0,1312.67,0.0,August 2026,impute,Rosneft,1312.67,1312.67,1.0,0.0
E100000000878,0.0,13465.9,0.0,August 2026,impute,T Plus,13465.9,13465.9,1.0,0.0
E100000000881,0.0,684.0,0.0,August 2026,impute,Tatneft,684.0,684.0,1.0,0.0
E100000000882,0.0,10448.35,0.0,August 2026,impute,ACWA Power,10448.35,10448.35,1.0,0.0
E100000000888,0.0,6356.0,0.0,August 2026,impute,Saudi Arabian Oil,6356.0,6356.0,1.0,0.0
E100000000889,0.0,185.0,0.0,August 2026,impute,Saudi Basic Industries,185.0,185.0,1.0,0.0
E100000000890,0.0,61967.85,0.0,August 2026,impute,Saudi Electricity,61967.85,61967.85,1.0,0.0
E100000000906,0.0,22.4,0.0,August 2026,impute,NSL,22.4,22.4,1.0,0.0
E100000000909,1626.0,5103.0,37.38,August 2026,impute,Sembcorp Industries,6729.0,6766.38,0.9944756280315323,0.24164065983058403
E100000000927,0.0,324.0,0.0,August 2026,impute,Sasol,324.0,324.0,1.0,0.0
E100000000935,267.0,3465.41,148.04,August 2026,impute,GS Holdings,3732.41,3880.45,0.9618497854630262,0.07153554941713264
E100000000936,0.0,500.0,0.0,August 2026,impute,HDC Holdings,500.0,500.0,1.0,0.0
E100000000938,0.0,827.0,0.0,August 2026,impute,Hanjin Heavy Industries & Construction Holdings,827.0,827.0,1.0,0.0
E100000000947,35688.37,24436.0,785.11,August 2026,impute,Korea Electric Power,60124.37,60909.48,0.9871102166690636,0.5935757829978094
E100000000950,0.0,270.0,0.0,August 2026,impute,Korea Zinc,270.0,270.0,1.0,0.0
E100000000953,714.0,4400.02,0.0,August 2026,impute,POSCO Holdings,5114.02,5114.02,1.0,0.13961619234965839
E100000000955,395.2,1116.39,0.0,August 2026,impute,SK Gas,1511.5900000000001,1511.5900000000001,1.0,0.26144655627518043
E100000000958,911.8,308.96,0.0,August 2026,impute,Samchully,1220.76,1220.76,1.0,0.7469117598872833
E100000000960,603.2,1296.75,0.0,August 2026,impute,Samsung C&T,1899.95,1899.95,1.0,0.31748203900102634
E100000000968,0.0,7784.6,0.0,August 2026,impute,Endesa,7784.6,7784.6,1.0,0.0
E100000000975,0.0,7280.3,0.0,August 2026,impute,Iberdrola,7280.3,7280.3,1.0,0.0
E100000000978,0.0,8664.13,24.5,August 2026,impute,Naturgy Energy Group,8664.13,8688.63,0.997180222888994,0.0
E100000000980,0.0,2216.0,0.0,August 2026,impute,Repsol,2216.0,2216.0,1.0,0.0
E100000000991,0.0,263.65,0.0,August 2026,impute,BKW,263.65,263.65,1.0,0.0
E100000001005,0.0,733.09,0.26,August 2026,impute,UBS Group,733.09,733.35,0.9996454626031227,0.0
E100000001008,0.0,1210.0,0.0,August 2026,impute,Asia Cement,1210.0,1210.0,1.0,0.0
E100000001009,0.0,0.0,8.65,August 2026,impute,CTCI,0.0,8.65,0.0,
E100000001012,983.8,0.0,0.0,August 2026,impute,Formosa Chemicals & Fibre,983.8,983.8,1.0,1.0
E100000001013,3102.8,0.0,0.0,August 2026,impute,Formosa Petrochemical,3102.8,3102.8,1.0,1.0
E100000001015,608.65,1243.0,0.0,August 2026,impute,Formosa Plastics,1851.65,1851.65,1.0,0.3287068290443658
E100000001016,298.8,52.0,0.0,August 2026,impute,Nan Ya Plastics,350.8,350.8,1.0,0.8517673888255416
E100000001017,48.0,1610.61,0.0,August 2026,impute,Taiwan Cogeneration,1658.61,1658.61,1.0,0.028939895454627673
E100000001021,0.0,114.0,112.63,August 2026,impute,Absolute Clean Energy,114.0,226.63,0.5030225477650797,0.0
E100000001023,0.0,2803.33,0.0,August 2026,impute,B.Grimm Power,2803.33,2803.33,1.0,0.0
E100000001029,594.38,3840.7,0.0,August 2026,impute,Global Power Synergy,4435.08,4435.08,1.0,0.1340178756640241
E100000001035,0.0,19.25,0.0,August 2026,impute,PTT,19.25,19.25,1.0,0.0
E100000001043,0.0,49.17,0.0,August 2026,impute,Univentures,49.17,49.17,1.0,0.0
E100000001044,0.0,94.14,0.0,August 2026,impute,National Enterprises,94.14,94.14,1.0,0.0
E100000001057,225.0,889.7,2.39,August 2026,impute,Hacı Ömer Sabancı Holding,1114.7,1117.0900000000001,0.9978605125817973,0.20184803086032116
E100000001069,0.0,226.0,0.0,August 2026,impute,Petkim Petrokimya Holding,226.0,226.0,1.0,0.0
E100000001071,0.0,239.22,0.0,August 2026,impute,Turcas Petrol,239.22,239.22,1.0,0.0
E100000001072,0.0,15.84,0.0,August 2026,impute,Türkiye İş Bankasi,15.84,15.84,1.0,0.0
E100000001078,250.0,7616.15,4.99,August 2026,impute,Abu Dhabi National Energy Company,7866.15,7871.139999999999,0.9993660384645681,0.031781748377541746
E100000001096,0.0,1916.71,191.6,August 2026,impute,BP,1916.71,2108.31,0.9091215238745726,0.0
E100000001101,0.0,565.0,0.0,August 2026,impute,Centrica,565.0,565.0,1.0,0.0
E100000001104,0.0,96.0,2580.0,August 2026,impute,Drax Group,96.0,2676.0,0.03587443946188341,0.0
E100000001114,279.3,0.0,121.0,August 2026,impute,Mondi,279.3,400.3,0.6977267049712715,1.0
E100000001116,0.0,3480.4,0.0,August 2026,impute,National Grid,3480.4,3480.4,1.0,0.0
E100000001119,0.0,380.0,0.0,August 2026,impute,Rio Tinto,380.0,380.0,1.0,0.0
E100000001122,0.0,145.0,0.0,August 2026,impute,SDCL Energy Efficiency Income Trust,145.0,145.0,1.0,0.0
E100000001123,0.0,6117.8,25.0,August 2026,impute,SSE,6117.8,6142.8,0.9959301946994856,0.0
E100000001126,0.0,65.0,0.0,August 2026,impute,Tate & Lyle,65.0,65.0,1.0,0.0
E100000001132,0.0,1973.11,0.0,August 2026,impute,Air Products and Chemicals,1973.11,1973.11,1.0,0.0
E100000001133,247.2,1244.8,0.0,August 2026,impute,Algonquin Power & Utilities,1492.0,1492.0,1.0,0.16568364611260053
E100000001135,1689.02,3262.08,0.0,August 2026,impute,Alliant Energy,4951.1,4951.1,1.0,0.3411403526489063
E100000001137,0.0,129.75,0.0,August 2026,impute,Alphabet,129.75,129.75,1.0,0.0
E100000001140,10567.57,8581.5,0.0,August 2026,impute,American Electric Power Company,19149.07,19149.07,1.0,0.5518581320137218
E100000001155,7583.39,13887.54,0.0,August 2026,impute,Berkshire Hathaway,21470.93,21470.93,1.0,0.35319336423713366
E100000001157,413.88,262.64,0.0,August 2026,impute,Black Hills,676.52,676.52,1.0,0.6117779223082835
E100000001158,1260.0,3566.94,0.0,August 2026,impute,Blackstone,4826.9400000000005,4826.9400000000005,1.0,0.2610349413914405
E100000001164,1514.03,3895.0,64.5,August 2026,impute,CMS Energy,5409.03,5473.53,0.9882160141627067,0.2799078577859616
E100000001169,0.0,797.0,0.0,August 2026,impute,California Resources,797.0,797.0,1.0,0.0
E100000001173,0.0,3268.68,0.0,August 2026,impute,Carlyle Group,3268.68,3268.68,1.0,0.0
E100000001177,530.4,51.07,0.0,August 2026,impute,CenterPoint Energy,581.47,581.47,1.0,0.9121708772593599
E100000001179,0.0,1059.3,0.0,August 2026,impute,Chevron,1059.3,1059.3,1.0,0.0
E100000001186,0.0,716.0,0.0,August 2026,impute,Consolidated Edison,716.0,716.0,1.0,0.0
E100000001193,4576.2,12078.0,213.0,August 2026,impute,Dominion Energy,16654.2,16867.2,0.9873719408081958,0.27477753359512913
E100000001194,15030.71,24376.63,0.0,August 2026,impute,Duke Energy,39407.34,39407.34,1.0,0.3814190452844572
E100000001195,0.0,5.77,0.0,August 2026,impute,Dupont,5.77,5.77,1.0,0.0
E100000001198,0.0,1286.0,0.0,August 2026,impute,Edison International,1286.0,1286.0,1.0,0.0
E100000001209,1775.92,6945.0,0.0,August 2026,impute,Entergy,8720.92,8720.92,1.0,0.20363906560317033
E100000001210,6116.96,4444.54,0.0,August 2026,impute,Evergy,10561.5,10561.5,1.0,0.5791753065378971
E100000001212,0.0,105.0,0.0,August 2026,impute,Exelon,105.0,105.0,1.0,0.0
E100000001213,0.0,2102.48,0.0,August 2026,impute,Exxon Mobil,2102.48,2102.48,1.0,0.0
E100000001215,0.0,25.0,0.0,August 2026,impute,FMC,25.0,25.0,1.0,0.0
E100000001220,95.16,116.46,0.0,August 2026,impute,FreePort-McMoran,211.62,211.62,1.0,0.4496739438616388
E100000001223,0.0,3044.43,0.0,August 2026,impute,General Electric,3044.43,3044.43,1.0,0.0
E100000001235,383.46,1146.92,0.0,August 2026,impute,IDACORP,1530.38,1530.38,1.0,0.2505652190959108
E100000001237,646.61,1955.42,244.38,August 2026,impute,ITOCHU,2602.03,2846.4100000000003,0.9141444837532189,0.24850213102846622
E100000001241,0.0,508.7,1072.81,August 2026,impute,International Paper,508.7,1581.51,0.3216546212164324,0.0
E100000001247,367.86,3347.77,875.98,August 2026,impute,KKR & Co.,3715.63,4591.610000000001,0.8092216020088814,0.09900339915438297
E100000001251,323.49,407.13,0.0,August 2026,impute,MGE Energy,730.62,730.62,1.0,0.44276094276094274
E100000001254,0.0,973.95,0.0,August 2026,impute,Marathon Petroleum,973.95,973.95,1.0,0.0
E100000001260,0.0,837.99,0.0,August 2026,impute,Morgan Stanley,837.99,837.99,1.0,0.0
E100000001262,6963.0,11184.74,0.0,August 2026,impute,NRG Energy,18147.739999999998,18147.739999999998,1.0,0.383684139182069
E100000001265,0.0,120.0,16.0,August 2026,impute,New Fortress Energy,120.0,136.0,0.8823529411764706,0.0
E100000001267,222.75,28185.1,0.0,August 2026,impute,NextEra Energy,28407.85,28407.85,1.0,0.007841142501104448
E100000001268,1387.0,877.0,0.0,August 2026,impute,NiSource,2264.0,2264.0,1.0,0.6126325088339223
E100000001269,2060.0,5321.39,0.0,August 2026,impute,OGE Energy,7381.39,7381.39,1.0,0.27908022743683775
E100000001270,0.0,1786.83,0.0,August 2026,impute,Occidental Petroleum,1786.83,1786.83,1.0,0.0
E100000001271,0.0,678.0,0.0,August 2026,impute,Olin,678.0,678.0,1.0,0.0
E100000001275,0.0,284.0,0.0,August 2026,impute,PBF Energy,284.0,284.0,1.0,0.0
E100000001277,212.71,717.5,0.0,August 2026,impute,PNM Resources,930.21,930.21,1.0,0.22866879521828404
E100000001278,5326.66,3160.0,0.0,August 2026,impute,PPL,8486.66,8486.66,1.0,0.62765092509892
E100000001282,0.0,631.0,0.0,August 2026,impute,Phillips 66,631.0,631.0,1.0,0.0
E100000001283,1030.81,4324.4,0.0,August 2026,impute,Pinnacle West Capital,5355.209999999999,5355.209999999999,1.0,0.19248731609031208
E100000001293,0.0,1639.5,0.0,August 2026,impute,Sempra,1639.5,1639.5,1.0,0.0
E100000001303,0.0,853.0,0.0,August 2026,impute,TexGen Power,853.0,853.0,1.0,0.0
E100000001305,2714.59,7829.72,11.27,August 2026,impute,AES,10544.310000000001,10555.580000000002,0.9989323182619998,0.25744595900537826
E100000001307,0.0,168.0,0.0,August 2026,impute,The Procter & Gamble,168.0,168.0,1.0,0.0
E100000001309,9758.92,25954.7,0.0,August 2026,impute,Southern,35713.62,35713.62,1.0,0.2732548534704687
E100000001315,0.0,146.0,0.0,August 2026,impute,UGI,146.0,146.0,1.0,0.0
E100000001321,0.0,173.0,0.0,August 2026,impute,Valero Energy,173.0,173.0,1.0,0.0
E100000001322,9085.2,23237.65,0.0,August 2026,impute,Vistra,32322.850000000002,32322.850000000002,1.0,0.2810766996103376
E100000001324,2873.0,4118.21,58.0,August 2026,impute,WEC Energy Group,6991.21,7049.21,0.991772127656858,0.4109446004339735
E100000001329,4332.96,10234.4,68.0,August 2026,impute,Xcel Energy,14567.36,14635.36,0.995353718664932,0.29744305076554706
E100000001341,0.0,15.0,0.0,August 2026,impute,China Primary Energy Holdings,15.0,15.0,1.0,0.0
E100000001366,15882.66,900.0,58.7,August 2026,impute,An Hui Wenergy,16782.66,16841.36,0.996514533268097,0.9463732209316044
E100000001371,3625.84,555.2,0.0,August 2026,impute,Aboitiz Power,4181.04,4181.04,1.0,0.8672100721351625
E100000001379,0.0,132.0,21.3,August 2026,impute,Antin Infrastructure Partners,132.0,153.3,0.8610567514677103,0.0
E100000001384,0.0,1484.82,0.0,August 2026,impute,Ares Management,1484.82,1484.82,1.0,0.0
E100000001450,0.0,408.24,0.0,August 2026,impute,Doreen Power Generations and Systems,408.24,408.24,1.0,0.0
E100000001454,1825.0,1327.14,451.96,August 2026,impute,E.ON,3152.1400000000003,3604.1000000000004,0.8745983740739713,0.5789717461787864
E100000001465,225.0,0.0,0.0,August 2026,impute,Elektroprivreda Crne Gore,225.0,225.0,1.0,1.0
E100000001471,3882.69,663.79,0.0,August 2026,impute,En+ Group,4546.48,4546.48,1.0,0.8539991377945136
E100000001492,124.6,3074.92,1.85,August 2026,impute,Gazprom,3199.52,3201.37,0.9994221224038459,0.03894334150122518
E100000001528,1200.0,0.0,3.0,August 2026,impute,Infrastructure Leasing & Financial Services,1200.0,1203.0,0.9975062344139651,1.0
E100000001534,266.26,161.27,0.0,August 2026,impute,JPMorgan Chase & Co,427.53,427.53,1.0,0.6227867050265479
E100000001551,263.0,179.0,0.0,August 2026,impute,Zespół Elektrociepłowni Wrocławskich Kogeneracja,442.0,442.0,1.0,0.5950226244343891
E100000001558,0.0,0.0,27.22,August 2026,impute,LX International,0.0,27.22,0.0,
E100000001576,0.0,615.0,0.0,August 2026,impute,MVM Balance,615.0,615.0,1.0,0.0
E100000001585,0.0,197.47,0.0,August 2026,impute,Mivtach Shamir Holdings,197.47,197.47,1.0,0.0
E100000001586,0.0,591.31,0.0,August 2026,impute,Motor Oil Hellas,591.31,591.31,1.0,0.0
E100000001597,93.17,135.28,0.0,August 2026,impute,Newmont,228.45,228.45,1.0,0.4078354125629241
E100000001607,0.0,41.36,608.83,August 2026,impute,Ørsted,41.36,650.19,0.06361217490272074,0.0
E100000001636,1681.68,5344.77,1.6,August 2026,impute,RATCH Group,7026.450000000001,7028.050000000001,0.9997723408342285,0.23933565313920968
E100000001645,10389.24,0.0,0.0,August 2026,impute,SDIC Power Holdings,10389.24,10389.24,1.0,1.0
E100000001647,208.0,1864.96,0.0,August 2026,impute,SK,2072.96,2072.96,1.0,0.10033961099104662
E100000001651,0.0,73.44,0.0,August 2026,impute,SSAB,73.44,73.44,1.0,0.0
E100000001654,0.0,144.4,284.18,August 2026,impute,Sappi,144.4,428.58000000000004,0.3369265948014373,0.0
E100000001667,6422.86,7665.78,375.21,August 2026,impute,Shenzhen Energy Group,14088.64,14463.849999999999,0.9740587741161586,0.4558892838485475
E100000001688,275.0,18.6,12.25,August 2026,impute,Sumitomo Chemical,293.6,305.85,0.9599476867745627,0.9366485013623977
E100000001691,0.0,410.59,0.0,August 2026,impute,Summit Power,410.59,410.59,1.0,0.0
E100000001713,0.0,147.0,157.33,August 2026,impute,The Navigator,147.0,304.33000000000004,0.4830282916570827,0.0
E100000001716,230.0,43.0,0.0,August 2026,impute,Toplofikacia Pleven,273.0,273.0,1.0,0.8424908424908425
E100000001734,0.0,991.5,0.0,August 2026,impute,Westlake,991.5,991.5,1.0,0.0
E100000001745,474.0,0.0,100.0,August 2026,impute,Zespół Elektrowni Pątnów Adamów Konin,474.0,574.0,0.8257839721254355,1.0
E100000001757,0.0,585.0,0.0,August 2026,impute,Aluar Aluminio Argentino,585.0,585.0,1.0,0.0
E100000001758,0.0,5890.61,0.0,August 2026,impute,Central Puerto,5890.61,5890.61,1.0,0.0
E100000001763,0.0,3691.52,0.0,August 2026,impute,Pampa Energia,3691.52,3691.52,1.0,0.0
E100000001768,0.0,362.2,0.0,August 2026,impute,APA Group,362.2,362.2,1.0,0.0
E100000001770,0.0,299.25,0.0,August 2026,impute,Energy World,299.25,299.25,1.0,0.0
E100000001801,0.0,533.0,0.0,August 2026,impute,Grupo Neoenergia,533.0,533.0,1.0,0.0
E100000001818,0.0,198.0,0.0,August 2026,impute,Cenovus Energy,198.0,198.0,1.0,0.0
E100000001824,0.0,170.0,0.0,August 2026,impute,MEG Energy,170.0,170.0,1.0,0.0
E100000001827,0.0,640.76,0.0,August 2026,impute,Northland Power,640.76,640.76,1.0,0.0
E100000001830,0.0,4861.08,0.0,August 2026,impute,TransAlta,4861.08,4861.08,1.0,0.0
E100000001873,0.0,130.0,0.0,August 2026,impute,Mercedes-Benz Group,130.0,130.0,1.0,0.0
E100000001880,0.0,84.0,0.0,August 2026,impute,Henkel,84.0,84.0,1.0,0.0
E100000001885,0.0,379.0,0.0,August 2026,impute,K+S,379.0,379.0,1.0,0.0
E100000001895,0.0,3010.0,0.0,August 2026,impute,Siemens Energy,3010.0,3010.0,1.0,0.0
E100000001905,0.0,238.0,0.0,August 2026,impute,Wacker Chemie,238.0,238.0,1.0,0.0
E100000001906,127.05,288.81,20.0,August 2026,impute,enercity,415.86,435.86,0.9541137062359474,0.3055114702063194
E100000001917,0.0,140.85,0.0,August 2026,impute,Hindustan Petroleum Corporation,140.85,140.85,1.0,0.0
E100000001918,0.0,714.4,0.0,August 2026,impute,Indian Oil,714.4,714.4,1.0,0.0
E100000001919,264.0,58.0,0.0,August 2026,impute,KSK Energy Ventures,322.0,322.0,1.0,0.8198757763975155
E100000001924,0.0,77.5,0.0,August 2026,impute,Maruti Suzuki India,77.5,77.5,1.0,0.0
E100000001926,62879.2,6236.02,0.0,August 2026,impute,NTPC,69115.22,69115.22,1.0,0.9097735636231787
E100000001937,500.0,705.0,0.0,August 2026,impute,Reliance Infrastructure,1205.0,1205.0,1.0,0.4149377593360996
E100000001940,6074.5,234.0,0.0,August 2026,impute,Tata Power Company,6308.5,6308.5,1.0,0.9629071887136403
E100000001941,1762.0,2732.0,0.0,August 2026,impute,Torrent Power,4494.0,4494.0,1.0,0.39207832665776593
E100000001942,0.0,50.0,0.0,August 2026,impute,UPL,50.0,50.0,1.0,0.0
E100000001943,0.0,500.0,0.0,August 2026,impute,PT AKR Corporindo,500.0,500.0,1.0,0.0
E100000001946,280.0,864.0,0.0,August 2026,impute,PT Cikarang Listrindo,1144.0,1144.0,1.0,0.24475524475524477
E100000001975,0.0,17.6,0.0,August 2026,impute,Avio,17.6,17.6,1.0,0.0
E100000001977,0.0,99.0,0.0,August 2026,impute,ERG,99.0,99.0,1.0,0.0
E100000001982,3563.9,4905.24,0.0,August 2026,impute,The Chugoku Electric Power,8469.14,8469.14,1.0,0.4208101412894344
E100000001983,0.0,796.4,0.0,August 2026,impute,East Japan Railway,796.4,796.4,1.0,0.0
E100000001984,0.0,218.8,0.0,August 2026,impute,Kanadevia,218.8,218.8,1.0,0.0
E100000001985,1900.0,2473.6,0.0,August 2026,impute,Hokkaido Electric Power,4373.6,4373.6,1.0,0.43442473019937805
E100000001986,2900.0,1664.7,0.0,August 2026,impute,Hokuriku Electric Power,4564.7,4564.7,1.0,0.6353100970490941
E100000001989,0.0,398.0,0.0,August 2026,impute,Kawasaki Heavy Industries,398.0,398.0,1.0,0.0
E100000002000,0.0,176.9,0.0,August 2026,impute,Kenya Electricity Generating Company,176.9,176.9,1.0,0.0
E100000002037,0.0,587.0,0.0,August 2026,impute,Contact Energy,587.0,587.0,1.0,0.0
E100000002038,750.0,454.0,0.0,August 2026,impute,Genesis Energy,1204.0,1204.0,1.0,0.6229235880398671
E100000002054,951.39,1494.4,0.0,August 2026,impute,Hub Power Company,2445.79,2445.79,1.0,0.3889908782029528
E100000002056,0.0,1600.0,0.0,August 2026,impute,Kot Addu Power,1600.0,1600.0,1.0,0.0
E100000002067,0.0,200.0,0.0,August 2026,impute,Romgaz,200.0,200.0,1.0,0.0
E100000002075,0.0,114.0,0.0,August 2026,impute,Solikamskbumprom,114.0,114.0,1.0,0.0
E100000002080,0.0,300.0,0.0,August 2026,impute,Magnitogorskiy Metallurgicheskiy Kombinat,300.0,300.0,1.0,0.0
E100000002081,0.0,12229.0,0.0,August 2026,impute,Mosenergo,12229.0,12229.0,1.0,0.0
E100000002083,0.0,450.0,0.0,August 2026,impute,Kurgan Generating Company,450.0,450.0,1.0,0.0
E100000002085,0.0,320.0,0.0,August 2026,impute,Kamchatskenergo,320.0,320.0,1.0,0.0
E100000002086,601.2,0.0,0.0,August 2026,impute,Territorial Generating Company No 14,601.2,601.2,1.0,1.0
E100000002087,4038.0,12239.0,0.0,August 2026,impute,OGK-2,16277.0,16277.0,1.0,0.24808011304294403
E100000002088,0.0,445.0,0.0,August 2026,impute,Severstal,445.0,445.0,1.0,0.0
E100000002094,0.0,106.8,0.0,August 2026,impute,Saudi Cement,106.8,106.8,1.0,0.0
E100000002096,0.0,161.0,0.0,August 2026,impute,Yamama Saudi Cement,161.0,161.0,1.0,0.0
E100000002115,0.0,1155.0,0.0,August 2026,impute,SK Hynix,1155.0,1155.0,1.0,0.0
E100000002130,1502.96,3335.86,5.63,August 2026,impute,Electricity Generating,4838.82,4844.45,0.9988378453694433,0.31060465154727807
E100000002134,0.0,357.0,0.0,August 2026,impute,Thai Oil,357.0,357.0,1.0,0.0
E100000002135,0.0,230.9,0.0,August 2026,impute,WHA Utilities and Power,230.9,230.9,1.0,0.0
E100000002141,0.0,904.0,11.0,August 2026,impute,Akenerji Elektrik Üretim,904.0,915.0,0.9879781420765027,0.0
E100000002158,0.0,11914.7,2.16,August 2026,impute,Dubai Electricity and Water Authority,11914.7,11916.86,0.9998187441993949,0.0
E100000002169,810.9,116.0,73.0,August 2026,impute,ALLETE,926.9,999.9,0.926992699269927,0.8748516560578271
E100000002180,0.0,515.0,51.0,August 2026,impute,Avista,515.0,566.0,0.9098939929328622,0.0
E100000002305,311.2,2090.6,0.0,August 2026,impute,Portland General Electric,2401.7999999999997,2401.7999999999997,1.0,0.12956948954950454
E100000002326,0.0,134.0,0.0,August 2026,impute,SunCoke Energy,134.0,134.0,1.0,0.0
E100000002328,3622.58,6619.9,0.0,August 2026,impute,Talen Energy,10242.48,10242.48,1.0,0.3536819207848099
E100000002364,0.0,456.0,0.0,August 2026,impute,Barka Water and Power Company,456.0,456.0,1.0,0.0
E100000002409,100.0,45.0,0.0,August 2026,impute,Aksa Akrilik Kimya Sanayii,145.0,145.0,1.0,0.6896551724137931
E100000002411,270.0,2852.13,0.0,August 2026,impute,Aksa Enerji Uretim,3122.13,3122.13,1.0,0.08647942270180933
E100000002412,0.0,766.0,0.0,August 2026,impute,Al Batinah Power Company,766.0,766.0,1.0,0.0
E100000002414,0.0,285.0,0.0,August 2026,impute,Al Kamil Power Company,285.0,285.0,1.0,0.0
E100000002415,0.0,766.0,0.0,August 2026,impute,Al Suwadi Power Company,766.0,766.0,1.0,0.0
E100000002435,0.0,3926.9,0.0,August 2026,impute,Aluminium Bahrain,3926.9,3926.9,1.0,0.0
E100000002474,0.0,23.0,0.0,August 2026,impute,AstraZeneca,23.0,23.0,1.0,0.0
E100000002504,0.0,112.71,0.0,August 2026,impute,Baraka Patenga Power,112.71,112.71,1.0,0.0
E100000002579,0.0,1988.0,0.0,August 2026,impute,China General Nuclear Power New Energy Holdings,1988.0,1988.0,1.0,0.0
E100000002664,0.0,690.0,0.0,August 2026,impute,Central Electricity Generating,690.0,690.0,1.0,0.0
E100000002691,0.0,5765.28,0.0,August 2026,impute,China General Nuclear Power,5765.28,5765.28,1.0,0.0
E100000002718,0.0,1610.0,0.0,August 2026,impute,Clearway Energy,1610.0,1610.0,1.0,0.0
E100000002727,350.0,1516.22,0.0,August 2026,impute,Colbun,1866.22,1866.22,1.0,0.18754487680980805
E100000002824,560.0,270.0,102.6,August 2026,impute,Dongguan Nine Dragons Paper Industries,830.0,932.6,0.8899849882050183,0.6746987951807228
E100000002864,0.0,177.8,0.0,August 2026,impute,ENDE Valle Hermoso,177.8,177.8,1.0,0.0
E100000002867,355.0,639.0,0.0,August 2026,impute,ENGIE Energía Chile,994.0,994.0,1.0,0.35714285714285715
E100000002868,0.0,2259.0,0.0,August 2026,impute,ENGIE Energía Perú,2259.0,2259.0,1.0,0.0
E100000002882,1244.0,2930.0,0.0,August 2026,impute,Power Generation 3,4174.0,4174.0,1.0,0.29803545759463346
E100000002892,0.0,0.0,35.0,August 2026,impute,Ecopetrol,0.0,35.0,0.0,
E100000002899,0.0,6453.0,0.0,August 2026,impute,Edison,6453.0,6453.0,1.0,0.0
E100000002934,0.0,190.0,0.0,August 2026,impute,Empresa Metropolitana de Águas e Energia,190.0,190.0,1.0,0.0
E100000002936,0.0,1956.0,0.0,August 2026,impute,Enel Generación Chile,1956.0,1956.0,1.0,0.0
E100000002937,0.0,978.7,2.8,August 2026,impute,Orygen Perú,978.7,981.5,0.9971472236372899,0.0
E100000002938,0.0,360.8,0.0,August 2026,impute,Enel Generación Piura,360.8,360.8,1.0,0.0
E100000002959,0.0,111.7,0.0,August 2026,impute,Energypac Power Generation,111.7,111.7,1.0,0.0
E100000002976,0.0,227.0,0.0,August 2026,impute,Engro Powergen Qadirpur,227.0,227.0,1.0,0.0
E100000002988,394.4,10727.0,0.0,August 2026,impute,Entergy Louisiana,11121.4,11121.4,1.0,0.03546316111280954
E100000003097,0.0,507.0,0.0,August 2026,impute,Geregu Power,507.0,507.0,1.0,0.0
E100000003338,0.0,73.0,0.0,August 2026,impute,Mordovcement,73.0,73.0,1.0,0.0
E100000003385,0.0,3152.8,0.0,August 2026,impute,K-Electric,3152.8,3152.8,1.0,0.0
E100000003424,0.0,97.58,0.0,August 2026,impute,Khulna Power Company,97.58,97.58,1.0,0.0
E100000003435,0.0,120.0,0.0,August 2026,impute,Kohinoor Energy,120.0,120.0,1.0,0.0
E100000003440,0.0,2544.6,0.59,August 2026,impute,Korea District Heating,2544.6,2545.19,0.9997681901940523,0.0
E100000003476,0.0,326.0,0.0,August 2026,impute,Lalpir Power,326.0,326.0,1.0,0.0
E100000003523,144.0,521.98,46.68,August 2026,impute,Mainova,665.98,712.66,0.934498919540875,0.2162227093906724
E100000003527,4940.0,2064.68,0.0,August 2026,impute,Malakoff Corporation,7004.68,7004.68,1.0,0.7052427805410098
E100000003529,0.0,229.0,0.0,August 2026,impute,Mangalore Refinery and Petrochemicals,229.0,229.0,1.0,0.0
E100000003609,0.0,50.0,0.0,August 2026,impute,NET Power,50.0,50.0,1.0,0.0
E100000003655,0.0,185.9,0.0,August 2026,impute,Nishat Chunian Power,185.9,185.9,1.0,0.0
E100000003656,0.0,185.9,0.0,August 2026,impute,Nishat Power,185.9,185.9,1.0,0.0
E100000003676,0.0,620.0,0.0,August 2026,impute,Novolipetsk Steel,620.0,620.0,1.0,0.0
E100000003683,0.0,2123.3,0.0,August 2026,impute,OPC Energy,2123.3,2123.3,1.0,0.0
E100000003684,0.0,920.0,0.0,August 2026,impute,OVM Petrom,920.0,920.0,1.0,0.0
E100000003694,752.0,1143.0,0.0,August 2026,impute,Okinawa Electric Power,1895.0,1895.0,1.0,0.39683377308707124
E100000003732,0.0,4467.0,0.0,August 2026,impute,Forward Energo,4467.0,4467.0,1.0,0.0
E100000003742,153.0,3646.0,0.0,August 2026,impute,Territorial Generating Company No 1,3799.0,3799.0,1.0,0.04027375625164517
E100000003747,0.0,495.0,0.0,August 2026,impute,Nizhnekamskneftekhim,495.0,495.0,1.0,0.0
E100000003757,0.0,82.0,0.0,August 2026,impute,PT Indocement Tunggal Prakarsa,82.0,82.0,1.0,0.0
E100000003769,0.0,1499.0,0.0,August 2026,impute,Pacific Gas and Electric,1499.0,1499.0,1.0,0.0
E100000003772,0.0,365.0,0.0,August 2026,impute,Pakgen Power,365.0,365.0,1.0,0.0
E100000003791,0.0,60.0,0.0,August 2026,impute,Paz Retail And Energy,60.0,60.0,1.0,0.0
E100000003809,3600.0,2839.0,0.0,August 2026,impute,PetroVietnam Power Corporation,6439.0,6439.0,1.0,0.559093026867526
E100000003831,0.0,4884.26,0.0,August 2026,impute,Power and Water Utility Company for Jubail and Yanbu,4884.26,4884.26,1.0,0.0
E100000003950,0.0,202.7,5.17,August 2026,impute,Ratch Pathana Energy,202.7,207.86999999999998,0.9751286861981047,0.0
E100000003952,0.0,225.0,0.0,August 2026,impute,Saif Power,225.0,225.0,1.0,0.0
E100000003980,0.0,445.0,0.0,August 2026,impute,Sembcorp Salalah Power & Water,445.0,445.0,1.0,0.0
E100000003994,0.0,1464.78,0.0,August 2026,impute,Shamal Az Zour Al Oula Power and Water Company,1464.78,1464.78,1.0,0.0
E100000004032,0.0,929.5,0.0,August 2026,impute,Shikun & Binui Energy,929.5,929.5,1.0,0.0
E100000004057,0.0,181.3,0.0,August 2026,impute,Sociedad Minera Cerro Verde,181.3,181.3,1.0,0.0
E100000004062,0.0,597.0,0.0,August 2026,impute,Sohar Power Company,597.0,597.0,1.0,0.0
E100000004212,0.0,1075.0,0.0,August 2026,impute,thyssenkrupp,1075.0,1075.0,1.0,0.0
E100000004252,0.0,60.0,0.0,August 2026,impute,Tulachermet,60.0,60.0,1.0,0.0
E100000004265,3488.8,3502.4,0.0,August 2026,impute,Union Electric,6991.200000000001,6991.200000000001,1.0,0.4990273486668955
E100000004268,0.0,69.6,0.0,August 2026,impute,Unipar Indupa,69.6,69.6,1.0,0.0
E100000004278,0.0,610.38,0.0,August 2026,impute,United Power Generation & Distribution Company,610.38,610.38,1.0,0.0
E100000004280,0.0,54.9,0.0,August 2026,impute,United Wagon Company,54.9,54.9,1.0,0.0
E100000004351,0.0,4592.5,0.0,August 2026,impute,YTL Power International,4592.5,4592.5,1.0,0.0
E100000004388,0.0,223.2,0.0,August 2026,impute,Zorlu Enerji Elektrik Uretim,223.2,223.2,1.0,0.0
E100000120035,0.0,0.0,109.0,August 2026,impute,Air Water,0.0,109.0,0.0,
E100000120043,0.0,82.0,0.0,August 2026,impute,Alarko Holding,82.0,82.0,1.0,0.0
E100000120070,33.0,0.0,0.0,August 2026,impute,The Andhra Sugars,33.0,33.0,1.0,1.0
E100000120080,110.0,0.0,0.0,August 2026,impute,Asahi Kasei,110.0,110.0,1.0,1.0
E100000120102,84.0,0.0,0.0,August 2026,impute,Atul,84.0,84.0,1.0,1.0
E100000120125,0.0,0.0,1.79,August 2026,impute,Bajaj Hindusthan Sugar,0.0,1.79,0.0,
E100000120130,40.0,0.0,0.0,August 2026,impute,Ballarpur Industries,40.0,40.0,1.0,1.0
E100000120147,630.0,0.0,0.0,August 2026,impute,Aydem Yenilenebilir Enerji,630.0,630.0,1.0,1.0
E100000120243,10670.21,0.0,0.0,August 2026,impute,China Hongqiao Group,10670.21,10670.21,1.0,1.0
E100000120295,125.0,0.0,77.32,August 2026,impute,DCM Shriram,125.0,202.32,0.6178331356267299,1.0
E100000120297,141.0,0.0,0.0,August 2026,impute,DCM Shriram Industries,141.0,141.0,1.0,1.0
E100000120300,60.0,0.0,0.0,August 2026,impute,DG Khan Cement,60.0,60.0,1.0,1.0
E100000120301,0.0,0.0,4.62,August 2026,impute,DMCI Holdings,0.0,4.62,0.0,
E100000120309,356.0,0.0,63.0,August 2026,impute,Daio Paper,356.0,419.0,0.8496420047732697,1.0
E100000120388,81.5,0.0,0.0,August 2026,impute,Elektrocieplownia Bedzin,81.5,81.5,1.0,1.0
E100000120419,0.0,0.0,111.35,August 2026,impute,Engie Brasil Energia,0.0,111.35,0.0,
E100000120426,0.0,198.0,0.0,August 2026,impute,Eramet,198.0,198.0,1.0,0.0
E100000120454,405.0,0.0,10.0,August 2026,impute,Filinvest Development,405.0,415.0,0.9759036144578314,1.0
E100000120477,60.75,0.0,0.0,August 2026,impute,GSD Holding,60.75,60.75,1.0,1.0
E100000120517,150.0,0.0,4.63,August 2026,impute,Grasim Industries,150.0,154.63,0.9700575567483671,1.0
E100000120520,92.0,0.0,0.0,August 2026,impute,Grupa Azoty,92.0,92.0,1.0,1.0
E100000120560,2983.2,0.0,0.0,August 2026,impute,Hindalco Industries,2983.2,2983.2,1.0,1.0
E100000120561,474.0,0.0,0.0,August 2026,impute,Hindustan Zinc,474.0,474.0,1.0,1.0
E100000120611,316.8,0.0,0.0,August 2026,impute,PT Indika Energy,316.8,316.8,1.0,1.0
E100000120621,95.0,41.0,0.0,August 2026,impute,Indorama Ventures,136.0,136.0,1.0,0.6985294117647058
E100000120639,92.0,0.0,0.0,August 2026,impute,Itochu ENEX,92.0,92.0,1.0,1.0
E100000120645,600.0,0.0,0.0,August 2026,impute,JAKS Resources,600.0,600.0,1.0,1.0
E100000120648,55.0,0.0,0.0,August 2026,impute,JK Paper,55.0,55.0,1.0,1.0
E100000120663,0.0,130.0,0.0,August 2026,impute,PT Kawasan Industri Jababeka,130.0,130.0,1.0,0.0
E100000120672,55.0,0.0,0.0,August 2026,impute,Jayaswal Neco Industries,55.0,55.0,1.0,1.0
E100000120686,250.0,0.0,0.0,August 2026,impute,Jindal Stainless,250.0,250.0,1.0,1.0
E100000120748,264.0,0.0,0.0,August 2026,impute,Kumho Petrochemical,264.0,264.0,1.0,1.0
E100000120749,45.0,0.0,0.0,August 2026,impute,Kureha,45.0,45.0,1.0,1.0
E100000120754,0.0,0.0,4.5,August 2026,impute,LANXESS,0.0,4.5,0.0,
E100000120767,562.55,0.0,0.0,August 2026,impute,Lee & Man Paper Manufacturing,562.55,562.55,1.0,1.0
E100000120776,60.0,0.0,0.0,August 2026,impute,Lotte Chemical,60.0,60.0,1.0,1.0
E100000120779,660.0,0.0,0.0,August 2026,impute,Lucky Cement,660.0,660.0,1.0,1.0
E100000120818,40.0,0.0,0.0,August 2026,impute,Maple Leaf Cement Factory,40.0,40.0,1.0,1.0
E100000120830,17.2,0.0,0.0,August 2026,impute,Mazda Motor,17.2,17.2,1.0,1.0
E100000120855,106.8,0.0,0.0,August 2026,impute,Mitsubishi Electric,106.8,106.8,1.0,1.0
E100000120856,115.0,0.0,0.0,August 2026,impute,Mitsubishi Materials,115.0,115.0,1.0,1.0
E100000120871,374.4,0.0,0.0,August 2026,impute,Mudajaya Group,374.4,374.4,1.0,1.0
E100000120926,608.0,0.0,0.0,August 2026,impute,Nickel Industries,608.0,608.0,1.0,1.0
E100000120931,463.8,0.0,257.05,August 2026,impute,Nippon Paper Industries,463.8,720.85,0.6434070888534369,1.0
E100000120943,2326.0,0.0,0.0,August 2026,impute,SGK-Novosibirsk,2326.0,2326.0,1.0,1.0
E100000120945,304.0,0.0,0.0,August 2026,impute,OCI Holdings,304.0,304.0,1.0,1.0
E100000120948,714.0,0.0,0.0,August 2026,impute,OPG Power Ventures,714.0,714.0,1.0,1.0
E100000120951,0.0,174.0,0.0,August 2026,impute,Odaş Elektrik Üretim Sanayi Ticaret,174.0,174.0,1.0,0.0
E100000120972,56.0,0.0,11.35,August 2026,impute,ORIX,56.0,67.35,0.8314773570898293,1.0
E100000120975,110.0,0.0,0.0,August 2026,impute,Oswal Greentech,110.0,110.0,1.0,1.0
E100000120990,60.0,0.0,0.0,August 2026,impute,PT Aneka Tambang,60.0,60.0,1.0,1.0
E100000121006,60.0,0.0,0.0,August 2026,impute,PT Cemindo Gemilang,60.0,60.0,1.0,1.0
E100000121011,55.0,0.0,0.0,August 2026,impute,PT Fajar Surya Wisesa,55.0,55.0,1.0,1.0
E100000121022,965.0,0.0,0.0,August 2026,impute,PT Indah Kiat Pulp & Paper,965.0,965.0,1.0,1.0
E100000121030,60.0,0.0,0.0,August 2026,impute,PT Intraco Penta,60.0,60.0,1.0,1.0
E100000121051,230.0,0.0,108.02,August 2026,impute,PT Pabrik Kertas Tjiwi Kimia,230.0,338.02,0.6804331104668363,1.0
E100000121057,151.62,0.0,0.0,August 2026,impute,PT Pembangunan Perumahan (Persero),151.62,151.62,1.0,1.0
E100000121067,70.0,0.0,0.0,August 2026,impute,PT Semen Indonesia (Persero),70.0,70.0,1.0,1.0
E100000121080,771.5,0.0,0.0,August 2026,impute,PT Trimegah Bangun Persada,771.5,771.5,1.0,1.0
E100000121115,140.0,0.0,0.0,August 2026,impute,Petron,140.0,140.0,1.0,1.0
E100000121116,1040.0,0.0,0.0,August 2026,impute,Pha Lai Thermal Power,1040.0,1040.0,1.0,1.0
E100000121137,162.5,0.0,0.0,August 2026,impute,Prakash Industries,162.5,162.5,1.0,1.0
E100000121154,1200.0,0.0,0.0,August 2026,impute,Quang Ninh Thermal Power,1200.0,1200.0,1.0,1.0
E100000121168,2700.0,0.0,0.0,August 2026,impute,RattanIndia Power,2700.0,2700.0,1.0,1.0
E100000121175,492.0,0.0,0.0,August 2026,impute,Reliance Industries,492.0,492.0,1.0,1.0
E100000121176,0.0,0.0,40.53,August 2026,impute,Rengo,0.0,40.53,0.0,
E100000121188,300.0,0.0,0.0,August 2026,impute,Rudnik i Termoelektrana Ugljevik,300.0,300.0,1.0,1.0
E100000121206,361.0,0.0,108.84,August 2026,impute,SGC Energy,361.0,469.84000000000003,0.7683466712072194,1.0
E100000121210,660.0,0.0,0.0,August 2026,impute,SJVN,660.0,660.0,1.0,1.0
E100000121235,120.0,455.28,0.0,August 2026,impute,Sakhalinenergo,575.28,575.28,1.0,0.20859407592824364
E100000121255,31.0,0.0,0.0,August 2026,impute,Seika,31.0,31.0,1.0,1.0
E100000121261,900.0,0.0,0.0,August 2026,impute,Semirara Mining and Power,900.0,900.0,1.0,1.0
E100000121263,0.0,92.61,0.0,August 2026,impute,Naftna Industrija Srbije,92.61,92.61,1.0,0.0
E100000121281,300.0,0.0,0.0,August 2026,impute,Shree Cement,300.0,300.0,1.0,1.0
E100000121304,90.0,0.0,0.0,August 2026,impute,Sitara Chemical Industries,90.0,90.0,1.0,1.0
E100000121352,122.0,0.0,0.0,August 2026,impute,Sumitomo Osaka Cement,122.0,122.0,1.0,1.0
E100000121372,2056.0,0.0,0.0,August 2026,impute,TAQA Morocco,2056.0,2056.0,1.0,1.0
E100000121375,792.0,0.0,16.5,August 2026,impute,TCC Group Holdings,792.0,808.5,0.9795918367346939,1.0
E100000121391,0.0,0.0,160.0,August 2026,impute,TPI Polene Power,0.0,160.0,0.0,
E100000121395,0.0,26.02,0.0,August 2026,impute,TTCL,26.02,26.02,1.0,0.0
E100000121400,40.0,0.0,0.0,August 2026,impute,Tamil Nadu Newsprint & Papers,40.0,40.0,1.0,1.0
E100000121429,34.3,0.0,0.0,August 2026,impute,Terra Mauricia,34.3,34.3,1.0,1.0
E100000121434,85.8,0.0,0.0,August 2026,impute,Thal,85.8,85.8,1.0,1.0
E100000121462,630.0,0.0,0.0,August 2026,impute,Tosoh,630.0,630.0,1.0,1.0
E100000121478,70.0,0.0,0.0,August 2026,impute,Tulsyan NEC,70.0,70.0,1.0,1.0
E100000121484,353.2,0.0,0.0,August 2026,impute,UBE,353.2,353.2,1.0,1.0
E100000121535,365.38,0.0,0.0,August 2026,impute,Walsin Lihwa,365.38,365.38,1.0,1.0
E100000121552,44.0,0.0,0.0,August 2026,impute,YFY,44.0,44.0,1.0,1.0
E100000121564,554.0,0.0,0.0,August 2026,impute,Yuzhno-Kuzbasskaya GRES,554.0,554.0,1.0,1.0
E100000121578,250.0,0.0,0.0,August 2026,impute,Zhejiang Huayou Cobalt,250.0,250.0,1.0,1.0
E100000121583,95.36,0.0,110.98,August 2026,impute,eRex,95.36,206.34,0.4621498497625279,1.0
E100000121588,330.0,0.0,0.0,August 2026,impute,Çan2 Termik,330.0,330.0,1.0,1.0
E100000121589,314.0,0.0,0.0,August 2026,impute,Çates Elektrik Üretim,314.0,314.0,1.0,1.0
E100000121604,370.0,0.0,0.0,August 2026,impute,İzdemir Enerji Elektrik Üretim,370.0,370.0,1.0,1.0
E100000122257,1307.0,0.0,0.0,August 2026,impute,Inner Mongolia Junzheng Energy & Chemical Group,1307.0,1307.0,1.0,1.0
E100000122571,1832.21,850.0,3.22,August 2026,impute,Baoshan Iron & Steel,2682.21,2685.43,0.9988009369076833,0.6830971475015006
E100000123215,0.0,279.0,0.0,August 2026,impute,Xinyu Iron & Steel,279.0,279.0,1.0,0.0
E100000123366,2108.81,0.0,0.0,August 2026,impute,Yankuang Energy Group,2108.81,2108.81,1.0,1.0
E100000123560,367.0,0.0,55.5,August 2026,impute,Shanying International Holdings,367.0,422.5,0.8686390532544379,1.0
E100000123737,0.0,93.5,0.0,August 2026,impute,Maanshan Iron & Steel,93.5,93.5,1.0,0.0
E100000123791,27.0,0.0,27.0,August 2026,impute,Tongyu Heavy Industry,27.0,54.0,0.5,1.0
E100000123957,2333.76,0.0,0.0,August 2026,impute,TBEA,2333.76,2333.76,1.0,1.0
E100000124191,0.0,352.8,40.0,August 2026,impute,Harbin Electric,352.8,392.8,0.8981670061099797,0.0
E100000125952,51.0,0.0,0.0,August 2026,impute,ENN Energy Holdings,51.0,51.0,1.0,1.0
E100000126073,13.72,0.22,0.83,August 2026,impute,Far East Horizon,13.940000000000001,14.770000000000001,0.943805010155721,0.9842180774748923
E100000129050,606.86,0.0,2.24,August 2026,impute,Ping An Insurance (Group) Company of China,606.86,609.1,0.9963224429486127,1.0
E100000129432,0.0,0.0,110.33,August 2026,impute,Hunan Junxin Environmental Protection,0.0,110.33,0.0,
E100000129850,0.0,0.0,783.99,August 2026,impute,Chongqing Sanfeng Environment Group,0.0,783.99,0.0,
E100000130688,0.0,25.0,0.0,August 2026,impute,Ternium Argentina,25.0,25.0,1.0,0.0
E100000130720,0.0,77.5,0.0,August 2026,impute,Hiap Teck Venture,77.5,77.5,1.0,0.0
E100000130730,0.0,33.4,0.0,August 2026,impute,Corporacion Aceros Arequipa,33.4,33.4,1.0,0.0
E100000130751,0.0,191.1,0.0,August 2026,impute,Eregli Demir ve Celik Fabrikalari,191.1,191.1,1.0,0.0
E100000132372,837.24,0.0,0.0,August 2026,impute,Yanzhou Coal Mining,837.24,837.24,1.0,1.0
E100000132404,0.0,0.0,93.8,August 2026,impute,Clearwater Paper,0.0,93.8,0.0,
E100000132450,0.0,0.0,143.36,August 2026,impute,Packaging Corporation of America,0.0,143.36,0.0,
E100000132496,0.0,0.0,39.66,August 2026,impute,Altri,0.0,39.66,0.0,
E100000132539,0.0,0.0,31.0,August 2026,impute,Balrampur Chini Mills,0.0,31.0,0.0,
E100000132600,0.0,0.0,8.88,August 2026,impute,Cleanaway Waste Management,0.0,8.88,0.0,
E100000132612,0.0,0.0,36.0,August 2026,impute,Conifex Timber,0.0,36.0,0.0,
E100000132713,0.0,0.0,39.0,August 2026,impute,Hippo Valley Estates,0.0,39.0,0.0,
E100000132807,0.0,0.0,12.75,August 2026,impute,Mizuho Leasing,0.0,12.75,0.0,
E100000132862,0.0,0.0,59.55,August 2026,impute,Rayonier Advanced Materials,0.0,59.55,0.0,
E100000132867,0.0,0.0,177.68,August 2026,impute,Renova,0.0,177.68,0.0,
E100000132872,0.0,0.0,74.0,August 2026,impute,SANIX,0.0,74.0,0.0,
E100000132881,0.0,0.0,67.0,August 2026,impute,Sakthi Sugars,0.0,67.0,0.0,
E100000132897,0.0,0.0,78.0,August 2026,impute,Sociedad Agrícola e Industrial San Carlos,0.0,78.0,0.0,
E100000132904,0.0,0.0,67.88,August 2026,impute,Sumitomo Forestry,0.0,67.88,0.0,
E100000132909,0.0,0.0,75.0,August 2026,impute,Svenska Cellulosa SCA,0.0,75.0,0.0,
E100000132960,0.0,0.0,92.0,August 2026,impute,Universal Robina,0.0,92.0,0.0,
E100000133123,0.0,0.0,54.4,August 2026,impute,Obayashi,0.0,54.4,0.0,
E100000133209,0.0,0.0,1.19,August 2026,impute,United Renewable Energy,0.0,1.19,0.0,
E100000133539,157.5,0.0,0.0,August 2026,impute,AGC,157.5,157.5,1.0,1.0
E100000133586,0.0,0.0,7.48,August 2026,impute,Voltalia,0.0,7.48,0.0,
E100000133798,0.0,0.0,2.5,August 2026,impute,Vidullanka,0.0,2.5,0.0,
E100000133919,0.0,34.96,0.0,August 2026,impute,Old Mutual,34.96,34.96,1.0,0.0
E100000134116,0.0,105.84,0.0,August 2026,impute,Paramount Textile,105.84,105.84,1.0,0.0
E100000134350,0.0,0.0,26.0,August 2026,impute,Okumura,0.0,26.0,0.0,
E100000134468,0.0,0.0,4.24,August 2026,impute,Cypark Resources,0.0,4.24,0.0,
E100000134810,0.0,0.0,10.0,August 2026,impute,Power Solution Technologies,0.0,10.0,0.0,
E100000135336,0.0,376.0,0.0,August 2026,impute,Celsia Colombia,376.0,376.0,1.0,0.0
E100000135814,0.0,0.0,2.45,August 2026,impute,Ameresco,0.0,2.45,0.0,
E100000136961,0.0,0.0,52.09,August 2026,impute,Cox Energy,0.0,52.09,0.0,
E100000149012,0.0,0.0,11.0,August 2026,impute,Tokyu Fudosan Holdings,0.0,11.0,0.0,
E100000149634,189.0,0.0,0.0,August 2026,impute,Doosan Enerbility,189.0,189.0,1.0,1.0
E100000149695,56.91,0.0,0.0,August 2026,impute,Omnicane,56.91,56.91,1.0,1.0
E100000150310,1061.35,562.0,0.0,August 2026,impute,NorthWestern Energy Group,1623.35,1623.35,1.0,0.6538023223580867
E100000150598,0.0,0.0,33.91,August 2026,impute,Acciona,0.0,33.91,0.0,
E100000150698,0.0,0.0,15.0,August 2026,impute,Hazama Ando,0.0,15.0,0.0,
E100000150921,0.0,277.39,0.0,August 2026,impute,E1,277.39,277.39,1.0,0.0
E100000151245,0.0,0.0,2.16,August 2026,impute,Sermsang Power Corporation,0.0,2.16,0.0,
E100000151411,0.0,0.0,1.95,August 2026,impute,Orient Green Power,0.0,1.95,0.0,
E100000152186,0.0,0.0,4.5,August 2026,impute,Heineken,0.0,4.5,0.0,
E100000152192,0.0,2171.0,0.0,August 2026,impute,Partners Group Holding,2171.0,2171.0,1.0,0.0
E100000152472,0.0,600.0,0.0,August 2026,impute,Novatek,600.0,600.0,1.0,0.0
E100000152701,0.0,0.0,14.0,August 2026,impute,Romande Energie Holding,0.0,14.0,0.0,
E100000152756,0.0,0.0,2.05,August 2026,impute,Foresight Environmental Infrastructure,0.0,2.05,0.0,
E100000153024,43.0,0.0,15.3,August 2026,impute,ITC,43.0,58.3,0.7375643224699829,1.0
E100000153028,0.0,8.99,0.0,August 2026,impute,Oil India,8.99,8.99,1.0,0.0
E100000188387,0.0,130.0,0.0,August 2026,impute,Keppel,130.0,130.0,1.0,0.0
E100000188562,56.0,0.0,0.0,August 2026,impute,Hiroshima Gas,56.0,56.0,1.0,1.0
E100000188948,0.0,129.18,0.0,August 2026,impute,AXA,129.18,129.18,1.0,0.0
E100000190190,0.0,0.0,6.53,August 2026,impute,Camil Alimentos,0.0,6.53,0.0,
E100001000012,5761.0,0.0,280.0,August 2026,impute,ENEA,5761.0,6041.0,0.9536500579374276,1.0
E100001000044,0.0,139.0,1608.5,August 2026,impute,Suzano,139.0,1747.5,0.07954220314735336,0.0
E100001000049,0.0,0.0,785.0,August 2026,impute,Klabin,0.0,785.0,0.0,
E100001000054,0.0,0.0,303.99,August 2026,impute,Metsä Board,0.0,303.99,0.0,
E100001000064,270.0,0.0,840.0,August 2026,impute,Kaidi Ecological and Environmental Technology,270.0,1110.0,0.24324324324324326,1.0
E100001000083,5160.0,0.0,0.0,August 2026,impute,Reliance Power,5160.0,5160.0,1.0,1.0
E100001000111,0.0,3.84,276.89,August 2026,impute,Empresas CMPC,3.84,280.72999999999996,0.013678623588501408,0.0
E100001000120,0.0,0.0,99.47,August 2026,impute,Dexco,0.0,99.47,0.0,
E100001000124,0.0,0.0,186.85,August 2026,impute,Ence Energía y Celulosa,0.0,186.85,0.0,
E100001000130,0.0,0.0,27.75,August 2026,impute,Toho Gas,0.0,27.75,0.0,
E100001000131,180.0,0.0,12.5,August 2026,impute,Tokyo Century,180.0,192.5,0.935064935064935,1.0
E100001000139,0.0,0.0,329.01,August 2026,impute,São Martinho,0.0,329.01,0.0,
E100001000152,0.0,0.0,206.0,August 2026,impute,Adecoagro,0.0,206.0,0.0,
E100001000155,0.0,423.8,0.0,August 2026,impute,Evonik Industries,423.8,423.8,1.0,0.0
E100001000161,30.0,0.0,139.77,August 2026,impute,Shree Renuka Sugars,30.0,169.77,0.17670966601873123,1.0
E100001000165,0.0,137.72,47.79,August 2026,impute,Power Assets Holdings,137.72,185.51,0.7423858552099618,0.0
E100001000174,0.0,0.0,91.5,August 2026,impute,Schroders,0.0,91.5,0.0,
E100001000177,427.2,776.52,0.0,August 2026,impute,Mitsubishi Heavy Industries,1203.72,1203.72,1.0,0.35489981058717973
E100001000188,0.0,0.0,205.0,August 2026,impute,Wilmar International,0.0,205.0,0.0,
E100001000208,0.0,33533.71,2.34,August 2026,impute,Constellation Energy,33533.71,33536.049999999996,0.9999302243406724,0.0
E100001000212,0.0,120.0,0.0,August 2026,impute,Musandam Power Company,120.0,120.0,1.0,0.0
E100001000220,0.0,124.5,0.0,August 2026,impute,Canadian Utilities,124.5,124.5,1.0,0.0
E100001000222,0.0,0.0,105.0,August 2026,impute,Dhampur Sugar Mills,0.0,105.0,0.0,
E100001000232,0.0,0.0,343.5,August 2026,impute,Mercer International,0.0,343.5,0.0,
E100001000303,0.0,270.0,0.0,August 2026,impute,Altern Energy,270.0,270.0,1.0,0.0
E100001000329,319.02,6459.78,0.0,August 2026,impute,Nebras Energy,6778.799999999999,6778.799999999999,1.0,0.04706142680120375
E100001000364,0.0,4000.0,0.0,August 2026,impute,ENKA İnşaat ve Sanayi,4000.0,4000.0,1.0,0.0
E100001000383,0.0,108.36,7.74,August 2026,impute,JGC Holdings,108.36,116.1,0.9333333333333333,0.0
E100001000384,0.0,947.0,0.0,August 2026,impute,Ternium,947.0,947.0,1.0,0.0
E100001000388,0.0,103.5,0.0,August 2026,impute,Jastrzębska Spółka Węglowa,103.5,103.5,1.0,0.0
E100001000400,132.3,0.0,0.0,August 2026,impute,Glencore,132.3,132.3,1.0,1.0
E100001000402,46.16,0.0,0.0,August 2026,impute,Peabody Energy,46.16,46.16,1.0,1.0
E100001000437,103.37,13.9,0.0,August 2026,impute,China Construction Bank,117.27000000000001,117.27000000000001,1.0,0.8814701117080241
E100001000439,4990.0,0.0,0.0,August 2026,impute,Jindal Steel,4990.0,4990.0,1.0,1.0
E100001000440,5539.8,0.0,0.0,August 2026,impute,NLC India,5539.8,5539.8,1.0,1.0
E100001000479,7005.1,0.0,0.0,August 2026,impute,Vedanta,7005.1,7005.1,1.0,1.0
E100001000516,428.5,0.0,0.0,August 2026,impute,JSW Steel,428.5,428.5,1.0,1.0
E100001000519,60.0,0.0,0.0,August 2026,impute,JSW Holdings,60.0,60.0,1.0,1.0
E100001000522,5137.0,0.0,0.0,August 2026,impute,JSW Energy,5137.0,5137.0,1.0,1.0
E100001000535,1090.0,0.0,0.0,August 2026,impute,Elektroprivreda BiH,1090.0,1090.0,1.0,1.0
E100001000558,17886.0,0.0,0.0,August 2026,impute,Adani Power,17886.0,17886.0,1.0,1.0
E100001000569,40.28,0.0,0.0,August 2026,impute,PT Harum Energy,40.28,40.28,1.0,1.0
E100001000598,77.5,0.0,0.0,August 2026,impute,Kardemir Karabuk Demir Çelik Sanayi Ve Ticaret,77.5,77.5,1.0,1.0
E100001000609,180.0,0.0,0.0,August 2026,impute,Jaiprakash Associates,180.0,180.0,1.0,1.0
E100001000611,3800.0,0.0,0.0,August 2026,impute,Jaiprakash Power Ventures,3800.0,3800.0,1.0,1.0
E100001000618,221.0,0.0,0.0,August 2026,impute,SPC Power,221.0,221.0,1.0,1.0
E100001000636,661.3,0.0,0.0,August 2026,impute,Alcoa,661.3,661.3,1.0,1.0
E100001000639,123.0,0.0,13.68,August 2026,impute,Ambuja Cements,123.0,136.68,0.8999122036874451,1.0
E100001000640,34.0,0.0,0.0,August 2026,impute,Andhra Paper,34.0,34.0,1.0,1.0
E100001000641,842.5,0.0,0.85,August 2026,impute,Archer-Daniels-Midland,842.5,843.35,0.9989921147803403,1.0
E100001000648,83.0,0.0,0.0,August 2026,impute,Cheng Loong,83.0,83.0,1.0,1.0
E100001000649,131.6,311.2,0.0,August 2026,impute,Cleveland-Cliffs,442.79999999999995,442.79999999999995,1.0,0.2971996386630533
E100001000652,0.0,97.98,0.0,August 2026,impute,Companhia Siderúrgica Nacional,97.98,97.98,1.0,0.0
E100001000659,30.0,0.0,0.0,August 2026,impute,Dangote Cement,30.0,30.0,1.0,1.0
E100001000665,30.0,0.0,0.0,August 2026,impute,Godawari Power and Ispat,30.0,30.0,1.0,1.0
E100001000668,500.0,310.0,0.0,August 2026,impute,Gujarat Industries Power,810.0,810.0,1.0,0.6172839506172839
E100001000669,250.0,0.0,0.0,August 2026,impute,Gujarat Mineral Development,250.0,250.0,1.0,1.0
E100001000677,258.0,0.0,0.0,August 2026,impute,Indian Metals and Ferro Alloys,258.0,258.0,1.0,1.0
E100001000694,84.0,0.0,0.0,August 2026,impute,Sarda Energy & Minerals,84.0,84.0,1.0,1.0
E100001000703,688.0,0.0,0.0,August 2026,impute,Steel Authority of India,688.0,688.0,1.0,1.0
E100001000704,50.0,0.0,0.0,August 2026,impute,Steel Exchange India,50.0,50.0,1.0,1.0
E100001000707,577.0,0.0,0.0,August 2026,impute,Tokuyama,577.0,577.0,1.0,1.0
E100001000710,500.0,0.0,0.0,August 2026,impute,PT United Tractors,500.0,500.0,1.0,1.0
E100001000734,0.0,197.6,0.0,August 2026,impute,Ta Ya Electric Wire & Cable,197.6,197.6,1.0,0.0
E100001000736,2365.0,0.0,0.0,August 2026,impute,CESC,2365.0,2365.0,1.0,1.0
E100001000746,725.56,0.0,0.0,August 2026,impute,PT Bukit Asam,725.56,725.56,1.0,1.0
E100001000782,836.0,0.0,0.0,August 2026,impute,PT Alamtri Resources Indonesia,836.0,836.0,1.0,1.0
E100001000794,980.0,0.0,0.0,August 2026,impute,PT Barito Pacific,980.0,980.0,1.0,1.0
E100001000796,924.0,0.0,0.0,August 2026,impute,S. Alam Cold Rolled Steels,924.0,924.0,1.0,1.0
E100001000859,0.0,5585.0,0.0,August 2026,impute,EL5-Energo,5585.0,5585.0,1.0,0.0
E100001000861,410.0,0.0,0.0,August 2026,impute,Priargunsky Industrial Mining and Chemical Association,410.0,410.0,1.0,1.0
E100001000878,353.6,0.0,0.0,August 2026,impute,Bharat Heavy Electricals,353.6,353.6,1.0,1.0
E100001000919,12.95,0.0,0.0,August 2026,impute,Nakayama Steel Works,12.95,12.95,1.0,1.0
E100001000920,30.0,390.0,0.0,August 2026,impute,Nanjing Iron and Steel,420.0,420.0,1.0,0.07142857142857142
E100001000930,34.0,0.0,0.0,August 2026,impute,Siam Cement,34.0,34.0,1.0,1.0
E100001000932,150.74,0.0,48.75,August 2026,impute,Taiheiyo Cement,150.74,199.49,0.7556268484635822,1.0
E100001000937,0.0,197.3,0.0,August 2026,impute,Microsoft,197.3,197.3,1.0,0.0
E100001000963,0.0,874.0,0.0,August 2026,impute,SMN Power Holding,874.0,874.0,1.0,0.0
E100001001019,1255.5,0.0,0.0,August 2026,impute,Konya Şeker Sanayi ve Ticaret,1255.5,1255.5,1.0,1.0
E100001001020,0.0,0.0,33.75,August 2026,impute,Mitsubishi Paper Mills,0.0,33.75,0.0,
E100001001023,0.0,206.25,0.0,August 2026,impute,Rojana Industrial Park,206.25,206.25,1.0,0.0
E100001001043,52.2,0.0,0.0,August 2026,impute,Yes Bank,52.2,52.2,1.0,1.0
E100001001046,129.5,0.0,0.0,August 2026,impute,Enel Américas,129.5,129.5,1.0,1.0
E100001001053,3204.0,0.0,0.0,August 2026,impute,FirstEnergy,3204.0,3204.0,1.0,1.0
E100001001070,0.0,0.0,271.85,August 2026,impute,Billerud,0.0,271.85,0.0,
E100001001322,0.0,0.0,39.0,August 2026,impute,IHI,0.0,39.0,0.0,
E100001010018,525.0,30.0,0.0,August 2026,impute,Tata Steel,555.0,555.0,1.0,0.9459459459459459
E100001010062,94.71,0.0,0.0,August 2026,impute,Welspun India,94.71,94.71,1.0,1.0
E100001010084,150.0,0.0,0.0,August 2026,impute,PT Dian Swastatika Sentosa,150.0,150.0,1.0,1.0
E100001010119,356.4,0.0,0.0,August 2026,impute,Fondul Proprietatea,356.4,356.4,1.0,1.0
E100001010125,62.7,0.0,0.0,August 2026,impute,Habib Bank,62.7,62.7,1.0,1.0
E100001010133,127.28,103.2,0.0,August 2026,impute,South32,230.48000000000002,230.48000000000002,1.0,0.5522388059701492
E100001010136,0.0,640.0,0.0,August 2026,impute,PT Krakatau Steel (Persero),640.0,640.0,1.0,0.0
E100001010146,149.85,463.8,0.0,August 2026,impute,China Steel,613.65,613.65,1.0,0.24419457345392326
E100001010234,0.0,0.0,6.16,August 2026,impute,Goldman Sachs Group,0.0,6.16,0.0,
E100001010263,0.0,4.62,0.0,August 2026,impute,Kia,4.62,4.62,1.0,0.0
E100001010270,0.0,102.99,0.0,August 2026,impute,Gerdau,102.99,102.99,1.0,0.0
E100001010315,0.0,592.0,0.0,August 2026,impute,Salzgitter,592.0,592.0,1.0,0.0
E100001010324,0.0,128.0,0.0,August 2026,impute,Vallourec,128.0,128.0,1.0,0.0
E100001010326,600.0,0.0,0.0,August 2026,impute,Evraz,600.0,600.0,1.0,1.0
E100001010431,0.59,0.43,0.0,August 2026,impute,Washington H Soul Pattinson and Company,1.02,1.02,1.0,0.5784313725490196
E100001010446,0.0,243.36,0.0,August 2026,impute,Taeyoung Engineering & Construction,243.36,243.36,1.0,0.0
E100001010447,0.0,519.48,0.0,August 2026,impute,DL E&C,519.48,519.48,1.0,0.0
E100001010455,0.0,104.83,0.0,August 2026,impute,Baraka Power,104.83,104.83,1.0,0.0
E100001010456,0.0,118.0,0.0,August 2026,impute,Oil Refineries,118.0,118.0,1.0,0.0
E100001010461,0.0,114.0,0.0,August 2026,impute,Caribbean Utilities,114.0,114.0,1.0,0.0
E100001010530,0.0,97.2,0.0,August 2026,impute,Riyadh Cement Company,97.2,97.2,1.0,0.0
E100001010532,0.0,57.6,0.0,August 2026,impute,Saudi Arabian Mining,57.6,57.6,1.0,0.0
E100001010537,0.0,124.1,0.0,August 2026,impute,Southern Province Cement,124.1,124.1,1.0,0.0
E100001010549,0.0,262.13,0.0,August 2026,impute,VPower Group International Holdings,262.13,262.13,1.0,0.0
E100001010554,0.0,93.6,0.0,August 2026,impute,Yanbu Cement,93.6,93.6,1.0,0.0
E100001010596,0.66,0.48,0.0,August 2026,impute,State Street,1.1400000000000001,1.1400000000000001,1.0,0.5789473684210525
E100001010674,195.52,0.0,0.0,August 2026,impute,GMR Airports Infrastructure,195.52,195.52,1.0,1.0
E100001010708,482.0,4.0,0.0,August 2026,impute,POSCO International,486.0,486.0,1.0,0.9917695473251029
E100001010758,105.0,0.0,0.0,August 2026,impute,ZCCM Investments Holdings,105.0,105.0,1.0,1.0
E100001010888,1468.2,401.5,0.0,August 2026,impute,Banpu Power,1869.7,1869.7,1.0,0.785259667326309
E100001010916,0.0,0.0,49.12,August 2026,impute,Arca Continental,0.0,49.12,0.0,
E100001010923,0.0,0.0,749.71,August 2026,impute,Empresas Copec,0.0,749.71,0.0,
E100001010968,0.0,0.0,10.5,August 2026,impute,Kyudenko,0.0,10.5,0.0,
E100001010969,0.0,0.0,27.5,August 2026,impute,Tokyo Energy & Systems,0.0,27.5,0.0,
E100001010971,0.0,0.0,11.25,August 2026,impute,Chofu Seisakusho,0.0,11.25,0.0,
E100001011003,0.0,34.65,0.0,August 2026,impute,Caterpillar,34.65,34.65,1.0,0.0
E100001011008,533.0,0.0,0.0,August 2026,impute,Nava,533.0,533.0,1.0,1.0
E100001011020,0.0,0.0,90.8,August 2026,impute,Jalles Machado,0.0,90.8,0.0,
E100001011023,0.0,0.0,278.87,August 2026,impute,Oji Holdings,0.0,278.87,0.0,
E100001011066,0.0,4.8,0.0,August 2026,impute,Korea Gas,4.8,4.8,1.0,0.0
E100001011067,30.0,0.0,0.0,August 2026,impute,Nuvoco Vistas Corporation,30.0,30.0,1.0,1.0
E100001011087,275.0,3.75,12.25,August 2026,impute,Sumitomo Metal Mining,278.75,291.0,0.9579037800687286,0.9865470852017937
E100001011093,124.0,0.0,0.0,August 2026,impute,PT Amman Mineral Internasional,124.0,124.0,1.0,1.0
E100001011103,0.0,350.0,0.0,August 2026,impute,Eastern Power Group,350.0,350.0,1.0,0.0
E100001011107,337.35,120.39,0.0,August 2026,impute,RAO ES Vostoka,457.74,457.74,1.0,0.7369904312491808
E100001011122,0.0,40.0,2.94,August 2026,impute,Nuh Çimento Sanayi,40.0,42.94,0.9315323707498836,0.0
E100001011127,0.0,60.08,0.0,August 2026,impute,Fortescue,60.08,60.08,1.0,0.0
E100001011131,150.43,117.6,0.0,August 2026,impute,IRPC,268.03,268.03,1.0,0.5612431444241317
E100001011132,0.0,47.44,8.64,August 2026,impute,CK Asset Holdings,47.44,56.08,0.8459343794579173,0.0
E100001011135,0.0,82.6,0.0,August 2026,impute,Samick Musical Instrument,82.6,82.6,1.0,0.0
E100001011137,0.0,114.0,0.0,August 2026,impute,Gallant Venture,114.0,114.0,1.0,0.0
E100001011143,78.75,113.4,0.0,August 2026,impute,Alsons Consolidated Resources,192.15,192.15,1.0,0.4098360655737705
E100001011187,130.0,0.0,0.0,August 2026,impute,Sanghi Industries,130.0,130.0,1.0,1.0
E100001011199,0.0,149.22,0.0,August 2026,impute,Confidence Cement,149.22,149.22,1.0,0.0
E100001011216,0.0,10.81,0.0,August 2026,impute,LVL Energy Fund,10.81,10.81,1.0,0.0
E100001011222,0.0,43.35,0.0,August 2026,impute,Arabian Cement Company,43.35,43.35,1.0,0.0
E100001011233,0.0,45.0,0.0,August 2026,impute,Baticim Bati Anadolu Cimento Sanayii,45.0,45.0,1.0,0.0
E100001011243,0.0,29.0,29.0,August 2026,impute,Essity,29.0,58.0,0.5,0.0
E100001011247,0.0,5.17,0.0,August 2026,impute,ConocoPhillips,5.17,5.17,1.0,0.0
E100001011309,227.53,0.0,0.0,August 2026,impute,WHA Corporation,227.53,227.53,1.0,1.0
E100001011399,0.0,0.0,82.0,August 2026,impute,Hokuetsu,0.0,82.0,0.0,
E100001011407,0.0,300.6,0.0,August 2026,impute,UNACEM Corp,300.6,300.6,1.0,0.0
E100001011522,0.0,22.2,0.03,August 2026,impute,Oberbank,22.2,22.23,0.9986504723346828,0.0
E100001011555,88.5,0.0,0.0,August 2026,impute,Daicel,88.5,88.5,1.0,1.0
E100001011563,110.3,5.25,0.0,August 2026,impute,Mitsubishi Chemical Group,115.55,115.55,1.0,0.9545651233232367
E100001011575,0.0,130.97,23.73,August 2026,impute,Celanese,130.97,154.7,0.8466063348416291,0.0
E100001011576,0.0,100.56,7.16,August 2026,impute,Clariant,100.56,107.72,0.9335313776457482,0.0
E100001011585,59.94,0.0,0.0,August 2026,impute,Vedan International (Holdings),59.94,59.94,1.0,1.0
E100001011649,30.0,0.0,0.0,August 2026,impute,SCG Packaging,30.0,30.0,1.0,1.0
E100001011672,0.0,446.23,0.0,August 2026,impute,Sapphire Fibres,446.23,446.23,1.0,0.0
E100001011674,0.0,11.25,0.0,August 2026,impute,Meezan Bank,11.25,11.25,1.0,0.0
E100001011690,0.0,18.97,0.0,August 2026,impute,Eversource Energy,18.97,18.97,1.0,0.0
E100001011696,0.0,380.0,0.0,August 2026,impute,Ranhill Holdings,380.0,380.0,1.0,0.0
E100001011714,78.0,67.8,0.0,August 2026,impute,Gujarat Alkalies & Chemicals,145.8,145.8,1.0,0.5349794238683128
E100001011755,0.0,5.53,0.0,August 2026,impute,IAMGOLD,5.53,5.53,1.0,0.0
E100001011835,0.0,120.0,0.0,August 2026,impute,Veridis Environment,120.0,120.0,1.0,0.0
E100001011985,0.0,1491.1,0.0,August 2026,impute,Hawaiian Electric Industries,1491.1,1491.1,1.0,0.0
E100001012038,0.0,44.2,0.0,August 2026,impute,Par Pacific Holdings,44.2,44.2,1.0,0.0
E100001014311,0.0,57.12,0.0,August 2026,impute,Brookfield Infrastructure Partners,57.12,57.12,1.0,0.0
E100001014354,0.0,226.1,0.0,August 2026,impute,CNOOC,226.1,226.1,1.0,0.0
E100001014430,0.0,432.0,0.0,August 2026,impute,Cheniere Energy,432.0,432.0,1.0,0.0
E100001014455,0.0,71.9,0.0,August 2026,impute,China Petroleum & Chemical,71.9,71.9,1.0,0.0
E100001014553,0.0,1940.2,0.0,August 2026,impute,SK Innovation,1940.2,1940.2,1.0,0.0
E100001015119,0.0,0.0,0.13,August 2026,impute,Itaúsa,0.0,0.13,0.0,
E100001015607,0.0,130.0,0.0,August 2026,impute,Aradel Holdings,130.0,130.0,1.0,0.0
E100001015700,0.0,16.09,0.0,August 2026,impute,National Bank of Pakistan,16.09,16.09,1.0,0.0
E100001015999,0.0,48.4,0.0,August 2026,impute,Uzbekneftegaz,48.4,48.4,1.0,0.0
E100001016064,0.0,1249.2,0.0,August 2026,impute,Cheniere Energy Partners,1249.2,1249.2,1.0,0.0
E100001016206,0.0,0.0,1.49,August 2026,impute,Apollo Global Management,0.0,1.49,0.0,
E100001016250,155.0,0.0,0.0,August 2026,impute,Hanwa,155.0,155.0,1.0,1.0
E100001016464,38.0,0.0,0.0,August 2026,impute,Dalmia Bharat,38.0,38.0,1.0,1.0
E100001016498,0.0,0.0,92.95,August 2026,impute,Mitsubishi UFJ Financial Group,0.0,92.95,0.0,
E100001016664,1200.0,0.0,0.0,August 2026,impute,Jindal Poly Investment & Finance,1200.0,1200.0,1.0,1.0
E100001016793,0.0,0.0,40.0,August 2026,impute,Zambia Sugar,0.0,40.0,0.0,
E100001016841,0.0,0.0,109.0,August 2026,impute,Sylvamo,0.0,109.0,0.0,
E100001016899,0.0,29.08,58.0,August 2026,impute,Mitsui E&S,29.08,87.08,0.333945796968305,0.0
E100001016941,0.0,0.0,40.0,August 2026,impute,Victorias Milling,0.0,40.0,0.0,
E100001016964,0.0,663.0,9.09,August 2026,impute,Keppel Infrastructure Trust Management,663.0,672.09,0.9864750256662054,0.0
E100001017067,0.0,0.0,30.0,August 2026,impute,Zhejiang Weiming Environmental Protection,0.0,30.0,0.0,
E100001017366,0.0,0.0,60.0,August 2026,impute,"Yihai Kerry Arowana Grain, Oil and Foodstuff",0.0,60.0,0.0,
E100002000010,1115.41,0.0,0.0,August 2026,impute,GMR Power and Urban Infra,1115.41,1115.41,1.0,1.0
E100002000031,0.0,1868.8,0.0,August 2026,impute,Dow,1868.8,1868.8,1.0,0.0
E100002000132,52.13,57.74,0.0,August 2026,impute,Korea Petrochemical Ind.,109.87,109.87,1.0,0.47446982797852005
E100002000151,0.0,0.0,17.08,August 2026,impute,Kemira,0.0,17.08,0.0,
E100002000451,0.0,0.0,42.75,August 2026,impute,JDW Sugar Mills,0.0,42.75,0.0,
E100002000567,0.0,149.69,0.0,August 2026,impute,Orion Pharma,149.69,149.69,1.0,0.0
E100002000725,0.0,30.0,0.0,August 2026,impute,Starwood Real Estate Income Trust,30.0,30.0,1.0,0.0
E100002000740,0.0,566.0,0.0,August 2026,impute,Imperial Oil,566.0,566.0,1.0,0.0
E100002000785,0.0,0.0,60.0,August 2026,impute,Canfor,0.0,60.0,0.0,
E100002000812,0.0,0.0,16.83,August 2026,impute,Impulsora del Desarrollo y Empleo en America Latina,0.0,16.83,0.0,
E100002001024,22.95,0.0,0.0,August 2026,impute,Porsche Automobil Holding,22.95,22.95,1.0,1.0
E100002001108,0.0,77.7,6.4,August 2026,impute,Aitken Spence,77.7,84.10000000000001,0.9239001189060642,0.0
E100002001125,0.0,106.33,0.0,August 2026,impute,Shahjibazar Power,106.33,106.33,1.0,0.0
E100002001149,0.0,0.0,30.34,August 2026,impute,AJR Infra and Tolling,0.0,30.34,0.0,
E100002001305,0.0,0.0,92.3,August 2026,impute,Associated British Foods,0.0,92.3,0.0,
E100002001393,0.0,0.0,1451.52,August 2026,impute,Raizen,0.0,1451.52,0.0,
E100002001404,0.0,0.0,16.1,August 2026,impute,Sun&L,0.0,16.1,0.0,
E100002001405,0.0,0.0,0.44,August 2026,impute,Hansol Paper,0.0,0.44,0.0,
E100002001551,0.0,0.0,41.0,August 2026,impute,Packages,0.0,41.0,0.0,
E100002001696,0.0,0.0,11.0,August 2026,impute,Mitsubishi HC Capital,0.0,11.0,0.0,
E100002001713,0.0,0.0,28.5,August 2026,impute,West Fraser Timber,0.0,28.5,0.0,
E100002002166,0.0,0.0,5.15,August 2026,impute,India Cements,0.0,5.15,0.0,
E100002002411,0.0,0.0,13.34,August 2026,impute,KCP,0.0,13.34,0.0,
E100002002718,0.0,0.0,51.7,August 2026,impute,Vontobel Holding,0.0,51.7,0.0,
E100002002779,0.0,456.0,0.0,August 2026,impute,CITIC,456.0,456.0,1.0,0.0
E100002002847,707.28,298.0,0.0,August 2026,impute,Rio Tinto,1005.28,1005.28,1.0,0.703565175871399
E100002002945,0.0,0.0,55.04,August 2026,impute,abrdn,0.0,55.04,0.0,
E100002002980,0.0,0.0,124.0,August 2026,impute,Holmen,0.0,124.0,0.0,
E100002003001,0.0,182.41,225.0,August 2026,impute,CPFL Energia,182.41,407.40999999999997,0.447730787167718,0.0
E100002003006,0.0,0.0,24.03,August 2026,impute,LOLC Holdings,0.0,24.03,0.0,
E100002003246,0.0,18.6,0.0,August 2026,impute,TSRC,18.6,18.6,1.0,0.0
E100002003247,0.0,9.3,0.0,August 2026,impute,Lien Hwa Industrial Holdings,9.3,9.3,1.0,0.0
E100002003261,0.0,0.0,36.0,August 2026,impute,Riopaila Castilla,0.0,36.0,0.0,
E100002003364,0.0,0.0,95.0,August 2026,impute,Canfor Pulp Products,0.0,95.0,0.0,
E100002003381,0.0,0.0,4.9,August 2026,impute,Toyo Kanetsu,0.0,4.9,0.0,
E100002003410,0.0,0.0,40.0,August 2026,impute,MAYAGÜEZ,0.0,40.0,0.0,
E100002003459,0.0,0.0,46.0,August 2026,impute,Tess Holdings,0.0,46.0,0.0,
E100002003495,0.0,0.0,8.73,August 2026,impute,RCL Foods,0.0,8.73,0.0,
E100002003521,0.0,0.0,30.59,August 2026,impute,Shanghai Industrial Holdings,0.0,30.59,0.0,
E100002003526,0.0,0.0,3.0,August 2026,impute,Daiichi Jitsugyo,0.0,3.0,0.0,
E100002003529,0.0,0.0,2.5,August 2026,impute,Iwatani,0.0,2.5,0.0,
E100002003531,0.0,0.0,11.0,August 2026,impute,Kawasaki Kisen Kaisha,0.0,11.0,0.0,
E100002003558,0.0,0.0,113.61,August 2026,impute,Fomento de Construcciones y Contratas,0.0,113.61,0.0,
E100002003582,0.0,286.7,6.77,August 2026,impute,Intesa Sanpaolo,286.7,293.46999999999997,0.9769312025079225,0.0
E100002004300,0.0,155.5,50.06,August 2026,impute,Brookfield Asset Management,155.5,205.56,0.7564701303755594,0.0
E100002004641,0.0,52.36,0.0,August 2026,impute,Promotora Mexpac,52.36,52.36,1.0,0.0
E100002004703,0.0,24.0,0.0,August 2026,impute,DCC,24.0,24.0,1.0,0.0
E100002004748,3844.57,3874.0,175.42,August 2026,impute,DTE Energy,7718.57,7893.99,0.9777780311350787,0.49809355878096595
E100002004826,0.0,4.0,0.0,August 2026,impute,Hyundai,4.0,4.0,1.0,0.0
E100002005662,0.0,468.0,0.0,August 2026,impute,Eastman Chemical,468.0,468.0,1.0,0.0
E100002006154,0.0,0.0,1.8,August 2026,impute,Tokyo Cement Company (Lanka),0.0,1.8,0.0,
E100002006770,0.0,57.24,0.82,August 2026,impute,UBS Fund Management (Switzerland),57.24,58.06,0.9858766792972786,0.0
E100002007167,13.68,0.0,0.0,August 2026,impute,Prism Johnson,13.68,13.68,1.0,1.0
E100002007932,399.18,399.0,0.0,August 2026,impute,Otter Tail,798.1800000000001,798.1800000000001,1.0,0.5001127565210854
E100002007946,0.0,150.0,0.0,August 2026,impute,Excelerate Energy,150.0,150.0,1.0,0.0
E100002007991,217.0,0.0,0.0,August 2026,impute,Fauji Fertilizer Company,217.0,217.0,1.0,1.0
E100002008793,0.0,30.0,0.0,August 2026,impute,Sidi Kerir Petrochemicals,30.0,30.0,1.0,0.0
E100002009511,0.0,0.0,12.75,August 2026,impute,Rottneros,0.0,12.75,0.0,
E100002009548,0.0,0.0,9.0,August 2026,impute,Miwa Sugar,0.0,9.0,0.0,
E100002010547,0.0,0.0,6.19,August 2026,impute,Séché Environnement,0.0,6.19,0.0,
E100002011285,0.0,7.81,0.0,August 2026,impute,Resonac Holdings,7.81,7.81,1.0,0.0
E100002011797,0.0,660.38,0.0,August 2026,impute,Meshek Energy - Renewable Energies,660.38,660.38,1.0,0.0
E100002011849,0.0,0.0,29.7,August 2026,impute,Gascogne,0.0,29.7,0.0,
E100002011943,0.0,0.0,2.04,August 2026,impute,Mirae Asset Securities,0.0,2.04,0.0,
E100002012014,0.0,0.0,4.5,August 2026,impute,SD Guthrie,0.0,4.5,0.0,
E100002012024,0.0,0.0,22.33,August 2026,impute,Paramonga Agro Industrial,0.0,22.33,0.0,
E100002012027,0.0,0.0,17.96,August 2026,impute,Agroindustrias San Jacinto,0.0,17.96,0.0,
E100002013739,0.0,0.0,7.72,August 2026,impute,Masisa,0.0,7.72,0.0,
E100002015281,130.86,0.0,0.0,August 2026,impute,Nanshan Aluminium International Holdings,130.86,130.86,1.0,1.0
E100002015324,0.0,0.0,5.09,August 2026,impute,Vishwaraj Sugar Industries,0.0,5.09,0.0,
E100002015334,0.0,0.0,7.7,August 2026,impute,Rana Sugars,0.0,7.7,0.0,
E100002015348,0.0,0.0,5.44,August 2026,impute,Triveni Engineering & Industries,0.0,5.44,0.0,
E100002015366,0.0,0.0,3.3,August 2026,impute,Jocil,0.0,3.3,0.0,
E100002015372,0.0,0.0,8.6,August 2026,impute,Dwarikesh Sugar Industries,0.0,8.6,0.0,
E100002015522,0.0,0.0,8.06,August 2026,impute,K M Sugar Mills,0.0,8.06,0.0,
E100002015547,0.0,0.0,15.5,August 2026,impute,EID Parry (India),0.0,15.5,0.0,
E100002015561,0.0,0.0,7.25,August 2026,impute,Ponni Sugars (Erode),0.0,7.25,0.0,
E100002015622,0.0,0.0,0.55,August 2026,impute,SEL Manufacturing Company,0.0,0.55,0.0,
E100002015632,0.0,0.0,1.68,August 2026,impute,Bannari Amman Sugars,0.0,1.68,0.0,
E100002015636,0.0,0.0,4.25,August 2026,impute,Avadh Sugar and Energy,0.0,4.25,0.0,
E100002015762,0.0,0.0,4.57,August 2026,impute,DEE Development Engineers,0.0,4.57,0.0,
E100002015906,0.0,0.0,1.2,August 2026,impute,Kencana Agri,0.0,1.2,0.0,
E100002016031,0.0,89.89,0.0,August 2026,impute,Lahav LR Real Estate,89.89,89.89,1.0,0.0
E100002016040,22.5,0.0,0.0,August 2026,impute,Formosa Taffeta,22.5,22.5,1.0,1.0
E100002016163,0.0,250.0,0.0,August 2026,impute,Türkiye Sise Ve Cam Fabrikalari,250.0,250.0,1.0,0.0
E100002016166,0.0,135.0,0.0,August 2026,impute,CVC Capital Partners,135.0,135.0,1.0,0.0
E100002016185,0.0,215.0,0.0,August 2026,impute,Phoenix Financial,215.0,215.0,1.0,0.0
E100002016189,0.0,0.0,2.04,August 2026,impute,Al-Noor Sugar Mills,0.0,2.04,0.0,
E100002016205,0.0,0.0,18.58,August 2026,impute,Mehran Sugar Mills,0.0,18.58,0.0,
E100002016234,0.0,0.0,36.4,August 2026,impute,Thachang Green Energy,0.0,36.4,0.0,
E100002016257,0.0,0.0,18.51,August 2026,impute,Kaset Thai International Sugar Corporation,0.0,18.51,0.0,
E100002016269,0.0,0.0,2.23,August 2026,impute,Clover Power,0.0,2.23,0.0,
E100002016271,0.0,0.0,0.7,August 2026,impute,Ajinomoto,0.0,0.7,0.0,
E100002016305,0.0,401.5,0.0,August 2026,impute,BKV,401.5,401.5,1.0,0.0
E100002016367,0.0,112.0,0.0,August 2026,impute,Greenidge Generation Holdings,112.0,112.0,1.0,0.0
E100002016384,1300.0,2067.5,0.0,August 2026,impute,Bridgepoint Group,3367.5,3367.5,1.0,0.3860430586488493
E100002016427,0.0,12.28,0.0,August 2026,impute,Digi Power X,12.28,12.28,1.0,0.0
E100002016605,0.0,0.0,4.11,August 2026,impute,TPC Power Holding,0.0,4.11,0.0,
E100002016609,0.0,0.0,3.95,August 2026,impute,Subur Tiasa Holdings,0.0,3.95,0.0,
E100002016630,0.0,0.0,0.04,August 2026,impute,KBC Groep,0.0,0.04,0.0,
E100002016642,0.0,0.0,1.6,August 2026,impute,Precise Corporation,0.0,1.6,0.0,
E100002016646,0.0,0.0,16.17,August 2026,impute,TSH Resources,0.0,16.17,0.0,
E100002016647,0.0,0.0,3.4,August 2026,impute,Mohawk Industries,0.0,3.4,0.0,
E100002016649,0.0,0.0,3.58,August 2026,impute,Cepatwawasan Group,0.0,3.58,0.0,
E100002016672,0.0,0.0,2.4,August 2026,impute,PTC India Financial Services,0.0,2.4,0.0,
E100002016682,0.0,0.0,5.04,August 2026,impute,Thai Rayon,0.0,5.04,0.0,
E100002016726,0.0,0.0,110.0,August 2026,impute,Graphic Packaging Holding,0.0,110.0,0.0,
E100002016729,0.0,0.0,3.7,August 2026,impute,Webuild,0.0,3.7,0.0,
E100002016760,0.0,0.0,38.86,August 2026,impute,Biotrend Cevre ve Enerji Yatirimlari,0.0,38.86,0.0,
E100002016804,0.0,0.0,26.0,August 2026,impute,CropEnergies,0.0,26.0,0.0,
E100002016809,0.0,0.0,1.58,August 2026,impute,Danone,0.0,1.58,0.0,
E100002016829,0.0,0.0,18.01,August 2026,impute,LEG Immobilien,0.0,18.01,0.0,
E100002016845,0.0,0.0,50.69,August 2026,impute,JITF Infralogistics,0.0,50.69,0.0,
E100002016863,0.0,0.0,3.8,August 2026,impute,Global Dominion Access,0.0,3.8,0.0,
E100002016924,0.0,0.0,0.61,August 2026,impute,Samsung Life Insurance,0.0,0.61,0.0,
E100002016943,0.0,0.0,1.8,August 2026,impute,Maire,0.0,1.8,0.0,
E100002016952,0.0,0.0,19.5,August 2026,impute,SIIC Environment Holdings,0.0,19.5,0.0,
E100002016955,0.0,292.0,0.0,August 2026,impute,DigitalBridge Group,292.0,292.0,1.0,0.0
E100002016964,0.0,0.0,7.0,August 2026,impute,Société Financière Des Sucres,0.0,7.0,0.0,
E100002016986,0.0,0.0,9.6,August 2026,impute,Evergreen Fibreboard,0.0,9.6,0.0,
E100002017005,0.0,0.0,10.0,August 2026,impute,Buriram Sugar,0.0,10.0,0.0,
E100002017085,0.0,0.0,23.44,August 2026,impute,Remgro,0.0,23.44,0.0,
E100002017127,0.0,0.0,22.61,August 2026,impute,Yesil Yapi Endustrisi,0.0,22.61,0.0,
E100002017136,0.0,0.0,2.0,August 2026,impute,VibroPower Corporation,0.0,2.0,0.0,
E100002017140,0.0,0.0,24.0,August 2026,impute,Consus Enerji Isletmeciligi ve Hizmetleri,0.0,24.0,0.0,
E100002017182,0.0,0.0,10.0,August 2026,impute,Hun Yenilenebilir Enerji Üretim,0.0,10.0,0.0,
E100002017187,0.0,0.0,1.22,August 2026,impute,OPAL Fuels,0.0,1.22,0.0,
E100002017534,0.0,0.0,30.0,August 2026,impute,Khon Kaen Sugar Industry,0.0,30.0,0.0,
E100002017623,0.0,16.09,0.0,August 2026,impute,Allied Bank,16.09,16.09,1.0,0.0
E100002017821,0.0,266.0,0.0,August 2026,impute,Banco Santander,266.0,266.0,1.0,0.0
E100002018157,0.0,106.2,0.0,August 2026,impute,Mitsubishi Gas Chemical Company,106.2,106.2,1.0,0.0
E100002018551,0.0,135.0,0.0,August 2026,impute,GE Vernova,135.0,135.0,1.0,0.0
E100002018990,18.0,0.0,0.0,August 2026,impute,PT Cita Mineral Investindo,18.0,18.0,1.0,1.0
E100002019158,270.0,0.0,0.0,August 2026,impute,CIAN Agro Industries & Infrastructure,270.0,270.0,1.0,1.0
E100002019983,50.0,0.0,0.0,August 2026,impute,PT Toba Pulp Lestari,50.0,50.0,1.0,1.0
E100002021926,0.0,1775.0,24.5,August 2026,impute,City of Vienna,1775.0,1799.5,0.9863851069741595,0.0
E100002022266,10.39,0.0,0.0,August 2026,impute,SAIC Motor,10.39,10.39,1.0,1.0
E100002022267,19.88,0.0,0.0,August 2026,impute,Dah Sing Banking Group,19.88,19.88,1.0,1.0
E100002022268,0.0,91.2,2.03,August 2026,impute,Beijing Enterprises Holdings,91.2,93.23,0.9782258929529122,0.0
E100002024474,0.0,0.0,14.67,August 2026,impute,Orizon Valorização de Resíduos,0.0,14.67,0.0,
E100002024548,478.5,0.0,0.0,August 2026,impute,Lygend Resources & Technology,478.5,478.5,1.0,1.0
E100002024593,0.0,45.68,5.02,August 2026,impute,Braunschweig Beteiligungen,45.68,50.7,0.9009861932938855,0.0
E100002025038,0.0,237.5,0.0,August 2026,impute,KB Financial Group,237.5,237.5,1.0,0.0
E100002025081,0.0,0.0,5.77,August 2026,impute,China Galaxy Securities,0.0,5.77,0.0,
